80000
0
6674
33893
5984
29123
19333
21365
37425
71234
15056
54564
53856
28880
37739
47796
4817
63495
72928
71317
13408
77456
51648
11250
68161
30519
62816
2672
31680
20219
44256
77701
76529
39539
66101
10665
16192
20866
71189
45921
49417
10850
28688
68945
69813
38009
49762
42082
45360
41329
52036
72980
500
27089
46386
65442
7120
34194
24194
883
24082
47854
18384
52226
785
65428
44354
44593
33040
75011
22547
28192
3952
54832
64729
71506
41424
39040
69844
56133
10579
72353
2640
16643
72950
79218
63025
77191
13286
20788
2886
49990
16928
15425
47987
45504
11474
46964
24610
71828
56506
27778
41507
53905
39616
2305
12480
47186
36801
68913
61941
22194
52753
36723
37153
16417
16570
322
7571
78451
64961
11476
41309
78114
28660
48705
51893
9287
28693
51361
68912
70035
9856
37026
47344
50737
43888
77872
7236
10580
68160
29856
35826
66116
8032
63492
37282
49809
40675
45968
51459
8402
49714
37392
32787
31857
70789
39312
6482
3459
6915
68384
78593
37776
23232
72097
56442
30112
25376
9047
16704
41392
41715
31937
64881
67904
79619
27809
27472
52903
29904
66274
11922
33977
69937
58866
36307
17334
22208
12246
10886
23283
5617
54466
60838
77216
70743
1700
56784
79217
33008
65201
52993
51346
656
176
50819
54480
27512
35589
45073
29968
54837
4513
517
36865
9457
770
56945
29280
42931
78730
7810
36656
61216
20592
4157
37574
4736
21602
67649
16550
61520
21137
47328
18656
19152
25640
10768
75776
55520
8818
50740
2416
549
67039
24811
19362
1363
70903
22148
46224
11777
59222
40275
33794
78833
50768
31264
77009
5315
8641
6849
64165
43133
11396
21344
13459
62880
68436
18369
2849
15202
54084
28082
37008
57959
66773
6432
4279
62018
25586
36048
41442
1364
5831
71040
49828
65877
1264
73861
6631
25026
47121
32933
65157
52708
24923
13360
77489
17598
36341
7920
2323
28048
73973
59014
51569
46757
54323
37920
43794
49264
64899
25508
31889
61874
73307
5200
42853
40035
76169
47265
11264
56163
70657
48592
5874
42402
30993
70642
47394
78947
26850
55232
71840
73223
20964
25346
64036
16736
15858
5170
22217
68595
67667
10016
15728
48273
66417
38549
55634
5872
14275
624
4868
39840
53760
60724
58902
13670
46080
43856
27618
31345
66896
48659
79072
43153
27201
54423
22977
45336
16488
32576
27988
66336
52693
76694
551
26224
57889
33344
18792
7824
32224
10688
56307
50034
56178
40083
18944
29617
12023
32528
17537
38386
14977
54983
17777
30516
34736
9636
72096
28692
9072
61449
59041
11604
67553
79937
4453
30837
24690
35122
50704
36240
60817
64731
76560
7395
78560
56933
10066
55310
9537
32784
73693
73289
24133
60192
13276
14899
26212
41948
337
12864
30197
23330
27680
64515
43411
26675
8955
38099
769
4071
449
6993
67025
79771
76919
67253
22065
24368
12931
26496
58084
40449
54624
53475
20928
27238
11728
54737
36386
79136
60166
20386
16148
10210
18706
54813
74405
68373
68082
8100
49924
48480
595
38673
43284
7504
70881
12710
50448
78002
44756
21607
34320
58419
78417
48965
55154
73968
48786
17009
3698
22979
45072
49712
43296
35606
20394
47609
76934
44454
59888
10033
56979
9584
66977
53344
60788
77120
31217
79904
14799
19057
65490
68210
5364
62640
68051
8822
42688
16787
35553
62435
2543
75973
29393
73573
35347
4656
1217
38838
61203
2209
69904
74755
673
17522
15331
61123
49808
10950
53665
46404
26439
62296
42524
69649
77378
52769
45472
63203
54082
73509
61376
36402
61026
51138
23457
25648
79825
26400
37328
72288
44740
43139
27815
51813
71799
16864
75009
24961
68354
32706
53874
2884
68276
14417
10838
19441
76290
15443
9925
15511
68677
66416
6370
64503
40690
6529
42005
55744
77110
48817
68804
63329
58418
36834
20583
19345
19604
26384
55984
8515
11073
20339
48226
25283
2258
68643
13815
43315
8578
69760
63205
62336
32163
38086
10449
25060
39937
54211
69552
71507
78017
33776
27128
69424
28768
33250
33314
21650
61440
35937
64929
16992
48597
50292
4785
53713
976
6595
10320
62473
62128
44176
51683
52547
44625
74582
26033
60664
63429
54186
24780
2403
31862
16386
74368
72417
10577
44051
2561
72786
75110
34182
59121
73521
1929
56867
58554
77633
24195
77105
66400
2626
6833
55504
29063
40852
5731
62729
60422
59145
27555
22298
48262
10663
79191
56466
53139
57569
63682
55447
63808
27176
73442
28017
1296
74112
45506
46263
45187
34928
69269
370
43298
53570
28544
54002
14432
60884
44601
78481
55937
15312
60785
66001
54257
17765
57591
49140
64482
70613
36418
61988
26115
33591
45616
36496
35649
37120
78290
56946
47441
48210
2115
66961
8147
14848
57382
8706
11754
69425
5648
65265
15187
37015
11265
48290
11684
20864
31474
37300
1484
29219
55063
53637
11712
25904
54068
23241
77970
58993
11600
59779
27200
1482
37091
52405
75361
49540
47952
45013
52720
53697
78585
14602
31489
48084
18883
45882
35040
3317
3794
70720
55861
9172
4145
61383
44082
38962
9972
61826
33025
70194
11188
27209
72321
38820
15313
77506
66868
30241
37728
55569
40547
49399
71319
4336
12998
61587
23104
67893
14434
50658
10089
65440
59729
78897
68730
19344
32994
50432
23111
46033
19232
77348
28930
33505
25940
71376
62356
30472
61729
4547
75185
34689
48122
16529
26672
75233
22467
42643
69754
56246
6049
39554
1763
69762
22579
30034
17369
19377
42464
8432
56770
35744
15046
41360
30069
65537
49161
26034
59952
48096
46853
999
68451
25923
23669
15976
20867
63392
5362
74241
27716
13665
33424
2549
8560
32599
53121
19188
42640
44545
54804
10195
51876
39689
33954
37520
39139
18575
22382
7048
41713
30852
75297
6708
77011
50532
6016
27842
30756
63984
36304
67494
39190
54944
68900
56097
17762
67506
19456
63337
53416
64777
40660
19984
77781
4820
5552
46947
68769
77798
3649
19874
30582
5108
11331
594
79089
50096
30928
7157
16896
70097
32329
63840
15745
41398
24385
56322
67170
45668
67585
14634
75301
23456
55251
24136
30898
10947
64066
34641
68995
42864
71236
69251
79175
43792
8721
28481
29620
31796
43288
36112
18865
55329
58753
49568
34513
68725
2737
58672
60865
62561
25248
31506
35362
66721
65682
6848
30659
23058
77376
62114
75555
16504
546
45858
48865
15072
65667
77152
59937
67203
16769
15206
38933
60626
61344
8512
14792
27845
6545
33728
36288
17793
18417
32324
19555
79920
14513
77744
786
68230
40704
52411
29445
41176
73561
67377
49648
68035
34931
28144
21952
39126
42113
52723
46929
40436
28513
33006
13712
59776
17798
60754
49729
75747
13475
18080
78803
23194
35456
24116
23010
37683
69204
4676
27216
29814
10240
78032
32561
32195
4688
59363
35024
77477
54641
78645
5558
74721
52613
37122
22034
54113
9057
12930
71141
49409
65912
68020
43385
69216
48960
56401
68453
50456
70069
52643
29410
16466
41668
70513
34563
19760
59812
24624
42513
74304
62306
58901
53074
850
9009
55857
15044
43841
6033
41971
53443
76865
54241
28161
70146
23268
73300
56790
38692
36805
22307
55125
50900
23120
13765
4917
30208
21728
22912
4289
40594
32337
7376
46706
72696
43264
39317
8422
77831
45635
31297
24066
33381
5059
224
29685
18305
55732
34211
31219
63728
62545
8480
74473
10416
30176
5443
13109
14498
41636
42680
24912
33633
1153
78672
15232
62401
64132
4496
5718
36848
62624
593
62887
79297
14658
20465
52352
71252
40375
62980
59905
42372
8387
26512
53329
59696
31890
76992
20385
9190
18208
67860
58624
30529
59320
41105
29459
69162
59607
62337
178
56561
79872
79648
71761
48196
13571
4768
43714
46658
46720
71568
62995
49643
6118
11122
20673
11779
10595
57847
30160
65859
60368
23060
6521
32465
51538
56724
27184
6587
76050
9168
54325
16918
2017
25040
54622
13986
28403
34482
45842
18279
72403
67975
68067
57778
12132
76083
55888
9539
48080
47154
41380
29093
53328
71942
54240
54182
15952
16721
48641
38546
75057
5030
4784
17300
6896
15696
65142
50427
63824
63490
45080
16453
34179
14353
4694
24426
51123
22832
5394
65569
50800
16625
32548
39237
14544
2242
19673
36785
12631
75362
36939
15216
46194
29498
41283
896
15301
12433
17361
76209
24753
46401
1648
35536
32178
29217
76177
51508
32656
21341
13175
70209
52992
27825
20468
52081
30198
75872
11637
67568
27859
38885
53524
53747
79493
43443
33968
77925
33361
73858
38992
41301
13940
47457
54130
5286
73603
23937
61762
76437
31856
66759
21284
20451
58721
24804
54495
79460
75121
39350
60498
55685
58096
33082
31250
35605
21253
21937
15795
8977
41538
3153
18817
19858
66342
2595
32058
62212
51312
19733
40482
65472
54034
20483
63299
25411
65891
51907
46833
50144
67491
61024
25826
56692
1173
32344
54275
79507
2248
68576
57539
46021
14146
66832
25585
1378
1909
31622
26097
76051
78307
63552
30848
73408
50083
30656
6742
8677
69875
49057
64752
42736
77538
10001
61650
75168
72792
47834
4276
12513
39347
23957
79864
22906
61921
68647
43650
27698
43057
57121
44137
44337
71985
74898
75833
24948
6131
17332
14064
12454
70468
20
72606
50289
73617
73286
36936
13089
31712
36001
43760
67317
17152
41506
61968
52273
72035
49795
50739
25802
30561
41735
75739
70233
422
40756
6760
29667
51904
49424
64048
14080
26215
72514
54896
39499
56321
6865
46578
61402
23122
28528
74808
58257
58533
37811
66113
52435
64944
75729
63764
73332
76736
64016
53249
9408
15872
76852
54951
64019
9361
16593
657
42320
43200
36274
35072
31440
22881
35747
60146
49964
2228
73059
18596
6843
64246
34672
64640
79506
56240
41653
35952
61542
50128
5297
71399
42112
10277
14480
68944
47874
57680
39876
30818
53968
32385
8520
21521
74657
49984
33811
37546
70821
79987
7440
35664
43088
18352
71336
54400
65056
68737
60643
20800
62736
14352
42227
45444
39815
34912
50992
7697
36966
12176
34146
26449
29414
4324
56816
59330
44129
8849
72913
25477
61505
46902
35973
33409
531
64465
2369
55189
48848
6020
62277
59396
63296
79536
65360
1943
4198
19569
35584
12006
23755
73845
47603
46164
15221
30372
4353
58752
56704
66753
22274
2514
66706
13937
25312
74273
18160
53954
65573
49475
44754
10006
45820
23155
48202
15060
75603
64407
3185
53044
58179
17971
17350
76642
14641
63763
26832
37527
39984
39653
47123
14464
4161
55760
18053
7432
67536
70113
75393
30356
48880
45760
41969
50435
39537
67985
23680
52563
75989
32962
4195
12000
74289
39265
74773
28224
76112
68689
72983
3281
49781
28162
71008
69346
66129
72129
37313
27074
73623
36821
17155
45297
39457
30513
22179
78144
71813
15186
16725
47554
46178
75936
34996
9284
74689
52390
78625
37568
10322
30992
11905
22769
60915
48032
34724
52560
63216
5912
68101
24816
40065
54177
77171
4057
29027
10737
40625
30435
44580
34130
28744
29467
64793
5570
38932
21490
19713
27287
16868
11794
11362
44704
52836
32003
60433
59987
30754
56741
49361
55537
37970
19440
61265
47888
57879
4978
12342
42016
16849
60096
3360
25460
40257
72449
78624
25713
3463
17845
60821
47477
71457
52224
63056
39123
46597
50865
10865
50769
44275
25217
60404
38192
43652
208
55864
58241
40784
22273
16016
66052
64433
11089
34640
16272
76449
73371
66593
16304
72192
31075
74837
74448
70384
1522
41029
39170
39634
52388
73604
19442
13507
43827
33892
59586
51616
25616
28788
79905
71459
58048
27456
1728
38183
9507
28128
30562
72977
62096
62359
73554
77473
21987
22019
53008
25622
15299
70565
41600
45066
21847
58976
20723
20064
63521
1872
21366
18866
34070
49072
20770
36816
61552
27700
47266
70419
64162
51568
48373
4391
2816
18320
33490
26578
23264
57184
34737
25157
32208
54465
39681
71344
34850
11936
35093
42564
29618
70778
1
56714
62834
72993
54585
48809
8885
13021
63482
26736
4611
65024
11667
71698
50674
29058
25744
18898
31520
71412
56209
19632
22264
43712
44624
53989
74196
71400
38464
32000
76912
18554
8022
64240
385
73873
75184
51491
21968
64576
67255
44849
23088
17185
65153
3394
79968
60049
64848
77328
45200
30496
35140
29909
9490
40400
28194
4528
76360
28711
75125
53046
57345
33296
56050
1976
9101
71685
19346
79682
52338
65025
62225
40055
62179
63760
15554
49588
23313
41841
33889
61600
39918
69732
17649
961
77015
8433
26802
33408
51465
27298
32695
39798
6437
71301
52517
9219
72645
20641
55362
18289
58946
20052
70115
36546
13952
69506
55761
62052
15763
69939
58368
50068
73745
51984
37777
14712
48779
61462
16017
1520
47584
33984
17904
16051
43453
57398
31840
49008
12848
74550
50593
58128
39953
2256
50945
70946
22818
8112
36068
52663
64953
71717
21346
75474
75263
37649
35120
4889
56610
12451
1440
66162
60914
25168
26292
50358
59920
26724
5762
20164
72802
44048
72897
54931
53851
14289
38691
75412
9617
47620
3313
13447
2450
20276
46887
24112
46513
14187
7688
52656
40338
60160
70928
62709
22944
71013
64227
46113
76034
11045
32162
11031
55328
70952
22432
56274
29313
46228
10939
20134
35123
7953
11345
20054
6594
49133
65072
25776
114
51749
18820
52784
75889
69488
22692
29616
54496
10834
37220
60900
68976
23826
49488
71185
7346
19970
41511
62162
36900
36933
23176
78352
68625
45779
11953
14992
68660
44866
21888
62968
42322
24310
72768
38195
46384
5105
36641
14288
2096
17556
32912
35825
28608
545
36323
15922
2515
39364
75250
79379
29744
55441
11860
17969
73585
44324
10720
21990
72530
24608
64275
26147
31682
38403
61169
49600
78887
42676
79733
73473
33584
32864
44806
68371
402
22931
43180
73616
62049
77144
12831
75312
21030
30240
51347
22545
30019
63953
76227
7830
39299
27540
48707
74258
37232
11952
17520
50993
11589
48342
23013
26082
28436
26837
36347
58945
29985
21510
42851
10521
43479
45123
57703
8640
75857
44962
54475
66432
68609
39185
8737
79793
69745
36960
75680
7488
62696
42896
70761
49841
1521
27719
5280
43433
22754
77729
18082
38500
59015
71728
19088
79710
4514
42007
46866
9813
48434
77716
49172
12276
26387
78050
78353
46710
56520
13185
48048
78211
45159
35653
13328
15360
40929
64001
76753
77440
1137
4402
66145
36272
66081
46272
43928
16368
45748
30210
31507
12016
73491
71424
40274
41152
43184
21794
7253
8688
8888
26952
1616
30643
37712
68881
30016
74660
25204
68773
74322
2496
58298
30049
37921
60464
77363
13385
38721
79952
25468
29536
2129
62595
5467
43331
17896
10785
14321
53634
79921
4242
69106
39506
18400
5302
60705
77810
54001
20112
17092
69653
14916
73641
78101
38931
39296
30294
51040
67763
59764
39473
13170
39328
24020
16160
26946
12690
58384
53696
21089
11488
21669
7940
17586
12261
16962
59970
46305
22528
2992
75072
68640
27348
34336
49443
22018
6579
61939
53248
45057
27828
9666
70801
36218
56768
12769
62529
34161
59904
16931
64135
13968
932
5928
37904
57315
52051
21252
36917
13377
24289
79537
29784
56128
62818
28050
18537
68864
59650
45456
2692
25408
78628
58001
34134
19367
75559
12800
15488
70273
77298
36258
2064
14514
53699
27620
12432
43984
70512
2176
78961
62192
45141
18948
8513
56291
45648
28261
53664
38871
55668
30626
71097
45697
40560
72579
30071
61856
27573
31780
34913
78641
17808
78613
36803
11608
39169
40995
55124
25728
74673
68721
4864
32945
43195
14788
28322
64577
49154
25473
68293
72464
5664
14678
52386
54807
22578
7410
420
67891
51776
79618
35234
36131
50326
53955
71949
2069
28801
47474
67538
56185
7207
13427
33232
6199
43120
61396
29940
32320
60784
69927
52689
31842
16464
13829
63553
41680
4000
31984
28241
73824
27920
14866
50210
46487
78704
29153
40020
11402
70149
10401
43376
54384
14881
47544
58707
53030
18224
28835
24705
71616
688
56546
78423
18113
67168
65483
21765
13426
17285
32437
76178
70003
66995
7350
28451
12530
64757
77863
33153
19969
57568
4896
53114
47568
8784
18867
74437
69460
58146
6224
9648
3488
70993
1024
57714
64151
71649
76434
77637
16048
32177
31701
48561
59494
12850
46818
59827
75232
18272
841
76003
51080
78737
37761
70420
14582
48658
57296
17392
22117
35552
64481
65632
13682
75073
34064
66291
13158
38913
40916
43665
60835
13637
31702
42790
55954
16243
69703
48312
66240
34154
15540
76352
66243
59504
13810
26276
42752
46049
17233
36544
60960
52869
30729
19642
72113
53376
68273
1685
30336
68627
72711
22647
46993
66994
6583
62948
18308
53424
36163
27717
79520
34742
14698
39875
9572
73913
79539
74468
23984
51282
67841
8356
63488
53784
40361
42610
47654
40402
12038
63572
5785
62560
62065
51025
39189
60224
15632
16336
63292
60113
54929
58862
19523
1953
54819
68021
75329
65984
3587
63431
23747
47602
70697
66658
45584
36180
74481
73441
65539
65683
9154
24864
37553
52977
61632
42816
62480
79204
59682
35616
36849
14784
43361
28736
24977
61604
6305
65939
44978
1344
16450
2195
20627
15808
8998
5312
20608
61984
77905
32832
32771
15680
78743
30464
58051
75651
15824
61287
56657
29728
41249
22609
34752
19234
78020
60481
53489
7520
17425
3716
65285
69041
24433
36467
2279
12465
70018
59524
42582
1828
14609
16544
14130
57729
40899
24914
49760
25089
74049
71857
22242
43011
36659
40840
1236
2545
21316
56021
63122
12329
2193
65844
60384
36433
43681
36250
7409
23927
54818
8357
5843
34981
51365
29380
23968
56038
39315
61300
30760
30692
54672
73281
37344
4641
9600
45460
64176
45477
78466
28866
59536
4330
58817
25318
8344
59315
18677
46609
22823
11606
38368
73859
61504
27067
6816
21665
39476
71136
19649
47287
75139
23315
36187
62531
69491
59744
48034
18338
14915
11870
64832
5473
7393
1091
57130
50208
69664
29265
24678
48818
24162
76097
8540
76384
79485
11233
73697
49986
27602
54352
18897
76549
29029
58113
40649
39089
24993
72496
23552
53602
71841
14306
37217
74257
75235
40822
62258
58066
18104
62100
17667
69104
15472
35436
75587
78209
79216
3522
60276
43739
14706
6032
65329
27889
73447
15280
66499
38724
73555
57328
5408
76949
79093
26753
26435
26518
48916
63236
13893
44738
2112
37224
52192
17396
54787
30272
25584
45557
27234
7986
50850
73729
48835
6973
10962
27611
34388
43219
55313
41953
46946
38881
41056
39920
25800
57821
18226
62153
72965
38534
77266
707
11030
21474
7073
44745
36928
44875
77491
24329
1740
58642
25448
64723
74704
32800
60180
9186
59345
79282
2432
11594
46035
48151
75171
34081
4769
13920
42805
5729
352
69761
65857
28000
22176
44658
26232
16817
79347
64451
13841
38243
58992
70705
37216
2578
47746
37281
23703
27032
69795
59008
28096
31994
77665
53600
5024
40405
20533
3201
38180
77206
63268
73380
65942
47392
13349
76641
43235
30193
21218
59120
34224
24882
10036
72453
61041
32072
38240
64868
67088
30594
9654
53526
31888
35094
56067
70722
7058
71122
69915
14768
55649
41106
27249
52597
42656
8530
60550
10339
21091
28086
55889
44464
68992
9283
16816
74163
50340
64725
8900
64801
51728
55169
31792
16689
14800
23681
64666
26949
39872
18549
67189
64642
72465
1794
29633
54705
50470
15744
4937
54403
46337
19665
10421
40978
74359
77250
19074
42181
68868
62852
22430
32583
60562
48886
74640
71938
66513
75505
66457
79584
46466
40418
1857
1888
49632
27857
71345
78930
64960
19860
5569
46372
2756
21170
52578
39842
21843
39186
23443
79155
44400
80
6448
76288
31300
10083
46115
32672
24320
29424
10790
54969
4160
52592
43168
72935
13344
10912
20642
70753
45445
6913
8352
18355
52466
18514
16097
63795
432
36128
30306
6868
78817
39970
15040
60321
47798
50609
62593
79492
23266
62865
4504
67285
3835
77059
55352
69328
8976
33824
43106
29248
57781
29346
40672
63083
69523
70679
68064
44851
52230
46848
76216
71680
69507
38642
3956
23393
52130
25860
45510
57072
35652
76483
27330
16468
64099
36993
37959
54389
592
60466
78515
63091
46647
45719
6384
52211
67928
70848
72484
77987
15941
45872
23426
78530
978
1618
44049
58369
18994
38257
78479
32788
11361
8114
73650
64581
14168
17121
53076
56471
53925
74208
31926
22321
27989
21780
68999
60545
24915
41968
79684
24048
71153
72020
62659
50257
47618
54533
5141
24707
63651
32838
56761
9233
38340
51681
70418
1441
53493
43731
77451
10243
32225
27488
60114
16561
15371
73605
26657
29938
6041
39058
26499
41040
67846
48128
52738
50544
11251
25496
50903
4096
5632
57426
73024
6400
31874
3207
76601
6466
3922
30039
32773
15362
5882
20832
24937
72519
45376
30500
41525
51787
46645
2146
17456
33522
55921
52913
38737
76343
39648
38113
22497
70864
20504
32758
30691
2881
5906
29489
12210
54752
74419
18132
47202
59492
29554
63952
50181
46353
78068
21441
4097
66829
18963
13174
70129
26035
47571
67622
19942
56838
12353
54545
55451
55200
18531
29047
60982
36466
58720
43297
72290
7057
7681
16240
19815
45841
79591
44752
37104
37426
46534
27254
27637
44514
31364
40913
63507
74002
33104
20849
77600
8098
32976
5634
39746
65761
27264
59568
56181
67698
22529
46370
56289
42961
12819
1265
39120
9382
73842
47377
59889
56852
77922
36706
44519
11586
30257
51843
22960
1878
33057
34240
61584
48811
50164
78276
341
23729
9508
40800
72001
74944
19
23316
48321
9952
394
29585
5057
12616
61152
52144
36306
43651
40247
1317
5783
9153
50066
13778
39793
43053
32
23280
76785
79009
14855
44517
21104
13312
36551
18441
54272
75283
16139
16114
41079
65841
9458
44684
75777
43345
20900
48514
64806
26994
21242
47856
27088
28400
22562
70977
26800
73654
76181
68723
49776
70178
44546
58503
5523
57976
78049
27923
71151
14062
44289
64261
20099
40726
26930
52343
18755
6018
52673
10048
14310
77323
33562
55619
5649
65620
64964
69238
54592
20098
31808
74897
55456
30018
40227
28675
51905
26978
50849
9333
33620
41763
59510
27108
34113
2789
70067
65216
72544
59376
58708
19754
62298
5137
46614
8576
46592
10049
15057
1637
58291
42080
13025
8384
69809
52530
20289
71492
14595
38753
77424
9097
2387
50230
17427
71127
57681
19300
11168
455
64403
44848
40453
9012
71495
31109
13568
53794
17888
46001
497
62411
7861
65026
56411
47650
66704
26145
48036
53632
11154
79206
47219
30753
17878
64673
2080
17079
34422
28785
67779
70945
75095
30246
46960
10086
17283
21126
51217
2383
10951
64467
21187
59621
33015
41347
72183
73909
60996
46483
4529
40905
25653
401
54482
41125
14594
35025
34372
45474
78067
7460
22914
62469
42866
9104
48448
55716
21713
53028
31779
79841
19096
64608
37347
33994
26345
56964
4887
65235
45715
52642
6707
35070
59216
34467
49858
9475
53786
68871
23041
41216
27056
38674
68741
42529
60515
72067
50499
49621
71282
42178
68690
17536
52064
47235
11554
42448
47906
24625
54579
22723
11881
2839
16228
17636
24144
45233
34801
2221
52694
67243
61042
45153
6128
35265
73330
79249
45339
58343
2208
41808
12417
15505
35173
22338
58416
28466
74690
32274
29264
65893
60773
56819
44192
51689
66609
51553
64080
37112
74133
45844
54768
78577
72887
28627
1553
76691
57493
31058
60289
35728
70739
65871
11028
42992
33680
47378
43280
23235
43265
42386
43938
71142
65
5300
57400
34184
74769
5281
4273
57989
30817
7880
8614
65425
47735
44675
51747
73122
13138
28678
15618
1989
76018
37504
3489
20769
20908
73058
71520
36138
13780
8516
7322
45394
33926
8673
21712
19479
78962
11523
42593
13201
79763
4226
35873
6265
46864
512
41265
3393
66339
72512
33444
33332
33815
35461
55414
58930
21088
59553
72163
18868
54618
5600
1808
50273
59882
74210
54578
7985
21381
49765
44648
25507
76752
17142
64912
32112
37867
64290
58162
13638
73588
71124
7217
7216
28196
49200
69362
41280
29953
57744
26689
30291
27154
2961
42305
14224
67507
49408
70491
32144
62184
30995
52849
66357
47074
50628
37286
38146
10775
16224
23539
35170
25094
20852
64480
11074
3218
73216
37155
50758
66137
47939
11570
76593
24576
20841
79907
22225
69240
8245
33611
14067
68528
23137
40416
60642
45387
38784
10144
4691
66161
39682
58216
59794
73793
42480
48466
24275
5233
20096
20033
37185
10741
73906
26529
78657
52418
46800
64517
30568
3280
59909
21557
75840
20145
58262
22391
63394
28178
60998
77313
47380
31282
18290
33136
43570
6272
52800
26754
62914
25178
12824
49301
38880
50741
3987
20528
12362
74563
57218
10593
71476
17729
34514
41792
65527
39910
52851
40240
39761
55360
14932
39904
4789
44000
61434
77728
22385
69558
23091
19460
19312
63729
50324
19360
33780
25234
79053
38567
47721
51117
1282
43300
2818
42385
28896
48325
14096
30660
8725
73217
44817
19776
5938
50773
12116
10433
50449
29528
195
13076
76633
20488
4148
61841
69248
65041
25528
9830
48947
1731
59552
49616
11955
9762
71447
43892
72545
13905
28035
9170
15479
1523
4130
79026
4337
73986
76900
24580
37459
32992
46323
76720
33762
21009
37060
14144
8996
43041
17910
62315
9712
38228
21505
53802
10193
71491
45991
65252
65586
75508
51221
19728
14400
27250
52691
10728
7332
25506
59475
21248
17872
36016
19905
31478
16672
40195
26260
25621
4870
76790
37157
57202
17411
77529
29204
76704
23211
79840
3008
45120
39458
66899
31395
71458
25109
22096
65298
60337
73904
39025
29587
25377
11367
7712
22145
1952
67859
60423
11958
19751
72640
45973
73937
31120
4304
51922
47845
78564
11632
65105
65648
6480
72005
2918
11840
48438
41651
79761
74371
48513
56577
13931
25602
67986
50848
58432
60592
61601
28641
61490
29697
25073
63106
76195
79685
7917
10465
17526
14757
20080
39763
11152
65680
71120
70033
76353
77827
37540
61089
76724
76368
69555
25362
67304
13696
45812
30368
20710
10417
15634
71113
59328
77157
49013
11557
50631
24609
36789
7136
65809
32775
11827
51921
53808
72533
50923
69931
34121
66902
27027
20976
20016
26073
16482
10545
59953
17873
54928
5652
71765
13667
54802
68346
50614
18496
26772
3573
48017
79797
68099
9282
18228
77955
55952
56164
15200
30209
41536
27092
30821
49872
8992
45912
27938
14128
42801
31664
39880
70128
4560
64514
13557
4418
9265
69168
51955
53884
53072
60215
66630
63600
68497
75379
66775
51729
12497
73538
34965
55141
2917
41201
52212
29808
71316
21094
11312
39552
37077
42194
62007
45744
26786
40774
49920
49845
48197
8323
68517
8421
4756
38598
11026
78102
26310
35293
63456
63571
40498
74052
43048
5586
2451
13105
50065
70865
45621
44544
35539
14337
42245
14081
49793
22448
14369
2085
23920
60262
44628
78356
68321
45875
61827
21744
41521
44785
68433
63272
61009
12112
31424
7649
25953
13560
37890
35457
73618
58336
67729
32705
52561
17730
64337
19875
32180
40145
37331
52291
50056
43162
49980
65907
42803
24720
12898
68872
14993
25572
33925
62706
32855
73507
43953
79251
20290
39782
37555
29088
72513
18962
72736
27523
48674
18306
28741
30148
40963
62771
69344
47443
49667
3217
77618
27617
944
15059
74770
9272
64353
9781
68370
6867
31204
51889
64931
14851
78178
19968
51824
59300
36277
72981
78322
10242
48081
2337
66992
60805
10658
66691
65481
73040
47969
65363
27009
62512
49233
36967
30850
19937
13761
71777
3140
46369
31936
23382
66150
9472
16881
36724
21944
15812
2577
328
70053
70465
8241
44835
21473
6178
52021
30801
47989
34403
43169
69024
55474
68220
67235
28994
35251
27364
68194
13953
79984
11272
12881
39361
31730
67648
22930
37301
3429
23600
5169
61377
33909
42641
77351
75687
71155
25873
5040
78785
73377
53169
21043
66726
65596
52994
72032
4049
14928
27059
54706
28720
17265
38387
7284
39283
57074
43012
48100
15269
24944
13907
32661
20387
70912
19955
18915
33856
47449
1392
38214
74914
16948
63154
46900
59267
14674
16786
19843
72468
7829
36353
72611
41443
52307
34098
24345
63889
1633
35124
40866
26977
64071
65248
78513
71969
28993
31552
10801
12753
46128
16707
59424
37397
32166
4388
25988
70851
12528
67603
74915
61715
10552
34800
70626
57658
27233
57333
74805
37184
68882
11224
63776
17250
10336
47505
53189
65174
37444
58198
58864
66272
26272
31714
1537
28900
23777
22833
69267
21632
31553
32928
54155
73524
19730
61010
41848
27285
31057
981
71816
52812
31412
44615
6803
27542
8946
41177
23521
32145
71466
44865
74930
9948
11619
57522
12785
66770
69559
64460
11405
36082
2755
11189
62848
60659
51974
73410
58640
61617
9189
20853
43907
45347
54234
65811
16807
53926
74384
60721
29373
79778
60769
75879
48737
28704
63376
11798
15619
44436
31933
58937
4433
19559
66402
47300
64530
6114
33363
77170
32116
59840
62658
26213
15642
289
49848
57956
57492
30259
21974
33587
13797
46144
38034
54513
27344
55424
40624
37778
12466
60739
29360
27538
56162
45856
51972
3844
79239
9090
34241
52595
35504
53714
58577
4083
52882
354
7970
11057
45105
43552
5776
34128
62931
39618
72947
43924
48564
61237
79568
3650
15377
64248
66929
48912
3536
3025
37779
38259
16208
17429
70005
47607
16245
20562
75059
930
13632
56305
2721
64949
65522
59233
26624
59412
36753
78592
69603
72672
16739
7746
46243
10784
26884
48195
24533
15794
11025
3457
41812
47579
67172
68104
14177
23831
25344
15012
75332
16064
66842
74435
18313
748
10673
18916
5799
36211
30050
18832
14665
57155
39060
72753
19783
25752
72868
26503
32016
79088
59298
28657
30178
38513
41777
26996
13648
63344
69281
44516
40801
16498
28632
10080
54673
46789
47200
70672
23024
4821
70756
39845
38193
74066
29377
17796
13954
64976
2931
73590
26918
79393
50513
53840
3969
70835
36945
27346
8469
44369
49428
2225
22961
58340
27202
27091
42146
56034
45569
46195
3441
9107
76768
77136
38272
26993
63328
10145
28097
5696
48369
16932
74761
49921
23712
62817
32658
15664
72903
72885
65906
5828
76131
49415
22610
42963
23953
78948
18727
42521
16738
15104
43635
51475
40809
41568
7364
37889
46288
45808
73969
3942
67229
31360
65523
4129
17713
20279
79973
42516
29492
54336
32342
24118
69457
11256
66754
421
9717
72389
75145
30439
22055
24480
46562
32697
36531
69393
40900
25780
62090
24517
28132
42180
76769
28273
35280
19280
78864
56115
27041
52034
30564
4897
57994
10657
57635
41890
18227
51411
145
16640
30074
66322
29299
54289
62978
21939
28208
78009
12691
76323
19557
44870
44186
36561
75812
69296
28471
20616
65408
26780
71255
13552
5796
21875
3107
6065
74829
9444
20850
58114
38131
75969
66817
77214
45188
34852
49419
17201
57698
49362
59762
17252
27265
5497
64278
18563
16834
1094
29495
68208
52709
64178
25488
9489
25891
33731
7441
15893
56536
12659
7656
31377
23890
74450
76464
65865
35186
63382
18929
58525
56224
77217
23714
2529
71314
72068
17200
49945
45989
46608
18822
79235
19506
14240
16576
16370
35603
18372
57205
37648
27024
60272
752
2160
28906
36162
14817
2867
30432
50898
66564
47376
2211
64
72583
35232
40710
74383
72896
35943
68624
12816
50610
57139
15077
75760
4405
33089
56193
24019
46545
50272
27888
12914
37335
77333
41569
37414
54626
2355
62898
33074
29202
46784
21229
33607
15810
76778
37284
50498
67351
49224
35175
52167
61716
51673
29718
38678
41168
65650
13882
25650
32881
69492
1732
49104
28672
62981
14305
33218
62464
57220
51280
47089
26595
13168
71632
76023
60083
29132
55638
27333
25905
41700
42160
26336
11472
58305
21154
74963
51220
14610
35968
10817
58881
67361
48994
33623
17232
42739
6372
32544
50176
45617
34448
70339
45890
70389
60677
37939
5844
22897
9766
20740
43872
57922
16211
15024
53620
61952
33719
44001
13955
5888
42198
39344
50563
26962
19349
12784
6322
6434
62391
46616
72946
61972
9203
32626
59718
66337
225
53394
7184
27696
23547
47776
35841
22417
46520
55971
864
56996
70160
5368
18881
73175
32822
78018
56850
79489
48280
70385
70354
57379
22802
61989
36949
52739
77396
3074
50816
60352
61667
64370
60208
10353
21832
4643
65713
55382
63868
2933
72743
63491
75586
10644
27633
40881
66453
63104
35830
6326
37688
66097
21975
31494
7138
9281
72401
5746
33312
39013
28803
5635
30592
61283
61927
35680
74182
60331
47526
60161
74785
71762
72564
44401
40803
13028
28562
66865
57528
73589
59873
32336
27187
19398
27121
49083
27193
24210
56989
24650
13495
41712
47900
2691
65909
5845
19696
22720
46561
44336
45590
51360
6771
29764
15880
66338
78439
72816
61258
77060
3089
29768
4848
39601
4080
54007
43124
43488
62085
26408
58563
55524
43920
44320
39792
43744
63179
20450
12080
4050
38178
35827
10130
32146
21601
58073
61858
27025
25634
32288
15584
26485
3904
44561
34384
53825
63298
69536
65651
78455
28721
78096
68962
3856
70915
3137
37289
63794
48230
13092
57249
34978
11836
41332
45283
33716
58233
52176
64273
55898
68386
9699
65160
33908
23218
5584
43395
64803
55299
11717
64230
73747
43864
20000
73315
34177
15942
62194
61616
26327
46568
68688
79893
55792
38641
11948
21415
44128
30165
67305
61765
50304
51920
5697
63058
40080
11279
2552
20676
31841
79441
40033
48515
5793
24694
28500
69137
34066
77219
55122
19921
68439
62210
44638
65237
60706
79808
31188
49009
19201
13600
34035
79377
32241
3104
30296
49061
76007
34851
7457
43718
43332
77845
70293
49905
53843
78710
57793
28240
18688
36050
14608
38209
1956
38801
50405
37283
70096
240
26561
72608
46160
68514
57490
59409
4852
28852
50147
338
47576
26464
75504
76362
39175
51342
61937
78488
27118
71705
40050
24273
66371
79732
64042
14512
21859
43202
14534
68631
65860
20675
67106
13799
57056
50560
64739
33328
14051
8864
32417
32981
5201
10008
26154
22129
44258
16019
16532
2705
50752
3177
26659
34148
36320
15681
67332
53859
22070
33489
33655
74674
18964
72467
45408
42755
15907
9904
70145
79265
48579
26100
30854
37272
58454
72912
2436
53378
15570
65568
16647
63989
72562
41108
55413
42626
30804
64033
69031
74333
57648
63362
55026
18118
77117
71889
3824
77027
42976
49490
28158
48401
19936
5683
13714
55045
32091
28977
41565
70154
22902
23124
65828
69618
29827
65280
41018
20341
54419
9376
48549
42002
45729
28177
44272
59939
71921
59024
53922
54472
13474
66039
44899
41089
9555
7168
49159
73600
45655
693
37506
63601
49360
71233
29844
72528
77696
39042
2308
18532
58966
68917
66288
30922
29824
65200
70305
57188
49269
45857
12720
61859
4865
47175
6592
23072
41395
53587
2263
20401
22965
57924
39753
2
67077
14644
5393
63987
24193
70736
35730
17240
59457
32866
60758
73974
41904
4689
54065
37570
62864
51008
70948
18801
30045
46944
79337
64304
9120
14896
41446
76210
9917
37936
8453
7601
12677
60676
34755
38690
57284
20962
76977
7011
54693
4993
34291
57649
70193
31420
63638
74852
50359
36678
53616
50832
22738
10136
16730
56469
48804
68784
61200
1122
29936
1345
60499
55972
75075
78097
68562
32560
9831
69729
33666
52450
14392
51537
29634
45056
75137
44100
76580
23523
19217
18675
7848
62389
3890
72738
46208
22400
60536
71971
38452
30693
45108
20274
23745
63736
49460
12754
67616
74961
72065
33076
37585
71490
32373
65715
77077
45637
32993
79521
25973
54608
2460
38177
51072
27282
46529
29590
26483
14624
13013
46085
53833
60081
12721
16545
1013
15122
78677
21345
77377
63335
29826
59958
34946
34512
49746
46433
7344
21458
3776
49664
19094
65952
25057
51987
57927
11090
29651
50571
77490
9110
53408
1811
42467
29922
7655
3347
48502
79570
1682
29458
43073
27424
51862
37968
19415
57009
7060
79328
75761
31873
72867
26530
62003
68707
76049
32518
10337
16164
11478
33240
73284
57811
14048
23408
77634
18673
55492
30224
34387
16997
31744
44160
27906
55800
44994
62483
10849
16267
45793
30274
54899
50130
41731
24400
42000
34998
66546
72501
33039
77140
46822
18066
76145
39701
44180
60374
32400
40481
43269
56530
15152
8544
41364
14083
62035
62019
78369
25171
33120
9042
46150
3045
14656
35809
52225
39232
24770
65696
76944
53522
25104
58547
23208
65362
12161
19827
17697
55347
76098
1138
12196
52684
9267
72491
68758
31539
60648
4577
39568
20113
69413
15954
9734
3686
54484
20101
29840
6017
5120
36980
37066
44024
48867
37749
40834
59218
57127
51000
17159
9801
6646
47611
72454
15120
68434
3907
72098
34325
33777
40192
23047
37795
60082
39621
50883
60516
55536
56150
51717
76963
38661
25987
58724
48179
36472
62422
16009
28659
1302
33998
37237
21046
26948
47700
68705
76165
7910
54179
25876
8689
53104
45778
25882
43492
52257
24496
10025
48314
69591
47042
74855
52311
53556
47920
42747
51761
19530
3376
13440
28227
25520
33219
56936
54658
50690
68097
65331
33617
26144
57329
25890
56672
7377
63139
22946
16181
9826
36295
56515
66290
69749
31367
15185
19952
39008
40528
78608
34368
47393
69872
12259
68549
30465
57008
19552
79765
76689
44528
57111
2497
17074
12929
74358
62182
7265
44497
65617
51315
9782
74146
21605
7858
11859
13189
60432
64035
4404
49908
62353
35328
52901
58433
74401
12328
4450
41458
67457
42128
5971
16851
30565
76883
35811
38400
49077
39635
4339
21217
9957
43428
33234
57842
7744
18292
48580
57745
45410
78337
20529
55394
13827
16201
41379
75186
24768
18130
20822
62773
31088
20998
52963
49026
19600
9825
63078
18387
69969
76017
31140
37922
38516
47088
16069
8850
12989
72992
77235
47910
49043
51968
48051
59219
6914
5185
55794
10736
64547
58900
721
51058
43537
45777
13142
49538
6945
6562
1490
69313
4832
7635
39441
41637
14070
6097
36134
77907
14092
72214
28708
7733
16474
20948
65474
75860
1915
4880
47974
42278
18704
28691
26178
24421
37552
26725
28807
15921
38258
11289
55737
21616
25304
11768
32147
3443
30867
79504
1489
20828
13233
8368
34531
67458
66114
73984
32434
37636
28949
2809
3634
36897
17890
64720
29782
7177
51600
76068
47161
70377
72899
22580
77505
20643
13988
65782
76422
48064
66227
23623
79908
6979
2009
65840
57937
62976
76624
13381
78016
2272
45762
20448
41497
6473
61488
37705
63393
8339
45600
77264
29713
50306
65271
25675
78229
38624
62530
52550
38835
53877
73844
28051
10308
18513
38883
6320
26931
73360
5730
39921
13977
13673
39728
76625
49299
42624
22001
14572
37960
56993
49456
74001
6903
2304
67107
45972
6293
4272
33590
12514
32900
21936
2212
58852
6769
43512
79313
8358
36628
12017
37888
53680
22438
10464
60608
60673
53446
2097
53841
30467
72613
36230
30800
22295
46535
31872
61648
60579
58609
79497
7682
27500
63905
62133
25345
30337
41877
77319
8232
7897
46166
23008
23377
59529
11158
40353
67093
58148
17034
12163
10976
47665
61104
39280
39378
24256
36209
44242
54160
57888
77737
51536
75129
30859
26640
66619
9161
66401
30304
14416
28482
7476
55314
7315
70368
10897
71689
3240
67617
11330
9623
39825
37200
6805
66208
13370
9841
6576
20738
12018
5985
64384
32769
38001
60177
27744
19761
60461
51873
30851
52610
7856
35074
23938
50656
74226
2544
6802
45104
7938
46081
5618
51872
62224
77671
62342
57079
9795
58596
17698
78708
78689
11995
55829
32602
63991
11338
35382
12150
55915
77392
78873
57712
2804
6758
28353
27720
7620
20551
61898
24342
72390
11136
24353
9752
44577
37202
68961
76128
73639
929
52099
30661
75955
12308
51792
78387
47153
51841
23728
2753
8496
57171
11266
11843
46242
47313
56355
54081
57415
52754
62372
31584
22198
46146
61684
11538
30017
12576
64839
6050
52757
63427
11605
46341
35131
70976
74641
53288
36114
40323
36160
47923
47026
35634
43992
44385
50562
68027
55106
74135
69796
73795
1747
35107
14754
72931
24737
69923
32741
8801
10113
76739
4752
27137
50998
30636
66128
59505
50809
37765
51219
46119
60566
64804
48001
10928
20833
41205
47057
76183
56353
27190
3516
75635
50336
50561
32371
54245
8499
15513
79811
48229
72659
54167
30530
40304
77271
67509
74626
70514
22677
9651
45490
53984
77799
35905
19328
71313
32402
33456
72789
62972
66901
40820
30967
71729
76485
78304
58822
58417
6321
4995
36704
73456
32577
11810
18609
40515
35604
245
55234
34465
14640
62663
36437
59521
9028
8631
8899
65602
42149
32608
7777
39301
59988
25842
28804
962
63907
38723
38725
74516
19872
10704
39449
21380
62535
54695
71297
60850
30408
72311
8661
20288
45649
73971
23559
39744
9992
28016
58192
77056
28928
2693
16514
54501
4552
21297
31317
43745
77381
39859
55024
53115
3883
40211
63331
74771
29589
78019
9360
24928
31137
5777
51680
914
25872
6502
23782
11847
42880
56608
74080
2240
67223
64152
28386
72883
27473
71186
30455
72167
78769
56807
40064
60609
8292
73523
51009
23875
16418
65541
41508
7584
18758
69955
64548
78384
67010
56387
15990
36760
39716
12400
55472
36385
32262
70759
32449
48336
44244
37075
20471
77139
63418
49491
50550
23526
16632
19137
24448
6644
46099
15424
74642
25712
3570
64818
75876
67296
50373
67111
5360
40513
61923
13330
34483
19106
21985
20212
51152
77202
48208
66193
32692
61683
5193
41015
50244
45638
44900
62449
24756
67510
59225
40614
2994
32384
66152
33652
48723
61665
75493
2320
14178
56420
42912
39078
10561
79184
60129
49532
72019
68887
51973
3665
69873
79458
2976
30965
55778
31408
453
15889
28340
75831
47984
59460
13783
27124
34947
26929
20656
46912
70448
14273
6593
54370
36179
69015
35572
45588
17089
18073
3328
76929
38515
61281
3458
57664
49153
43392
79721
50872
31875
1303
60133
34820
3891
19856
22020
61745
59059
50790
78611
4822
56497
46939
17368
2288
4288
55120
35271
16409
30483
1552
4322
3632
37634
23291
33024
45537
61896
60672
27952
63568
60768
25748
28992
60284
15035
1175
45172
52229
29714
36828
69992
79225
74451
8451
10636
68066
18404
78786
44309
43600
21411
53716
30672
21383
31713
45576
65046
19269
34706
9173
72115
61079
36483
21281
18837
76512
16070
63175
36513
57427
38049
68231
20965
37650
41745
45936
18293
13008
35106
2162
67642
24225
62832
78610
31543
43282
7040
59205
77079
4352
61264
59026
77024
36520
37488
47570
48726
50167
71493
75539
33257
54162
36514
43089
55547
71596
1684
49152
66919
47114
62566
74801
39122
50148
72228
4545
13458
21328
48306
61234
45107
77104
61184
70162
23744
26528
31799
65506
34906
45927
35632
25624
38465
40283
69472
36673
37954
61713
65424
56049
5505
24881
75440
55893
36034
67762
14898
56356
32547
34242
76208
11865
10288
64835
32848
78619
10249
57584
49268
76132
23347
70114
26322
22453
37137
4912
19462
38321
50867
15330
35955
59603
5115
59073
5042
71248
8080
23696
22481
33526
41140
75633
54324
62577
77568
9127
22247
403
33748
71797
67641
12306
70256
72256
61957
61875
46098
28833
73425
44770
21488
28819
65492
38067
57574
46849
62288
45747
5809
65576
40162
78329
76321
8951
18065
15252
37222
17282
6577
12130
52793
6356
61331
47314
63320
61506
46067
737
16662
75239
65217
40384
40697
18161
69717
78882
7104
54435
72679
6421
77126
62673
5077
19681
64224
40386
55745
72592
10000
67267
40371
73602
44772
53464
74402
31716
52727
13633
64496
34402
21651
3712
20160
7008
53639
1923
65218
6486
73188
50226
48018
8704
41912
70641
76869
60500
12275
32405
2100
35618
55911
17815
20897
32129
14533
17362
71377
58643
28089
26465
51664
39848
9585
44115
5011
51842
70953
44416
12944
35696
59344
13746
5716
14481
66273
61392
2336
70965
75553
25747
9424
55488
48319
50689
42291
26848
16785
28401
62273
51316
5904
40903
14787
9637
36438
59795
66529
16161
70673
2280
57012
14914
52306
1562
10931
48065
38817
52387
6277
69815
24468
35778
42132
40613
18594
65412
57362
45939
63920
312
45873
28680
29016
17997
22919
43508
50514
51744
42945
36338
45288
40181
37463
37878
74386
78355
17986
64884
71217
51317
56848
24241
61568
78396
13890
58706
17440
56632
1491
59408
13698
45618
19271
77522
40976
20130
35858
54054
52551
36912
48896
4019
77760
23509
38736
17767
33858
51826
52865
49440
28599
75649
57605
61040
27704
71024
55217
22304
47636
9392
46673
17937
51376
21924
60406
47506
24564
12037
62068
21969
47590
64753
67248
17571
24897
74997
27796
36448
29546
33779
60285
26118
39604
43156
1409
1698
9488
35360
33520
7956
60816
75829
38800
55297
60871
64785
5954
325
26160
9632
50736
12994
54747
73136
44832
43566
25892
19731
8754
12615
71169
65993
28877
31104
72787
51939
14946
9936
73925
54116
23361
43462
17306
13520
58161
79843
77092
12648
39377
5717
10932
2185
1462
44359
13242
30146
59382
7569
11812
5188
44579
1351
20456
70800
74003
24746
38208
63633
73138
77937
19780
56832
69539
49589
3274
40850
41281
9760
28066
2866
10064
10832
15617
63924
41888
58736
44388
48563
3873
57893
34518
16040
64307
70786
34595
65776
44193
16743
38186
52704
32034
36381
30816
1147
31060
23250
20755
53633
36869
10114
58240
11908
76403
30437
9601
33012
65913
45393
19603
7162
76707
29811
3841
7041
74928
21796
46129
54821
14849
59825
18121
33952
11392
6665
58105
22360
48914
40243
6564
34405
43175
32257
19653
57459
43540
64704
78913
23665
9218
40096
75386
71861
29418
12928
44432
18857
76198
13874
70678
11968
66709
66247
29159
51171
75462
42050
5665
19621
41574
68658
41248
28694
32498
54137
38727
77984
8577
9428
20912
17658
19765
26480
7025
19072
32643
19626
59653
7392
72822
25697
3178
39864
73863
21675
3521
59969
15178
26193
41987
76513
35090
42032
37491
79824
49715
63888
16405
43232
51570
29584
47538
25765
70325
58913
58497
38227
19841
29168
7928
74483
50369
25285
75843
54385
2449
2946
20768
42547
52416
20518
11313
23688
41665
58389
65137
11698
67719
16406
11378
38688
7654
30024
59461
53472
78198
1920
79329
49410
50961
37056
43045
36880
78385
71137
61193
65121
26865
37474
52855
29576
57090
68134
67618
1972
1284
5490
71538
8240
67008
9908
51730
73412
31968
7171
54996
14688
43733
66480
53892
42256
45570
32469
38706
78051
19828
43313
48593
53994
58693
74084
28578
45274
36088
513
67664
3200
54450
21680
30709
12692
7570
54963
9441
30128
23234
49138
66822
12512
57859
10512
19334
47473
70403
35840
69010
54243
5745
60134
73088
73328
26000
2609
21783
22721
1156
11425
36149
56580
1073
2065
21124
55827
69289
7554
37303
38053
67972
64658
31765
6544
43466
5121
58564
42038
39316
9621
39536
42420
3249
51173
73363
28321
48115
43617
17728
40262
79047
59490
78787
63779
73026
76432
70549
63426
2868
54769
5905
31156
12129
67101
39168
32480
42404
28068
62915
6257
27494
18301
51712
18949
73714
72242
57353
57555
29329
52400
33985
46501
6691
49989
63441
34480
30961
19411
57298
75769
39490
4738
32964
56628
11185
64789
37682
22727
27926
31328
7761
74048
33281
57302
59584
68145
74187
71681
65555
5186
54546
58405
59648
51110
48753
68566
63188
6444
2883
58002
49025
57936
47442
58273
48176
25363
33684
67185
57872
35792
76800
24306
13476
65842
70434
47810
45633
58246
46163
74197
59186
48535
8866
7313
53595
33826
72291
58768
42548
56595
56179
5232
11123
47316
9331
21393
3424
18438
43649
29831
46914
4384
29208
20308
5320
71265
75793
79416
26194
18
30144
40448
2032
9761
32244
22162
45920
60336
41403
3816
73571
73635
66438
25831
34915
23109
44944
56368
63634
74768
468
76671
59234
75196
20818
3602
23825
18273
60624
42018
915
8769
52032
41730
26674
54613
57232
74465
42272
48928
32333
34099
64993
11555
43585
41585
29184
55699
28209
60354
34756
20183
26658
32869
8775
62774
3815
21251
69616
7702
2841
33616
73761
60387
78679
51362
37314
75249
6055
11793
40915
57561
15265
71360
54416
42486
42053
65125
76420
5858
11248
44264
69636
45728
5612
39524
10211
72201
16268
18087
17841
7494
35671
69987
22419
62432
66245
65697
70304
17849
58355
20611
4629
54914
27670
69701
28576
61761
70405
53899
25970
47157
39325
20880
23889
33169
79170
27363
64933
42353
70784
78738
12209
51595
13296
31859
60228
44211
26694
63334
57682
30449
69905
35745
24183
64760
74993
40499
35335
50594
34016
41610
1572
66657
20162
20262
65908
15783
68569
45331
66552
2326
68704
35320
38695
32804
11746
15648
25906
77233
6928
13842
68851
48294
63360
56555
2676
11621
29462
73043
49681
25009
66545
59668
14161
78566
23363
19824
6628
60145
58967
26256
51393
1719
50033
79443
58321
68803
35843
41472
39936
31361
67600
49604
24017
56032
24820
40067
68500
11701
4010
77859
42484
85
32708
13399
60967
15029
29094
32419
33842
73361
22976
544
77888
24211
31245
11206
39956
25249
68664
55605
100
62360
11141
2614
17234
60295
67073
25840
18225
11364
10439
69219
51458
17908
15764
60913
28612
46803
71793
76528
58784
37572
7729
10424
71283
29139
21202
29537
42848
41586
69860
7737
51425
47076
4240
16256
68339
66864
28067
76166
6548
64387
43289
59542
12289
48688
41859
8834
336
17956
29057
17137
14672
20614
8403
43929
3970
14553
19026
8752
79795
25432
26450
30580
78852
75345
1201
13329
36419
31536
7200
44130
35
63696
52883
71760
27440
45473
46261
68352
17523
55904
25122
61701
46896
39521
64466
71586
885
79147
9041
63173
5572
42500
33744
34660
35289
34245
29604
46903
25598
68039
76455
20269
17328
9493
79349
72304
44945
4259
244
67143
5986
16977
47396
45554
43536
1394
70608
62352
1986
10706
6001
74023
16912
73985
3193
41045
49024
1488
74576
63440
54596
17491
6834
15712
49068
44145
22354
4112
12401
1259
39510
36853
58218
62689
39396
9474
69696
56182
76640
33636
25045
47046
2405
68752
65232
19056
43480
17690
11911
40772
37424
23026
5808
63734
39426
33170
55832
69127
74272
55648
2181
48856
69600
49827
26403
74619
11923
12625
58083
45091
60688
76808
308
25569
79776
51441
46048
7664
4509
60503
51426
17939
66130
52858
6976
51089
77521
62016
29960
21049
40642
1569
6496
30673
37556
63131
8961
37697
10598
39187
19081
14785
2564
28112
36206
13745
2230
65621
42211
75253
42357
48595
43043
77904
46256
22534
56923
66718
58981
69522
68496
36752
12626
31024
26112
72128
33217
17493
8467
26676
22704
72656
30243
30292
15043
47729
63297
5106
16050
52488
34232
1925
36194
23184
40355
30064
41722
8869
43009
65856
61428
38448
53746
2035
6756
31587
4149
2633
38608
50001
55700
28188
56369
9345
15798
5276
34410
20865
32468
1415
75873
55945
55104
14497
18722
22160
35570
44148
76263
73817
54448
52664
76837
16153
34215
61427
3391
51605
18886
68754
26903
13283
75554
28832
5356
912
51057
34213
77985
12488
40597
37584
1315
3105
28784
11282
67137
56309
53315
64691
26769
34774
20561
8295
33937
48417
59693
60328
24595
18564
39908
54147
13299
28098
59826
47744
2880
13316
42145
65985
18689
60961
210
6133
20661
5223
58211
26697
69372
15428
11297
55156
4084
3009
20179
54161
11924
59043
40112
20400
69364
51492
43616
26291
23154
74610
32100
4633
58452
68865
68149
60112
9398
23779
41009
55990
68833
11872
58449
17093
25392
78336
68
33622
35795
34470
51156
6737
15571
35560
6982
16976
33553
57495
46512
2625
19747
43728
69408
19575
57955
32534
60196
48416
51745
24851
30640
21136
55747
50451
58304
47015
33601
10546
24560
57153
52068
25201
65749
63555
62496
45987
39941
68736
19605
73218
73197
56769
63569
75558
74595
18871
35009
9364
36368
32931
25968
65364
56359
9234
3344
68087
50912
2128
77460
54306
74883
69572
68977
26210
65328
45384
36018
31523
47299
32997
27251
20956
57672
78992
49027
22118
42434
61860
15956
72165
34528
68675
53073
41474
1585
46165
44691
71927
63539
7826
13697
47872
56915
53479
38358
54258
31351
65767
46032
44787
11906
73731
14228
77201
63457
40496
70675
73044
31284
60048
31685
13350
76289
18466
39500
11697
50193
13812
73552
36369
67952
41827
41617
70258
27106
17049
37398
35169
3220
16692
13904
35681
62964
15175
47272
6167
62419
8471
9985
29858
66384
68946
51255
6146
71877
15706
69557
3504
3188
24257
30696
73849
74207
10771
44161
17657
10307
69735
7762
33428
64657
12705
78565
71280
57878
76569
295
70451
57170
59954
77504
10882
4244
37874
59473
51153
76369
67587
78450
63409
79847
61072
75991
35969
73249
23732
74529
2454
17346
62099
56673
76129
64706
69526
48644
76773
53761
55203
79248
42226
6210
55223
22132
58647
65169
17415
62935
17459
42033
47730
28941
59971
256
48581
69377
53648
32913
72944
12083
77345
45970
21633
3699
28787
58921
36688
34768
79620
22306
21890
8434
3982
30550
73105
28357
47491
33339
3874
21296
22838
56995
530
72865
36144
15411
19426
29559
71751
23265
58535
23478
46753
69040
53440
13744
11408
73074
25202
42192
30822
10065
19385
59984
14257
63715
54992
70432
61457
31299
40628
22002
29344
41255
4673
9058
3072
45619
72832
5747
39794
4594
7607
38850
59541
36278
64032
16321
49445
6794
16369
50274
11046
8816
55395
19380
977
20825
51202
58480
72906
2365
46640
29889
1889
74544
4053
47718
10529
64900
41441
50936
73633
71984
76390
67443
64228
41824
2557
33376
39094
42240
32455
2500
4364
53043
26883
33796
13445
4181
59861
46225
36577
43922
36010
19483
1876
52928
45425
47569
49332
9427
5574
42821
54418
20706
47140
62822
50256
28664
66898
45313
52244
26356
26806
38356
4610
65745
76597
5687
69418
70191
44722
26454
10081
43112
11457
56765
56998
9106
13779
28642
48370
28755
62876
12593
42288
51573
6690
77889
7269
66626
46052
75377
59136
9875
68394
21767
58593
19278
18545
37170
31655
436
63269
45237
31586
40979
10761
40896
22272
26180
61120
12144
12243
42004
57923
71968
39697
17681
3715
22036
2098
64385
43042
34849
18522
26354
39024
42592
9048
37897
37219
38914
61315
14435
22291
60064
11985
64434
818
27458
66183
63280
72707
74720
32756
35398
10773
20914
66915
79569
34583
22774
78579
54965
8338
63943
72859
9025
36486
20772
6176
3408
59075
61553
8594
47155
20610
38269
55733
49202
59557
52309
27957
37617
53228
79766
18423
39298
11524
62256
44960
11140
64113
68929
28769
24419
5842
1048
42936
47312
47061
58354
27140
33125
74802
52049
72817
72560
5367
28883
66737
79856
67265
26932
51766
71281
16580
23138
60311
57696
56337
37600
67158
36961
1187
41028
78012
61411
7386
52897
38372
20662
15602
48913
72498
78468
74355
61443
5009
34049
70883
5744
45815
4690
24114
72831
73185
67313
41316
57189
30758
37792
27671
19664
43520
29211
8907
2769
1200
21234
76596
52481
30134
79237
20419
66560
71846
5008
51203
66723
64343
59619
71168
64656
23684
75940
4290
10678
58484
53017
22424
79557
34084
4608
51698
29137
41235
8690
60449
22028
4089
68501
54913
51971
15079
33829
21427
70435
73715
50964
45687
3872
64369
69366
29091
13701
34181
77687
23190
20534
15008
61299
19378
60176
36355
26437
52469
52342
59936
39846
58787
34564
67713
9010
15504
48483
62304
57416
13828
19297
30964
23440
66945
56872
24693
47619
8291
17073
40292
59746
47205
65008
42757
66799
64052
1893
67125
75701
52464
77657
42662
62906
3204
59824
13456
51720
12066
72961
50555
18487
9876
79171
29364
5922
39620
916
1525
77537
15760
58370
7075
3174
18213
32517
53579
31122
48352
20086
66914
45348
57025
25779
4
4953
35922
54426
42336
79511
64800
55072
35763
70676
33745
11989
7556
29474
18001
68375
68529
22819
22005
39091
9842
72850
20320
27104
52420
52914
48450
74081
28931
21537
744
2018
5090
65456
21653
37680
57316
12736
75824
60107
33070
14691
9808
56196
36518
22516
51474
67909
416
20578
59458
35877
49096
73075
79977
2101
50049
14651
6342
46199
68176
1458
58688
1377
77394
38704
58656
51168
658
63223
23979
56528
37844
61607
21569
20484
4946
43995
60264
48418
18551
41798
15777
72324
9442
77188
8944
1776
57646
17136
76833
16144
10496
20292
46352
3955
64402
8800
59153
55042
17810
44480
47000
28525
19435
79656
2465
67121
23648
12160
61538
61938
3059
47779
9349
3501
66547
78006
67081
53694
42432
13436
28277
23202
79380
57363
32720
34370
78976
57632
50864
64531
61636
79873
12771
39370
56432
35971
68032
21041
21392
59697
33808
36241
22676
21984
14704
15251
71731
18773
66921
25233
54584
32323
66993
60259
76116
61750
76466
35008
55860
73168
6464
20224
64147
38419
40880
18834
24644
22896
10712
68419
66803
57843
68599
74418
67153
1381
2257
58277
38112
29236
3297
63619
42046
24752
36416
76334
45077
24721
31296
36192
73317
22232
67362
55603
46992
29491
40930
63185
77193
76087
53427
76722
28434
68960
69863
34305
77777
79834
46580
42928
56777
14850
17763
44044
43985
12916
55479
60867
67938
53669
23011
64018
77185
22577
56755
77745
63186
50277
24240
45530
10260
50187
17426
59760
48178
22324
76743
4177
29777
78177
69874
69843
67075
39382
10090
67620
12245
21446
6452
20067
70001
20384
29851
41312
22945
69266
57051
69770
29282
10456
5756
47275
10388
58214
3
18628
62196
5994
6917
35012
23188
42338
53683
52628
858
22240
2592
48759
32098
30320
31094
63333
14819
50995
76851
12592
11541
24563
35305
56966
70049
40688
69520
37013
78805
3440
261
12385
63683
20568
7268
34421
37858
44181
21666
46416
25552
26515
11104
14115
3202
22178
18592
54025
37490
56674
14579
39856
22000
63858
18029
2788
58337
18340
28961
1043
77089
1632
7296
51189
24405
42099
50858
38071
41107
30288
58037
54576
54977
27123
1136
25841
60410
27621
62313
56688
53571
9032
66153
21312
46819
41795
67440
78131
61854
70913
47843
27971
77858
43964
35684
58018
38601
14676
26908
20209
51937
47642
71715
41185
47552
26951
46657
27587
70072
8229
15700
23200
45184
12320
30199
76105
40378
55365
49496
53810
15090
8696
63301
37838
75091
57909
71521
15223
28262
71683
47908
10485
69415
27438
34162
44374
37762
45147
9352
75205
74032
68656
42387
39380
36146
29106
16770
32760
2384
61808
69187
42162
37024
62513
40626
47535
75410
79922
29312
28034
24304
65149
67072
42325
34256
46978
28193
30549
54776
76416
15349
51392
35168
17712
22550
48058
46617
42996
38050
67290
73345
16388
69504
32002
32114
78160
53154
69431
54912
40451
22866
21840
70485
70721
46553
47841
22483
44854
10489
3588
5127
61905
48741
79936
72576
13222
75061
43952
79025
45680
66739
61881
77809
78128
5536
57683
79315
20482
15874
20896
32375
62227
28912
21834
28761
26546
76803
25185
34353
23569
35777
15036
23160
66673
9275
65367
13927
2593
29601
57251
45216
14404
48612
11440
32136
1297
44288
31459
14536
59539
39988
45552
9298
41075
5942
13969
28320
10614
48882
38738
34192
56677
36305
38276
2464
59585
33667
76225
78449
31812
24354
2389
22617
20497
19634
27328
38497
64114
4834
75442
22515
61472
24556
79476
56992
79280
44886
13446
75751
18854
34501
28216
65958
14008
48802
25641
25241
21190
32850
45703
25601
68547
23713
32176
34440
79152
68850
49040
64081
48562
49670
50088
74645
38633
7521
54163
58243
37472
45400
68417
45284
2048
1744
48992
57954
64469
39062
66512
47330
35376
68324
24032
11205
8806
2738
15089
4400
2547
50136
45058
45395
53316
66256
3106
77713
7936
35216
44198
3132
37971
51810
17682
5321
79027
71218
42966
68580
23040
24857
32691
54242
67044
36417
79553
1105
31473
11424
13395
42658
9970
65796
49741
28913
6560
77692
27139
5
51395
52516
21538
19281
58224
63250
41505
41466
62699
64195
1960
44609
10900
20433
3797
51364
69201
78549
53913
40438
25425
39472
51636
32882
27939
58134
6
66353
22496
50101
59447
51266
68306
68353
58119
70517
75632
21989
52261
19216
73620
15860
34865
27043
17490
20992
24800
10913
52358
29033
23654
71636
76469
25223
21501
73669
18672
12499
739
48164
677
61809
45714
40258
46475
41174
32593
64051
40148
13153
17776
23651
24024
29255
71725
1184
72609
74722
35861
7
65122
56640
32082
16425
58980
62583
40770
2656
1334
44034
53203
43316
16818
55825
72101
12646
17554
71051
59459
23493
30521
7425
37095
50873
37074
44196
8035
27362
41587
63132
29899
47395
34018
13169
30755
18146
79953
72554
38610
34848
6256
51859
16608
48037
33171
35147
27760
50097
49492
71475
26995
34627
13925
38424
5670
63857
74343
45428
71441
55635
55332
1959
7300
54199
10370
9425
55750
7973
67777
78707
4675
32273
39843
63529
73137
40098
31846
10338
48068
15544
16915
24035
41488
919
45601
2321
51250
46485
14611
37273
55221
67571
12902
67857
22806
76115
78850
79640
67089
12471
25287
52353
21553
75365
43026
41778
77541
27945
20842
55300
17870
28352
78323
6582
64000
52050
51377
64131
29316
44753
24343
66450
51044
65205
22916
46884
74279
16737
56642
29732
22069
43847
35568
50948
16612
29665
29920
38609
16279
38614
34321
38709
55776
61522
72979
47937
49638
75641
19273
42997
51463
33990
66688
39021
28021
33051
29177
24502
48601
16340
71175
59728
64679
41136
12061
76550
17683
60678
39348
32339
25632
43446
27525
2531
58743
5736
52657
74067
74832
26114
79424
15153
64100
40324
73313
33477
23929
56596
69483
67696
73393
15891
3414
66707
77106
53379
13027
68337
52027
52001
42246
68089
19608
65411
47600
14560
53671
1232
22362
65747
15205
45011
25156
38849
59168
41793
23525
28530
20227
39056
15336
71253
73717
33554
3605
49221
53041
21034
41008
71474
74849
52017
39178
53832
47892
42509
77649
17633
46712
65393
29191
69185
11489
1710
51460
61337
57602
58995
44998
49843
53585
18408
23632
74977
39041
69621
9075
31910
44784
61585
69829
30711
63856
72016
42155
13524
5650
27168
34544
8789
35235
25849
12802
9697
46486
39861
15776
36947
70884
13229
22212
29296
74130
48560
36481
5911
17076
66144
44375
55617
46436
75570
20338
3606
49184
45396
33442
51539
64771
14626
62241
16441
36032
57572
65571
56144
67776
14530
35637
69192
63957
44267
13875
3121
13488
16755
57653
74608
34288
36579
29504
13252
34243
51378
26308
2161
22457
70
28674
30003
4210
62608
45173
14292
3335
19424
22151
21970
3894
40021
39575
4135
25137
67091
60952
5990
17632
59096
29382
66115
71601
51249
18569
8404
38420
46017
31280
30416
65319
7993
36593
44961
65824
40001
55552
12449
30721
57671
68898
74865
78320
39360
2546
70464
58081
59752
60674
38148
10563
9745
58165
21428
76275
63512
17360
64242
43253
6436
54098
43584
33906
48594
6532
15498
63912
79686
32644
59333
64211
68755
45442
55250
30387
47248
66038
78706
59440
39909
47954
58264
21884
72135
21945
22915
69720
29040
58483
32258
58272
63027
42369
12849
60322
68403
39828
68004
66488
20960
44194
68279
53941
2583
38544
28944
17348
2820
11954
69139
1461
48532
14883
32387
43001
22513
50564
59849
3392
22737
50259
74224
45345
56018
9200
55184
71991
56340
75557
52336
47073
30114
48978
26531
36480
21841
77717
54643
25186
65089
4193
65429
60418
45365
77335
13024
69459
67634
19890
42627
63781
15115
68001
36497
9440
32388
20066
65443
16451
55266
32370
26467
29376
15600
13463
20566
30722
62064
26812
54048
55660
38073
79284
2800
62033
79158
17344
24648
40832
31463
69
63493
77296
34226
51283
17508
47206
64883
14100
39415
67730
611
1366
9216
66982
58085
2641
50352
52810
14268
13798
36737
6354
64188
78946
20353
73057
72610
51795
34005
1970
5568
3667
57841
65475
20480
36242
14230
39874
29957
28706
64322
49554
66769
25505
42249
48347
7109
44896
26775
77387
75520
67056
17603
16752
33441
17618
17191
14448
47809
627
14880
32897
22343
51434
40792
73570
27808
24113
72573
32128
7345
70944
25588
12894
51923
15429
62619
68086
6468
7992
58226
21426
55462
57014
33264
65757
58322
17824
46018
47297
27459
27026
47500
25861
26455
23009
54937
51482
38293
40561
26513
52454
32471
60022
64292
53221
52500
30689
64889
75043
39795
14293
69427
51958
74325
76563
40769
1845
6288
61306
1089
59426
37448
36471
69744
20030
42672
62784
77187
61738
66816
72880
73923
25360
34781
49505
4791
64418
26913
272
39097
53040
56785
20144
7780
37364
274
43091
4146
74987
2913
26067
15684
71803
77097
6785
15651
32967
47010
76322
49522
834
131
53280
7121
10311
38416
57234
55909
65378
26992
3169
78149
73267
49730
48720
17353
76240
23778
36913
15248
25321
45106
41922
58629
38467
8933
22485
71045
16086
66836
66026
3254
22526
26768
73713
28995
4369
42064
6337
28609
8755
60056
58912
27969
70547
38147
1001
76405
15747
30912
74896
34385
27237
56934
18914
71009
5332
39664
20352
42868
213
66624
13777
46247
18260
24578
66017
58818
36905
56980
5056
43287
5508
70695
69889
35059
5293
30690
7416
63508
36817
12216
28872
13254
59009
45249
2944
71285
72660
79508
72064
23170
61474
41760
77270
49014
43084
13729
15854
23844
33712
16839
8935
14074
54848
34580
78768
15147
34458
59394
37793
44981
36791
49294
67842
12839
49698
67735
6192
41153
31683
49744
66035
76247
68260
7280
17132
66308
24545
63364
42487
67194
49717
71035
12666
5699
71188
13388
75971
34880
17174
50464
73280
55269
2213
54322
52098
31136
5760
72647
51136
79288
11461
61153
39379
17443
7889
24459
41409
14308
56403
68325
39489
35793
76160
75105
12789
52337
3026
66960
18928
44147
43229
60986
30084
7417
27143
15026
50146
17495
65220
14824
8405
56929
19024
67666
10052
27650
10740
75714
77141
78516
61202
16533
40107
31923
1040
61778
4231
62264
73872
44177
75463
29511
51236
7840
50484
33569
28289
55538
53555
1398
79842
14208
8896
52534
65184
47170
72033
10373
77474
61397
11281
12021
57592
12979
69420
59488
30545
45699
50496
30402
3905
77087
67991
19873
66738
7056
21254
77416
33122
53510
52433
71530
68100
22114
20544
58324
31486
73156
70647
41044
14160
26482
22387
20881
68979
33360
67873
67140
34758
56288
58329
36337
63378
69808
10096
47764
56847
79232
63315
19107
70562
53346
993
10118
22082
54406
62208
57168
63459
40576
56435
64692
65760
4615
68245
25705
1300
62117
30067
43220
63746
39699
17409
16036
17664
69056
70818
75138
77989
39108
38752
31905
5139
60304
33715
37857
771
31446
18177
46469
68498
69840
18561
41314
35930
1107
4662
35547
7170
6659
11429
55633
35151
2720
26461
8008
41376
74179
23296
13448
40806
31380
17184
59656
9606
17842
28328
74085
8484
10422
3191
9844
9250
10273
34944
12627
51011
53209
47012
75826
8817
64897
33176
78758
68869
34822
27014
66280
22246
58837
72772
67155
69241
56498
77155
55873
60195
67409
1399
64579
54882
41203
15714
21109
74487
7904
40354
48883
38296
62694
55992
34150
5335
38637
36793
52980
8
24149
20192
30884
641
79440
37652
46996
19296
73387
53185
41298
43425
74336
3603
67059
2088
73146
14937
44630
18097
45536
66696
57045
44325
8160
41570
14145
2782
43720
52489
62403
11664
76651
20564
77525
51245
8545
40114
34819
3194
9682
65728
68708
42869
55682
71842
52870
61680
47419
9620
15011
6660
26373
78776
65107
47990
78722
51936
7331
55714
2356
76276
40709
51589
75723
3876
29911
68193
26344
52696
73296
44053
41412
3028
64593
22322
13366
51010
17296
13188
3618
38486
50771
55034
67254
17542
50625
23424
28738
52805
12679
57207
2834
29152
44664
3001
37537
79927
44386
61940
63349
55190
2148
79234
26899
41250
76951
10434
40237
58100
50835
3299
73205
17
30864
9607
52546
78580
74500
2936
69349
35329
20079
14482
75820
7045
22742
61573
77145
53057
33168
20017
22913
18443
34657
55955
21922
58248
49
40657
79750
51251
21762
4326
66950
6145
26132
6609
1347
31942
62740
71757
77495
50240
57061
25219
1545
40962
20977
10880
66835
68263
51158
49457
66833
63778
9061
79603
66040
34132
5764
29520
16499
34145
15557
56592
55388
43671
45421
23171
23888
44938
68009
76664
56564
26076
6864
59301
58005
2178
24314
40529
72561
5895
47859
1992
6260
63510
21530
55584
13409
34980
4432
10146
25984
30007
49034
2774
19770
70625
73808
67127
52114
56801
76874
49473
6069
72482
34055
38064
45217
78145
27433
69617
45782
60529
60242
55681
5537
47762
5237
78129
14531
535
32181
12482
47696
70596
55009
24083
17164
28117
78113
35184
28218
36800
24593
70529
70866
37009
20355
24950
65255
25652
31880
58517
51254
71430
73411
28260
65735
44583
22694
22624
25291
62358
78080
68300
41654
48665
3476
21302
21377
8803
33873
28326
16836
8450
21620
31456
70369
60225
57410
12545
12242
28898
50371
76930
79600
13786
55561
12271
68499
69584
78644
38757
73252
1804
20680
14243
31860
35588
27491
20752
34515
24999
19857
11072
64050
45170
51969
53413
33402
1142
76357
11514
78368
36100
35761
12632
73376
54628
26386
58225
68017
8305
53745
37937
33533
53882
25087
61606
10690
57432
19488
54611
44720
76467
62994
46112
1937
41814
31959
35856
71617
35248
51154
25746
58437
42727
45426
30308
25092
34112
39991
37492
22678
23776
51348
71574
53410
62904
8374
3157
58290
3760
62515
30899
59739
63915
29964
45346
66180
58466
55177
51345
53942
24052
38905
27827
79275
58548
66437
39765
13204
26728
29614
39989
39600
76745
14867
14716
8163
65557
42258
34753
76401
29200
79345
65536
9921
18003
14375
62997
11624
61348
62851
25361
76451
39810
56304
55089
45314
8000
42161
2851
14930
69186
8337
70523
47537
65058
6195
44021
30290
43634
39366
26719
33185
18117
66784
69764
72357
75686
77184
2113
59714
75248
11808
27797
54566
67472
40549
69170
52006
41699
62912
4001
22244
54016
60386
40161
61698
32392
47109
28696
1621
21347
63698
22050
35620
62836
37025
59201
16154
47940
32948
69218
61621
9280
15748
7850
75010
1090
50644
8293
7000
27904
5989
21740
43138
18641
60552
40768
28643
30453
63252
38352
31952
42544
68147
61074
43236
73680
58374
18150
44884
64497
31845
16098
79219
69586
54294
72322
73428
4706
68022
16708
55283
75222
2243
37618
17792
51016
19920
29701
50817
52788
65312
48259
35921
15701
60148
54212
7636
16416
66195
20082
61638
30391
73011
50672
10162
45508
17940
28594
42257
70995
68775
63843
66853
76721
79524
11986
23709
24228
52227
52203
12149
31570
25846
77730
38161
69767
67974
79296
63810
46132
30033
43222
69589
76888
66627
67233
25664
15936
58453
26817
16057
38128
38320
51827
67761
17153
57250
52809
64464
66413
35732
56976
21300
75713
61824
13184
56691
39835
33515
38915
75337
36832
8945
25795
66988
458
47091
53814
69379
45998
21687
27648
47768
39985
78033
59312
3633
61219
234
77314
11221
44467
52067
28453
47688
48304
14562
51754
63713
46595
4139
45280
46612
21408
36597
30384
78403
62596
10423
34900
43458
30705
48329
75477
52965
41789
39204
59560
55842
70902
65712
58485
49592
2435
66036
48866
42488
75346
57650
13362
61889
27463
58339
27814
17318
42802
44011
64312
79121
68884
63570
1218
71204
54338
22276
39254
32899
7952
23174
56124
31056
6500
67835
13063
5953
8930
55025
15139
29234
51809
71668
47521
20499
28758
51654
4725
30904
64896
29781
16099
25079
79633
24452
8099
6967
33127
76582
66692
19648
45816
16870
32307
18165
17015
24245
18197
61188
53891
75458
42241
67569
34472
70852
59832
76354
6233
41504
23412
33415
68480
75449
55048
40365
21040
30433
29363
22226
21976
43601
17680
29873
44311
65215
4208
49280
40432
77281
74627
54421
79394
26498
38065
17157
7298
69347
27586
35253
5603
46785
41671
51504
50241
69112
77953
79699
59187
39632
8119
52931
56192
55938
51874
61347
75609
36071
58401
33412
19511
39477
40160
60232
78867
58674
42352
12868
3616
13494
37548
1797
23699
14388
53009
39044
613
76244
66214
40836
66736
26593
26691
34950
64102
29632
75173
12786
77632
63594
66580
27600
64641
66689
34658
79410
53474
64069
62021
49580
66312
62369
27638
20957
77465
29659
15408
37616
32354
29345
52724
67268
61408
14069
76067
73094
46567
78273
66177
60476
37764
44788
8385
53313
45732
18433
41955
56913
40592
51200
65091
31844
77127
11613
65603
12065
62641
46244
16360
34225
28848
6880
23731
48569
43424
32310
52710
52421
74055
32485
37815
48827
76891
76896
4261
69478
3968
41728
64836
44513
42673
22356
72338
24115
24449
32083
51875
29891
57104
78100
34293
15793
77295
70225
41573
47844
63060
24528
70192
67092
51960
38325
21892
7442
17314
52164
75082
25465
13666
29524
49792
74259
65601
50713
51332
56920
35650
9586
29499
9329
38292
45730
51400
35201
34945
1007
18992
72480
15586
32340
71042
67879
35910
66483
11850
21456
26690
46883
2707
38566
69793
27794
72693
75960
33760
23089
19185
42380
4721
65413
43491
2784
26432
49295
52876
67473
27408
13410
69960
75400
54561
49235
65779
41799
45218
56167
69895
45026
19570
39448
62627
78386
70112
43843
67382
27824
15469
42576
55346
8722
5265
76457
61361
5379
15596
70807
42843
12725
8980
75313
43185
59442
52923
28449
1185
70832
52419
62949
58870
29696
57396
2565
31538
37158
9665
17057
55059
15376
21024
38834
39313
48435
72581
76965
27561
51983
33487
42533
26941
69858
4293
53124
30560
49888
73159
78288
26481
49640
78132
9687
6246
77248
78073
41626
68470
27924
31093
76084
76450
8074
30097
13762
25445
55238
51440
42528
44673
12647
70966
15558
48610
21623
49591
1510
18980
65936
30563
64689
71056
19489
3777
74176
49041
7888
4275
30944
13443
55121
3888
68065
9462
79974
2393
14585
48709
11602
42596
2087
28001
45001
37714
78885
13363
3076
38934
35041
44803
19849
482
50880
56624
13207
23763
38160
75271
77848
46550
44928
62260
57536
70320
2922
50053
68915
47536
3444
71296
4881
18103
21282
77026
60069
3568
43619
36640
3410
3318
21826
61850
68241
27681
60034
19718
45940
74000
79831
28339
5824
6374
73737
3477
3600
22705
70897
65249
13297
72834
54467
46343
16432
146
67905
63731
22372
49474
50172
53401
16276
13668
2130
7290
21564
38788
54682
62308
20396
44002
76829
58738
1586
72356
46916
43509
9344
22512
14832
54368
18326
24226
30225
51908
71872
73762
67939
4468
27416
79731
65094
18576
29796
51381
13171
17970
17944
45059
13624
79700
61685
68275
49265
68256
8020
1908
1723
25441
60243
12791
76400
53160
40532
39127
33072
77555
7977
34101
58673
75601
54101
50836
66582
24823
52264
62278
22435
11510
43845
76995
43889
24087
21442
20775
64257
76320
60402
23479
56531
20408
55489
34408
60614
45843
56496
18877
8124
74995
49370
608
46066
61922
60577
24982
16177
70724
35475
72422
74653
16865
68469
55444
72212
27155
800
67570
69026
58227
16534
50020
57573
15844
26199
64241
38660
66978
8176
45136
45443
10274
52373
5088
64005
13058
36978
62113
8950
30625
57180
44027
25426
33237
14113
72144
28281
47347
30323
23588
71362
15249
28745
51846
72801
63169
36784
9731
8835
42083
35446
8901
7489
14551
64968
28577
72112
44491
18467
42451
47368
52934
18458
60560
4116
64161
8436
73777
35449
43937
37409
7363
15861
67104
4004
45248
41510
44050
41761
61931
1862
1018
26153
51701
804
37249
3079
24898
72800
20848
24992
42264
51828
72960
3571
41860
30005
29488
12481
62993
19224
57411
66566
34041
75287
57586
45424
25761
75896
16374
58289
33767
70139
75753
28122
52293
33395
4803
40818
73172
38072
68610
950
10466
1592
27697
44038
7335
49347
27299
75460
3908
35537
11828
9074
42455
77040
60280
35492
64163
72721
37187
66928
69440
6604
40225
16753
16469
1746
44307
76179
51666
4098
57040
61652
19493
40407
11618
58054
77779
59250
54371
49092
13425
22752
23989
44995
24284
11347
39152
21138
70338
15841
3267
30694
7272
40816
23110
59057
57334
55526
28546
17083
10610
69172
19413
68888
17329
32068
22080
35667
34050
934
23189
12656
8131
13172
23760
51157
23298
2978
43947
47608
62448
51696
21962
14158
40817
68242
41744
9460
40128
10436
44146
70099
41287
79816
48962
14695
56160
12976
6513
23894
36064
7671
18147
2653
55841
76307
50753
8561
53297
41697
16804
12723
15862
76881
16797
15050
75825
42994
69009
77973
66848
3697
28488
15925
64145
30388
61105
21080
52860
47922
46810
48816
10164
46371
26016
9473
59632
37751
62772
48689
59554
74240
71089
19793
35633
32048
55216
31111
44707
43217
14295
37121
62326
21201
23820
26608
3617
43764
67057
79473
78835
40006
78256
48482
66269
4296
48496
13595
35004
8279
70213
72277
706
36275
37588
62613
20452
66605
71473
74161
65668
53333
35648
70401
48785
26514
58209
74672
59184
72945
66837
16273
70328
64722
41457
30341
33859
6821
1457
53066
51890
42231
71049
68053
64008
68849
3680
6869
27986
67046
25620
32740
20678
55140
38564
53537
33042
29399
6822
24450
42915
40518
19428
50944
19584
60753
72497
21209
25553
10070
42209
50480
16338
33585
49782
51105
40914
5303
43654
58963
49010
46588
41349
69605
9185
754
44582
72147
74913
58147
76884
61510
37619
38554
6789
35911
68516
63811
15321
4342
14108
70499
67958
32122
54292
11648
22768
48198
42308
2679
42212
28246
3426
1635
23107
31498
31972
42898
48729
30710
53314
75617
52100
9846
26069
787
77479
36914
24544
68467
37298
22499
9108
47158
64450
7648
12260
61031
22146
63222
22418
12873
21385
34887
66939
25828
34129
47072
9040
18019
9
45012
22468
74256
12817
12502
10224
59347
9821
72244
34068
76674
72644
73173
58023
9998
55809
44407
21732
54274
24208
35872
46743
8583
7446
55186
71348
61360
73475
27908
62737
75842
54851
63668
65507
12179
31393
11582
4913
20989
58160
72336
37586
44721
8928
19041
27968
35957
66306
79120
54265
4368
69763
3332
78407
20084
43328
241
6465
59238
19786
60693
20615
54758
47459
12945
43086
73200
33216
53829
12501
33768
74113
6483
11713
40871
75939
68914
75607
60963
53347
15474
19808
24657
77282
77666
756
66359
3639
70337
30195
6196
17330
9239
48598
29121
33841
16288
40315
52932
52231
76832
32790
55664
20672
37384
60032
14469
75265
19831
52497
75620
12228
76802
57356
67003
39494
65076
75530
68646
73079
26240
50643
78784
52594
3361
35088
77921
10851
67200
46919
6402
55201
18720
33975
33840
31969
46152
47078
51190
66881
32502
27395
69111
26340
38848
54930
69648
16102
31621
59684
57906
65379
10032
67632
50384
73367
17424
56690
6997
31346
68546
37744
23901
19976
30979
58832
7984
77952
72803
38912
14834
40401
48789
21235
35044
25538
22770
14280
61106
75494
46855
16978
54657
15460
46064
56292
47953
10352
70979
14147
73778
21730
44342
35315
77699
12738
62514
61681
39504
16400
64368
75302
22820
56774
45522
39586
28626
62563
77253
22337
9297
18833
45874
67347
53075
53362
28368
13149
4451
30567
45573
7028
43638
116
67987
33552
98
24868
12838
63735
54947
28640
24597
43524
68401
15937
30211
59637
71170
24549
31153
19622
78754
77025
59297
2002
53776
32649
68756
60546
467
27173
4944
44683
65843
6897
29105
38306
49506
964
22200
37322
31511
1508
14576
49987
48388
46233
71555
4512
32466
56739
12777
13971
50805
78401
43588
49220
52002
47345
11120
64565
45847
41072
17268
13792
47463
21022
74464
66229
57011
56416
15430
73440
36550
39429
77864
15658
36547
47237
78292
1155
8398
30715
43475
50178
3196
35424
75284
5575
4483
6745
69461
31031
25815
52698
177
52682
1393
59730
65584
30066
72837
2860
8790
30405
963
46082
43393
22258
59255
7402
53910
67282
48465
42400
49745
43445
74515
63425
58099
4243
62132
76194
51269
26021
66087
9840
58896
79350
27520
34389
13017
8208
25224
9556
31488
36224
21454
63473
74663
56646
62550
21746
66019
626
16917
4467
56517
58970
52209
4550
77575
51472
43137
37068
7278
77585
42710
6658
34420
46945
76867
4039
47221
64513
75155
21747
41361
60544
55298
722
14770
25065
642
11027
5960
34017
6165
12268
22323
78589
57443
7912
25696
25521
77125
47860
41077
17047
29730
52976
47720
49512
47009
7088
1574
62354
24482
65731
35721
37862
58960
40964
45780
63588
50084
1556
43155
5840
10726
74880
20757
54867
17235
55731
35794
79062
37447
75266
18693
63192
63826
43911
11987
55767
48147
75681
73298
55090
3652
373
50161
35056
36393
39235
60692
12774
47771
78041
31315
57507
44209
45906
36946
9125
37365
40706
42314
53588
48129
41300
5654
73015
78928
37507
10769
74912
44405
15847
12386
72103
60051
34994
18567
30865
52641
26206
41746
48464
6625
44608
46009
16292
16568
75459
77109
35890
4779
15569
68402
70155
56278
34961
29521
49526
66999
39603
7089
72641
55840
3840
46176
5952
61332
56611
40550
56869
41113
8435
18754
3283
71238
71552
19168
31313
1554
28054
28855
2882
64374
33875
46496
32017
17972
27480
78467
8096
55280
37698
29056
22229
13959
64128
13859
27729
35414
39962
21216
50341
72456
63090
5495
71682
26192
35812
40147
24551
76484
60533
14743
24403
52480
76164
18818
2278
59248
24865
45853
28129
74508
47472
37461
56485
31603
66931
10848
78561
10498
15653
46481
26065
62009
68782
24801
75033
2388
66729
20498
28405
33238
60442
32924
31529
2754
58594
32308
10005
1639
14517
34707
70165
49796
55851
30401
6851
70994
11680
26404
71814
8659
17620
57760
62148
42498
50535
35491
39155
57856
31252
30802
27881
59200
11752
56017
4132
7530
60578
54984
39525
18401
43814
57656
22837
26734
62956
32245
18465
15587
59704
34691
27619
32677
49425
74797
5363
29157
9635
54498
56800
6147
45204
72823
49129
66576
32966
2810
19703
35092
34209
26161
79270
39824
51042
24370
51216
57812
74784
11829
193
27699
75602
10
48002
73976
76372
3301
27684
78658
24130
6382
65185
38338
53360
11283
14581
34576
8993
62416
12208
15537
71594
51264
7680
25152
62001
61936
57428
75861
56866
47414
26721
27329
14101
9089
19277
52864
77715
15240
7424
42036
11
20580
52484
32232
71075
40403
70459
10772
14722
48021
9137
27890
73347
1248
74737
70196
9634
55508
58391
15762
47090
31635
43825
70212
42897
52000
18934
72432
59574
39687
74497
73458
62324
5288
30546
41319
34417
75608
8465
52596
18884
61620
36682
15669
489
12
54640
28914
78161
53396
33530
33730
17012
75745
50720
49107
73889
78770
20705
16819
60017
44529
71667
40883
63075
14247
47171
29171
63938
65904
74979
48468
45250
56035
37576
65826
73498
65956
63681
17241
14385
26129
42289
51172
73169
30321
48236
30204
42787
30004
32902
24292
67344
59060
76899
40538
61760
55557
4128
16352
51442
39413
77812
34451
17953
3575
25459
17111
69202
37479
34466
40049
13523
65888
777
40787
47025
47988
38210
42496
32515
57657
2417
24577
35953
33820
1842
74868
56854
8890
34371
38714
1027
4213
9624
20690
27297
70288
40390
52065
26243
4354
32563
64716
20816
24084
52426
44605
22016
46596
26171
23617
33043
30212
39879
72433
50322
44548
11506
68560
62755
59617
1169
12439
2678
78241
53106
37972
1172
34921
34982
42244
60067
113
6388
6901
5887
78696
26714
74579
23568
49502
73421
36998
44887
42020
79777
14339
48626
46516
46977
20513
27712
3412
19138
26532
44113
9779
39203
39330
2960
12356
76273
28006
79153
78098
51260
35600
70773
31907
57440
77936
70712
15506
15413
20135
72435
32408
69189
14061
36228
66373
38450
38746
15156
76756
67505
56176
47931
72722
54018
67364
22865
51512
47780
71523
41479
67796
1152
69426
75537
70919
5092
9506
33980
24008
7042
38631
24917
41321
43136
4566
19219
4082
13
66964
33943
12611
78905
21203
64117
18593
4659
72624
6056
43060
31228
35985
34117
64837
78857
47812
57376
35488
69607
63635
33073
21540
41233
35218
3046
51253
39968
14093
60385
71648
20741
69473
37905
26950
21555
26576
13249
52896
62576
20128
26709
75318
57265
47863
55425
40101
49669
27142
67251
53712
41345
46407
4309
5553
42858
29120
41346
57027
5588
78072
22393
42772
11904
33890
9683
62819
38017
47446
42512
76711
17380
66192
57235
935
32088
43426
46500
16305
47697
11927
23873
49240
20898
35587
18724
56658
31026
31781
43493
36833
33108
52467
1251
28101
51120
12281
63200
60419
21400
32690
11173
1536
50035
57346
77811
72704
7817
69297
31858
66947
31953
17557
13622
76660
53142
8612
16897
64260
17809
28611
29436
63744
45523
40821
41348
61904
3793
34115
74633
16673
18211
66385
29820
33741
42461
12522
74101
56901
64688
12323
51108
73379
46339
45232
2576
71187
68159
72107
70610
52448
20019
14
50481
529
52758
21208
32725
30548
17108
76723
59175
8341
55043
25382
63138
33399
50721
15409
71298
75445
57041
34720
4758
63411
25251
77218
16885
45846
33958
18323
10806
70400
31763
74531
33664
71015
67303
20021
61398
5459
3556
68340
29765
50608
54146
33362
35808
41527
73569
1649
49553
23460
39329
15009
12761
60099
54266
31155
53091
42657
43987
32880
40005
17780
36979
26664
37529
62626
38769
38025
57697
21073
19376
68802
17553
1826
56052
70536
36992
25589
60401
58403
63153
31141
57520
16761
42706
68421
40848
18240
39905
10883
54019
63232
60880
72839
8840
32161
2083
53676
41253
36611
30512
75218
78480
1216
24537
43684
10840
18033
73920
22081
66515
47861
24344
70289
54415
79459
24416
43780
53238
10674
63617
50821
31249
46705
65969
67937
64914
31797
76627
76693
58785
73424
42899
27253
15446
79159
39286
21808
27386
73841
1028
53337
11336
45158
53793
30680
32037
75666
15930
12498
74225
77050
48211
42401
65681
14786
12869
57152
58082
7330
23748
77312
40514
31493
21237
70480
21074
8273
36065
33920
72967
33061
61712
70545
49761
50578
77041
2241
53264
77539
5072
39556
67978
947
70961
5680
953
25456
71584
4963
52019
33905
18626
53809
4884
76939
43251
47522
61368
46704
44619
56882
15302
56560
43943
77112
54144
66875
54902
48248
10551
68274
70791
33184
40851
43299
46328
51073
38981
63313
50022
71990
20520
54293
13043
12230
40503
43312
9777
35026
369
20903
29800
40149
31513
48391
25280
58513
58353
5833
70840
24689
44465
55496
41377
14654
10179
11232
57860
18212
72369
24673
78065
6000
78982
37700
53577
24916
58692
67808
21116
43810
11575
71442
54778
53097
8568
38944
1764
19700
10396
31945
17105
19762
25649
48853
46998
1333
45124
25059
49121
71547
28947
3333
6683
27733
23793
60260
4037
40377
24378
8128
76454
24929
57219
3681
16993
60151
63076
9187
45305
4867
25301
10999
17733
50899
46448
44032
45581
69061
11497
74546
37663
16566
6101
45392
53511
38423
42265
17828
50419
13219
36400
23392
4739
13963
14501
22088
12086
49120
29003
77527
64705
38948
77108
54754
28856
6611
61080
1617
69200
35714
39031
45267
35833
44225
18133
30417
55267
24603
27218
27248
40435
52780
13857
547
13536
39764
59335
6228
25555
71811
10225
49633
18008
78816
4776
19636
4968
37747
1404
70055
59872
10128
53137
12337
28362
72769
63605
46053
58595
3936
32242
32546
47397
58385
75891
29539
992
69034
65721
55205
68635
30498
70849
9202
42705
5749
32978
43107
59237
32228
15222
47184
3108
22689
58531
57176
32676
75856
40600
18309
52626
33140
29927
4669
24901
67329
67216
17173
25267
66163
37393
35077
56851
60273
68883
1993
7552
21443
57926
2898
41473
23185
38436
1026
7462
50032
3861
816
45796
21906
39282
49569
71936
54073
67955
54470
17731
51732
32688
6711
73648
44068
17025
32501
69936
17106
26587
24212
20018
26052
68672
73812
20070
35522
52048
61131
66487
55074
14864
9803
77472
3764
68202
23143
59620
27411
51056
19957
28955
6586
47232
55575
38774
66916
60916
64708
45824
78806
12966
27036
44880
23664
25385
26151
39776
10099
3619
37411
37
120
24247
8054
74354
48337
16667
11269
27315
52915
14642
6563
53200
29266
16166
70533
34366
7893
35112
68465
40434
18321
37604
54010
49651
24308
56053
54108
13915
17066
66764
8116
56384
40369
75972
19554
57050
57728
20481
64193
62881
6949
692
56935
30737
4027
69689
22836
11249
71730
3808
40069
51845
15
9698
42200
50305
39649
63880
26706
34721
44486
43713
67590
46542
17789
42852
44744
78512
31248
1065
34258
29392
16866
16033
20244
36499
63642
10835
40506
23618
5956
7590
8353
71697
21008
4355
9922
69553
40431
122
16857
14325
52402
69601
44496
16260
51560
60710
29923
58387
22211
6419
78896
12177
11760
11792
32439
24546
65192
74929
78321
27478
68408
19988
76993
33150
78139
78298
47971
7365
56449
73826
20194
48673
69091
8564
34784
15957
79931
38707
66210
66265
49552
22656
1413
50710
21865
32256
18311
2537
49861
50320
32590
64983
79287
12033
7906
18482
37362
31669
28533
30256
21184
78498
21898
43114
18210
41267
51716
67840
19602
34566
58228
4563
58965
47504
66625
67427
61696
60929
40034
5427
17617
78578
19617
27199
51895
33504
72515
70715
19744
73930
12048
71904
58356
47824
6676
60833
33475
36689
57313
78001
60338
53081
12053
64754
57030
44259
18819
34196
10276
17552
18848
5381
22592
3897
216
5862
21128
45831
65973
75841
60873
73201
55478
38884
29542
18950
480
31813
16481
17104
58295
21529
13238
20858
33414
71600
41652
26566
23217
45282
2419
17474
56817
44614
15834
16
43204
2539
14944
18712
3985
66938
53853
70197
25330
2522
15256
16130
10581
13029
48137
71736
58849
44321
418
78890
61828
37766
12936
21480
24652
33044
17072
18453
7891
51456
52054
65469
21364
53589
3331
8523
39873
33366
56009
70235
48387
51331
65508
56208
37045
58882
8276
40290
4964
68133
4312
25543
886
27905
48307
52037
47420
1875
53686
52515
69280
3364
75360
60790
15965
69095
12610
27477
34610
38625
19553
28229
10707
57820
63716
36405
32358
3796
31778
77382
35524
22964
58705
27875
7542
4163
77639
53386
53692
74694
58178
23284
72920
76562
33249
55137
65111
22880
62969
11633
55408
41296
79623
32514
15137
48291
70322
12008
16278
73783
41526
57920
44723
9715
32689
38640
43409
9379
36297
64866
45186
54317
47556
29444
51633
48033
21872
2642
7281
28055
21
41921
49829
41234
46300
30963
56705
5857
61746
33936
15621
71733
5251
30720
33602
19682
55330
55317
74549
76816
57069
15968
15346
54953
48739
41490
78978
46498
55109
12996
27220
79666
45090
59266
42129
57634
46336
36625
48976
79923
19369
49237
23152
4065
77360
14034
65458
1624
38977
62676
54946
10176
49811
76021
42299
25490
62489
15143
7466
12594
16259
6514
54273
13224
34778
75571
49201
63095
35269
33093
20323
16756
48
3120
11184
26886
5577
26999
60656
6215
7634
26625
4986
5571
11426
15552
46630
67827
25282
45171
54151
51
57735
33514
44179
73123
9603
22928
24852
35925
23939
51028
39940
14209
11493
61797
59761
24272
8743
28032
135
6109
73186
77355
36081
42435
59520
21600
73461
50565
72710
9024
29010
60477
29956
50657
28563
25418
19031
10516
52459
43653
26060
65789
18389
12373
78562
67973
69888
3941
60783
62470
1429
69665
73504
43734
36944
47638
10770
4914
2979
31169
54020
41649
49520
14563
9330
13776
32450
27761
47808
54515
56849
53492
4965
77493
23671
16936
65168
12965
881
5969
23571
13618
67359
18281
32818
42329
2930
36804
77462
14418
79488
41520
20944
19395
28805
71527
16646
69995
22660
6772
23922
13539
23233
36545
6912
7139
56131
58166
29794
5509
25669
48260
14912
17512
78595
21356
23105
55235
24933
54434
9828
55236
62856
63986
16657
17376
53184
11216
55248
30113
41328
29809
79344
32631
34556
34352
56896
51416
28080
9649
48118
31729
9237
31234
51788
74353
30608
62387
77894
9081
61284
14489
76777
63733
37731
7925
22
35699
59109
18480
43906
49442
9377
65748
23649
7185
76418
17063
63302
37360
26130
14179
41091
50071
50216
16072
38693
23
18178
55335
18996
6768
60240
50841
79360
56400
22032
32883
78272
51201
26644
5897
29510
21893
18405
22791
35458
13200
73556
23090
12550
42084
57827
22355
47797
14035
79074
71862
8646
23314
24
40705
17091
1101
38514
31008
7004
17778
37505
44672
47733
50021
65427
45683
17281
37072
19699
49859
42707
11121
20402
68505
15459
8362
30901
8408
73445
68823
76100
57958
20148
22920
55639
63257
74283
26068
56566
42468
21334
39492
51079
60016
6965
40288
10116
20232
27392
63515
11108
61796
34401
19008
45040
22803
13248
53792
60434
4674
31530
73493
79696
6704
28210
56626
37299
32752
9366
78529
29509
40977
1408
27305
33110
63010
73922
46594
42660
4381
34198
45606
33634
16306
14539
22144
55157
43111
20449
23028
22625
10758
18679
30739
63408
73234
62084
15003
7314
14386
36103
76683
20834
47889
7125
63001
15639
64023
13717
37569
12689
56085
7715
14301
31987
56663
35865
38694
3110
36375
68838
36754
37988
51285
52132
59634
59350
42304
69700
70272
79819
36645
5972
55361
78659
33792
57985
34694
51682
61049
7426
3762
5205
29907
48420
14516
27737
45765
75968
1712
7747
78836
53593
37058
36864
25545
53
55268
36642
24895
313
74609
31728
72836
11657
22947
29271
70340
67298
66742
12977
55874
68565
70122
28179
12709
24337
7444
28673
71856
52401
62386
33028
34677
7360
15181
724
7394
35222
56521
49857
49285
72340
11473
18500
50103
29026
56354
67184
8324
9568
24360
15259
35318
31904
65924
57088
70624
55136
75827
68641
43122
26289
8152
17650
69746
23557
45589
18051
41907
64146
18624
24965
47411
10597
30278
77648
46738
44455
79975
7124
42208
25031
56513
45253
68805
2964
20185
44512
65524
17587
48721
55986
33845
12818
8598
42675
65797
63701
57281
22596
32961
11417
43034
38241
63136
39191
22282
33860
14548
11079
68257
43729
17509
65688
58801
48371
11218
52247
14049
1680
29440
65301
25250
54080
75031
57494
27972
46149
2400
835
57393
44768
12197
23491
64580
17813
65284
70048
58961
38371
33223
41681
67732
2023
57158
7189
45190
23730
42290
79125
67122
51986
17110
72627
6274
25797
70449
59204
63465
7091
64389
23636
4327
33506
79680
27058
47098
48849
45008
38803
1588
62368
9553
54736
54035
72914
19472
69410
15538
65332
18275
29526
21858
67925
40298
11477
35713
57366
22561
3682
8165
36181
42913
31938
76496
51783
12096
43857
62112
9235
4370
1587
71432
27489
73120
2968
5374
78849
10898
4704
74625
48421
71541
3472
14499
6720
6208
3040
7785
58519
45045
50969
66712
62726
57394
6241
3073
37559
61380
55940
43989
7909
35392
1653
41602
76868
56198
502
41432
70081
77619
2690
47489
26402
21171
50978
76246
34369
70131
56048
7827
16720
10024
19365
70627
79491
46248
67105
56229
71778
16944
28421
58771
6948
71641
25075
72483
20280
37781
50247
64768
26854
12963
70706
69205
69973
162
24848
49584
43062
31391
32210
78121
9031
2166
37379
27042
71810
47622
18145
79587
67997
57971
17410
33472
19140
2928
49863
24418
47400
62032
31079
52210
66375
11200
5884
35781
7106
23543
69329
30132
63538
9796
35984
76561
16384
10035
30771
45985
68304
58371
60803
7745
7809
36101
59875
14290
29681
25144
15028
22518
28385
10630
5715
68311
61788
59778
34469
19143
6026
44016
72689
71876
29427
25939
13811
28256
33137
56480
8149
22392
69008
2037
8642
18192
6100
69630
52832
417
33443
32196
38080
77339
76845
45024
14019
75018
29684
32624
46274
13826
26964
16448
67826
4533
22260
9728
25335
11556
9365
64400
42726
23974
51911
20156
70036
12743
64101
54451
44656
74082
30450
66099
44214
25232
47857
63767
12325
37984
23459
42690
69474
41891
40352
40420
53702
6291
10800
5048
70962
32247
40357
7878
6193
64817
73708
35313
25731
46400
2276
21585
61330
38402
9367
58898
30949
64833
10677
11115
38597
31820
62325
9176
31540
24150
8087
34354
11298
51521
27840
44083
62929
56840
46502
29170
60050
62809
71361
1192
37955
4945
10051
70521
25668
9523
29656
2000
44162
67744
610
23921
72017
37591
9605
2952
47523
79697
52917
20466
23379
38179
55171
70211
32355
2198
72049
65073
54917
22197
31619
2013
38082
10375
33154
1286
5712
76576
17236
66279
78965
18933
61045
26720
3010
69400
63283
49602
48499
43891
3184
57571
6539
66611
27975
1106
24966
18176
44521
12788
40833
66792
24728
22004
51300
27682
50455
69463
40176
56534
50233
61345
56213
17858
5093
49536
6226
18961
44096
30517
29861
24489
62466
79621
76657
53921
68512
21396
40341
59489
12739
1666
9254
4166
61170
50129
1968
56370
11748
63978
29717
22730
63685
67888
56484
64592
28121
12670
61280
39158
79077
23584
24163
68980
44643
55017
38144
681
58883
8103
44819
50486
1858
68578
14065
54208
77013
39140
22940
11368
24532
70769
57477
32704
33965
34985
49330
36420
33473
31014
7825
1904
28518
45265
34711
14933
7154
35139
16690
62592
6787
47268
65700
36202
60759
13808
562
14272
49972
78473
42833
53509
63474
45092
24264
37660
74980
64064
15282
56436
58245
41394
78802
30355
66785
67204
56587
25442
54900
35109
37798
31798
19719
4471
71973
35666
13237
78535
57156
8720
14097
2325
8880
52485
12885
65559
72200
17090
27172
44976
51447
52391
46321
6741
27921
59860
45650
59443
1879
1896
29593
13760
20689
71744
18645
34339
9680
76341
68002
16610
67328
64388
29748
64962
2689
72615
79712
65027
46816
73730
68818
46758
25042
11729
65817
55689
25920
42834
37012
24492
52803
2560
65800
45367
7537
76498
28305
63714
67843
63224
50271
73696
14114
29186
6080
4051
39858
41898
35219
5097
29664
33092
226
78791
50374
28864
76656
18315
9959
66006
45168
69011
20242
27448
79066
73921
63923
64164
913
19840
61569
38098
53175
59280
62578
47060
4234
23737
3927
53772
54076
32481
2448
65794
21539
5255
19573
30418
14547
21586
18371
8931
4454
42126
67488
31059
75953
11731
24997
11553
55296
67811
9827
51829
61025
50714
61588
72370
3636
690
72039
39572
18144
62321
75189
66524
60257
28802
3171
79541
44449
47905
48160
68307
59045
76705
882
49147
37687
59799
78035
25270
55910
34212
50747
76786
1472
56419
22352
52929
54565
26849
45888
40609
53010
3075
7748
7491
52208
78977
70483
55697
77830
65938
76256
70854
9984
63732
74741
33394
14965
5878
74305
56987
46869
47815
38659
17457
54997
69032
36256
65264
49334
1047
8624
71057
48870
47712
9270
64352
79665
37370
52371
66071
76272
62484
65410
23863
3944
59842
19714
7665
74917
62631
35885
11576
28873
755
38163
6546
48667
57621
14865
25
12090
4305
50006
52962
13534
3216
10725
15842
48481
73474
79728
40242
29447
36017
63397
4068
47001
43490
9158
71954
45990
55432
45251
71923
7574
72567
44343
65403
10708
5522
374
40534
26749
58003
9412
74480
35939
76544
9302
41555
4162
14322
79683
59154
3746
5753
71557
32768
66341
77923
71058
58660
35512
1687
10385
72503
12338
53952
23796
42530
3044
20147
68785
40563
12834
8948
23954
64842
35409
59223
37280
71784
44678
14163
67395
6608
10755
42368
42313
26
64305
28347
70601
46913
75527
22066
71478
70198
75944
37105
64002
29990
58499
60307
35187
15220
11988
29716
44445
2912
20346
25618
9809
78724
55670
58069
16546
53122
76757
74905
52680
54753
31958
27777
53883
65875
70659
71635
70503
53143
35227
70611
25084
41857
13379
54755
55453
50482
34147
46995
59741
39520
20037
32610
12854
4131
37846
14017
32731
69537
8224
57163
39752
44708
7475
74850
11732
54164
55046
49069
77093
23570
11876
23157
79857
42065
28998
54724
23281
26241
57814
42664
23955
6724
13928
58434
4263
44955
60403
48631
8647
69384
40134
22771
31124
40819
47409
147
74242
11107
11066
58805
45682
78832
44692
56231
28934
78720
76961
57116
23282
17428
40273
3377
39076
25393
71194
56875
15441
27841
2530
33351
18692
15106
2728
14614
9718
67156
50533
77749
21682
76933
13962
31040
68473
28670
59878
60118
46938
48293
56897
71651
65446
32511
13490
75757
50813
58004
10964
69121
65827
34210
70387
47108
17204
19249
28598
61303
67319
64169
30738
69777
74739
43472
68169
40144
65266
23169
28137
11393
46480
41701
38281
36932
78818
17460
57094
60864
78757
60704
33077
33648
30707
74966
31827
53092
46293
15672
14320
12598
62897
14737
6641
23897
47925
40945
52822
26406
26339
6791
64967
35489
8018
67456
20637
49276
69690
62523
32292
44727
59989
7650
55906
65641
57173
58608
47128
57730
15825
29155
60209
42215
31304
54085
69505
60902
34484
56000
59683
58400
59522
72294
71251
70583
832
62837
28416
31042
35478
24613
8630
15856
30930
28890
75395
13314
40777
53733
25216
9045
55057
72241
64116
5330
35779
12562
14942
77586
57047
77650
13057
33297
19616
72764
50791
33155
20929
53608
32448
12672
16146
62161
26880
45891
22554
37713
55430
36484
9248
33941
66352
33161
8372
10901
64448
58055
66951
12804
79607
65669
40193
43538
67154
53603
38980
24070
44992
64627
7299
35152
21696
43813
69442
65461
58786
37541
40102
37089
55715
44969
65793
60234
5859
14420
54915
552
8066
34100
1203
77960
68294
34468
27105
74636
16497
76065
53250
75688
18864
59867
12688
17187
53234
48608
23108
36200
14384
10309
56437
27
23970
55968
10578
10292
29815
30896
59894
28512
37868
75092
27504
37825
76784
67639
35217
64915
70689
3842
78023
67234
31477
39493
18116
18164
68163
9328
691
7879
17140
28272
46936
27943
16112
9224
78900
18129
34540
24323
36309
79126
18739
77578
53924
33555
9650
23986
47753
52523
21995
48242
30293
49587
26375
4480
22315
74998
24192
36963
5909
16950
69025
30597
7018
77552
72210
61286
22454
70352
38593
11591
33713
67403
4419
19034
50546
8261
40691
45862
61346
528
29193
34003
45764
41909
32721
60097
52496
57200
11546
39589
41952
71888
46196
6963
70544
1681
16633
8230
35344
16801
13100
53168
7026
24945
1781
49701
40827
51888
5264
14820
66900
54353
77621
59658
10163
28603
65546
48490
28263
2624
76456
15555
64280
24041
16495
37270
8416
27585
5266
28257
56405
53757
77653
67668
5936
61095
24859
13888
50722
36051
54528
8535
32609
44406
24601
64746
1170
68593
10864
50465
38960
14423
78880
27152
10180
32035
78544
47752
5728
60881
72486
60456
73082
49312
65385
67383
28851
7266
76789
19893
69321
40388
72819
15800
69153
7250
58435
52770
26152
50949
17609
8916
43216
42122
52887
18244
4745
66064
29557
44644
27169
43035
48194
19285
54635
4448
37458
36560
3920
66577
62811
67592
49816
18421
41190
21271
74433
18885
75619
45137
53058
31265
50453
19513
37346
32977
25688
78305
57716
12309
77321
56388
5217
34673
75490
68200
30609
69891
8051
15749
74854
67024
68545
31220
71016
5078
57509
44594
73153
74035
1086
31717
54645
19888
29189
71331
14861
35116
49561
68216
22785
15296
54417
1505
46065
66257
25544
45363
77072
19032
53539
9942
44714
78482
19601
57080
2817
58793
78881
59556
12702
62744
28323
61298
60595
71953
49826
76801
8156
65920
66749
48634
12900
12036
15667
62272
78058
73301
5458
53736
16387
48146
29206
29334
61705
19410
19830
45696
16129
59040
7493
78263
57601
13987
20692
49686
71763
73014
64194
43474
63120
45942
58625
52598
13636
23297
10100
998
68096
73712
10935
15264
26681
42722
5104
14628
70323
15843
51596
11091
51061
70592
40545
47986
44901
14210
52116
42535
37606
77395
58694
18418
19010
52902
63922
49798
36053
74921
33440
52456
342
30217
5483
367
33123
63377
63560
8739
71669
24085
78980
14856
23221
10793
21076
52785
63209
77544
60919
12371
28452
2033
58213
66016
43105
36533
4465
74981
23792
53649
76114
965
69641
20036
18872
4484
65316
44694
67681
46769
4770
34006
11376
74517
63458
67079
52147
54369
56344
30595
1548
26502
57299
27703
28648
61008
19520
68710
2739
12352
43024
60483
51590
62705
78573
75054
130
31157
38151
12768
55028
57912
311
29131
9346
79129
39783
48690
59921
54950
62805
20342
20501
71780
38963
37433
22336
44149
2001
1926
71819
65431
62800
29203
76553
68320
76336
5224
20200
28418
22552
73809
12034
63059
74899
21232
63921
40739
61668
53178
77300
25146
9684
61248
3365
64545
26113
51224
21591
12707
63172
14231
29158
45980
69587
48566
63476
58627
79940
50531
75858
30931
39729
62656
63217
78354
11094
48228
39508
5616
9732
20633
38864
17538
73829
50529
17017
25809
62402
32290
17058
448
19526
28
49988
70771
20215
10710
11873
58129
69458
17476
41085
63509
11410
63265
19668
53218
76999
62404
37653
11636
47361
26960
10484
54176
62417
50339
69569
5955
45081
65399
73939
25856
66720
31495
15508
75823
55274
42838
14052
71863
73409
73271
26355
66289
3208
15970
43090
1911
77714
17863
74391
61084
12134
42937
2832
32020
9062
41408
77697
65061
75441
20260
1463
3833
31777
50262
43666
31096
15920
79202
75376
6627
49029
31216
44725
44261
69074
63114
60100
51270
46854
27569
67619
47828
60933
22851
43829
71433
72385
71409
20304
60876
77327
79452
62944
11153
26307
44897
58386
29640
26963
16157
74760
76257
57029
23216
25537
64084
64938
14002
68441
15075
59456
22256
58518
27731
78742
76154
11634
1221
68085
14391
77770
3161
78448
58019
59368
8547
52768
62497
50197
14752
79636
30434
16209
31654
61251
60502
14661
46690
21702
19763
21714
56903
39075
7205
79330
41927
62708
797
74545
68476
78596
68579
38089
19464
64432
48922
41776
30180
67187
54276
15455
63277
55440
56041
26475
13393
78929
61653
70982
78281
47829
5361
3315
6227
22849
10497
55973
78547
16001
38322
38563
71747
48257
59808
28631
38949
77873
39292
36676
65616
64811
66000
18259
15096
29733
55464
67478
39074
16722
58197
29298
25343
44379
60453
66469
71073
4948
77559
12028
35137
37040
24388
6307
40928
47269
33460
77899
12162
4792
12609
10908
25002
21634
18616
19669
16503
58050
38018
24757
14023
43762
1328
41607
65133
51840
3925
22641
6209
30032
3921
6770
31760
35602
16034
15333
60848
28535
71712
19384
46153
5681
17921
6977
15699
1290
76427
41554
13194
26177
45479
65880
63080
29
14212
47781
48864
17665
18736
62250
33545
19017
72348
69125
5314
25108
39248
53233
25184
17444
57377
15875
16454
40321
55252
76309
53088
16484
49335
18403
11921
64856
8772
10192
62138
59712
37484
16665
17351
31319
16813
20729
36837
10629
72407
74065
60019
1380
42048
70758
59299
70019
71959
36500
3744
38561
67989
73776
13413
23634
37218
77408
29187
68819
63666
5346
2482
41688
57921
13442
36866
46097
53432
12918
36867
54967
40960
59699
34834
69922
23186
51409
13159
4294
5313
25777
21986
21877
73959
53953
56256
833
42704
16116
50842
33891
41872
67415
6736
15414
29619
68947
33721
78380
1825
72999
5863
5029
10069
76922
18499
45952
39993
56907
22406
46742
69260
59329
34323
31028
21717
24724
33317
57209
55680
56386
13617
8198
18935
70216
49306
7286
7105
40311
40066
64787
28084
63765
44647
21360
6134
52645
31822
32694
23635
56818
53208
74692
30
10115
70776
40944
64202
22626
30338
11351
39030
34067
79495
24128
24561
16065
18774
56329
46689
30579
10435
28306
6393
69842
8982
53060
54936
44816
76688
70554
10705
64082
62675
20258
60226
71456
65954
20785
61602
50278
19509
49464
61704
4845
39559
59127
55172
54096
45457
58052
77222
29527
59618
51402
60436
13072
48791
7600
5456
29986
52250
6009
41940
77683
24000
12770
515
69811
53504
343
36020
4525
42416
54112
68224
26695
31490
48901
34929
40433
34272
42439
18090
72180
16888
3232
71329
12456
2045
62082
76517
52740
78824
36346
37906
52676
75543
77651
13975
71746
52375
1832
65732
64819
19394
18802
15363
24647
70144
67376
36145
41634
31238
55032
30644
8728
11360
52151
56742
11508
22255
61559
40469
12640
51668
20295
4562
72690
2704
3896
5987
32575
25050
23698
4113
37355
72289
45609
74030
76577
29993
567
4882
20873
8914
78576
51863
26023
37908
73000
49046
14166
31
52866
1128
60055
79322
23587
13587
25778
31571
74260
6259
23156
31802
52983
41572
4033
40097
74352
24199
54960
43942
19048
24102
23872
26544
36178
56001
6289
79523
36565
57475
24088
56738
19907
15713
66594
78431
69911
3923
9492
20697
8960
76038
5140
11749
61328
31281
14756
62454
4176
37193
10754
34920
31897
72160
78275
52834
3386
59907
6981
65219
45152
22743
39411
68081
24007
78103
45737
33
67365
23320
54309
11428
2368
22149
44839
68182
79429
55348
53361
27073
15456
21072
50681
6373
66486
62257
43025
70515
75040
22186
22934
34821
50198
40897
24436
9716
31922
56464
73233
62150
43489
47747
64919
67435
57360
78025
40130
5827
39194
39896
37843
59543
19491
20440
61754
7882
47027
59418
42339
41337
32243
56129
39090
34792
43861
47204
17445
36810
54225
17027
63110
64288
54386
62294
48693
2229
35203
44663
12919
75952
11617
26179
25938
28849
43238
18610
38594
42274
32322
27300
33809
12097
1748
40553
70119
61635
56130
65639
3320
35287
78277
10608
76630
34
49049
45559
37768
34116
1493
5860
17186
55548
64745
57089
27075
25571
18368
47352
19282
74561
33462
40721
4371
33041
18448
63366
49296
14453
69623
69083
53336
45236
15923
8509
35824
50308
27281
8707
55152
27522
56593
75584
25592
16886
68405
6933
21250
2485
79890
51298
74709
67793
55105
68023
52777
22788
24099
78676
37248
60
8643
45639
725
4580
34625
6153
74560
1121
4023
11686
11941
36287
35268
75041
16032
13364
57588
35505
49953
15236
57894
18025
69606
645
6449
76981
55254
35473
54131
49494
61489
13731
70407
17395
5399
48529
1478
53970
8200
70228
78048
27461
12534
16683
21368
62546
19767
609
38523
41539
53584
11328
24465
35738
79585
52083
74248
16963
15853
2249
65488
26592
6596
27687
1011
50291
8266
38307
78167
52867
15281
79829
79299
62901
59436
4357
59386
53251
50866
25684
13107
35240
40004
17894
33088
25188
57798
23312
2661
35299
69857
12256
12903
3562
41173
31733
47079
4003
70631
28251
10625
28501
47320
58562
33588
56556
15577
79764
9434
28291
12595
3589
14040
17559
74116
3401
55003
53206
52528
12291
40051
59380
10916
79559
12178
33316
13944
52544
68037
53729
76243
55185
11799
22690
39027
69222
55363
753
47830
44948
69363
17843
32001
76822
60058
11571
36273
48545
19059
66918
62657
71975
18196
5041
13824
66003
17616
9656
37210
18032
6501
77903
19725
21257
29291
74999
3398
16487
30129
28297
3014
29425
48243
53062
1605
77317
11714
14657
10640
34356
57990
43890
10209
31392
69682
15697
13011
4310
67926
5889
31072
18385
57408
42088
7430
75088
63156
33778
41221
34995
33158
16914
70433
44026
36
45361
2709
50548
34169
39320
56023
33187
49478
8360
45783
43123
61092
20356
2869
76998
14304
6916
65994
17856
35607
29847
61139
37057
45761
35270
43572
32614
42645
60966
10323
56489
57538
64887
2386
62005
20417
23378
62436
43329
36183
46307
577
39363
46625
61168
51778
35058
12032
76817
41650
65594
35226
67459
79281
64212
12322
47862
46852
26288
72130
21914
49652
23507
76211
70066
67601
16294
63096
68931
59979
75907
44036
58026
43268
54229
72884
62160
20177
30803
35878
42625
35442
62115
69511
35210
45222
38153
45019
12437
76609
37658
16631
712
14592
48520
70834
8579
63109
21573
6786
69012
42885
45851
9859
50516
35394
70153
38039
23506
13077
4576
72368
17205
12563
65593
47956
23528
64112
72339
28018
31650
16880
71970
64196
74683
41363
43416
77587
42946
76133
68258
59793
35765
20577
33011
44828
47280
62209
57229
3813
23795
77898
67388
21685
67781
47214
28228
23381
51106
27974
64309
20930
26088
58017
3795
41669
40272
77147
52058
23331
52624
1120
4115
17923
6206
62002
71829
9504
28295
29848
70570
42716
62263
23843
28922
59847
2746
36091
41781
16195
51585
65028
69264
47440
68848
64124
76643
50597
5414
27649
26562
41873
79107
69206
69780
38
69637
31480
257
38643
29600
27981
48009
20272
64560
19568
77792
43896
69510
35331
66149
23892
70882
50050
56597
42100
52951
72326
12292
25317
60976
79266
36581
11607
41684
34496
24641
17251
39
22642
29130
10804
73519
9076
77305
78949
77543
71145
17600
5667
74978
18017
74816
9713
26774
79123
36006
35462
18216
61524
31170
41061
22357
53867
7329
37152
7763
5792
32353
34608
3826
13910
40081
57407
40
46406
63554
40796
31479
24806
29603
58151
40032
70648
12539
58505
50723
11910
57095
75867
3909
38482
51026
17957
64516
51421
55
31330
26688
50402
30052
37297
45971
68964
70118
5206
3090
30358
29317
58242
57062
29776
53824
42581
20161
4715
77681
5556
25211
33357
73683
76913
6998
26614
22885
45121
67714
36352
51584
11137
15809
28384
33818
16353
24251
69059
29443
40519
15588
21954
9249
1824
1447
14357
20807
33142
23940
40994
69378
44786
14055
62688
43680
67202
8966
22440
41
31504
30153
70068
19136
30484
10996
65665
32970
54869
71987
15609
28740
60883
42449
20240
21152
52743
63557
13040
65451
3098
58933
23604
46644
57779
22464
31697
5750
26818
64660
3608
62614
3428
75268
34432
15172
1009
48694
7052
37080
42
11325
76480
14952
18135
51238
39892
18304
79109
59268
38581
30258
2020
77943
35704
42483
43442
67301
33248
61431
36246
9105
60978
61744
73701
73940
16020
52161
22949
16552
33793
10293
15924
15761
3538
43
24346
2145
62753
3057
77825
58614
63446
45268
16483
25637
77280
48101
48131
32513
40689
28963
72275
23560
47635
13573
18262
43506
61388
48685
78453
53129
44
18874
53393
4225
45904
10685
63191
43926
77909
68456
6019
63029
70880
21904
68886
53245
58804
20640
40573
65754
28020
23945
19985
37457
2659
13209
61769
32352
44771
8913
67413
3749
25665
57553
1202
48645
9505
69906
2897
21506
8676
24835
55564
48177
66305
26024
66065
44229
28772
69681
35233
31201
21588
29378
40054
47081
55377
56022
18560
34599
74245
38947
55570
22993
34048
73250
71240
48244
42423
8797
25175
41826
76600
38004
19347
68457
54128
36994
35281
77466
9194
79571
22571
45
45814
52020
33379
30897
30839
65819
32522
69250
47927
26195
19449
33284
41842
42642
63956
49018
30706
68432
76096
37138
57348
7683
672
50984
63692
36442
2874
70954
17313
77088
3542
10929
23522
55554
39173
58306
65396
67728
79408
75425
13970
7765
52692
28979
48582
22708
61441
31316
76033
36462
61154
70899
49315
3329
33380
38870
77427
11969
35523
55894
75398
21556
12758
57523
18800
68391
68244
54887
74872
1092
7152
8161
22773
59783
19848
20961
28423
68019
67461
14200
16809
79716
25403
45296
64864
71511
5113
32409
56565
32119
51121
13284
63536
69283
69465
17524
73177
19350
79552
20322
75921
41217
72727
46264
3939
27317
46131
5158
2712
37925
8644
37557
60726
60230
2885
20746
28778
78912
28658
49387
15190
12198
25680
62854
76744
43056
29490
48586
54707
11879
48404
35238
23655
50310
6304
27961
46
61776
7553
18020
39269
24947
51606
68933
56081
43955
70688
68561
59602
34893
38392
11507
35585
50645
27541
3396
14298
2747
47674
74033
19155
46006
21057
52505
15638
71664
30214
45828
14902
12641
66455
54838
21921
71955
66320
62594
625
60371
73329
1234
40596
56833
28613
73699
50662
28868
30676
2741
77444
59801
74288
44304
838
75353
63092
58320
48706
39526
20931
28433
10050
12448
6929
36884
21829
53572
29141
17156
62768
1603
18640
12913
21264
3027
41976
34273
29568
70199
71906
70104
25539
25025
17026
39667
19397
24466
32085
13584
36373
13023
15695
20366
41970
66569
52468
30787
66976
60899
48588
36515
15698
48322
8898
46646
12215
18195
3591
32038
34896
75394
24423
57122
5923
26434
11858
43874
64341
48578
57154
3388
47218
8611
76349
27445
41878
24451
53811
72688
22119
61185
76333
38656
79939
61204
34578
40934
29607
21224
20469
2104
5192
71078
28775
66640
25793
13216
19218
51427
1143
52967
31576
61795
58280
73016
40595
31034
53520
79229
79084
77751
40053
14197
14995
7969
14419
23394
25434
72702
29013
4361
40644
61208
35402
48813
17309
42520
24068
72485
9889
43521
42074
30902
47
58719
26474
49818
18903
43607
26038
2375
32627
49056
35907
68832
70438
46130
4548
55476
8679
71607
29059
69680
27033
47799
74611
28537
58358
46015
59895
49619
72717
51233
390
47585
1427
74727
6081
33868
18648
79169
8373
75669
65480
56458
61560
20582
32960
31145
63738
40935
67188
69445
71392
31161
50857
48677
79173
9321
70307
4338
47782
52437
58373
74421
52003
51207
49511
7127
14913
6784
10369
14929
61144
10992
56102
70643
21106
50
27011
23828
31588
4241
161
41142
1672
49862
31793
73297
60771
40030
37114
74034
17905
61128
34437
46236
50070
78916
66903
77712
77237
43931
28005
11316
36982
67171
45826
11383
52503
10299
36512
67011
69110
164
1978
45861
7876
13751
58566
19522
20545
51700
38051
7473
62305
34065
75347
60627
67525
18659
34787
19322
41893
43201
50177
7310
24836
18765
72596
57929
33525
34002
77861
31472
40135
40837
17223
12050
1485
70917
6104
23335
22817
19265
76916
9653
34120
3235
1281
26338
9845
14193
46930
43394
49397
57848
39553
9542
54122
41545
28610
31589
13394
2054
34960
10975
73988
72054
55000
63266
10097
21552
17120
78325
67731
30833
28215
46057
41128
54457
23123
17699
32009
66741
4950
35717
75683
47059
79611
55923
8548
34619
67920
52
71554
48169
26352
17264
18674
73749
59689
42196
25952
77959
47298
41080
50688
10776
31656
79298
36839
45657
48341
10403
11780
58185
20981
74788
37957
9811
59732
27243
69865
31267
68768
32917
76658
61977
46403
31634
20736
31826
2582
13894
6688
64325
39808
6450
22921
14615
65173
39797
53127
56519
52090
35974
12730
58049
11940
23602
16178
12657
45075
27894
33831
8562
20628
11363
24324
35200
53187
74482
24338
37814
64416
27038
27495
7685
66979
54801
71909
72820
708
47008
41906
76645
49090
7872
14545
53155
46774
46950
70163
71701
12212
41769
63542
10291
70482
59906
15329
59313
5779
68033
6597
60524
51413
13304
57297
68612
25657
43732
75811
54268
41741
76229
51319
37969
26864
46083
54850
28561
28468
63040
50833
31179
7194
56453
13061
52807
18419
46070
60713
22227
14181
4038
10818
1865
64426
69728
49266
43568
2224
13602
66867
4998
26376
55312
78421
773
54
25792
39826
17895
36498
73637
26501
30083
19250
79013
74535
58869
57073
21457
49307
24016
25921
62651
30392
32567
45953
20625
31029
55652
56
74707
78503
40965
20115
21720
57962
5046
32052
20496
7760
8502
31009
48135
1782
74099
16830
8662
48098
26961
8335
73104
20771
1577
63558
37136
8915
66164
31184
11744
15284
51510
17590
56522
54721
32612
25827
4660
64850
62715
14616
26036
17286
4992
34775
46104
56961
59532
16163
19624
73687
29108
5737
63650
8195
46340
25121
70901
24850
8129
12321
40339
5494
8753
53688
46290
51721
54661
70855
47220
78230
25954
10384
20241
40501
50611
2945
4918
15886
47216
73497
18134
55905
1254
7472
51825
48614
40385
38225
1313
18325
79042
9296
15364
29591
66674
69477
11609
39250
12912
48403
3541
53132
13718
5920
27429
70581
46804
20936
32389
78200
72402
31091
2740
35851
54040
62519
76306
57
48249
53798
17301
54298
71300
55392
55084
40526
70092
34918
68949
9171
56820
66873
49458
6710
48724
60582
33729
34560
29952
58532
46660
12546
55511
72323
25447
4257
15984
33333
32646
6497
62945
27571
16854
53543
21595
17844
44212
53281
8838
26106
1780
2164
12644
36901
63505
6825
26867
51718
18394
35104
4373
16242
64711
73429
48016
47957
23229
44661
4753
29024
37877
42679
30914
6519
48112
64453
6656
13620
3264
5622
58
44065
10153
6692
6251
43142
21361
54000
4224
79550
49398
57092
61125
53621
36643
57777
24614
21735
56904
21125
62690
38229
68449
39050
28304
47156
56804
17605
40017
12554
49324
54193
28465
71014
51959
31080
69864
36196
13156
50200
6422
50180
64946
71250
20199
41622
15778
38577
54023
57776
67523
43707
51757
44520
42579
49232
66148
15217
10473
77028
28952
75236
6836
74137
7062
47234
6387
41494
60534
74213
53857
13044
77507
71537
31557
48980
1975
63202
61058
22985
14972
35121
1346
68435
6230
3609
41911
6424
62384
76886
7793
4835
25120
75984
65242
37243
16906
78950
59397
40483
58977
78162
61126
27584
68420
47350
66309
68336
2250
6213
72421
43233
10469
57403
61748
19880
78517
35415
37265
71672
21957
4517
73494
35926
62587
2169
66584
25236
9332
53971
22801
19187
32642
36563
55345
77148
74887
19556
54485
21815
32595
63762
44119
7347
46857
35136
49300
70370
24137
30078
59
52640
21031
12516
8083
75288
7013
71062
63573
27536
71398
13548
10483
73676
69985
32240
52852
49110
47058
43793
34628
15909
12118
57825
49842
71650
35574
68920
57033
52179
53267
42340
32736
79264
53120
26002
35938
48070
13525
17258
75521
7201
11758
66745
3164
10689
12085
74173
35555
29297
73353
61122
40581
33747
40746
72806
26742
68178
7907
56040
56721
21313
28069
30882
29588
3362
59056
46434
25813
45312
16049
11327
68192
58529
72296
44224
73684
33068
25554
32057
18644
68122
58915
4179
16214
19231
17985
18769
61362
47383
16688
47415
19299
58873
11496
45532
70481
39605
59877
18464
19458
9619
9080
9616
10117
52133
22546
70002
22795
30229
52384
31203
51169
61394
35716
6837
1444
23685
43971
65146
10643
71219
59646
34698
5283
15796
50264
26257
46721
73558
50224
54145
44312
31344
10756
37767
54512
842
46790
63241
59890
71000
22593
61507
66493
798
69382
31751
15908
4980
2007
11957
74519
77425
70896
9410
24725
25810
53392
74818
19172
24097
71573
36389
42394
56535
46965
35155
27475
48770
39712
40785
38532
36260
74311
12084
25497
5301
1573
11520
50082
44657
61570
58170
8388
44420
30835
76983
33538
56177
36601
8985
18180
13202
8668
61
53961
62130
67797
43909
28884
28147
39488
63207
8919
24769
22549
29626
73652
26320
27937
76864
20293
21476
51601
47208
6886
60119
2487
24300
22994
74822
17547
28817
58033
28549
59088
160
2154
59152
36387
64014
6270
37111
18388
8794
34481
69797
68586
50660
73505
21637
48627
50804
24401
26117
1564
36535
50067
74192
38033
67139
70770
32103
74821
8162
48458
50295
12257
30393
74705
17555
13265
33921
63253
56994
45224
46114
22628
20087
33027
62562
8042
848
38410
78437
75730
65283
1053
55091
41220
77763
67766
25218
24913
37317
45495
65509
36257
44352
25329
56350
51556
25350
54962
59137
20945
38739
62226
76741
13280
24787
51794
54064
67856
46948
43539
326
13599
13641
60882
601
37043
37246
66067
5946
3507
63314
70519
74251
79457
28502
32946
12960
39365
34346
57126
12628
7921
67442
25355
23840
78563
57732
69593
43602
70098
78944
77284
37250
4034
17256
10007
28997
9858
8004
11818
66648
58923
34725
6451
66423
78919
20368
49248
31892
39217
49331
62979
11252
63281
13958
63595
8723
65450
42612
36532
1395
19507
58737
40993
1476
27941
42503
71569
50261
61747
49185
54595
74037
18960
63286
19274
77256
31044
14714
72071
62248
12833
8770
26064
43746
55812
4016
35426
54800
25812
69237
64199
35034
67396
59361
67586
52802
11284
58309
46464
61138
40825
4578
76932
49236
8663
60448
73339
13090
16413
10347
73132
65040
45492
45664
43968
79889
67000
49938
44055
25401
1079
2926
13616
65190
65746
42677
69651
38882
52149
52236
34114
27990
79639
41672
9733
45907
14953
30544
21703
37169
37746
18967
32230
22666
71618
14503
19794
64674
5461
43186
64643
71415
33763
48339
36818
39157
73825
65653
75552
12113
36121
29955
47634
44097
14476
34793
33458
3285
12164
9201
7721
31766
18723
43875
62
44983
25540
29894
14401
2871
39115
7713
5700
77443
66449
57762
20674
66857
63
42040
70083
28739
49112
46211
5543
56482
20049
14182
65404
56025
48310
11762
22672
64609
19810
10368
70177
31312
25396
39012
33658
79573
51772
49906
48906
37186
27746
60928
19720
42683
40100
19971
63937
1984
16264
41664
10359
24065
26907
25716
29348
72314
18824
18098
43115
682
50013
23362
25349
31286
22339
22122
40359
14721
63589
24214
23492
679
1396
59107
43154
52280
50321
20249
59745
12051
60373
20725
27955
1954
50725
74017
16343
12880
35737
30536
44841
1985
45122
34497
19236
70867
50917
17511
5601
4340
49810
9206
37508
13782
5748
49189
65937
55666
10310
9868
58352
38384
10994
74916
17569
56736
25960
52898
32904
52817
10459
38361
45542
17377
72259
45290
57796
70263
56101
60244
16025
25264
10854
51186
40464
44626
19954
58260
17122
4020
4248
78869
9509
53490
33205
32005
63043
6725
49298
25600
35958
13866
62259
43817
23487
62728
62916
67394
32211
70825
46656
61102
42188
58279
67241
75734
69713
29522
47136
78853
48000
72387
20354
46016
47761
70125
69633
36113
37079
56902
5235
45041
11382
66407
26242
23249
55207
25556
77579
54842
15458
22674
45316
28480
47104
28154
21991
29283
62961
58653
67953
22402
70599
47493
516
70164
11299
9797
34754
78622
71429
75577
10073
15233
55920
68466
19797
10357
3478
48881
56098
3395
65494
26755
4802
33304
1283
41648
15069
75488
42629
30520
9268
37010
6037
66448
52160
11730
72643
45201
5123
78506
28230
46724
52137
48256
24536
74922
65282
78537
66
36292
67745
57817
60988
79866
32584
28176
27907
14599
63403
24996
27153
17968
2144
73076
75604
51252
29715
8490
78208
58997
39617
40320
65014
10084
21337
16945
6663
11043
65170
19960
71587
15873
67360
50450
23780
75108
79189
37093
30369
62418
3346
35752
24227
10788
16790
63088
21509
74338
65337
68305
67408
29958
6416
74630
72320
32004
49447
65449
29349
61836
41461
50090
6401
56211
42034
4486
26853
77494
3314
11733
55797
59400
27829
21584
19748
47433
51952
46677
51185
318
62789
49549
75506
78169
33991
10018
78297
73480
67264
28701
59705
30503
65476
50370
45896
69225
75927
65060
65361
31995
73091
64249
31824
76402
12660
33573
42358
50626
44452
26440
71117
45349
15010
72272
67941
55008
48565
1349
2617
47424
19823
10752
55112
69714
6649
65911
9669
58932
73508
56372
30533
39888
35194
25464
48296
10257
16806
32097
26965
14646
60369
32368
30488
38859
48485
60274
61594
9526
71995
16693
76931
9521
45917
74309
17952
61312
57532
65921
18436
73733
57282
48225
43152
36997
29332
52163
183
77204
64712
13506
46234
62375
7481
35237
67
44370
30628
33665
25671
10135
73722
3812
27077
71488
77680
18184
65702
67760
2163
62376
57554
16437
9480
6371
67083
53988
36672
78259
49414
56839
17787
63860
48625
62564
62097
53158
10979
31002
63985
19012
47767
101
62548
18416
30145
28771
78753
75888
27235
63890
46957
67331
77123
24499
34786
26209
16128
57655
34769
4245
4191
12273
34788
14389
66057
59132
34561
31746
4147
51542
23121
39088
38443
36552
2049
79193
25536
21210
57704
11012
60936
31925
31609
59843
41729
12676
7024
33882
47875
35538
72305
43767
30918
42418
9362
54982
25067
78834
22724
70839
54402
7094
19046
35546
43877
15917
40036
27425
55010
7140
79362
22644
41640
50215
69173
13889
75281
27930
29361
31172
18201
26300
4537
3514
61814
24869
73924
46851
57320
50731
9017
71
75682
71897
17272
58455
69489
57195
78346
24340
51992
28387
74866
49700
20819
65189
48821
35622
11267
26262
3330
24472
62721
11888
38550
61012
28554
74507
59318
21122
56448
62438
48964
6999
56473
40043
72
11029
63684
10544
13333
51796
36759
41813
33121
66612
38821
1539
53381
35249
23538
7957
57144
51934
34092
2785
76578
27225
29096
51124
12518
17859
70876
6515
26358
58816
62801
41333
37872
38833
70116
59028
25222
77840
31569
70704
247
53377
55506
7251
13553
44598
21929
76673
50507
11864
18455
68069
5044
3491
8851
22332
22296
28874
17750
48576
19412
47682
36464
24145
51155
27283
67063
15682
6168
48744
68406
48406
75795
41223
79453
61043
73584
9255
53061
45546
37400
17125
62786
76433
21409
2322
76806
52173
5089
1650
70306
72342
31971
27268
76697
22800
25378
46713
40912
41184
59604
47120
68195
4356
10635
74454
18931
17489
67573
32722
31894
45459
39240
38406
55078
3672
75937
55475
25857
68691
23905
79792
45412
46986
4232
36929
30983
24001
5010
55158
39107
51834
15686
30984
58293
11970
9232
17954
32565
24386
73433
44912
30921
73664
51473
58800
62672
13795
10809
66154
76199
16759
18420
51587
50919
43914
7021
66884
1571
12339
23034
32499
39730
55073
47948
57665
44151
30247
1382
10400
60947
79363
75697
53700
45243
26665
22192
31185
26277
18519
11294
17540
36626
65781
31013
35954
3937
52330
61424
38035
69876
6098
59360
38579
68489
46544
46882
33963
8126
72249
46696
35988
50437
47097
18665
2227
25265
50960
68695
50238
42865
407
4197
25155
31970
59392
29857
60246
16402
72529
52627
71358
1010
5797
2200
58950
34102
38401
16212
18625
2610
52848
14116
50025
70593
39128
32678
29090
28976
14807
13148
47471
71154
39811
67824
55748
64834
61734
30502
25074
46245
18007
55931
29074
11574
29533
30805
43860
38530
4833
65768
5732
43248
71570
70105
70274
20514
72246
49889
40259
17379
69067
7333
73365
39756
38433
16946
16916
56391
36234
20151
58927
46424
23368
49537
36022
56864
47669
65777
6657
2290
7169
67217
30724
60309
58381
69921
24295
49313
57590
44167
61722
1354
35780
36586
79041
7495
60098
18785
53985
41683
19306
36695
8609
14324
73
22097
29077
42901
7751
25024
52052
60484
68162
27976
14951
44123
62896
35906
54341
79469
35782
20307
15045
53617
39129
13664
26217
16563
16486
40932
40180
44360
52143
74147
26594
43756
12039
18274
6530
4723
79385
31649
78496
48340
42693
59846
50337
36116
41686
28139
2309
72055
59495
42144
37078
51722
35601
7288
9706
34056
22490
60707
31416
20915
44556
76441
16291
13095
74
1526
32192
58848
6324
59122
7632
64356
60065
67734
44761
78042
58210
10787
47667
20683
47942
71561
62720
22884
16265
69136
78005
17237
24153
66321
19444
78434
49489
73905
40146
37361
77049
24755
21761
6790
56152
69184
74145
53880
16000
53800
75
71347
33075
49253
6706
12418
75473
22834
1179
65972
36026
53732
72274
72628
22053
11841
20935
19123
47911
43603
26295
293
42774
71350
10936
5924
11700
44305
61672
16595
15140
67411
8596
33371
57136
66098
21283
51322
66343
7160
5380
70281
13800
30305
79781
76376
41154
21715
61651
20370
71633
57137
47586
13489
62289
10993
36247
59282
72116
37923
42051
74167
9477
47985
5520
78499
79957
26003
76245
30617
68611
12650
16516
10107
29403
70816
27232
48356
76531
3233
45653
8288
33201
62498
75241
32618
14059
74949
55415
73553
40488
46419
2103
48599
65414
24709
61014
10125
42776
48722
33578
36324
63608
21349
37106
3093
12145
49570
63189
71010
40522
63233
14726
5249
75877
23100
13999
41156
35746
43556
44864
3827
49523
41429
69671
34807
12436
54503
4385
76419
24033
49075
62292
56963
45330
59472
51523
42737
44017
53301
26001
2024
24244
10149
51476
59857
10305
65528
35239
43351
55876
8724
54677
38499
56312
44925
59507
3526
4211
75808
28233
47183
66197
72875
28497
71138
19717
43969
22008
64150
64995
79749
19338
21852
10833
21862
54202
74513
27313
8533
79859
21782
35528
63384
6181
55161
13843
39779
73068
19909
12041
28966
72877
42917
52725
75089
29623
22598
14496
39860
7478
54865
46963
54388
67136
69609
50357
31864
45905
29156
13809
21812
40307
64041
18242
6961
56327
63046
50869
6148
58833
60587
34696
30740
29712
50612
16659
17488
35874
15091
11650
73828
44802
79472
15047
30357
32193
19064
37706
9520
50963
27846
69430
62533
51481
32482
1348
28531
13766
77843
5111
45458
56258
29763
62674
1361
7202
36012
14546
46850
10934
54998
3502
41620
69956
15174
24994
49444
67921
53300
74339
76326
19203
46322
33568
71025
55553
37208
76
77045
23733
14515
71445
18577
72985
67240
68360
31705
73606
9139
74594
79417
67431
49493
581
36898
52355
27430
43451
56116
57953
70853
49696
63602
69107
63460
37410
47842
17577
6643
71067
19869
35361
56402
39037
1379
12643
8628
34914
78465
75912
46073
50132
19014
56336
30289
68837
24706
47777
41078
12532
27157
19785
7693
21238
34902
7811
37989
4678
7908
44641
28915
74823
357
78210
42355
62281
65138
60290
12776
78709
16901
60610
14355
41448
63616
79649
3155
57233
34611
3623
49525
53749
41923
44168
63719
38696
17249
28514
24522
215
22131
65572
38237
29692
57701
43121
7506
47592
52722
46215
15484
2458
67945
2339
4994
27685
22309
723
56773
40888
71845
69334
71041
30425
69928
33625
19317
62996
79463
52113
14774
9252
70719
41335
75605
53769
14818
12151
76885
72434
7841
29111
13369
34036
76148
17691
27977
47336
47783
64663
57504
28496
76032
35346
14211
64243
44530
44611
15366
1445
66501
4592
7468
18663
26833
28899
48996
39972
18114
72026
50290
22466
78390
25457
37780
72178
67047
7589
9123
35029
60851
64310
76477
78871
11682
73427
46674
69753
24981
57214
50624
28550
6240
59365
30853
30849
26645
33283
32611
71794
12147
34581
79960
60992
63008
79168
58034
67027
79707
16318
28969
73395
6225
61093
43350
69687
15083
54981
16422
73170
19260
61790
77315
6705
18471
3490
8304
36270
56272
79558
16232
70497
22293
70578
11825
27953
37428
60482
12098
76371
24688
17504
70064
39414
39079
78311
53172
21481
21329
69017
2006
48583
1336
18530
35569
15314
73282
42116
42709
77269
3958
10683
57028
62098
31413
29761
1921
5587
24056
18695
46659
68679
57642
75920
946
63604
35842
71696
17138
33190
22794
28171
13651
39813
3703
77591
53246
76147
8500
60728
46530
39627
14266
56802
26771
2196
277
79332
20820
71808
76997
6960
20556
18010
5392
16346
11937
72393
14454
72181
15234
71288
29112
69154
38032
22083
44868
51328
28865
3379
34833
6132
31365
18307
79632
59763
40648
46226
51146
6668
53063
9450
13750
54431
68098
20749
13522
32896
46467
46688
21478
28545
2215
17033
21233
1582
48126
70760
19330
49956
61849
47936
2467
1273
57763
31426
31866
60132
8021
72785
10613
74193
20737
28936
1924
55655
25574
10330
30647
49186
76176
77573
28285
35266
70898
51856
21059
36214
67520
39952
40647
57317
77
10560
17169
61732
37127
53334
78038
47056
10420
37240
74455
16863
44550
9956
18329
78419
51363
10852
42932
49860
62966
71827
34489
78
22627
30324
78081
36002
3802
3508
46548
67269
64177
21000
45520
79029
51760
54790
5557
74178
54397
63157
20117
57312
46737
47188
62000
46162
74988
34023
79876
23442
63585
31429
4159
45043
54345
25320
20034
23025
50027
54874
2374
11659
27240
29621
8656
50706
34661
30641
56339
68243
75810
3366
77499
12932
12871
35923
78151
4434
35764
979
60165
41755
42960
35796
46408
51412
23923
15184
5365
50363
728
17807
55677
580
51045
67444
54224
30695
12345
61764
37349
75848
46181
23489
44428
6881
24213
41621
50729
34977
3248
18520
35875
12651
19861
75081
59633
76016
33267
44898
50236
15826
8949
38304
40326
40665
67026
51075
65333
51240
4816
5701
79
53287
52385
76161
32673
21536
41120
28765
32418
81
54980
41365
58725
44612
65923
50811
37885
61969
45326
72023
69972
53904
30994
59174
14662
14473
18096
39445
12274
41237
11138
34760
37536
34836
32657
69941
42661
3238
11945
1707
16354
7619
49680
71397
42312
30382
82
26343
28821
56641
55493
62752
52451
45712
12170
30586
13382
39428
66629
4657
24294
27984
22816
56112
61456
63463
66390
73174
75333
8449
18257
39171
35521
46525
13921
29833
39408
69994
32852
46565
18646
13830
56594
57748
78192
48678
78603
77705
11796
48263
22576
1990
10131
54627
20485
55781
69517
576
68267
63072
27884
64486
79273
6229
27652
72784
14887
67881
65890
57968
50354
33988
75152
70817
65229
12314
57606
33800
12722
74106
29666
32628
18945
71171
7905
36356
63655
67637
37196
26759
31896
9266
50757
17782
70723
12642
24471
57984
16520
70294
74007
4088
39266
16999
43571
54281
12961
79172
57521
53704
30280
77801
56735
11317
23683
18243
30933
28337
2900
2262
70161
18852
14467
8227
6520
72930
35444
26453
53306
16375
43144
65734
43576
17148
44757
10321
74742
26273
69897
74385
61382
32833
9414
62528
5051
39032
50120
65676
71072
43456
65473
37961
16341
68642
69697
61571
67160
17877
77320
6599
83
66096
40226
4390
12933
61349
7842
46837
57058
51367
37017
29303
3250
66489
70342
47195
17217
60530
32650
32571
59869
75562
17602
16890
51162
60417
30245
41427
65345
33509
60480
26819
10167
35105
71702
75572
46449
54468
71043
35940
11280
43463
3980
54593
309
24062
21652
23021
50433
57884
11219
2752
11601
76260
32974
60061
74315
46976
76880
79080
48727
63748
9538
50048
31283
67715
18382
84
40946
46589
67381
55011
58496
24387
79392
73667
12128
29073
6626
36432
74165
64546
79302
53409
77570
49012
44595
77173
62038
69412
32916
20418
48738
8443
47366
30774
5864
7137
76570
39863
50640
57413
62291
9770
2359
79124
66165
34645
57043
68724
33529
64668
8963
69571
79896
38675
70148
163
32718
39607
35697
4804
13575
38807
26870
23877
48915
54261
60563
6531
17059
16526
25096
54066
7380
45320
7142
70450
68385
60021
17280
47794
2955
38364
79826
28294
37402
8085
21472
37730
48400
25972
24738
28920
72932
30194
33009
63155
42789
11763
12535
34864
42224
55359
75573
36096
8657
9337
54227
70567
21649
59240
62977
67543
6066
12388
48609
20720
74789
76676
1460
76849
44739
6578
75945
79601
70167
64584
52741
43040
74293
72854
73457
18246
61877
68699
61539
49779
70612
32504
16709
62660
66628
64512
22911
10055
23860
71602
50160
64345
72070
12823
47408
44993
79525
72810
60341
49936
7741
79702
60227
37140
36976
70740
23510
46917
1045
62821
55942
23893
26707
53473
3016
49426
64630
45632
32580
18357
25666
12485
4455
4693
26976
73624
67844
29872
16645
52981
27284
40196
51076
22706
1812
20024
28634
65922
70658
60727
6866
7190
64258
73833
20548
24356
55041
58254
10112
41042
19562
70629
35060
49684
27665
30385
3265
50954
44800
68327
3353
34424
42929
3399
72996
11447
26673
79361
42163
86
74376
5033
63544
16676
53569
29125
18231
60162
12263
61271
49378
68826
72371
64788
41716
14598
36411
67957
34976
45889
55446
20102
74209
77554
67828
20403
22289
46881
29362
45111
53444
18434
44483
22474
51801
12055
35987
21648
65030
71079
11975
60691
76516
21445
64472
35651
12620
73665
23769
53661
41667
1474
34939
43526
40293
19129
35397
61835
76978
18741
63879
52964
2165
7666
17499
70133
43504
75589
58834
15732
12882
25843
43750
65610
54230
33787
11620
33953
20081
18089
11201
73488
46642
7955
3585
79938
23918
42729
70024
51731
14242
54674
8144
51685
36521
30578
70551
48837
63428
43415
19316
74083
79667
21610
35377
39602
16004
15668
16452
75838
17943
71123
60308
52268
29988
9744
27331
40566
66502
23149
73273
74261
48113
56008
44448
32460
36243
42947
9747
30669
52096
54359
52434
56675
75204
21061
15123
20547
16042
54032
22772
1331
10805
50119
21168
31574
2505
20594
22981
1312
18855
54880
52196
20917
26032
52674
41674
55753
58467
48918
6002
44853
67163
13735
60965
13411
16515
63259
7801
16760
27161
64141
51297
53845
87
36161
49509
62481
79650
11584
39541
11651
35762
12181
35668
23956
54581
65687
49234
44210
27987
45993
66451
6005
45385
72337
66813
1717
23915
35857
11157
60789
54828
10948
43796
40169
34899
47641
78330
37603
899
14343
22009
57463
37942
25479
5968
42066
42744
11177
2896
38918
51781
49750
8130
30469
19409
26840
88
59669
12166
21748
16066
41477
12183
75696
70417
41633
35769
3186
37539
39207
19778
62662
39259
2758
44919
69341
36896
19063
35061
10241
61554
78917
2787
78915
43946
12984
3351
2099
31546
56503
56036
39145
19425
62677
68729
79028
67524
13728
53701
74624
35477
21004
67314
44915
11640
68227
23766
9776
50854
71201
37445
50902
77249
29041
62697
47169
59657
18535
66776
69253
11722
54260
41846
39394
78471
67019
73944
35459
67480
77782
61699
46890
44339
22210
5440
49777
11413
78483
4362
23941
23018
44566
32453
35425
48898
59777
63898
75799
64534
74946
74412
63745
26869
1611
68816
45572
26325
45876
71516
56808
38198
71414
52804
30149
16455
24081
5741
42628
42375
25509
71653
77111
20698
77897
27409
56268
6352
35365
41984
675
37875
78954
16424
4966
72737
8209
35929
63875
73746
6096
597
3141
7539
72595
47689
15133
49577
2708
16456
52310
34868
17084
77137
59257
37535
40439
78594
33672
61495
8887
71911
3189
11411
28259
30747
20002
58064
3284
16401
76421
48768
59316
52486
44132
3700
50982
20137
65401
16003
53457
24140
5814
13451
45301
32980
884
23556
71545
21520
31909
11856
25193
72479
67825
67544
483
36293
46484
54544
42881
75513
64945
2608
46961
34740
9891
63057
11010
79220
54516
74211
21032
58195
27115
73196
26646
15536
27483
79986
38496
11192
58421
26757
36326
36450
55811
22498
50105
64973
5546
67297
19657
1796
46497
60320
23410
62120
54121
51399
36358
74227
30438
1841
30532
4212
65873
72995
24049
37178
62826
21285
75975
5846
18999
33844
33152
26037
44774
57491
14802
58788
53348
27763
404
33765
31608
39223
55608
21227
6738
89
65369
70230
63669
26382
24582
62501
20491
32209
34279
46932
12737
40645
63472
62026
3033
49058
10757
10506
90
60101
43177
70039
69668
56629
13840
69273
79060
8736
20899
15468
28388
50823
70674
44208
7458
48486
20048
42235
55808
66239
3058
71920
45698
69207
17976
35443
59430
76960
74864
79498
20753
76761
26417
21971
28960
63537
4866
32356
24584
42469
38176
14433
4922
17817
30371
42804
13282
76612
29396
19251
57252
16674
62276
91
50086
2481
27012
67683
12728
55936
6714
24437
77341
27125
50085
47601
92
72629
4069
45784
18579
56385
36915
30386
5653
12190
33670
29172
48613
20756
31371
71895
58022
52786
71620
49733
70986
8978
66135
60650
36248
21670
62385
41553
65300
93
77571
68112
2338
29746
44471
31957
11335
29508
63098
20208
53478
34955
2421
44570
53929
67152
9129
7871
66386
54093
69213
59410
62433
2380
2118
18642
9780
12192
6936
65191
43632
14156
9498
64355
27120
62902
12052
16465
74612
52999
38081
15637
58097
53141
18327
52228
71688
26776
49713
39440
30649
45571
55600
76314
76080
55044
34461
57004
22760
63970
63087
63799
71413
24822
18902
39425
31076
71831
23702
5304
16398
69299
16434
47413
75568
21793
1955
63201
14032
77833
78264
64160
32868
47616
32032
67242
73953
55458
77974
618
22953
18360
40140
18435
865
75153
29173
49923
16656
37637
44435
56722
58944
51115
73891
36390
54279
18752
43621
63525
74631
69632
31376
168
64115
63520
7832
25557
30834
57629
22532
49297
23505
11061
63089
267
55713
19990
11616
11893
36098
78819
67493
63445
68174
30752
13586
19011
9810
49728
9920
78661
49204
29505
5157
7074
30035
24217
76373
3778
50650
21221
39498
36004
64074
1320
76793
59100
40332
40466
20109
94
57540
26200
95
18790
12578
72597
60822
16080
19766
74803
11938
52341
67144
19015
20050
70085
72848
54004
75363
53765
17794
4885
32875
22423
52038
57399
9968
36528
74753
77413
36529
68115
42293
6512
63312
12067
5345
70931
21323
16745
49957
5450
72027
70208
79081
59236
61673
38976
65139
50579
67348
64790
8531
57987
41928
65801
47211
24853
50677
39762
75737
45804
64421
9888
23142
75934
32464
47745
31810
52370
37849
51507
74005
34021
72450
51232
6258
30785
72354
68468
50179
17176
21025
9524
47559
51096
8528
115
78773
41141
9860
9088
58071
28838
4487
33702
69978
37048
68621
37473
72243
73718
2210
38326
42499
77684
5713
44549
10821
51457
2695
52820
14673
13527
74177
32135
71245
43853
49157
23207
39285
65957
70248
53027
47479
5211
21424
62547
51571
77302
11824
44576
21379
1495
60736
26889
61381
16226
2354
73856
6481
26525
16567
54158
26246
32261
31071
37664
50010
10624
26164
15110
36732
77168
35556
6650
52662
6244
20001
47873
20821
52579
57784
7155
54849
72309
20994
2052
69846
14450
70479
21580
14568
50695
58838
44178
57865
1859
14149
35970
13680
54226
18083
79236
60117
31425
65057
53107
52289
47302
25782
63648
73381
71700
39479
15934
38348
8882
14261
6339
33336
44535
72162
48963
41589
55239
78983
38077
77857
57824
36548
62165
65297
28043
65764
11835
59911
62687
31444
65088
57240
6325
51184
52470
6994
34569
46391
58312
21330
65123
14771
67345
10132
76294
52900
54532
37430
46504
21908
8693
64272
9082
52389
44081
77258
34723
41682
41944
27369
56921
57715
35927
17430
77098
40408
72226
70781
56080
63812
27413
48941
4017
41016
50037
38331
51586
35448
38822
58231
822
72616
4628
4553
1939
43715
19169
67749
36033
71859
66037
45203
43266
65606
69235
20181
11635
22680
9142
24904
26051
69652
56241
32134
45731
4436
20593
61536
49395
35030
53889
23943
4692
66325
17591
34254
39529
69014
11811
48201
52455
56259
43377
57464
69401
79745
51687
64232
73125
43044
1093
78225
38548
48386
69856
17255
15799
44308
71126
39228
32357
44144
31242
52086
78452
44260
14983
25208
69845
16081
53059
96
7603
13096
25754
56772
52269
62081
8448
18468
66687
38538
45602
43187
43923
51906
11814
71077
7158
78257
701
29939
16244
71425
26615
79010
20988
1509
33799
2385
13730
32039
22084
40215
50091
41856
6333
2838
49846
33832
65755
59700
57797
56753
15436
58655
8248
52472
817
16960
57350
1702
79868
11460
72466
71671
72565
28374
26816
54133
55505
20298
66419
73960
23515
34771
64631
56803
3345
78993
51620
75780
2480
72245
25334
33493
11573
59701
16661
42306
57059
60305
40213
97
5270
36661
44568
13906
19757
27728
898
45221
54785
70496
33734
10386
67141
71558
23913
58756
66787
2082
17717
26705
59241
22101
57429
78898
65751
23858
75234
23413
31592
35378
32545
43157
47800
5511
36630
5491
75424
54201
99
25956
71781
49222
29045
56874
42786
22384
52881
69123
24358
35630
29072
102
16435
5554
67252
518
17648
57216
3409
26183
23364
31652
666
4387
73597
21460
103
55130
75931
17811
27521
4283
66082
23704
75875
33846
59782
14005
16344
55175
26980
56680
79736
4229
43503
49163
36070
9909
16357
56754
40178
39333
45511
22193
16579
72470
23269
17172
30105
14804
22729
63077
65314
28377
31986
15442
48544
39491
59747
55368
79183
38832
23925
76755
47189
44905
43095
13235
18358
8314
73158
79415
8746
8848
56978
73880
75457
68722
78821
16039
9691
19207
75698
31509
50549
16022
76192
54803
47540
43440
59448
23472
9288
58851
15904
20337
57287
11806
44929
70475
49137
56200
58102
28560
37538
33045
76048
31977
1368
75466
68584
55630
1213
45938
74677
54609
27275
71068
24612
79185
53056
66020
33322
70016
50372
49267
55490
22536
34704
67497
56016
53820
21640
104
79444
65381
70980
42993
17506
29943
53605
14677
22829
45476
61173
20171
47539
41254
21745
6308
31795
3664
41455
9912
8052
64802
38866
64588
72517
55303
1669
3660
967
66277
40752
19009
79589
74757
51417
30048
55387
55702
25427
67330
75941
46886
27506
61840
33480
14056
21938
51078
67209
8666
70353
26784
75123
52085
73335
22887
37378
62599
28681
55620
67346
16699
64231
64264
15779
72100
137
72281
1793
6642
55762
22805
43894
39409
12680
17669
41698
16480
54788
76374
78464
45497
11540
11384
59941
50932
44531
77829
73601
76277
7240
21401
9729
1940
5988
105
32179
69585
3427
41366
62998
66271
7238
23449
32710
41276
18085
31464
32802
63530
5506
24659
56928
7684
51060
55364
18498
37986
74194
39331
36097
6630
32289
77273
37030
18770
41219
3506
1362
74620
66610
3276
60756
9874
63206
22290
76453
73009
73802
13444
59576
12700
65250
72569
28265
62849
55333
21090
38547
19878
106
12897
72444
49794
66781
77429
15192
45010
19476
10774
45705
29787
76144
24791
47877
60235
57378
7945
62516
65705
75699
67924
46968
10731
58230
55683
11380
5875
29745
12244
75202
34932
4836
20273
107
77344
45440
36792
2757
15926
72487
59383
39478
43226
8307
1957
9417
24642
60170
67651
52737
74004
801
52182
52842
438
38263
63267
32113
52033
14736
66855
61218
12426
23579
46275
23253
42292
58846
41866
108
64659
29810
6417
76976
19459
66596
46474
57280
30646
37124
13127
35733
72726
3529
36504
52850
63977
62302
43763
3875
9143
52950
9091
31863
19319
23350
44702
57107
65224
7860
46754
60066
19723
25794
50323
15673
37204
39745
18614
78775
70727
28195
29879
42854
29008
9751
17011
71940
58482
75491
40808
36468
29538
30531
46210
77920
69688
54711
76304
49971
2259
30468
27549
78212
22033
16005
8249
17959
76915
45149
5318
77365
44867
7072
23370
46356
49976
61155
55473
72691
54679
54885
65012
35852
60256
10418
42800
16145
505
55865
8319
40309
24771
54570
70992
38662
75600
15390
65489
70998
21288
49169
18984
50407
26805
53698
69792
54993
31876
53673
1411
54810
54441
22784
8256
58183
51461
38916
39412
61920
71112
21149
79141
28030
43776
36850
21681
34856
60931
18850
59955
49909
27270
11427
79334
12663
65974
68867
53507
35619
52892
34204
44603
14259
74791
66181
51975
34888
5310
74025
5595
25619
62882
43753
52444
73140
25273
44185
65304
3696
74893
9396
75522
1428
23812
871
47938
17686
46587
38665
32416
32823
74121
62928
50914
57970
18912
74679
74541
73073
56352
31559
5079
24006
35440
35057
21626
24784
50705
62441
60968
45177
56077
59264
28072
20143
6946
47827
24327
13466
22115
59813
54178
931
23168
27301
43412
38592
13947
23203
22565
49433
48008
52425
70501
60359
24962
6673
36881
64613
12403
66808
69669
35162
24838
68628
44368
44117
64208
66771
28404
79348
28910
1316
12063
55428
51206
38646
8906
70900
12752
8069
39392
70291
13865
9927
41431
56323
3569
25703
11522
44755
3338
70637
47734
17889
59034
56450
33507
71879
19379
5216
67555
45271
25160
59124
41666
47913
66646
2404
59307
8146
29937
3252
34600
15624
21266
40269
39837
45449
37754
19142
40337
7796
61057
36899
19436
6177
36608
47813
17907
40084
27072
45299
38249
42371
14131
46314
74562
45089
4648
57619
18919
68102
42273
36662
18978
10214
7843
70577
4613
5879
9700
71665
3537
5396
52482
51139
67040
40167
39073
69748
15298
55632
2519
48887
60993
34004
37863
42788
39220
6547
27715
38705
56412
61027
5444
78788
26660
68157
40280
66819
46675
26131
14066
30309
71460
48288
42323
53397
51193
47955
73203
22484
30903
56454
35314
64344
55726
51626
52679
37528
72261
38104
22872
49586
11132
21315
59321
13562
37175
75076
78084
40212
8390
41378
69597
5052
44690
52986
27583
62992
11889
59453
15073
30610
11568
6323
35993
7328
79024
31427
5488
28967
77129
6376
41489
39323
42678
12805
57874
31159
17269
41938
3447
73056
19563
33771
53890
30307
11434
52726
2950
38498
14982
14000
25587
35333
74047
29670
50404
12165
7186
2801
78820
43963
70750
77008
69612
25169
48492
79514
32530
70823
75104
38480
39680
10642
63011
2273
11920
62450
64090
17641
77652
26710
47360
62947
13015
20802
59985
31105
70947
43344
69447
36300
563
11394
41594
63171
9217
56885
62037
7156
35264
9314
59158
3024
12852
17333
25941
59491
21912
28448
25028
13240
70803
47426
8431
13424
1008
17781
65009
79832
53013
41985
68389
79157
66633
7717
839
57449
31390
60468
12363
69926
9688
11202
18636
66886
70082
18241
47301
59678
56582
78324
74195
19959
15124
55807
109
33478
24964
209
41956
77995
17827
51373
69986
28547
42708
18523
17621
30456
63061
37442
7234
72150
2179
65079
42151
18037
54935
9971
45328
65543
64245
22995
22869
25173
59706
42137
42740
29140
44492
52756
70182
7578
72208
65872
50996
253
59681
65126
35220
42229
71232
19445
58177
57016
50968
44459
51181
52274
78205
110
33537
59478
70677
56216
56967
37235
76855
22616
24562
55343
48823
16055
53799
47921
74369
25416
74404
8554
37651
10881
66944
77044
10826
25707
4379
58070
40170
45114
10394
27426
6541
36213
72593
62102
43808
768
40525
23752
75665
51852
6141
72774
9204
27460
21429
34439
4677
30192
52564
53082
35285
13452
6930
60212
64065
46756
76821
27632
77601
2086
25367
25719
62240
26136
59667
42482
31637
67237
34059
44434
61364
4933
16626
14577
56371
35818
43065
76914
37456
58612
232
28327
1446
11113
49060
67503
50089
11572
18386
9286
78117
26549
66311
39683
66608
78274
74426
40849
22997
77083
57942
74201
29142
53876
68288
30627
12231
68515
41655
3658
12973
41920
76146
69398
41847
54502
46728
44114
72224
66205
33810
72651
345
8701
5128
60593
56328
30624
37876
15768
54070
52018
45958
41896
4054
49171
43560
13521
3460
68450
35785
64992
53972
45654
32898
72705
5189
52577
69493
67792
37154
52835
61953
73760
30025
70243
9273
111
69169
12706
16230
63410
6678
58668
46865
74945
17744
46691
48276
17087
30577
75456
13549
31125
7128
520
66705
7576
48656
58217
15792
44952
53666
71333
76226
19715
71395
78675
20475
58914
7631
12005
63618
64129
6689
56824
4930
49217
24336
71496
69043
3180
26062
52612
2438
6151
26803
42039
38418
69907
25001
64392
45088
29771
9499
56406
26897
71989
10182
63892
49954
5174
33632
4644
400
78000
20997
75595
8674
34423
34193
64564
71105
14361
39001
60999
54282
40306
65397
16578
36177
19027
36885
49346
25136
22868
15398
21624
12851
76224
35755
17127
48691
27813
8804
18658
43574
47525
13515
53777
50467
74547
38993
22209
44105
5267
31123
25745
65013
45768
61379
38680
63475
32277
50915
6739
52688
1668
2773
49732
27668
68583
75120
72151
15380
32887
15076
72715
79378
4584
35019
71905
53986
47092
61225
64501
53282
53296
19264
29874
49985
42903
41736
61157
5203
16356
35389
7895
43208
29185
2150
11696
6036
56443
38427
13273
112
73415
74036
12600
29569
43529
34488
1023
21830
58947
3731
46966
76945
31329
30948
33650
4787
75685
28656
7547
62020
14250
18604
5076
27028
58341
37164
23942
22901
26279
19989
34359
25824
77346
5411
13060
25381
42580
9530
56293
1542
7557
8565
49731
53080
31975
14760
31580
23012
18370
39749
68613
7107
32675
2014
40048
61121
49156
10586
69315
68776
24119
65445
22023
20073
35638
2453
69990
21667
79802
791
294
73112
21551
74020
51655
42674
433
39474
8854
70564
58802
1590
71205
11106
21654
26369
18512
784
9767
44569
50975
39138
15273
72406
7274
71869
62083
75653
2518
65389
58448
47428
20331
47281
19256
21504
33329
50411
69122
73651
52614
31633
18152
16850
5541
41193
28690
40612
67489
27309
41374
2512
60364
72531
42806
38245
58121
16856
23329
79057
38105
50420
37440
43781
49105
16229
8912
58135
12755
51291
32167
62265
10256
58650
22182
38740
24760
66147
56614
65778
26377
22102
54312
30553
9954
37296
61779
66887
68676
21684
10548
64898
7012
74452
33265
63503
48950
36359
62151
70548
273
970
74839
48616
64338
28850
6282
21395
61811
22786
5810
72258
53459
10641
74064
66517
15832
73843
3643
49658
30300
43206
45128
42595
32853
6723
62177
14323
4849
57381
63235
30576
2434
79122
30704
41843
63152
58194
58661
18601
48834
67441
14016
27970
31221
35829
35229
19979
71312
7187
63219
39216
2551
70563
51062
45665
78837
73649
60921
12310
65371
16241
57876
14776
73512
61207
75143
13075
45493
15509
16263
16930
75111
74151
50986
58931
5153
38391
58584
59381
49099
39319
45085
43569
43030
72083
38422
65661
4469
38805
21029
34053
49876
50697
63148
36425
44025
33146
48475
78052
74262
30788
27316
22177
19363
69013
51013
17046
67320
8037
68313
17432
67386
68531
48005
47289
117
64244
77636
29564
60327
5861
20721
34386
24487
54704
22249
44562
3496
22750
44632
35316
30227
5517
13585
51602
61976
79814
66397
14327
12978
24665
37933
12673
45691
118
66579
7414
23785
50497
3287
47152
78099
17266
16553
38244
24833
508
49337
3656
11800
67429
54192
69233
72918
53089
25478
45315
13621
46410
57248
1335
18250
50744
42990
28309
79475
23701
119
42930
58551
69194
14666
6809
75026
55380
25541
67463
46752
7864
19997
121
15636
51940
16628
25124
21926
19122
11444
34579
17988
43567
40113
72273
71749
49284
77536
9618
23907
19529
52502
11305
56056
63929
29254
5804
65187
68840
13747
5126
48993
58140
56147
46101
39275
65589
38649
79474
67969
10965
59540
23833
12258
2117
49992
55282
48049
43242
76629
63654
29281
25080
4256
61994
64087
35126
55734
69220
79989
14816
77074
40470
37620
25729
53847
69333
34838
34898
75029
18599
46672
26103
2579
38295
40245
306
63926
39077
66076
75588
52557
8250
33865
62393
22714
52022
6338
22128
43686
39101
63802
10197
36964
74114
9301
67697
27928
664
42723
33186
56064
12389
33536
13088
8065
26099
52317
36835
38052
21223
70532
19001
38354
67665
47673
16096
32321
74533
10918
2472
10742
21562
27655
6113
62446
41959
37377
63381
50904
31786
33224
5236
76440
66403
57349
38627
3226
45641
61717
43171
56576
39253
5531
53202
31475
60342
69540
40512
13376
75426
59652
34533
35623
37892
50392
8802
49528
6819
6835
67657
56550
35345
58116
34624
5540
64533
2376
52075
60922
27387
44592
67712
18002
53762
71004
52097
69155
3124
22996
37494
19241
66904
22361
27833
77682
53285
47139
17719
67635
28886
31585
14580
52644
14879
18354
46770
13611
29767
17381
5930
19315
37203
34007
61073
8491
54049
76834
48038
36421
19992
1906
58229
56786
13460
75444
44789
10247
65114
54994
22566
62874
64917
43159
68577
3886
31273
32372
34246
67384
32774
123
57808
12992
23585
12693
4476
59931
1266
45144
36276
49873
40789
46230
45329
78327
25078
11539
28450
61425
36578
17718
32719
32693
58565
78721
16300
57409
78184
30989
39585
51479
74296
73763
32456
15573
60020
23180
29731
22854
34477
77130
20057
14805
61029
29813
45992
34034
45623
49542
74681
4500
27749
66980
19798
55191
11003
55304
32641
43637
56712
13281
59511
1741
22312
47765
5096
13161
71737
58249
7218
65716
48653
39969
21056
57010
24885
4264
16433
48184
56277
19043
38200
73892
56512
23536
9590
28483
34969
22668
21121
71588
18608
73970
72987
47333
48534
45910
47304
51333
24230
10480
45813
52714
30325
5142
72658
76155
76035
26370
10649
28816
63925
4635
56609
73248
28553
79955
73031
20118
18042
26385
68264
41226
54663
9778
72312
74948
62119
62152
63657
60551
6232
43994
17472
28245
22049
37125
49955
36342
2688
4007
48931
38274
4536
45377
49824
48548
20261
14294
43170
38961
3845
36021
45797
60548
53412
52599
77138
66548
76703
56033
74039
23659
57890
9589
51547
8709
522
36313
22613
31162
70242
49477
28165
54118
124
52305
125
22150
23609
61924
25412
53330
4800
7084
20178
487
22792
78866
49045
72851
44197
16359
35053
57731
62802
76759
54897
32360
7305
11432
77793
40389
29300
77459
38000
694
29060
66752
32860
60217
21718
72739
22492
50754
57192
61268
7092
29812
40823
58632
2034
73810
53828
4962
68388
26139
28593
77746
16391
75752
10177
78693
57988
53349
43190
66139
43618
68083
39915
50002
16560
28548
37305
13793
26692
52436
12884
66194
47664
74947
12708
69145
34700
18763
72549
68213
52166
13686
44064
37635
73316
126
61944
26756
25316
18136
32197
53045
45302
69361
58954
15492
66470
64372
66935
38946
26580
46836
18064
43986
79015
73888
24051
62146
4710
79208
45553
66641
58130
39043
44410
7161
65672
9794
78725
8482
28288
48784
33109
127
59713
9923
34230
42310
33298
59062
2261
77842
23396
53302
57300
41894
45291
51956
74491
36296
73780
24586
61793
15971
15986
74743
58613
32081
78163
11125
11260
74851
3690
11512
39891
60944
31046
63041
8354
49879
1713
339
76787
28336
72080
65477
22325
71184
56455
22068
67858
62549
15665
30581
6954
76740
73506
15109
31600
68000
19206
34963
70490
7728
37312
22085
79434
36456
32888
55696
50235
6281
77750
16820
20804
25095
29457
46432
70425
66713
34722
24520
22848
79730
59640
38785
58032
45720
20131
43362
62925
20234
19033
62724
2333
43178
17545
62991
71952
79609
23273
60675
14793
54738
128
24949
4530
14948
41124
13846
67316
16362
24371
72041
1186
62725
5714
74203
3272
61491
24166
75127
56659
51830
3312
15780
51126
30887
23504
70579
41200
44659
50265
28508
75949
69869
59876
31078
75914
8455
73941
62963
29456
60786
48145
61112
32432
64596
6120
45212
21527
15471
25931
59411
10676
76608
23705
39481
42115
64880
58676
33781
68297
68136
48907
67058
12081
51832
67283
2722
78213
469
56873
26337
10961
55571
60085
67287
60421
42373
42995
67778
3991
78521
13817
18298
42056
46899
75717
69089
55289
53916
15510
52372
35395
61555
19906
72418
48934
13858
52180
45378
72257
48023
66793
39926
67669
31620
15716
25430
37524
20679
3480
10502
16902
61544
39955
73042
7779
50834
13891
59956
65799
11809
8768
49076
58711
55369
67574
35682
21619
22978
8400
27574
37810
22564
44231
48212
58615
53827
47475
50000
371
12917
37667
35366
77414
69909
20951
20660
39619
14643
47207
28390
77476
54100
340
4588
74307
47893
79131
53940
13772
75515
29897
2685
70200
78405
3269
62691
37225
57201
61253
64417
49213
39543
22259
27185
64582
78422
55846
32362
17043
44298
61981
28033
30440
35176
79985
23474
74103
48053
33078
35520
21932
70914
71512
25590
16933
35941
30436
39702
31043
21705
23524
41305
56325
48384
12678
34412
53735
23879
77993
46385
77841
8355
76297
59845
34935
37666
20213
7979
48066
17416
57684
38626
11966
76964
9152
21731
50972
70534
30196
17075
34701
69285
55703
30745
45685
77706
20993
37545
49281
39451
4389
55796
38529
58561
21172
58232
18138
15972
30855
51469
78735
6003
9986
26309
7536
19323
62104
43786
62930
77463
23719
36164
65953
66531
22311
21483
69288
62932
60945
19877
74551
72740
24978
73899
54840
78266
38484
74356
17414
10229
54539
16485
3348
41794
32049
79617
2057
11430
29429
74628
7730
46997
25894
52919
27229
33481
32036
14437
72799
49115
25443
63168
8289
2274
6051
25943
30002
64274
53345
19505
29553
73522
11704
11549
13122
14336
3224
612
11830
20726
64386
59428
58259
11490
51161
34979
69175
21603
53015
73349
75096
34710
6276
35915
48904
30403
4341
36422
13877
42770
54659
42785
60068
9011
51349
49344
21741
22713
27296
25708
28485
15157
77224
21200
55065
53591
69629
31410
60631
44874
10662
49365
58917
38560
73025
38324
20963
61409
6386
1270
32497
21156
53875
33026
129
46835
76585
27076
25685
72199
48772
40674
39939
4265
1777
20257
25253
8056
67814
38901
16705
57506
1188
40780
60506
132
58576
49463
61059
10602
45810
70522
31700
65344
75475
25205
35893
133
63184
69027
72808
28962
72002
28854
58338
33912
58040
6918
78484
66949
75954
2674
34051
21479
32582
22775
20808
49543
50827
57478
14184
31154
24870
52199
9872
25672
2550
48498
78518
74838
37199
40854
32066
65202
68259
73987
3864
35236
50471
77236
48408
38742
58199
73127
44245
47427
33173
71237
14226
66660
76819
60400
14119
35363
32952
1722
50929
57076
16322
67943
34532
43527
46257
32761
38355
67061
74277
32027
69419
77589
36336
5122
19091
43209
71946
60486
3172
4482
74218
42001
52194
9643
65834
4652
66182
42417
11217
10803
73459
60512
36132
12169
59188
16372
35636
50913
10899
3091
73577
46213
32903
35586
12327
52736
23856
79250
47190
49918
71385
68807
30426
8118
24369
1127
134
33830
35368
2192
33002
19284
62320
55690
5477
61703
20599
47962
12394
76325
13537
61458
48546
6870
28789
47713
18288
25527
5555
5719
6792
40727
48657
59431
46326
61075
42694
1456
77698
19090
136
69129
4292
9049
60874
55273
59010
50868
7411
60984
7103
72821
17312
32102
138
5959
53426
46791
30538
79201
21863
78433
31379
47640
139
21492
46925
10538
55589
67750
22042
38775
51768
5269
51284
24291
78935
3848
78502
71229
44506
78436
21382
43674
23936
61172
46344
2067
66933
67173
65124
21668
42354
29642
10966
9939
64594
14262
75122
55766
8534
77475
65526
67191
6489
19609
17210
72193
65521
70638
16162
45596
2016
6598
36879
44932
27490
50889
1305
3182
12073
28596
5349
4331
71018
905
56569
14162
50229
10038
20375
17951
140
13477
22688
54723
50503
15063
57686
48591
4741
38483
74427
53265
2745
20921
8947
66676
48832
34404
23150
51520
15449
1507
59081
29643
69920
53140
45220
35367
50994
66561
78232
70516
25056
66717
27554
63813
23132
68720
50140
58610
68801
377
45429
14319
37848
67138
49258
52827
28040
28800
19701
44666
51548
7153
39509
63264
56338
34593
40853
40936
25058
66425
38888
79338
4100
72268
1044
19105
8592
5025
22650
55040
72978
37065
23204
44688
77911
65720
74680
39799
28597
37381
43542
75815
74321
35474
7698
29235
45368
19736
78955
4807
33031
64339
46603
29639
70498
28579
28624
36564
68255
74499
16998
17774
21317
49377
31767
68608
40984
28882
69563
32562
21698
36005
54580
28197
42148
75176
21321
24171
79875
199
9955
34727
26882
44917
21891
75107
57344
10437
69644
28438
48571
12431
19126
46570
31698
74387
22966
15348
64518
70969
18131
18738
44729
67591
423
3811
53364
60690
3126
24649
58420
19973
52409
8727
30480
62642
9861
30281
64422
79556
43522
35978
14457
25803
43460
55957
72082
13788
52243
55786
59189
41732
34529
1096
75908
68592
36827
30748
74129
45677
73465
21953
75890
17861
62649
57767
64634
31011
27639
41213
33315
45539
19480
7093
61061
15857
58745
15815
38890
43496
33348
48500
714
64210
18194
40562
70691
3088
70505
35702
7302
52122
63561
10378
76887
60980
32950
14359
29981
73980
65623
565
61143
62181
14791
33986
67584
63994
41734
68016
1792
28916
54864
52165
70355
59635
51387
23475
23964
49721
26737
61812
8503
23252
51477
22191
43895
61537
15266
55555
49679
36331
56212
50403
67123
11253
29340
64710
55587
30885
33510
48213
141
70837
22167
33491
4407
6438
12282
63489
5348
64628
44885
5328
65409
20122
77603
17298
43413
7111
71269
442
582
57236
45194
55350
4316
69476
53087
10404
62230
78432
35445
54886
65511
73204
73525
68811
9162
53667
60326
5816
15055
66138
32131
40121
7418
69486
47401
24497
70017
40249
41014
19267
27508
11105
18485
64405
70217
65725
11220
41806
2962
9351
14884
23299
12100
51544
2876
41605
22733
39569
9792
28004
23718
70021
29708
60755
18000
17088
41988
46619
72730
70301
21155
9353
43702
56332
67029
2498
22161
22024
18896
44418
72580
28853
48407
893
75625
78569
1330
11926
67733
77409
42927
10866
24103
1376
11907
28649
30810
24352
41440
21447
61847
68486
28617
34324
45369
24178
31578
37891
47814
6807
29216
4055
23016
24619
12022
70535
71750
6407
41285
5633
12101
68921
55810
43473
41456
38359
33220
50409
66644
45252
18789
63904
46478
72646
78391
49242
75399
66304
24086
11483
33653
29496
53025
9907
41138
11207
74439
57479
72086
12241
14073
15297
7223
50691
54129
71509
29523
60390
17293
72577
14466
66053
27381
7874
75258
46231
142
48795
56276
933
49969
24277
74918
8386
16018
16810
143
3719
65656
79775
33290
56625
68779
30466
67896
4915
45909
14690
50638
77929
13630
64932
30664
52930
53350
79269
69642
23797
59074
75803
74817
68005
39507
27509
28274
26630
64436
30342
48199
64805
71173
58649
22386
4218
78148
22164
72052
42405
26457
13867
55529
17082
13414
52368
58773
30090
10648
53380
9944
23380
4947
19141
40949
57367
72756
76380
31298
20198
16332
44278
53731
25331
34715
19576
26527
65915
5116
4344
1816
65441
73831
23057
536
57187
48275
52916
50165
16585
39416
45298
5339
55815
19335
75744
39862
45264
9633
75252
75008
46084
59065
15427
14443
5457
49383
25830
5254
30528
33383
3370
17574
13064
52198
1329
45922
21778
29284
72662
2444
40008
6179
71027
38897
60695
144
16290
75674
53220
29412
24080
31613
67636
7123
13878
32304
20068
5338
13266
78112
66613
19221
45568
33864
54825
38434
26551
12007
47222
26293
69044
51656
69896
71416
79049
148
64021
7097
31602
36984
64612
70040
36740
70861
68534
42263
23418
705
30317
13055
51896
36239
66004
41257
29481
6088
2275
59077
74243
35760
12393
56487
7459
4761
38502
20817
60441
2486
10884
22929
25322
74592
24229
14689
18835
17239
40208
405
48452
78626
58899
860
75958
34398
57858
77032
62611
10402
70709
58090
44340
13457
6995
41436
40656
72881
37681
62456
13681
28010
12506
55393
51098
72021
21274
29624
19514
66050
36263
52139
6781
79969
16449
53110
61475
56373
19652
41943
54529
35379
11973
33005
65286
18373
52150
64948
10103
67877
74180
811
75408
3136
7319
79040
49095
25918
30036
49572
4851
16996
33924
12487
49626
43110
5806
866
37602
65520
20121
55138
35563
27768
40640
4894
3868
8760
76699
46003
50416
35317
65825
63270
36549
21376
41088
31665
69191
61480
4705
3926
41972
32488
65895
50930
71832
21609
74423
68536
2330
79145
29395
63754
23345
43543
65562
9432
41232
12114
45382
64293
57365
10216
69825
77461
17056
49676
25699
1779
53429
60211
22388
8796
69877
17672
24567
36086
802
35160
34164
59654
16225
42758
36852
34519
57908
37750
49797
51248
79451
11665
56758
26066
27158
6755
74102
46901
78497
50454
41942
18237
76554
2835
65947
67284
2566
11718
39496
5825
76292
70875
25027
36609
65876
25296
32835
6311
68378
48840
57651
13820
25123
47648
62485
22195
31174
38137
57468
34020
76327
2967
64544
76791
15863
54586
36283
4630
29428
27320
24754
78801
74935
57794
59281
55378
16281
21950
44572
149
27934
70065
69849
20223
29586
45266
69298
61925
72187
5336
51660
29322
65398
4081
53554
50979
71378
3011
31445
53521
64205
11018
17077
150
16867
48338
62665
32935
72455
25549
15859
29910
67984
72051
26018
61171
75716
56279
28592
42507
44152
53217
26836
20937
151
68187
60510
53796
34666
10406
50528
19109
14647
25750
75712
77997
64903
21905
6813
28056
17732
5829
39574
77267
53681
5585
77828
53456
47975
52213
20432
69254
38545
73171
40579
6392
56199
60340
13900
17936
10946
53480
24952
13374
15605
51634
19029
48704
66007
15892
11287
70595
69098
16150
38819
59000
46834
34805
8708
46103
42807
45562
59809
54563
77383
55013
1403
23794
37938
58468
53236
27552
19242
79283
40517
71622
29398
73908
70587
70336
60792
7637
46489
152
66355
30945
19667
34933
21597
59296
79594
29354
16842
26547
4422
36721
77509
56944
13991
268
19258
38855
19283
230
22693
50530
69063
32259
66055
54136
77958
4499
63127
12553
13912
41074
44451
55616
38867
24645
75217
43059
50442
25476
37029
72735
68003
41350
32101
51275
21849
9864
39188
73927
79988
28676
30451
13570
37233
5781
51424
31985
65269
26885
48933
68211
23043
30811
70983
52790
71380
23800
60454
73541
36308
38226
53136
35463
19825
38462
4795
47382
57713
45587
60740
73426
57975
12359
47014
64951
39125
40313
55826
52669
41299
62284
43804
42276
2039
78486
11315
22725
44933
78945
17666
39638
70889
79967
36099
39713
30080
15813
19431
22882
56324
19158
55622
56883
55256
27572
68519
384
53458
16821
50162
42164
70746
56096
47201
29825
51649
58730
11291
54115
34592
46453
35465
23987
67753
20571
52651
42583
52369
16274
6800
33604
25796
38453
71489
35083
70057
19938
22793
45191
32266
57267
24260
20006
31152
10053
28600
26198
15811
12520
72148
71001
67746
36768
28752
9783
75866
65484
12213
77623
48247
41656
4898
78533
45235
35277
20724
61078
70321
35814
14309
19683
1657
52568
153
70032
41601
19651
22405
9236
74772
18779
55818
73792
78551
73587
7235
51432
64921
40480
10721
19521
28022
48787
54855
19313
74903
15495
61442
619
72194
75728
57435
58922
70713
387
7608
24237
4960
14827
11878
6905
75792
28064
44629
71163
26311
11109
41341
43700
25762
28484
75083
11653
1386
7379
67701
13010
79353
51314
75785
72941
27171
8788
15168
63804
35207
77865
38280
70469
33872
1703
21779
30457
2836
5129
77808
44481
20579
23926
37242
68229
74054
49958
48712
73364
2612
24521
49699
59597
55802
6615
42952
8389
7172
37760
3620
12503
65940
57472
58560
72568
3624
71539
53276
3352
52115
75032
5476
71320
66251
19035
75079
16473
63151
68564
45139
3138
29127
14529
55108
10656
66550
44241
31568
10667
71111
18483
39747
53592
48385
79544
154
50242
17453
47253
42849
78741
76611
8967
6022
32581
66948
71579
66597
12832
23904
44314
15092
60261
39906
66851
36409
74833
74420
10134
15751
26565
44980
48577
48085
13816
6405
37156
28169
70283
76980
69058
71699
58035
28679
5424
67581
14949
28908
31638
62034
51014
21331
37014
66232
58908
51619
43336
26420
38184
22544
8278
53191
50659
60752
14631
6021
38344
42594
22675
20805
69785
31861
67862
50249
70367
61113
18101
1752
75058
19908
51330
36658
7362
43769
63380
65991
34688
16597
38790
5027
29575
2993
77030
48309
11443
53225
76173
64633
27357
48006
75986
39890
74754
46801
12402
47488
11778
21273
6535
2149
41158
24105
11227
76662
3416
24098
15381
2923
63656
50724
52566
18502
38787
33600
53211
66777
3473
21889
66821
3576
37732
55258
29540
59042
70051
18102
33450
75640
1980
65530
73907
17347
46723
23140
77789
69893
60292
48272
59569
3683
46457
55257
71304
61256
74688
72919
11296
14465
51404
73852
38578
18882
41936
71824
35554
52823
69249
16459
41222
61882
58854
155
22537
72329
16905
28124
18836
76548
28747
78064
9494
46787
65879
61147
31794
56219
65766
21459
56787
22426
20167
3266
62693
25524
39226
78252
42119
53029
44937
66768
38273
41481
41552
25698
12305
65140
44758
44423
57031
2073
1074
19975
39402
740
8064
79058
69030
40023
63909
49716
72133
53606
58819
28232
7434
60137
9318
33606
47760
13623
28757
66433
32938
43501
25105
2022
57024
26225
44356
62739
47715
55943
1131
2700
37357
24682
38964
76022
19802
69693
39349
68291
1988
52611
79258
32770
72263
39456
532
63237
42721
3976
76903
1568
47520
60330
58825
34790
63338
21769
7043
13269
32588
4165
4498
54509
70356
44759
44484
17703
29801
56919
50588
9812
27556
14882
64695
17715
35011
33126
15218
39176
23545
26773
78985
14857
38481
55523
54120
69076
4883
49431
48057
73222
17748
67633
47763
7989
7361
36266
34167
38068
61464
8937
45209
20967
40762
4771
28834
17521
48278
38689
32744
13994
6154
1241
28946
63828
58641
79209
44408
156
36294
66607
7581
72197
44293
27713
54610
44232
34361
16323
48144
9515
18054
16898
13576
28242
1751
2132
58487
61526
42012
305
10609
68820
44466
29751
34916
55673
66912
15635
16219
71801
921
37264
13361
19544
54134
17464
26661
42437
26306
44973
4609
16947
43457
41762
28470
54331
7844
13505
10827
53153
77107
48518
9211
74164
11124
67890
38525
54883
50871
67009
63044
45538
5382
40741
49892
8310
29188
50388
19467
73111
75097
33063
63406
10566
45945
157
74306
35250
71710
3893
5376
70210
27391
77816
22998
67889
46521
50387
71524
7370
53506
49756
43019
67785
7366
30273
63893
42617
78969
27817
28182
67916
14936
31144
13104
51083
78691
30150
54536
78555
38417
1332
13493
23751
58678
17417
67219
24467
58424
32630
3996
22722
10967
39099
70224
69964
36962
8881
6900
8867
52705
50325
53826
60654
67393
22363
599
62180
32401
6441
29686
38504
62329
69639
36824
71435
14836
32807
44872
18452
6467
6488
13268
5080
10724
25955
33285
43014
18840
41001
16412
24583
36343
41825
77255
19740
11699
17302
29635
32996
11128
62921
7799
20038
35204
65654
33974
25458
6773
34338
32435
66497
20371
41609
59112
54327
12968
58065
66975
34195
19876
8744
76546
73952
29124
31651
53163
73700
75541
11172
1737
27660
19191
71028
64289
19842
9347
1803
6485
40246
14150
68144
48163
43381
1104
53860
33111
21278
25138
74790
37521
58258
49752
9184
49574
158
61686
76107
44602
61056
63632
1601
19248
57237
1197
58916
40788
71125
44389
23267
60395
78664
74589
12496
20281
73133
35720
58543
9238
56836
46007
24512
47162
9102
25142
15042
75564
75300
58008
61956
68341
78705
18930
46437
79634
14627
24775
78197
30170
72855
66750
48596
65032
53016
17078
15392
36226
22649
64736
42165
10960
24050
67537
25522
16774
34355
56834
68800
24167
17992
46765
22450
78851
69980
27748
36562
28183
18353
68130
33156
31208
37941
3829
38136
68151
12002
47282
47373
75328
19508
73403
6310
64727
32986
61412
63365
19173
76019
46962
65964
877
25763
28113
66388
43158
40244
73668
67913
39072
14377
27811
60241
47217
68582
62108
56020
63303
42738
57674
13569
48740
71197
49705
31127
31667
1275
27635
6368
25911
53332
15704
71892
73989
71256
74881
79137
11112
44674
49177
51505
17461
11528
19680
21236
35393
43104
470
2632
63042
12995
7497
19749
58163
15717
77813
77892
8819
41434
358
7456
62199
36720
28391
33300
24824
51609
66048
35562
14260
42539
12981
8419
37696
21495
13733
66361
63664
64200
28517
40711
5525
74925
78739
79409
66925
29032
35312
61706
20613
58714
69395
39397
21789
8104
67392
64904
33338
53024
49963
2680
18516
69152
62362
15650
9510
51931
2457
17925
65925
30216
63739
6510
9880
10104
29434
62741
74841
65377
25605
19469
15616
54938
40175
28759
8180
24674
22789
28737
1206
75798
34816
65552
64149
16329
56756
58176
22850
24004
55295
32856
67956
52734
24160
70327
20035
42948
56230
56210
24181
33877
48547
76261
17825
27992
45895
61339
64851
2217
76533
13450
11776
23093
40707
49943
20231
31229
55240
61478
20913
68166
29766
30518
4679
159
68240
63818
6345
68739
47432
165
61233
9879
61473
30054
39608
39427
55736
166
24389
41320
60843
27755
16551
36083
74665
29545
64371
36755
34889
50778
74466
57175
30699
167
16213
32598
7447
15630
76481
13152
72507
47095
4790
42967
77787
27376
37483
75286
6085
58288
65832
33714
61521
65737
8841
75763
3404
49470
5107
27922
21173
24662
71916
59207
54405
33052
29976
65829
1563
77915
32218
64510
27664
21093
17275
1235
37856
14833
71161
15287
65945
52292
65955
5527
16210
33268
70421
19750
51981
24428
32979
37107
46368
32325
64004
62233
57108
41618
20901
74389
15477
3367
26280
41186
9476
17987
659
33235
7734
15520
1942
78889
15581
59270
57274
77718
62820
54932
60908
40179
34136
45338
10168
55202
70267
16316
26626
28307
74962
47896
47826
29285
76537
44769
46940
6640
76823
59717
28131
49735
17045
48617
44810
21517
64473
75897
56757
68212
34419
53299
18377
7755
15720
35691
49472
58388
35296
6353
65686
40279
31522
53244
52707
32403
63318
27557
15097
51296
75136
17145
22451
26663
28770
41188
38006
72963
60258
56973
28039
54816
13781
71924
26632
55624
59110
40443
49603
64928
19635
12387
65971
72955
2706
50547
15500
23398
58677
67623
53819
58872
24215
46811
1856
33876
16496
19707
26163
57057
7046
10576
73107
71874
61690
75124
4899
43383
70025
7958
65545
48932
61297
72132
7609
29273
26543
55728
29222
68414
25379
75172
43319
29882
40260
72420
49127
35010
2628
65465
20301
31064
169
29630
70609
9395
66131
61046
22935
57800
24390
75270
38100
60135
74884
3286
71878
9953
66051
23446
72230
8521
74968
22302
57524
16664
37801
66962
74310
22524
31686
71941
61189
78548
48456
72297
46547
32305
54017
77349
33226
54688
45986
19254
61109
70646
21587
45825
59641
54839
74723
3043
68443
45669
77912
14763
57093
9300
50947
38802
67133
18356
4328
39245
3601
15383
48888
50469
30117
27644
30345
43749
19656
39639
57747
47318
22662
57457
8290
59271
53042
57792
18181
70262
48443
63783
62610
53870
28344
42711
10075
214
39789
71939
5353
56529
68550
72156
22898
78552
4640
76291
51234
27377
16983
46582
79637
201
28881
75844
24566
21280
58404
66242
46915
6589
75264
57801
77837
11525
59323
170
8786
69120
9672
46482
65136
75662
22611
59126
12469
22753
19075
52968
70371
62582
48209
29552
59766
56257
26433
34139
41208
31443
64595
59138
68277
50150
76617
57001
74781
76650
70737
25732
63793
54560
35460
42964
60356
48929
24484
43061
38899
13186
61894
38246
69494
59395
24089
76969
79381
72091
72166
43782
19510
17589
13861
16113
33619
16614
33331
41170
43131
30881
66533
38997
63873
2040
41092
54291
59030
23383
1778
45154
171
18515
30648
76308
20968
21159
22433
64007
19904
36208
55636
34521
172
17297
44133
14001
57904
57826
7143
55988
6157
39986
28733
14362
50897
66565
3554
23222
1401
63845
19364
20150
10743
34777
8407
57461
53415
13236
46511
24311
16642
3899
7625
25863
35698
55559
40235
647
16176
46499
5668
79190
42120
11139
50745
66002
36210
79505
57734
67895
66340
5841
24464
22358
9000
68048
25852
31090
1864
643
70009
4077
67853
23808
53778
68114
65288
41811
46147
61366
48629
54038
5524
23074
46755
2589
56932
15900
17892
17441
2677
66133
7732
76619
8252
31895
52290
53111
25429
43862
11344
54433
30980
64166
42597
57618
58516
75243
25000
13716
38466
6435
53421
21117
8832
10450
70663
55047
36995
61047
63228
53568
59377
29893
31271
1412
21333
51334
1126
40886
7059
37143
21860
27903
40950
56937
33922
77558
54858
75929
6378
39026
34643
71553
72488
53987
77924
29875
42397
70334
45074
69068
74128
15560
25655
50595
22711
2727
66267
59047
40224
56870
64006
63218
45955
26096
40152
64330
24148
4474
31033
42600
60730
25266
12581
69977
41169
32064
34940
69203
51125
173
42877
60183
48728
45025
69016
41269
66746
174
64724
24739
39437
46888
2667
54420
5425
35706
26879
59474
9911
69188
67369
55927
22288
53227
3203
65120
1527
49585
63024
70373
34553
56695
28980
74372
79954
10987
57129
17154
46025
77099
175
56227
62517
29710
16310
179
51301
21075
58903
79188
59830
30010
25333
70296
21613
38019
75280
54820
13315
61223
8105
3546
78388
37861
30762
45803
53552
47075
61270
65048
53638
28698
5682
71628
57473
64528
4401
2761
66722
62437
39057
61220
32965
52920
48376
35205
12304
27380
75925
290
71957
38828
29592
8726
63959
40773
7222
57109
2840
17601
32436
69252
69570
7624
79713
77426
31462
46389
36788
41616
26564
32570
15940
74300
18297
56045
29915
48553
50855
54871
8501
11857
50452
5000
50422
79933
67363
47429
69544
48509
48663
3552
22342
11933
16149
79186
66299
42515
20595
34634
8260
8587
56951
64148
42210
74098
180
32915
68129
16777
61676
49922
47589
60837
181
76954
32260
78402
42563
74724
38873
62116
21123
69353
70008
75308
78937
77367
18578
35959
26247
45716
49856
56249
30352
42918
31769
44710
49255
19368
63412
44136
33377
437
53109
39433
32830
5620
24676
28981
38745
38375
27452
21809
9393
16564
46241
35490
42296
47245
75765
58803
12915
75396
62544
60870
51588
41104
74373
2183
60200
45461
29954
21299
44156
64182
14874
4125
69562
40544
64743
60956
18791
54514
55650
60508
11064
34390
8257
30869
8134
72588
51954
48357
35975
14897
69088
40933
3475
57044
41367
39696
16853
28041
14801
62723
54995
3828
79104
58879
64488
54387
48643
35526
63221
25930
41393
64738
29806
61943
23558
36153
51941
19104
60213
75414
3425
54720
44215
79413
3971
77433
49687
55443
73121
58727
76302
7479
62154
5401
72225
62247
29198
72585
73253
182
38928
51713
26081
67552
34757
36122
29841
35283
25348
949
60777
54811
74456
16295
27047
184
29080
40599
76387
45526
13942
3858
39393
22583
58098
69952
32080
26520
60193
62467
12547
40902
3648
12618
78582
36722
22292
29268
29507
1360
24951
23029
48013
76135
51697
60186
20310
26579
76807
40452
30260
44808
56090
62629
60564
17578
42882
66861
45151
10659
6297
21716
30555
62163
35301
79991
34486
69560
27781
44857
71899
66070
36771
3012
37883
24628
5441
37011
614
58275
35575
18702
38342
46533
18982
28065
1481
3142
24411
49897
6261
77457
37201
10583
64843
39381
20374
54195
78291
39014
71426
26582
72723
6183
78477
5830
18988
15507
57961
61378
61714
37826
67575
15522
51430
13368
77686
62567
63877
65043
47530
78306
26122
24867
52129
18451
22230
25888
9754
17721
26612
52936
67990
11972
32422
68735
33581
29608
75774
13683
57891
78531
30569
23520
16120
74488
13650
7766
73694
4764
78665
45604
76794
11463
44818
60005
45380
63015
63290
4052
78674
62913
1749
56377
6361
2223
60218
36487
57096
6243
2786
11943
67238
9370
51415
19829
27145
40372
4645
57266
17161
43612
24322
1683
17749
62266
31629
77913
15953
22403
51090
5084
67703
51127
15173
64786
2197
26743
7271
36603
53969
23476
57390
60995
70726
47031
8546
19211
12899
25850
14931
6695
31879
72085
56481
38390
67765
55765
67481
78244
10765
46417
55163
79779
51964
26945
35157
10232
27060
23236
53781
51522
60103
74041
73682
39482
2770
38898
58936
39907
53842
34259
44616
77991
23125
45622
49139
73876
69286
31750
77817
40029
35947
31027
13430
65052
1252
53462
40882
16855
65605
42545
47364
4417
39778
21026
41542
38266
37845
34523
23972
13137
49392
14794
7355
56084
24054
44640
47329
77385
2207
72882
10019
28499
23878
76501
70416
4876
41575
62333
77393
21955
72404
440
1062
4873
10474
7568
8532
51074
50303
28375
8988
44086
19361
36772
7512
66585
8178
7408
31074
39655
66834
19687
27589
60521
50801
71351
36854
2605
41084
185
37168
41459
39965
30420
53906
23115
68054
41961
5410
34407
534
58580
57238
36245
71191
10304
72004
44155
12435
7541
186
18707
35506
49244
36197
44613
37408
8306
5516
68507
37796
16100
59285
69066
74693
59501
19235
70050
70486
68789
38203
46354
55241
48851
61420
74996
59509
48457
76599
28341
20214
18946
27553
18179
32496
20590
37622
10294
63749
51848
72416
4772
10660
64616
37763
9571
1750
50297
12507
40855
45415
10842
15328
64877
50106
32217
18362
14087
52512
65718
3077
79879
41157
10194
76613
45404
38007
8857
50518
41344
8580
30662
187
29031
69984
55367
10037
37931
50820
51429
71158
26627
78092
42481
9877
46183
78130
60168
54135
58820
23633
12025
188
21016
66215
16528
54052
78933
17171
189
5112
3303
50916
78931
28049
57620
58979
4067
13634
51988
41353
61842
10937
900
41110
78694
21449
18768
44080
44219
1897
64773
2864
2021
52131
74071
54649
190
47386
17124
191
63784
2949
33904
44073
63443
76902
1938
16961
12801
79681
56376
72331
62633
48660
20447
37884
72176
26752
22973
11735
22021
3714
79929
74390
63900
32506
3990
41026
4105
4976
74867
29190
20316
18312
6980
76515
30757
61603
24871
39523
55058
646
57944
37526
41370
4728
18013
78500
64784
77122
56906
60416
61514
2340
6162
22646
65296
24669
26760
38528
48527
41225
14379
67798
7413
56683
52918
71381
5138
43078
4929
30832
78377
48662
40177
1449
13251
54083
18170
37701
77908
51892
44711
63853
51159
64652
23906
41584
35977
72795
31877
13018
21946
26585
27280
7845
12837
6845
13688
76535
4167
56465
76826
13590
29778
62048
38141
52004
40980
38421
6634
61321
9511
49314
14578
69302
19392
79312
28754
74377
39335
63645
35573
35430
54339
46820
33488
3859
7264
51039
25415
32084
4707
27341
16615
1075
63549
54836
11671
76377
15148
9251
67816
29066
69381
44469
68790
59841
39738
77200
66117
23328
69708
42025
29828
21287
13555
16194
33318
20324
2888
9721
23288
40454
757
29465
32746
52677
62704
48647
5305
4612
24837
43555
79014
73779
51265
36365
635
12803
77203
15400
25607
40736
23480
66356
70916
36655
192
70037
4481
30613
65990
194
23333
23187
44322
355
59429
58021
22010
72755
54793
4617
6234
74301
853
46034
49563
24792
17714
22630
25016
66095
47296
56645
11301
26881
41411
72853
21885
67312
46145
33411
10259
69452
17013
35660
46935
8485
48217
7643
196
26890
59961
69159
27029
59463
4773
52446
48320
66120
52787
49329
78660
36999
15657
13331
8971
69335
15088
52406
30021
75471
10753
61494
11495
59012
28709
45501
40068
76002
28138
56290
36802
6701
197
78690
5413
14406
37171
39201
15255
42609
72000
4457
15985
3019
17094
48981
67979
49571
26912
4114
40085
21153
67090
48687
17365
40632
72251
37123
1056
52905
57042
65299
69336
40610
60528
8192
74294
43191
21308
46703
24413
79835
77234
7616
43076
72022
32532
6899
68548
57301
29239
54311
46387
3030
4561
55768
66202
77700
56423
36054
7873
53532
62066
63610
44458
39430
61176
33198
25893
66200
27162
41493
71556
74297
53090
49088
14755
73890
5316
34716
60088
1498
31809
58999
44914
75733
55675
71738
46203
11869
4850
63051
26497
56308
16083
55729
47750
7419
43408
41559
79678
39887
57458
29233
54190
25501
17220
2346
198
56082
14753
79622
772
11747
25644
40646
6396
40775
47741
65812
75660
60719
67335
45549
10917
73544
53935
79065
24107
6328
43510
8369
36055
9628
19348
17003
13195
27547
34093
49085
3734
48841
57877
39555
55556
55358
23144
13091
40608
34330
67970
39938
64913
32914
48193
15876
61209
42536
1674
23094
38164
28462
24818
12368
50007
15462
42275
70686
76385
67940
22984
13003
53309
897
55111
19535
69330
22067
17701
55014
62345
9862
71249
63971
36646
54097
34237
75667
35617
79092
23482
78426
55525
76008
44578
23859
35559
880
12074
10738
49952
55985
57419
368
24435
61060
62056
28437
19153
10387
67270
61605
22908
52126
36930
52294
73444
46664
52035
65257
699
35064
58663
25724
64572
66134
33987
1000
32194
20878
73897
15015
44402
62339
38341
14148
16423
26560
44498
74038
63107
1350
50182
77331
32659
10980
42585
2822
68184
19587
26936
57384
36321
31347
72898
4869
50676
60586
69331
12584
51494
67337
3446
67566
24861
54568
48168
58087
25880
64214
31782
27847
43028
42900
46626
39251
18753
37831
34282
20666
36119
386
65975
58534
25140
7639
52438
56059
50385
2378
48224
37019
72741
32074
72146
63073
79653
67462
31930
45746
13563
70324
71585
62962
57414
34738
38917
55035
55913
64732
59284
18969
55334
43366
30674
52717
61833
2289
35102
79227
13300
56579
20305
38904
29969
35541
74375
32160
10596
66213
200
62355
45281
58144
46420
32531
50008
31776
13526
64498
37363
6561
55543
26550
76547
40305
73472
4556
3674
25190
73877
30768
17928
13143
31555
55618
28459
48130
1575
1651
40842
70326
71368
202
13926
56763
54577
67968
45956
49252
71654
52513
28999
12099
14057
74276
54985
13979
16957
40103
73586
33030
55006
54119
27068
53636
64295
24615
28420
26787
18983
7587
69126
59651
20078
39922
23650
62087
61970
62792
15782
61666
41475
5638
55128
59063
78282
43388
36777
42562
75922
40487
2966
54602
79154
62883
41330
24998
15649
61592
70964
17505
18099
1969
46610
67475
76149
67201
75169
38242
13468
4233
9169
76337
76069
63928
53004
36072
32872
203
48948
65204
42023
14444
204
36516
76771
54775
59605
77446
15545
19120
20790
76962
73673
49601
73012
22533
33557
32467
77364
72539
41331
71266
46844
7044
54817
60747
24910
26389
34614
72081
26552
3612
27545
73189
20197
32870
73630
60611
8179
58782
52074
54036
24630
7275
34257
36436
36000
36820
40723
16052
44676
56644
63623
37028
18842
36150
37974
35592
24407
26054
28498
10682
46576
31521
69211
20436
39675
76898
70546
66118
78825
4928
17383
79827
15849
70343
12985
65226
16324
27289
50184
38247
7995
73798
79858
37715
43398
37147
66491
15208
68854
77972
49078
27347
67281
22652
62632
15879
57141
13030
44230
48437
810
9552
52201
23767
28937
78618
74148
68326
2948
55192
2501
27156
48801
13461
54945
66917
35577
205
50837
66678
55687
59879
24262
74738
34500
67747
76681
7249
7453
29347
21864
16440
74553
60153
31572
47285
46100
11277
63142
17924
71286
29529
53199
24124
22691
54868
47963
206
59974
73232
56981
13911
53573
78037
70560
18777
69467
23139
41858
1840
37251
22790
19477
29707
60834
33112
66244
76311
40406
16994
49993
52277
57633
44118
36534
14679
74247
55777
64838
65348
23042
28150
1800
60052
9430
26471
4554
22471
13929
4464
46821
71732
32553
14192
25730
56821
73574
4332
8111
63511
71627
50212
50296
13062
38580
61468
5940
53275
51498
19590
58581
55515
207
4497
5290
48069
31202
55302
68491
10275
68407
77832
36697
41889
21522
25172
73583
34951
20051
58978
58038
13572
37044
61094
67947
43717
22449
41766
63028
15804
35416
36165
57467
4403
8781
18804
15448
47319
38755
69789
46338
64096
17999
25021
48162
78747
41430
19393
77768
65830
19704
33323
24425
44014
78190
54675
45398
22103
67748
24711
31565
66046
47772
18710
38059
31762
51140
41058
63753
3485
72373
39153
58645
51273
51775
48412
7586
40904
10550
62775
62381
38256
51603
77220
211
63796
35751
32096
66681
59379
51617
42438
55265
212
71449
63563
70080
61697
43125
49011
54432
45827
62939
40755
67226
73097
73212
25530
53253
10600
4672
51092
37234
9491
77172
4036
35508
42916
2502
13996
71121
61183
44022
69634
27195
77856
37108
11193
32051
75650
79289
61190
66981
67425
77669
49703
48516
28714
20539
58757
33275
20773
27241
43800
78338
6549
40968
68103
77557
20754
34547
24626
60661
10628
42327
39703
54676
53437
2648
5493
74756
28505
66100
61030
26211
61091
26866
37809
75905
57986
65889
35172
66069
2581
56499
8710
45434
62213
66869
24309
30262
8370
42733
34039
16521
66410
67207
26321
60869
67315
23575
59675
32932
27476
32738
49960
217
63256
41024
3251
42570
8820
52868
16439
20025
75042
59829
55856
61227
18271
63637
31275
29014
52053
46327
35920
58423
14338
22637
218
21289
25395
219
4121
67460
25314
67333
36728
33393
17875
24018
35256
44003
75338
50906
35545
19237
32390
50509
69512
33203
59483
18566
43908
32594
21185
65542
63680
75574
220
21298
16768
40678
26126
46908
18375
6698
58600
19314
11715
59893
37632
23488
242
68482
14196
1033
42906
34454
22165
69814
50634
48472
60689
49940
26548
12049
8026
17876
42632
59898
36906
17144
47226
62787
47982
221
29237
61700
36049
4227
34131
26611
35063
1387
12070
50931
47277
29386
24224
21413
24216
38658
21186
61422
7095
29680
46685
53536
28921
77783
70557
38149
5064
20722
1917
32248
73202
64977
71061
77796
65015
27412
18050
22401
4664
61523
34616
49962
18997
57556
33100
72939
68179
20412
71525
79906
68866
23360
26274
50663
3553
68513
79911
73287
34551
8033
40366
32298
60027
222
13652
45599
17366
24772
60855
63271
16035
25424
65392
17216
68438
47946
65069
44433
49618
46036
29769
56957
57082
41544
78456
4377
69747
14873
33897
23924
8212
44009
3397
68481
12782
64734
34306
56855
3139
69093
73917
55344
15830
67563
47511
20854
223
75495
42070
15431
21120
60514
59046
7297
52276
60644
62262
56504
19329
14284
67299
69217
51170
14966
726
229
55606
5196
33586
8136
64022
31554
31699
227
47141
59190
40771
62228
42384
55174
25736
63849
69817
18803
3989
35672
13220
2219
70772
37720
57442
37429
28002
44247
32328
10978
67120
64479
34948
58794
61794
38600
9570
59098
24134
29037
71310
4724
31830
76986
65029
45944
21464
18611
33848
50131
17989
20980
77638
59367
5195
228
410
67455
71315
36454
278
26119
47978
231
38920
67936
38748
31739
64133
48858
65336
34873
39629
61090
50515
20646
54464
17287
33149
31396
37441
69409
48567
60859
78204
48372
38314
33139
30238
42818
10839
13655
10290
16748
32995
12999
39029
22116
6499
10021
9198
59427
23248
37533
13154
38773
21604
18295
65574
37912
20596
68460
76706
77154
23172
61890
24540
63306
27603
32699
71868
46295
17575
52013
233
39809
36465
40786
76182
3857
4583
74436
48422
235
20363
13702
22629
55088
8649
64376
7968
59317
16236
38097
16964
28667
30400
30085
61371
13093
22501
62850
39205
76130
5136
40419
15332
26794
23802
65178
62041
34097
59892
50519
68228
50844
68128
28473
27442
51715
73270
47172
48991
45414
61720
30743
54784
44834
39812
34308
20110
24936
30970
61736
74160
78470
5013
25029
61099
47749
15683
54740
18981
21256
33681
4200
77815
60896
2794
6309
20739
40289
28536
42412
51313
20277
64445
45353
3122
20907
11379
6357
75109
49386
75174
35297
35956
43730
55351
79555
18756
19030
43589
66389
54340
34802
60804
67588
28267
12949
68072
71894
37374
27343
56028
72680
27793
35303
76628
74370
60033
13514
52193
42311
45397
67929
26609
20759
66405
15946
4314
35493
11159
54547
6312
78606
45189
236
19154
12624
48405
1059
46072
69042
4438
14164
41476
19097
67448
57253
17029
41862
5669
46805
10650
19891
41444
50576
34637
77324
38310
237
44965
75314
65637
74819
60216
72578
36727
36394
13649
18690
12630
19813
17225
17585
43842
66840
17963
13654
9264
67960
61872
25475
57933
63653
26928
20311
3296
28589
48908
8243
56931
4538
32585
52960
5317
23401
63097
79069
33191
33927
71093
58182
10789
38037
68323
7894
57160
64561
32141
61974
20256
8738
26281
23092
66151
36080
69270
50311
42027
45941
18595
21845
8470
6943
18784
10693
25337
72287
10101
25874
71767
31525
45894
71891
13260
22480
57433
73350
37470
36554
14693
3064
36698
18953
4532
53425
16147
62077
39849
37717
74536
71308
69236
4306
76818
12533
40282
24188
47416
73653
78756
8629
51557
1097
43747
41579
36102
34375
70023
20291
59731
14176
50742
12395
60300
238
12746
16789
46454
31394
74984
57717
27188
7173
54548
35432
33929
20072
53441
14994
22761
239
35015
73734
39362
28146
8675
8873
60856
32090
25932
79241
19233
49948
28628
60197
14707
33874
28369
23064
35515
42613
243
74635
18115
2401
59196
35685
66073
11114
55576
35718
77954
11866
15138
78597
16008
27675
22740
26134
71522
15865
12357
66820
2724
74249
34144
44551
69208
46661
7820
29138
51344
78809
53105
74069
73636
19817
21301
49780
32803
58582
6717
59258
2590
57857
28145
30929
9322
9587
34080
54567
58307
38853
69247
42652
63725
2697
39669
74835
59105
78243
49412
58662
31368
40194
14565
25877
76675
8312
17685
2394
35998
69090
78736
69615
19922
35348
2342
23411
64529
14892
48274
51608
26726
28945
70436
32709
24810
41043
38129
54603
77283
11761
43604
9141
13961
55097
27661
246
56364
31411
60581
51329
6552
42979
6250
63462
69953
9312
59171
11395
69861
26804
248
24803
28133
16900
12012
75024
63540
52007
12265
19698
23971
26263
30361
32886
70121
27010
51942
38404
19286
3415
29122
48519
37894
77019
37638
30880
4737
34541
249
10121
47680
59139
1895
44346
19745
5826
2997
22030
53117
26820
36692
20983
25907
37940
16509
10995
56161
20309
37236
40730
27466
7658
41127
38294
50353
25145
65685
27378
55442
51338
9675
19060
39760
53797
57303
67670
19110
5409
59768
17315
29506
41796
19792
17141
21363
35590
29351
52088
76725
79690
20888
21819
24233
25153
11186
74656
64442
51446
18809
55602
59425
3644
20979
78615
69303
70741
76234
77096
50003
39442
51576
15733
3592
19986
61142
27530
250
45269
33189
7336
79187
43364
22353
54739
5602
251
20789
48961
68400
10467
77142
16904
76905
26372
72427
28225
72791
4237
22594
60140
34228
25206
35497
44680
39124
76468
70344
45521
24501
5890
51849
38057
32726
17568
9536
42546
25974
46209
69190
37174
65313
20663
65744
15975
25030
66072
32529
77703
14120
47185
35888
77607
6853
59089
27335
252
20517
54288
66727
72161
12340
17354
71065
31718
13302
29381
3290
64981
75746
57217
76339
58704
62933
24611
6028
50258
78903
53190
39256
34261
481
23798
16611
16203
35707
37859
6944
70467
11041
30374
25008
65154
14037
32152
23653
58362
72177
17899
69672
71540
67017
71165
68503
39184
61843
77412
2854
254
52265
1730
23673
58296
22933
10501
1745
79970
3800
60634
23127
38471
75391
45160
27457
2081
59922
52178
46628
29941
51953
34133
54881
78438
13543
1589
11526
26244
25654
39045
27869
23690
1029
34165
4954
2094
28293
39035
25937
75749
5429
26534
6053
44597
39656
52449
6313
38887
59106
34310
51107
255
70978
70030
9136
76695
52275
46294
60372
54430
12790
43079
45337
36705
74685
61543
24200
23838
29324
5504
16179
5448
76338
10513
41738
45208
50592
36677
17060
48261
21523
258
42453
46397
6538
36592
41236
7220
22139
62176
15601
72437
73109
16252
59968
35215
30606
37238
259
12806
37991
74602
35936
23468
74752
20711
74150
5610
43779
57833
54714
30130
70793
36261
49289
7431
26901
53805
32552
33461
17614
51676
8196
65459
44918
24034
3528
12344
62290
8117
7922
76355
7204
5566
31512
260
17115
47698
30424
58481
76708
19585
72182
66562
25580
68963
64537
71501
70569
27379
8135
56853
72499
41939
28504
21496
10003
41876
6358
50201
53157
3474
75048
73355
36174
57462
43550
68694
48323
44821
56545
60840
48803
20978
44954
25626
54646
24486
7463
65491
41396
75718
33701
36220
55698
24073
5907
36233
43498
70615
74894
50421
11971
9336
30629
23810
10039
70539
21777
62455
23973
307
34869
33132
1894
67836
65049
58598
65127
11354
65970
63788
75643
4546
55355
8425
37330
44330
18341
51401
33163
41884
30583
49545
15320
21737
53956
68426
29335
64957
55155
30742
32865
5462
70870
29147
12300
79316
59624
31387
4095
42809
21305
23205
14106
2629
23015
33425
26488
43626
17906
73383
17028
58928
13856
29251
1237
72864
29864
65813
59571
59856
27019
41596
56953
63639
15523
70147
560
67602
23027
33445
12716
7510
13941
60469
38224
74629
11639
34795
58436
14758
77180
59926
41064
65525
25867
57700
66645
45078
52672
78599
32840
68418
67944
21309
35202
67705
262
14675
7192
10547
11237
45036
32792
263
55858
1570
54469
36632
50245
39685
78553
9610
54634
45651
25391
70135
22465
23553
16871
7101
55751
14244
1238
79616
20454
52633
18708
51898
61096
3143
66747
21942
36354
75492
33305
25936
2232
264
60981
43378
32780
8994
29830
66041
32041
68080
53152
49411
62569
20105
21802
43495
72937
33989
14424
30363
24896
22203
61577
73784
15840
34326
42101
51137
51304
68770
30009
6292
55064
57417
32867
9748
72451
26448
11719
9467
59754
12489
27507
24010
12272
77645
51493
49372
67652
32819
17299
39609
47604
56916
29753
45686
21013
50743
57991
45713
27269
44977
56184
36167
38337
51141
28723
15746
28697
40804
48082
27255
78363
23114
34019
28529
15444
66231
70404
29998
28707
24680
10885
77981
6084
50755
44276
64610
406
65505
64794
7203
52924
36459
44963
44563
61211
37671
54691
73275
49610
6616
55545
64336
24516
44393
12712
852
40230
1830
55410
2246
16744
29477
46039
78147
66421
54308
33396
78804
57325
6533
49141
63009
49834
35411
9658
32895
25268
42427
44695
34808
9638
24643
55319
47484
58076
18269
53763
25525
65289
8970
28935
58089
59927
55188
47137
54562
71692
17541
79203
28311
19325
4246
46999
76614
16011
21354
64123
44378
40057
52912
11466
27931
6083
76581
42202
51639
39160
29379
13306
36044
17700
21348
45800
41187
50276
17032
77128
37041
37854
12464
1973
64937
37352
20420
50368
76805
50026
62918
4730
11892
72603
74498
27963
61088
12891
24926
49722
55153
32021
62426
50822
15121
29699
79063
11007
13864
33618
918
15470
36651
51670
12948
18771
11169
30950
49813
31940
79364
28380
56900
49122
56970
6757
65193
60598
19204
28058
35863
76489
47146
19684
17974
34152
4150
296
18450
60121
9704
265
56076
38412
66663
63401
56912
6403
33668
37063
67908
8608
63229
61772
9673
74097
47142
42035
38663
65495
39465
27359
61511
59594
49566
37655
19494
266
49287
63497
35225
13405
50288
3156
38843
45749
72771
17339
269
58184
50980
11063
56265
24598
3722
78723
64294
31956
49660
62584
28099
8218
1230
56043
51428
59623
44290
40843
55574
24055
22140
62628
33626
33124
13508
34962
72386
7077
69272
33547
71384
65607
49125
14941
61100
3825
62886
47891
38265
1321
54625
66490
25220
33465
12001
71980
58597
16788
7208
72346
7445
45679
30161
5768
21844
21570
68464
14728
11001
66217
44642
16793
74593
73540
270
19077
5521
51394
4599
20871
63371
48134
31492
271
22375
53351
51444
2666
47048
43988
33888
44295
18395
25298
8672
58728
51088
70311
29829
13114
20629
41239
67722
76873
66293
77016
45513
48640
4593
38771
25714
8466
70439
38602
52953
32487
47714
30677
8683
50412
8962
68116
78379
61878
68696
74853
74804
44104
79756
67874
40484
31623
69444
44833
45704
55212
45776
43659
56451
77029
17584
21977
45357
18942
10679
66049
4856
35913
34791
15000
8151
29338
38791
12445
37489
29669
51435
37657
66196
13606
48857
60438
27196
68338
77533
66408
49388
23811
39694
70260
6470
14502
7241
275
54132
71179
20278
67066
34993
8983
67352
3543
42253
59695
8497
45605
276
20377
53687
22222
53032
78440
60584
26342
58244
73791
61393
8343
57761
18647
61232
57768
48632
16202
63945
64578
72142
27688
22732
66653
33669
24900
25504
32809
279
49665
2425
25942
47976
73413
49531
61124
56562
47645
63809
35381
34289
5171
18795
55218
56104
12288
53420
44507
36937
44233
17891
50023
7474
26197
32551
16694
280
17998
47716
36340
73489
23975
73047
54013
49942
71818
37315
65253
61430
66774
24922
19065
46528
68225
23851
70507
45370
55679
3906
61429
6045
53715
39434
49883
9937
55946
43283
69967
61739
43323
23458
56066
55944
39104
76571
24074
6931
52374
33649
69345
34522
59212
39651
42944
39460
61250
15230
62791
28637
60932
53484
26436
58646
5893
45969
25737
57636
72665
54231
49123
26763
52471
22597
43528
74117
18057
6418
6709
64120
67834
1443
73814
9987
1530
11300
77947
39376
78040
6273
3517
52256
49620
49567
67080
47507
60291
63707
10137
47024
13512
14199
28356
41608
995
69239
14452
59173
22635
78656
4258
57766
29971
6142
77511
58342
55953
34069
76241
43623
31515
19746
16133
67680
9562
72490
29535
10588
54757
28292
23101
38761
29136
53048
29249
48825
35336
38357
3766
10672
76677
60795
75154
72949
53937
19716
24627
72358
68821
49381
9018
21941
67521
70873
74907
22472
16882
24161
3949
10348
69350
47529
25660
67476
57616
22213
52712
281
36716
49167
75269
61447
73269
67659
38328
38036
24616
29030
33497
20340
34418
41011
3775
8833
32233
5538
9696
35223
78116
71505
68663
25581
22903
39923
49065
30688
36952
62722
41012
3413
76731
20443
9429
64994
47692
45475
78411
61416
58181
10798
10088
43595
282
66021
51650
19121
34886
40116
37495
79490
56752
61314
21384
849
50517
49504
54772
60444
25868
28439
14153
78760
2293
77441
71623
36011
40867
283
39252
60994
43338
33843
18581
33907
22416
1061
66435
1494
28858
40661
60037
16965
30776
64156
50301
298
51686
1620
284
29908
30619
71716
11819
70245
56880
50376
74575
35054
64009
19113
63942
72325
14036
52524
4372
4321
39563
12597
60836
19144
73537
5271
33200
1584
5308
41351
58429
72571
14202
34762
52252
12484
77379
36439
20883
61509
13690
48725
40740
67526
41131
57585
25686
34510
4535
13348
68272
53367
13380
73460
24710
10340
53094
58798
58521
41212
32359
56225
925
53812
7782
11456
7224
39288
49630
285
63035
62316
51738
29859
42962
60532
39718
5148
1271
19710
49080
32150
77862
48742
52259
286
56678
42759
37436
287
40028
68018
55129
2802
16765
288
46452
11160
60917
72221
291
12294
47672
51762
30115
292
70972
41495
45125
70034
62553
14645
73041
2858
19738
4907
30354
29741
9443
23596
30312
64098
17473
58920
59090
66307
28647
75618
67949
73945
60800
21911
28841
4099
73370
1664
960
27063
35069
7130
486
2569
297
75658
39106
43936
74787
54976
40533
52792
31023
41523
72344
54857
68856
16691
59823
13601
23787
31674
59224
28003
27954
13462
59025
19418
55127
77075
61880
55987
32046
6459
45752
299
68615
61590
28730
44984
21701
55060
3557
32463
3809
8049
48292
42502
9220
66779
63102
21174
39513
56793
43921
71394
34104
36279
15361
966
13225
36907
31318
48019
47929
56003
61816
63624
70020
69531
66823
64435
3735
30000
2855
72964
36371
52322
79513
55461
23415
49747
55877
79319
65553
57385
44903
50770
8376
10530
36842
72102
2534
55848
23496
11288
300
2307
301
13705
57460
60399
73389
62838
63345
7802
302
13464
46054
76672
8109
33828
24588
70754
16090
303
36056
40214
20032
68596
23481
9140
46439
50711
65075
43961
12104
40951
79762
45211
69128
36135
63772
31095
304
74675
76760
29075
56345
310
6852
16134
17752
25303
52997
53007
79670
11838
13319
31921
54114
42225
69604
61733
37385
21048
39159
50251
7115
11629
2982
26028
28456
61960
42307
45794
33939
32459
4809
34903
53908
75482
22294
16403
65281
76897
41962
50661
40947
46860
59366
36027
64057
68265
68471
25246
10443
62023
62597
46599
30213
62806
27892
14532
21814
45334
49128
55908
9561
60131
42341
35089
8581
2352
55813
74584
35990
31832
77941
24474
5395
31821
39945
50761
10183
53174
33299
5210
63861
514
16215
56250
55958
31177
68416
11681
57751
58464
24827
14018
34690
61825
7642
18339
29163
44515
50024
77445
8865
35080
33059
70443
73060
8852
32516
736
32797
21544
10722
31811
6242
314
54824
70386
46739
4695
52245
50417
28469
51861
56275
70266
7651
2920
79128
14980
315
51205
55875
57895
31047
56898
44164
1665
69942
44033
77879
25235
4515
1467
44882
11977
62051
21107
22439
43270
4102
61792
13821
316
30121
63437
66010
53014
71690
45701
56940
12384
20486
57142
65815
11065
10567
71634
12580
49272
3860
70247
72852
18074
317
62039
41845
7862
51802
37350
25734
14567
72298
319
6567
14505
33769
37001
68618
471
37718
60637
15268
20691
10166
75671
75106
27769
17653
58592
76119
25753
7867
2603
5607
10272
2247
39003
20524
2971
50493
45666
74144
39960
5867
38628
29571
7524
64626
9958
50679
1936
8756
56166
55959
6829
33434
69561
40465
8153
42037
10022
14962
72042
34789
9642
320
56737
36136
75366
72248
46885
18711
79828
24483
43173
79738
6458
8040
8965
32297
72621
15007
321
66690
26808
40966
29095
17833
323
43697
51559
45471
58138
79888
730
3545
14403
12901
41895
63481
73314
9667
26022
52821
15718
73093
44502
52316
14165
15910
1784
3256
55783
18725
60130
72319
49126
65318
12200
41295
9098
36840
23586
18533
18022
34332
53737
9737
19859
30708
10619
20069
77963
6058
37090
78135
36667
38713
36871
58281
45401
35494
79602
57675
324
68183
49877
79376
77297
79127
32007
56264
39444
25012
20423
29682
12763
71719
28663
78790
5028
23409
18276
74877
61623
10739
5447
43384
25199
33260
78115
3784
29683
28790
327
63717
4854
24191
66955
64969
23002
53586
41030
71011
77232
66801
49188
49666
31706
5435
44102
29472
70180
16772
26956
54919
53384
53047
72900
44373
21958
44951
72120
21060
78457
36851
45350
26116
62127
6484
57537
1189
1102
44726
53466
22224
71303
21972
60549
57361
50400
70955
49653
34665
41418
62025
14376
66532
38458
75845
55411
23432
33202
15464
70935
8452
10267
19735
21810
73394
44967
26934
329
40485
70997
17927
1516
2953
40985
5145
10020
12560
33269
48343
52499
77776
63108
70361
15136
24444
330
71162
30026
18546
36726
13984
8584
2963
68204
38070
61964
64483
3133
13483
37061
9304
60522
6336
9188
64282
35003
69405
33282
17860
331
5428
6469
8665
46788
24243
8265
16838
43418
465
60741
2806
10462
332
73029
22344
12820
16636
30042
73010
25639
15797
50051
24832
13218
73894
26458
15848
20321
66880
79554
64026
58308
72698
37525
1691
16562
59859
76854
75736
41892
70295
39847
75496
36675
66786
65383
54374
57828
19926
24106
24456
53020
36166
14761
39214
76056
40633
60684
62027
72209
52880
73114
5684
47452
32755
76448
11212
75227
31458
57272
28106
60854
18730
2424
33107
5124
26613
15267
47557
54356
24745
56893
27601
23191
20132
67379
27836
70244
34262
18052
47340
14009
12956
42236
48183
18056
23117
50478
32213
43349
40082
78860
49064
28300
28424
53338
77469
61558
66062
3239
8529
38586
16990
60496
2316
24535
23572
17909
10612
64326
58124
16775
75219
63720
8595
1280
59665
27236
20472
28037
27765
15014
56042
61586
53855
26618
64865
2725
73875
46422
79671
20650
11565
70708
77949
49459
77731
50726
72276
58145
23667
50524
73397
35396
42981
13639
66871
70685
10617
31366
70779
27224
23339
333
15988
334
24677
78319
41606
46898
9387
9592
20806
4376
32762
28088
21927
54791
76848
45344
54979
36396
18968
24305
75221
54254
7176
41550
21655
73225
40835
61316
34546
60250
24061
16858
335
47588
29602
52660
13081
76059
344
21618
63045
30951
67878
39098
53650
48624
9784
79800
42104
54743
64646
6222
35171
12946
49507
28329
42780
25858
39700
51268
67682
7308
15753
29394
15283
22275
40952
66656
20626
27909
78883
42259
14232
48379
21438
65848
43801
8201
5252
45558
28168
35701
73495
346
16750
36725
42844
54756
32918
76081
56148
2935
347
1032
409
40990
17978
46579
17042
75291
61540
28551
46060
20040
61657
62166
36681
74010
36129
1442
67922
74834
61562
38770
26597
78901
29974
13923
5272
33404
72079
42413
12500
19039
72219
1219
77211
70077
26176
24691
42968
64644
53878
26500
3659
13957
27286
50426
29719
43370
26517
46325
20193
71241
54671
26489
71267
13073
10222
44990
348
46218
26905
33251
3817
78680
32742
30120
52859
42769
31787
65949
65141
43546
7321
23813
45411
46212
74438
47447
18635
74848
39284
66504
30741
75778
2397
26916
13794
21683
42301
51324
3402
2194
69046
31048
76482
16913
57179
2488
22133
15407
10902
65649
10054
20343
7429
12747
32651
23601
6817
69282
37338
77824
2772
42010
45095
63494
14258
52585
7660
48205
75813
13428
53284
71974
28467
43444
349
72998
5134
65619
23578
76295
9527
55075
34539
47490
28083
36225
76690
66032
57609
26647
76966
3548
17980
2833
47513
36557
20434
19589
56584
3047
24235
59013
65704
5901
25929
28275
29463
40662
54834
50696
43557
60269
55204
350
53817
49453
9033
32949
70550
38199
48231
20437
47836
76026
76877
14738
69970
34170
45656
49170
39111
57844
70229
26162
77761
75012
53289
16358
59874
27345
70755
53911
60123
74345
63954
21508
16924
63993
10759
65763
20163
66963
37909
27856
13303
54662
3849
14682
73865
30476
59399
17812
23473
17480
29295
33449
28231
46468
61691
53574
2238
23293
69092
570
29780
10150
61333
55891
29426
42098
74220
65634
28100
37096
24812
20083
40531
59570
47110
41835
35447
56330
18838
40997
33079
24834
56311
41719
64506
44248
65172
41780
68363
7174
351
69045
16196
23952
68968
35045
78053
62924
73928
73860
73527
60737
71529
51709
40548
72099
24785
21010
44450
77051
30177
25011
75531
75904
79240
36950
16436
2184
34032
63174
71277
2005
59616
18676
69631
6200
64277
71176
14725
51408
28301
8884
79007
73157
66800
26898
10825
11171
63908
32596
37665
45009
7670
70504
50763
64772
51514
78389
65031
63137
20008
61513
35001
36624
63930
68916
62243
14663
54728
21498
19924
37319
22411
66520
9056
55016
45318
33160
66675
9324
63643
46170
68746
19117
30657
27354
14194
32557
8634
9793
5619
31349
75146
9483
50338
67907
20233
15977
58072
353
56635
20875
65662
74496
48289
24434
44470
35705
12529
8522
63842
46564
46875
77875
77926
572
72661
51431
42147
57557
69307
31928
5485
24003
19294
71721
22156
77223
76162
75943
12583
75385
57943
43878
16136
70261
79389
40982
22368
35961
27418
39686
23985
41146
40344
62867
2102
60645
71275
75255
26807
63844
8934
44183
9988
76417
29413
30870
14371
57809
49893
31939
24432
16883
40266
42152
61911
71472
42177
12905
14629
32458
79510
10564
19095
59880
1164
48133
45234
72921
31791
57123
46698
43761
45586
53223
78054
15666
59438
26299
3986
15996
71104
65493
76118
54280
49462
64103
27273
39172
45469
49205
14218
70195
39002
28441
43719
34334
58359
78957
48298
10178
45446
32386
356
72677
60283
27040
45755
63603
43046
16355
49683
25143
54210
10374
65016
16002
2420
26917
72752
5282
27427
47527
48570
60513
18534
60920
21378
10354
61985
64463
79664
48308
77478
79090
78755
22712
17867
29658
19671
21966
47793
3092
34086
61618
26847
2771
62840
64419
36035
57689
16771
74967
39665
22261
36996
743
359
5405
9644
50617
27210
78870
25383
56775
62131
12068
26738
13113
77450
36569
19847
78848
26360
70785
59072
61444
12370
29081
25562
34038
7605
51398
78170
2744
61159
10212
13706
66761
66225
54409
7517
14597
18183
32438
61851
71370
8903
11915
32431
13270
14396
360
63872
69787
56954
59378
50940
46760
11142
24849
6164
55665
650
61452
10729
75923
54891
52648
37098
31138
76156
30615
75489
43643
48117
41994
45582
1025
9974
66563
7461
3334
62812
76424
37686
7312
38251
46051
32801
53717
39015
50058
50537
52996
58839
361
51748
50802
27745
19184
22277
36708
10392
52789
6728
22341
7090
24531
26987
54898
71450
38211
9609
49461
58907
60712
75013
75160
70089
56533
75060
49143
31481
928
40437
28212
13317
33129
9050
42561
21206
77820
40228
32640
26852
61385
71264
19487
43420
33880
33242
12333
74337
29205
19171
6076
13982
39156
8938
16489
26226
5403
18316
17014
76117
32169
20987
39885
45138
41160
43237
362
57733
65862
17862
34879
12425
363
7987
41382
364
10023
61013
13232
23303
38369
65468
65926
31447
45509
68763
18952
77308
77593
58731
34839
48983
8932
29162
365
54961
30998
55176
28282
23969
72933
48504
76043
26825
4921
40131
36948
16984
19638
74646
24631
75472
58278
66439
34358
51178
21112
78587
25399
50601
73210
636
45845
28354
24290
46629
60473
23513
62622
47993
21417
12364
38945
6951
3081
49187
62551
44394
37807
24060
7267
20777
59372
24117
75126
46761
5498
9807
54615
55301
74388
60738
28618
22369
78627
48150
44174
18582
19722
38950
63330
15606
61694
73008
33659
54449
5161
27590
18477
17946
65347
22104
32999
64678
43240
24946
16798
8473
16696
40411
47445
16082
54089
25883
19688
366
64086
19478
26045
68597
29555
372
28982
20028
3723
49106
67589
20905
42720
44438
25365
46937
79233
10903
62859
61403
51263
65376
64541
33498
17189
76358
23976
62869
63248
40564
20360
69259
59858
33705
57720
2776
42567
70345
9990
67042
2977
65479
65171
27444
73766
15108
64871
76827
375
41785
61675
25041
35815
50951
75303
56982
21575
3084
74107
14705
2958
52853
57091
37690
26055
42724
52706
46249
11738
13164
11081
38756
48528
41992
51433
31891
39578
51104
46110
79205
42347
35749
4825
57117
56149
29547
45767
36870
78150
79846
63176
71858
54968
38875
5735
55643
50424
376
36503
77115
76287
73187
41323
37830
46838
48493
47124
31397
10230
3221
38187
62601
3400
70447
78800
70186
62409
41753
66598
378
57931
54500
31657
6341
72563
71220
62761
42446
71284
50019
76521
36769
58635
12658
68904
46265
50843
44524
21961
64404
17331
55409
73958
16919
37587
57256
61252
11040
14810
48330
28160
31331
47802
50786
67621
66409
1390
697
67906
2799
9464
52200
70423
11750
29115
28753
1103
25485
379
13985
44240
1113
40754
71156
32115
380
45925
10362
34322
50153
49497
76583
15905
43080
381
54835
56514
38982
41918
12732
43172
53730
33495
26050
39672
75289
55465
39222
30065
18598
382
46736
60905
14554
30264
30182
51746
63848
9394
29267
60205
48826
52300
21561
62889
76646
64457
21258
36069
17130
14425
13513
59249
16285
39528
55316
19399
54809
27189
60053
54150
68475
10585
383
4134
56617
27349
65684
6518
5710
50783
5347
38676
6121
47778
36648
72915
43218
55573
76193
67169
62635
396
15735
37802
23852
43072
25825
3847
73827
62134
10715
19977
5426
22661
12240
35380
54204
56407
38278
72902
71988
78868
388
9640
60070
75272
2814
24037
20243
16117
59232
14954
507
38046
3273
3000
389
13208
54123
47728
3745
7816
68896
58948
27048
32984
35002
70456
9655
24790
55356
74453
28081
40567
67786
79689
24529
37348
13124
77177
47448
14939
6919
20890
5640
76842
6116
22852
79577
25315
54822
77569
7718
7696
75526
57925
29430
67736
69613
55671
71408
54773
61574
33090
12330
67522
61032
7857
28902
38456
32698
32407
38323
957
7533
3782
78228
10208
71216
26466
25366
9890
44560
61541
14121
31688
60185
24420
11187
32660
37913
22696
14282
391
23209
59094
66573
74796
33979
74580
61885
43066
3261
76797
66485
57481
49241
17446
34037
36660
37146
55056
6275
7063
75590
39927
56004
11056
16085
79138
51769
78061
60576
53849
57623
55285
20090
6759
67743
71937
42097
77939
29323
73255
2914
16227
63238
4683
805
76497
43476
49928
78823
9765
24022
40233
72184
16519
44206
54497
76180
64250
52559
63622
820
57604
60580
56899
75349
12107
1658
45373
38150
75296
47159
35189
23346
51927
6086
17248
16548
28338
26997
43461
10764
68817
48389
40294
14772
20860
66176
26229
19633
27217
9310
75484
28102
40761
32623
59104
37477
29795
61477
78858
64475
35891
17634
70520
392
38472
69723
37834
36073
73911
10312
49623
60860
32747
53868
10306
32300
25154
32123
15201
16677
75021
51262
8633
10314
33469
61784
78258
14010
20464
43970
42219
19712
54727
46632
57159
34974
393
18380
21440
9714
11543
76470
60275
48067
67012
62482
56728
395
41875
51144
34596
18985
5800
397
69545
398
47675
56881
7592
60778
61063
33010
31129
10481
11669
10982
14632
15049
8483
23516
63355
69475
5868
24231
26791
56502
57441
59589
37231
70383
33233
15814
15447
41925
8625
20318
399
53303
38437
75703
63620
65268
21387
71139
868
38786
50017
5847
19403
22581
71364
30228
18976
3041
48945
46335
21188
9625
24762
17629
77301
9652
408
14782
12155
75893
31537
22918
45030
51204
63606
52185
11350
73385
77765
24165
24100
34464
77481
7210
66224
42121
29422
77065
46122
41718
24180
74740
29092
8234
67800
29004
63761
23829
39461
70259
39497
42517
30558
30020
62790
50490
70100
73642
52251
61728
5915
37558
24658
20344
45750
4056
3007
65845
71299
58789
73655
24527
46980
15818
20153
31704
23668
67466
17478
9334
13813
69142
77073
41387
32919
33543
34884
18503
58759
53619
51707
1801
35047
8326
61302
411
34804
59748
55187
25347
70215
37394
60776
1082
62070
52465
42586
64840
34168
62171
40673
66104
4646
55168
70391
47792
39522
64755
11059
52514
19190
64157
76519
10986
57867
22434
65221
69971
11111
28247
55572
5415
5801
53325
412
46258
47363
26425
26048
50107
76388
18391
34505
79300
62643
56889
43128
51380
69929
7523
37358
413
18402
39136
43483
17166
34881
6584
74934
43022
33378
56689
31544
29260
64354
3212
36780
28019
24971
33764
5507
68956
11170
29194
414
65078
52629
68359
415
13397
29065
11355
62069
67307
45671
73515
58202
79397
419
10057
22636
69810
36325
76071
65822
63897
32662
16325
61492
38262
26662
19112
46320
36195
27940
56070
49319
10238
2136
16616
7606
7490
42251
29865
39827
29921
34785
35860
66635
52755
66167
56949
33287
6516
70038
44372
4722
73943
53449
50853
18539
77664
62440
24963
66160
63065
17131
18393
704
2736
22404
17883
33911
9685
35726
74393
23977
35882
11753
424
5014
18469
24747
10534
12117
59601
17053
57973
63170
52364
78036
34085
69072
50818
52548
21541
2528
13157
79638
26084
7532
32470
33174
77058
62139
425
49557
541
47334
73754
6150
5218
56791
31770
57799
20933
14773
1579
45772
4754
11757
3029
5637
56516
51638
52995
78392
19543
21621
57910
3781
64055
68602
77523
53171
43998
73898
11654
20058
33081
36819
15708
38261
426
50293
12102
58528
43281
26793
8244
4627
51669
54725
34565
56841
3599
427
40007
6580
34438
73446
34749
77265
75257
57292
8313
45913
12954
5790
5385
69124
22556
47524
45431
9415
10457
45817
72630
70171
22245
45979
31092
56083
72238
57268
23354
57773
56046
46649
37073
44585
428
9540
14520
7505
5673
67767
34052
61926
18612
65258
26219
64471
12414
35783
429
13989
65896
51622
71428
61140
53130
7256
79369
79604
69383
19560
79224
52241
18631
56284
52080
11042
71419
8182
56194
22745
33698
76971
26418
12089
1448
13258
27351
45156
28534
78293
8401
58080
71591
53232
51938
29975
21453
430
14347
38652
431
434
3056
77616
33144
2568
63282
25838
1538
15094
64347
57307
67597
37241
50784
57255
24334
33367
15126
52675
57670
47572
65175
70571
77467
27593
25996
1966
42243
6186
44460
72676
49840
57185
41643
68355
27090
27956
18956
23527
53252
821
47267
77975
50228
33032
52565
4449
60424
21105
30877
72657
50423
22043
49925
58799
12071
34582
12453
28616
54889
31158
28689
44989
60628
60979
10040
17874
75664
66592
53767
23023
435
67349
50875
73028
29319
49376
60039
439
15410
67954
45239
48701
79796
1873
21371
42719
44709
39573
48829
23603
45735
57186
35828
44778
21412
41095
34178
75147
29009
67271
441
25131
12883
66539
50599
7047
443
59314
18006
64024
76020
63990
986
79669
73593
48353
72384
444
12870
14370
19958
445
28428
63798
20259
68743
76659
42069
2891
31848
37573
30831
34022
79651
446
66498
50250
20694
12878
72790
6340
17008
62101
15652
51925
39671
8855
22648
10432
47555
42029
68289
73089
29863
6726
51122
40738
34557
25286
48944
78326
44274
12570
23861
74733
3718
73077
28214
43716
40742
32781
41371
79815
75797
16530
71825
14456
447
62012
29314
37304
55769
17637
23824
44587
42058
31641
450
71047
26700
26821
61768
34434
66518
36259
41206
53144
71687
53205
52776
42845
24184
59734
64462
78358
31191
42131
74712
52262
45029
71208
79783
17846
22137
1600
64219
74902
43972
42571
3316
58470
21222
43863
20973
69497
451
42731
452
43094
52041
26470
41632
34597
53445
454
24960
75025
21581
65988
37367
40022
456
65547
17378
79285
70181
79698
56441
62178
33080
6149
32520
72405
62598
61634
17684
61296
75594
27848
44243
54827
31363
24920
11931
35729
54582
39357
72871
46304
14225
45892
457
70788
459
71713
61664
78974
59733
45399
52549
55422
74525
39096
21960
45050
13305
67511
21593
31920
21674
17830
70056
6614
15702
8711
7759
79522
5446
10830
637
45064
33959
21545
6902
58740
78630
33048
63126
14167
68036
24988
30874
62445
3563
18705
17345
43974
29878
11993
59674
69503
4549
51281
20149
44728
69608
62458
69554
26535
64867
25474
66281
24326
13026
11797
66791
69721
20600
58746
42138
50077
40158
9117
460
30233
21394
44840
59220
72137
25576
67113
39964
71402
30727
29175
63712
31206
69360
62094
20176
4981
3109
48488
79431
5146
55287
26835
51145
23256
72994
58680
78196
24629
1701
63896
5694
461
51618
73671
30068
17218
17607
71867
22025
63747
26120
18691
13272
58012
78285
11569
40075
67498
71893
37126
33827
49066
34380
61649
63125
1141
42440
30298
9991
60571
32010
31025
51302
11580
12168
26304
21332
72117
8171
24918
46093
69655
66514
58829
47691
4712
63667
79420
68411
37464
32754
39592
77192
73462
38891
35479
72327
16934
19339
61301
35624
48820
77384
7834
73490
4838
41340
7750
30976
73050
40758
51101
27323
64758
58266
25682
9316
37896
40278
5813
33638
27843
69108
52572
48099
1060
10562
35098
26574
7502
33795
827
4308
25390
77662
1299
462
3810
35527
48299
463
40045
17955
61295
70349
3114
14561
29126
77411
59765
26824
43586
78997
49142
71094
464
53858
803
18993
24374
56474
5944
31927
62647
57600
38712
22615
27606
46378
4428
40445
22726
76305
19268
31740
72341
6610
16848
1729
76423
26324
11146
8102
2353
43835
38162
51527
28087
79450
40969
4877
49900
26568
72362
28071
22514
40218
45988
63012
15189
72891
11019
24557
47256
466
38789
48710
47876
38902
10161
61947
72773
5977
73568
68068
16058
1014
17920
75315
75409
25435
37376
76610
50355
73346
23908
50099
38120
28118
75657
72758
32053
41979
44889
35629
45219
28308
55882
472
79718
49891
7865
55144
20824
28820
50408
47909
65050
77350
15146
6885
2805
20500
29924
65152
23366
63782
77994
27007
25998
23933
50309
74986
26423
63992
45593
5651
36038
76776
29480
52010
473
12004
69824
13125
56100
11329
16741
50852
60164
33474
17450
62193
46444
48666
66952
72706
63968
12189
23978
34180
51637
3635
73478
24402
79950
43441
52690
4874
68751
69752
48428
68996
73398
74786
11235
45643
474
78740
29330
76893
51151
60222
58990
18203
56794
43293
39431
33228
72377
54700
53641
73366
45544
49904
77946
46955
46214
44344
59340
475
1506
20602
4952
6793
41863
73030
11803
74632
16220
60504
4951
476
19318
7610
58969
3042
32922
75090
39715
56914
38823
38683
50566
58120
16837
19895
24177
51643
69816
59506
32668
15113
77545
24668
8132
23206
43533
19125
27625
70059
44121
37320
58585
56537
63792
67197
996
35356
31428
26140
54087
17696
67988
53748
22875
22408
21800
19405
32105
60791
6585
7378
66484
31207
19076
13876
8321
46135
67872
65104
38238
9112
74142
50781
79753
33452
52771
35076
8169
16328
14843
38780
63430
6089
3035
68742
55960
54949
78070
54481
70170
14042
35441
19894
65109
3584
2696
50692
26392
76508
76428
19846
69229
44456
971
75429
26328
77938
21709
46133
29890
74597
25319
69525
63111
40087
58205
40074
4260
21622
10280
27129
55226
40457
23145
70614
10533
5794
63034
56195
76530
22280
42764
4323
26312
59929
58111
58619
477
1760
3960
67446
79561
22659
79785
54709
26245
49685
73643
7007
40471
27634
37783
12840
41514
79563
1006
9121
2850
61512
27782
38655
71030
43765
14003
70707
74735
41623
57596
31625
34876
61897
28248
45496
66849
34818
40856
67833
12326
21874
74745
58617
1544
55604
26371
54650
22778
12574
22263
29446
29698
79769
43317
40151
41218
7602
44166
70796
64154
59800
20357
70552
45307
43903
1432
6740
21103
478
24675
72849
7720
25274
57511
61395
23305
72164
75285
11008
25158
22521
68164
49968
40920
46994
46450
17938
53938
17734
36388
40120
71714
5067
57719
38031
479
52944
25986
61864
6498
5479
20803
18235
68010
39946
33928
59221
48478
65080
9363
55657
18630
43279
43273
73362
31189
18681
72599
60493
37027
33703
55588
78634
4408
71109
32600
7767
64947
18337
7714
5412
68113
13818
65730
46745
55118
41286
8325
22657
74678
73954
5478
53912
53933
53031
42550
32229
66475
30311
23353
2474
72901
58679
55623
41818
79672
26025
41271
1987
64820
18618
51256
26811
484
70662
21362
20455
55427
2507
2903
32246
55083
32452
55206
1595
76872
70176
31703
16007
4021
63479
74751
72587
63432
62140
7923
11222
22469
71060
2268
2131
41829
47399
69908
61238
64456
2371
23626
54489
63017
77752
485
4472
78528
488
55143
71328
9730
48711
78938
56306
78797
24498
51684
54401
33861
9677
54099
71334
78914
60452
3756
61465
2277
57899
16189
52223
64314
55540
61201
14364
12416
77492
5852
75364
34642
30448
57746
15041
79874
11720
10611
35372
56884
76172
25693
22682
30082
29627
44518
59061
65769
1769
53011
25926
67060
27608
10028
67482
21367
42934
74181
54169
29383
65927
43497
50787
30736
65447
28871
22707
67605
24970
51351
42697
75735
34949
7071
68932
64401
73626
30266
4277
37907
23126
12120
22731
19321
695
36329
55249
32834
66537
79677
22243
25125
63466
10786
64713
18236
13160
490
43188
1883
32219
44327
69733
40684
17336
17397
980
74120
43809
70052
28824
13136
13046
57242
55539
27095
31754
48568
25353
32638
30683
62538
41945
20938
12295
66807
41111
46120
69138
70929
43840
61082
70007
62341
69073
18432
40601
21204
491
45702
69304
34530
9448
71143
24021
24931
22305
32008
27900
8853
50501
33969
32766
3975
44213
65276
37188
63464
4416
25603
21065
73955
49508
47705
70963
74096
18070
17826
31865
20787
49432
27568
5898
492
50885
53655
73062
39019
15412
493
19546
46251
71393
11930
36212
76587
27003
63800
74976
35741
2924
51816
44116
27524
12867
27136
54617
35142
37209
73435
27896
65457
10957
58769
54354
73797
10185
20598
494
67959
1905
5627
51109
37995
31668
46227
24661
27322
26577
13347
40810
9271
71410
63149
15418
78314
35412
26419
18721
21797
19193
26390
72692
37656
64037
45681
12075
56788
32578
63847
63974
33433
2893
40884
77556
20682
16296
79891
58313
495
25332
74774
32622
617
19092
41210
78862
28929
32837
17109
66693
61217
69999
75567
33180
20716
74292
69781
3165
496
37468
56771
10082
45416
42867
65164
75981
39011
7776
13796
75621
11148
18407
55949
3832
11944
14313
72196
76985
75639
2468
38936
66253
41748
2171
56313
12193
73929
1222
47348
35091
74924
57749
498
71639
75636
65042
73454
42183
67994
37462
31684
64201
61998
49606
4155
6198
66913
57880
21973
53682
11813
43977
42489
11529
37571
77458
56374
2107
33583
56960
77891
43272
59702
499
8251
65806
12056
501
77434
62873
26259
35859
60312
18209
3380
64825
46648
10889
60872
14082
27853
20085
51677
79798
41372
55518
23546
10569
8920
46395
40231
71930
21729
11781
29674
78729
70390
14660
71812
47748
31919
33628
62072
64958
20189
69667
71910
18565
36787
13320
27673
8166
74087
67002
60152
69481
13945
16091
61915
54278
59493
38995
5976
71769
1817
38330
2051
77895
503
73078
18528
4180
18472
77553
49825
504
10945
867
21113
60660
8050
74985
42873
59901
59091
62754
75343
64857
56444
61844
37307
47840
33973
76399
50627
31749
70956
54214
64726
36440
31254
56005
61282
39436
70843
16840
38288
68217
22870
506
43029
47686
41112
21225
59011
10920
19708
51019
509
16339
31287
36595
59923
20336
4178
47462
70926
19200
39306
16026
20906
72840
69385
61533
65613
22857
21722
76330
67607
75046
510
18607
25798
11261
2137
39646
33384
74118
13108
64980
43347
53398
17922
56180
62013
28904
53523
68544
44066
60263
35635
8964
33096
6197
9602
75970
63527
511
55371
65186
75985
52969
14633
49890
36747
12645
1084
11339
47315
7812
68614
23646
69163
62617
15703
60439
36176
76205
8024
22683
28355
27558
56948
13860
50693
38645
39174
75275
46154
60333
519
75316
11592
76685
79448
36133
57067
43205
30076
9545
28869
67963
55126
9798
41355
38629
62423
70275
46038
56639
4708
71150
521
18049
20868
61963
69800
41849
68343
6694
30087
41000
48604
51241
65785
15528
27514
15344
63807
70909
64427
8571
74442
30022
523
57034
69684
64192
27767
18849
20612
31322
24539
48454
44182
7527
17958
66883
524
52659
45717
39818
49973
60708
68981
71431
49559
28359
13182
65395
19993
7706
1818
72856
66905
27736
41357
75200
60116
16104
525
25023
53626
48512
18470
76346
12561
63961
60370
17882
41874
76579
11433
23857
58698
69548
78120
30999
11449
6966
58112
30547
43798
22709
77299
12376
54905
65726
526
26545
34108
19139
54689
65554
52340
5094
27366
57527
75225
62388
45109
57318
47223
78963
17370
49390
18171
19650
58924
17687
2516
18193
31591
22531
3493
44417
43605
75087
23762
7797
8068
59703
42741
31735
47077
79286
45613
8010
36823
24903
62971
66496
79830
46824
72087
74697
15114
78487
24708
47858
48439
11480
57964
8859
19124
33400
24500
54631
64266
10044
69323
8793
65326
41126
34603
15272
30913
64328
51985
42566
43795
11587
11225
6810
60572
527
22892
22572
14490
16140
54630
74021
23765
56024
69579
38027
40216
31745
5489
32130
12407
78814
533
37016
48192
6672
18291
9221
34567
73609
48838
37924
23544
67356
8923
76850
46514
64179
2220
67923
37832
42565
21909
46778
52529
63506
30267
537
52744
32523
36831
60832
51784
78995
56320
34892
33345
31607
41052
55897
65548
36764
15670
1069
52153
54921
12348
70680
52016
3910
62310
33114
27714
29842
33539
16314
72535
35542
59466
34854
7435
29948
61384
31452
25372
25638
16307
24679
74485
46202
22422
16649
72747
45436
65636
37306
18548
4284
5896
54390
55970
538
24198
689
40209
31384
539
40859
79997
42523
758
67258
10500
50115
24321
48757
59910
22158
23502
24766
46055
79366
71625
69197
48327
54452
3579
47129
45984
37466
37819
27267
14790
58835
68567
57960
46192
33900
540
52791
44069
20902
36934
14053
37873
71365
7591
57739
21461
23286
73895
52084
56723
56585
13612
21596
13608
26634
64072
19298
59986
47621
25423
53434
9746
50011
74658
34208
25463
67259
56286
45708
46931
73866
17993
6796
542
7669
66701
543
54833
19732
77428
26167
46638
1981
31348
1304
67876
51808
78361
8827
38929
40578
41560
16021
48071
69177
49874
29406
2580
60701
66890
548
42411
57085
13145
68392
17010
43959
7892
75094
46279
50012
13396
54217
21467
57226
72500
30073
60770
69448
8871
72683
13879
36470
7443
38621
75830
68006
56095
11891
66788
76331
68472
77910
28666
12997
43083
18901
47574
47701
79959
39755
33386
1686
47704
60343
65740
40018
38130
44820
63177
42784
43577
27689
14278
8017
13298
37062
68796
11947
36766
11058
31719
25811
14600
34294
42436
76946
36627
41381
18843
79008
40918
71427
72189
8872
32854
53644
26947
70120
42103
27616
22963
40551
24283
16724
26822
60080
14740
65928
51382
41401
38283
68522
52339
61508
55585
22248
56226
43573
32810
39974
948
74965
33847
33457
71463
23319
79372
12872
39610
788
60623
4138
40743
69830
60906
39149
48039
38197
52344
550
22867
70473
76446
31235
63164
3002
36617
30506
38048
42983
62406
15258
1459
18737
66106
73288
69462
4699
50414
20531
20780
17364
37450
55757
75056
34151
23764
32877
79641
67005
553
42075
74728
18643
33448
25240
27657
28244
65251
74185
1880
49321
66345
56242
38291
70892
71766
32263
23136
24976
1466
33541
9163
32065
73304
57444
554
56343
60647
70607
7559
51736
58807
27532
53494
11842
15154
62875
39410
46952
35048
6454
18709
75179
34662
30373
56962
56348
34173
7165
44888
70087
16193
17080
44947
44362
57543
52362
49216
57285
48871
28725
71847
41151
29514
5296
1716
16889
19018
60139
22517
73090
69369
69828
2327
75403
555
22595
65784
71820
56418
78247
27242
23166
45908
5590
62408
1157
6693
26184
11877
21220
44134
62371
71843
1388
4442
8106
73483
39302
36743
41815
12225
15955
14185
5962
77622
59537
37413
63672
32361
42630
18264
17143
12759
77534
41251
33484
59719
20707
28519
46897
51909
13845
6832
75894
29441
35467
24025
1124
35427
43252
9707
556
5045
18776
11348
47094
22759
25086
24670
14623
59235
44384
28870
36303
77721
16053
64167
68786
61355
11119
55746
7225
22022
56135
57270
14964
50260
49003
73681
7252
33542
20427
61221
57638
45877
37743
40380
32154
66009
57332
28569
74767
45961
39399
15493
21372
16835
54006
29387
25022
2780
12217
75538
40504
557
50211
14195
74460
68744
42560
71002
35989
56118
63033
22873
78087
68969
30946
40421
558
22007
45881
5870
73401
4523
14340
40197
38535
2418
7941
23307
44199
70693
1114
39083
50613
62394
6873
19195
35621
73896
44437
75634
37399
79268
37842
62950
65658
9309
55405
56693
73479
14960
24038
6727
77161
559
36186
34033
14694
20126
59831
3531
75431
40790
16505
57668
13956
47847
17367
50375
25116
8009
74317
66228
72675
28867
67232
6077
40917
72359
45670
78221
53779
56876
69738
561
936
18504
564
11129
53601
10217
79714
4720
52346
45463
42361
68924
42179
47036
74564
70888
73235
37944
25049
32447
63030
2937
566
21824
61107
1139
568
14279
45574
47018
26801
23638
34231
71638
52135
71792
65714
34425
40129
4990
48954
44823
16872
33894
71044
55651
9133
17689
42049
62036
31542
67447
71604
60071
47451
33330
4755
48354
51033
32423
74407
79956
49673
41303
35419
24805
50064
72724
61011
58683
18018
61410
66758
68771
68055
78339
24685
20059
19357
14021
38329
4624
69834
46859
27078
51163
54530
24129
77156
40811
9554
27446
21902
76139
74492
22808
64680
2658
52258
20202
52857
48474
37753
62746
30535
24565
44837
41207
994
1863
73975
7027
62843
18322
77153
27879
47575
64439
4649
4182
26438
33319
66937
40241
44790
7306
569
78793
34806
29341
9941
46967
20325
43286
33690
40037
10265
31073
69337
66420
65882
48754
2768
22941
67368
35748
30295
11716
67977
37563
5766
26090
25899
1166
50275
71239
40516
73807
8092
40664
39624
50642
46342
37669
15395
4565
67098
70012
2554
6746
34264
571
65236
48315
573
64776
46259
70731
70506
4555
3701
54854
53322
76383
14198
55049
8011
574
36889
36451
41313
31442
19620
53684
60953
56762
24126
2663
32153
11925
25196
55785
8498
43027
63254
44216
45285
31148
3258
36159
69305
19619
53907
33549
15107
15317
62054
26361
18816
1384
4757
29834
5656
37059
30322
66211
20007
58117
34524
51116
7735
20230
55502
41797
51131
7699
19174
44419
53395
22421
43301
25992
575
18016
40763
54681
50803
35498
62092
71925
46296
77767
45754
12088
54424
26227
58125
578
32816
53488
48995
29649
71273
70455
4727
37247
18772
75909
24776
4186
27766
5819
12003
18696
19381
32873
12865
64709
22455
14105
1098
24552
36822
21477
40627
46068
36066
71464
53468
37131
23593
579
54535
583
63317
584
34374
53830
36975
51187
36886
14971
25859
26785
11795
12808
49223
62198
34685
806
57881
47547
53975
37476
29241
37033
14803
42850
51235
66528
60565
36087
19863
585
16979
1063
3977
55271
18553
4651
77330
40250
32040
61335
586
23239
58726
46302
49030
59735
587
75036
59027
66452
64614
15433
17720
49084
67653
10811
55210
46600
37824
53677
20165
22950
20632
18766
41496
34087
67504
75855
49970
33369
48833
63528
11890
61640
73432
74777
13074
68648
40308
73154
588
60687
39233
73155
75050
69144
44679
32067
31545
72869
55222
32309
65894
36599
51868
70312
67174
75705
49654
63815
55225
19739
11051
79112
19427
589
49634
590
56726
19498
591
54971
67065
26896
22992
40654
21015
8345
20889
37530
44705
3954
72352
65762
48149
59283
42107
30163
66296
15293
44588
79660
596
1833
598
55595
71983
73607
66328
16327
12741
56146
23716
37785
21785
59437
17595
6517
32226
28565
44633
25816
8154
76407
71684
32549
8086
600
34832
35095
48305
52998
14072
78726
3702
10198
57780
78011
23736
38886
10984
32951
60184
5110
64694
48241
17475
68091
7630
19132
602
64935
68795
25573
53836
79605
4192
15530
1607
71270
74548
9599
6010
46004
4760
57319
14724
33956
49769
36757
47658
67673
67013
20196
4616
36882
73578
65206
2647
21084
41041
57626
59346
22563
69650
4521
1813
29051
75427
41708
20846
29531
24328
42055
36598
9913
55061
58628
48264
21724
59975
11691
64034
603
70630
58884
23666
46667
78075
4502
39047
604
49718
74091
9035
60351
58251
63771
37953
26313
21771
71770
20061
32486
53101
15254
18324
45450
48297
54505
70276
50881
60962
11595
40392
76055
605
30591
41268
21813
13862
9077
69564
32170
8713
16404
52398
22558
60625
69312
26294
8506
7604
2532
14769
59740
1285
21825
606
57228
984
70279
3855
72031
44355
28756
607
42771
4681
29902
956
59058
73702
47916
24548
5350
26444
36003
18294
42109
51484
26722
42525
43369
35640
10709
30915
10068
51993
78287
51063
22551
10372
78294
61083
30838
78748
56544
8757
28843
67300
38370
6554
72804
41528
74424
74775
63829
3666
54321
25413
17404
30678
78695
45672
615
22612
41714
38451
5604
54488
73485
17737
52752
51858
7944
35332
51724
6648
74795
43140
2167
36232
14487
10184
10379
19134
35889
68455
72924
68233
22026
31115
70492
55964
61527
46711
53863
616
58568
63834
74449
69719
7585
13041
5795
53575
1815
51453
78309
52910
76328
23682
33398
9664
69367
41522
12229
39571
7352
43224
620
42187
50896
55237
27126
69371
4658
23431
27570
49466
4726
17558
40847
39963
2790
54005
55686
42331
36290
23735
65005
19255
55956
70905
56145
35844
29862
34943
47671
79534
21760
2124
43633
59162
38157
61222
40056
60594
60317
8610
25991
65771
36453
66204
58770
76163
70950
39780
21749
13990
32907
49802
79108
71779
62788
39144
74290
47651
67818
69028
621
41051
43478
75348
5881
55030
52107
70930
4440
25766
8877
17320
622
39558
73542
68459
11156
48250
78854
8242
8812
54916
56868
23255
79804
75711
51924
73686
16663
779
34335
56456
37049
78807
19429
79303
63955
26196
17321
29302
32071
623
8247
64774
35284
28130
64025
36756
75201
62471
44485
66852
13313
72306
63913
77874
20801
31955
61317
28815
21143
28825
28773
28114
27785
15980
70640
30057
40404
19490
37946
63864
3449
52762
14408
35715
36903
71379
69437
43900
64452
61350
39961
74422
64970
38804
34882
66534
32137
9213
3481
70576
24232
71673
72833
44650
47295
1162
39997
14136
74459
628
45893
69171
18284
4035
14659
63612
50901
14436
14837
35784
61180
63332
65673
8237
41657
44482
11784
16500
56233
20409
56113
39857
629
12354
57105
30015
27762
77890
75977
17112
12372
716
47043
24270
69580
24132
48004
42695
31800
37864
75382
60346
630
10696
57431
53869
57446
32665
67919
61873
5026
20563
15914
77066
631
68993
14528
53652
8259
63167
59114
7016
3900
56026
11560
75435
14090
15062
27388
73129
71652
39570
63556
37094
46546
23245
74429
632
46792
14945
79947
42872
30934
61445
1788
72523
10258
14593
50666
58269
78829
59590
40199
42974
32276
75864
36811
17168
30108
58357
78224
7031
6859
15340
25760
25845
25995
50016
73141
75380
79317
33288
12115
14828
46222
11622
57330
1469
41604
28324
27203
24064
6890
73239
23238
78908
69779
17850
10691
34709
40725
15580
74149
5559
4048
77826
633
64311
36401
45441
45849
55384
17208
66471
52215
14976
79383
59414
24333
17062
54342
17203
30658
1041
36891
4002
44089
52184
10954
634
15355
74886
12167
74490
27764
38277
22927
48402
41060
11400
75498
31353
74647
57907
70358
56707
34997
55613
17374
46402
15526
34843
38279
38818
53920
60102
5100
77002
3755
6955
28023
75206
22619
66568
57064
14947
37100
34031
38393
36631
34393
48852
56871
73575
71718
36254
32073
54964
29252
43723
638
36668
74156
43628
16583
44775
21636
55012
12967
43410
13588
651
639
12726
26394
57193
75335
63941
1224
77542
3368
49659
62006
55513
16142
39272
71768
62492
53366
21141
36786
14012
640
29762
67852
65750
50213
44323
644
54806
42176
64321
36954
71675
648
15225
19103
56086
48639
649
45878
58504
36778
68880
58669
34331
49555
77738
5605
45770
652
4878
36647
31618
48436
53497
62200
77604
60537
77722
653
44842
17227
49817
30226
6722
55551
39733
34498
2260
8150
75863
654
14132
655
71355
17479
11226
13301
43108
48254
35221
47238
12704
79898
660
7507
16275
65604
31514
2588
64615
6194
11271
24373
10820
69109
37254
34391
7794
46650
27016
661
44636
35087
15194
71387
74153
21773
57508
44067
45016
23001
68523
18856
69193
76215
13660
37601
29942
53002
30185
41836
12383
15491
8090
54948
77877
5539
4748
5624
68907
15169
30297
662
24636
6248
3561
31709
21336
70530
13289
38583
69892
27206
26102
33464
16165
8322
60824
36052
18979
11689
4018
38806
35330
43318
64672
53604
75801
50444
38468
71912
57120
49191
56740
35615
77124
46306
50418
50219
74299
47632
69376
46532
76274
70984
17338
14974
64854
20315
46878
68524
29146
3292
66066
24958
70725
48669
29192
27179
65808
53263
78472
37046
47177
68477
663
33556
74093
30230
5177
37446
2783
25913
49374
75254
48771
74939
41591
79351
58949
73333
58710
52242
16204
3456
35413
39010
52979
73566
39105
5786
27734
2986
44916
24197
40716
61005
28783
54654
64119
78104
66877
69925
14720
25971
55491
51354
36364
73087
27493
75331
51659
68483
43828
665
27117
51082
10346
667
30985
78616
16968
62232
668
1602
37641
63817
669
39435
24568
63363
1755
77334
32579
76375
24057
72502
41082
670
29703
60104
22530
78771
62312
48590
671
70466
24890
66383
18166
76213
1228
19932
69991
10680
51651
13556
674
24002
26070
38232
44743
34249
46577
62552
27166
3670
74489
23300
18823
76890
37321
57875
52354
11401
72123
35904
42754
74432
69670
676
16531
53625
9894
31193
42184
678
10528
41541
62760
11416
50488
53365
11048
45848
12866
42430
59203
49304
12060
31106
43669
29315
71373
18649
26388
54346
66212
49210
33119
680
30051
77166
18048
73755
30419
22359
61829
2508
2357
72053
27360
23589
1181
48103
22364
60188
54696
70639
13332
47991
10919
47943
53923
41215
19789
15611
12575
42388
64569
34549
14713
44052
12202
39468
71029
8658
20695
6462
75967
26266
66168
8593
77254
79860
15741
34122
43748
19327
10856
49091
59981
683
15726
52112
38718
74413
1927
7890
13346
41946
65208
54520
67085
55890
79971
47113
67178
47964
43314
59206
21511
4541
49880
38700
68342
25690
42622
30103
73378
14979
26104
67438
14004
63906
2954
38166
75433
56776
74200
34431
15112
16784
15379
24443
45745
10860
19146
52477
38518
58994
12605
53689
49238
16609
75782
4775
13211
21994
11558
2296
52948
56283
47006
9156
47040
26041
5018
53207
50793
64070
5135
55817
50231
42250
57593
76729
46707
5125
74400
64566
59785
55642
77012
45432
56266
20435
38020
23501
52195
21118
32558
61986
27403
2807
24874
55052
26020
43976
67861
57587
15585
49748
76230
38562
16627
67561
35423
61018
36988
8918
2377
79976
2803
890
74445
47236
72863
76595
47240
9411
35924
16299
7652
35801
62853
76134
38903
78647
57699
19492
61798
11175
16740
50539
50227
4801
31098
11666
53542
9694
72438
70044
57897
42006
72953
42861
65064
41660
14835
34697
35410
43990
76661
31908
42024
49155
57892
684
59462
5941
39351
1928
39538
39154
25482
49656
47668
16824
31036
790
78242
27636
13123
49867
685
63874
52661
19098
61857
62795
66411
34000
8016
28839
7808
9569
7146
2584
28427
49136
48793
50041
19400
73476
68858
33976
25774
43368
5307
6621
50839
24808
3730
12184
67700
7166
27207
7399
33700
70859
3577
66233
24934
18460
18139
33592
49317
25910
26601
23130
12548
46817
1244
54022
67847
8034
11663
41034
48943
24067
686
13241
68600
38672
35132
54148
42261
31063
9068
72121
19229
71571
7193
40959
12613
58284
72310
3637
7964
72426
38056
3372
55094
46291
8075
5765
14422
54373
24220
71076
15989
46283
22586
51957
13111
7078
15730
44966
55149
59338
29025
32396
75961
7449
60149
59251
54731
79403
59185
2441
47045
687
45763
51406
51552
48537
9305
46601
22757
39484
59593
37259
51002
19753
38607
41334
6068
49283
22414
26098
20621
1628
12094
696
39450
31849
26228
28806
63158
72253
69675
27916
19496
47930
49734
20560
6687
67688
42085
61971
12280
3763
28566
50173
15831
1576
28223
77316
61987
3436
19189
43559
5939
16313
15888
6204
13742
77971
15435
698
41612
50551
48424
31687
5704
43063
58451
53813
5702
6983
27985
60210
20840
7924
61780
58172
19366
22952
70251
24581
27770
4268
73728
13392
73124
35282
5154
14440
5655
700
69284
52576
58741
69699
8821
57070
76125
66965
76499
68180
47063
54304
27732
21766
55558
75198
19176
10702
67813
43545
13386
53363
44838
10129
48346
66632
69943
22904
5544
20763
702
22059
16852
23832
7477
15480
20847
703
36970
34229
8036
15521
43148
25033
48540
709
66381
24594
35031
29594
24131
7516
72227
58345
51610
62459
19178
46730
22196
25461
3241
69799
16061
45034
55612
36115
69443
22584
9646
12473
14449
38851
20317
61589
6057
710
73514
39540
76439
28876
65587
40374
46308
67851
75748
9207
4087
24723
50118
63755
40229
49144
58471
38145
46426
11708
58422
48676
59156
7381
71613
18229
31722
14222
20327
711
75556
25380
64624
12195
57387
55542
68601
713
19550
61289
16826
39707
57666
50225
54437
76063
715
35643
30917
49870
33770
25526
14762
48317
32306
35776
48218
35065
77347
4879
717
4406
28103
2119
79583
19527
38965
35670
73264
25210
4902
44488
17757
62711
29478
79210
718
48794
45864
67799
1322
11092
55989
23630
32500
9205
55331
71108
51524
6391
54166
60175
58265
23461
4460
76278
62144
34502
55110
21239
6934
56501
76066
54523
72440
62580
62612
23608
79226
28036
17343
18140
25046
50890
6189
29906
8225
76190
719
45207
42681
39981
49622
38679
78195
79990
6871
72697
65919
4742
45048
18786
55349
18336
66119
23657
76876
13139
50534
36289
45667
59609
20727
13083
32272
49576
62636
43667
33558
73084
54744
38066
52441
56687
12201
39750
29970
45364
25093
720
62293
23453
42117
3973
61243
27599
70566
72264
66447
45202
35190
727
46425
70787
72400
24503
8213
62295
64346
26087
46637
67069
58775
26858
57669
31381
37253
65805
1636
72104
59324
5629
41677
37333
23033
65234
22525
44697
40611
26617
74351
30782
7188
59209
39093
9373
729
8481
7307
77528
34633
731
72380
1912
27730
65655
65432
18497
47252
53126
3498
39698
46297
55793
28625
4582
13279
15478
13214
732
31434
37189
10172
60974
10601
40863
33113
29798
32939
77304
26653
68376
19832
3972
69619
16582
13919
5958
901
29912
45781
70699
22098
45819
12907
26353
63399
15385
30098
43113
5644
23786
58067
57347
50434
4216
27851
76871
12696
733
42017
8837
52101
37388
78013
53463
6439
41076
22825
59243
43640
1689
76928
37755
76859
30954
1518
66368
41264
65608
75809
4932
43469
52872
37672
45015
63128
31575
62129
34449
25072
48124
38768
50939
33899
10905
48997
48470
6667
29020
67612
57140
33798
56326
29415
53936
76138
63249
60358
18484
73800
49530
38305
22762
59999
17408
12792
68148
27219
10896
42518
5298
36838
17031
52422
43020
31285
61529
78746
21352
734
62985
10011
19538
58806
19408
76185
66348
47028
51847
60420
35111
79794
24794
33727
38440
46390
49190
35400
19539
74291
63093
56051
53411
18778
27995
63708
64226
66085
24726
53320
3984
1640
55116
39714
79654
31724
43625
69685
23285
19383
25900
28317
47907
60325
78847
735
45333
67183
17303
57803
70556
26214
69069
15731
14664
62405
24889
1051
49448
64611
77685
4078
25351
45585
75895
2491
12483
66505
37990
18344
738
10468
36339
34545
77159
26521
69946
51688
65351
22071
60450
60547
43126
71206
39063
52216
741
20004
77762
43150
8175
56244
63300
78409
14155
5472
69862
27858
79051
14349
42342
11863
69965
78021
66850
33603
59816
51723
742
18926
30840
52320
20414
30684
1042
42914
23542
49919
79020
14991
34200
745
76064
77677
28053
37827
34517
73938
22425
36028
28298
59084
65533
39293
59302
72886
60600
50942
11319
2899
9144
27802
46002
68539
22054
68312
46715
17945
42228
46240
47553
41717
6212
76397
65575
51926
3863
40798
54487
3340
16518
60557
16594
17839
28885
48847
60802
78248
20116
51607
8311
44392
68788
70004
55597
18760
63756
58546
1667
67034
65905
746
10199
9627
55081
67272
43207
28728
45332
38698
11942
21733
22121
63354
51128
68555
44713
60365
33049
4642
77186
69826
59159
30053
79418
26329
27122
47703
49363
747
9014
9755
28743
13367
78185
22658
749
68682
74134
75610
20332
69535
57723
70437
10147
53724
53957
26261
24984
27510
75074
1255
10098
75800
750
60178
30055
48788
19163
15125
21243
38107
39095
40010
29494
34776
42492
77241
21079
27479
25604
78106
62845
40687
751
49022
52279
42819
16823
71148
759
46942
23958
54053
51418
58461
66393
57230
57451
25875
61928
3822
15715
43039
37288
12103
79635
70409
56887
43357
2521
36505
60245
13529
25948
13689
23434
63369
31805
10514
31218
53647
73192
70202
41703
37064
76076
1473
760
10998
14729
19660
52267
76406
761
5475
39930
53318
20995
12953
46983
33570
44057
25550
69080
4999
42044
26040
25111
21851
16874
31362
28925
762
7572
24778
74617
50526
72633
77540
39238
49180
38103
60105
50983
33253
51372
15082
77309
20010
68366
31437
24547
40168
27197
25428
8712
9253
48432
11196
763
57813
2440
8682
13771
56958
37595
32295
72003
74212
65783
1671
32227
62952
764
2596
48345
765
7719
28120
15549
766
32151
78779
37341
767
12358
58115
55941
5723
55637
62195
6182
76150
40185
68966
57765
37475
78762
33563
1837
36576
65415
72066
72084
72216
774
75156
48035
74807
52082
63887
13561
9681
43802
41137
66511
51024
10261
3673
3959
23095
65082
1850
14919
15817
6375
19181
79913
12606
39977
33749
48398
775
44958
776
50730
29256
8039
52403
22113
8145
77814
69146
62679
39109
44610
43302
778
25896
35898
63350
69730
63665
9829
23444
17431
30125
77944
35507
780
62244
41093
22962
33213
73526
35853
6211
77238
28199
65211
1465
781
35593
35066
34867
73657
55534
22522
45169
75383
73857
42766
18457
77448
55563
45839
22585
56627
15766
78520
41165
13345
56568
5466
68532
1641
66809
32158
25783
2222
17406
3125
58983
27113
22983
13231
65177
53974
782
17221
36151
8070
13685
63480
49515
78010
41819
35484
60636
53067
6613
22954
47833
47456
32214
33172
35641
64886
35308
76907
73018
20470
1715
76717
28564
62759
783
36872
63004
37285
3101
47958
51188
69841
47127
9231
789
60760
55872
49037
792
33280
2182
77689
25126
945
27776
28249
69718
47257
37654
33001
30244
51489
65350
15224
67832
59533
77318
58350
793
12343
794
14256
59371
35802
66595
66744
29218
34964
39049
795
41155
58409
36977
11307
78855
31269
52453
4374
37471
37144
9445
77667
21554
28506
6390
20581
28458
26628
20421
47212
78331
45943
22736
28901
54866
18106
24877
63523
29479
24592
51899
21240
47403
3559
3417
20947
29760
75528
64340
796
49480
18615
34872
28440
27885
61023
9497
35357
26405
51466
69079
9799
33733
15034
48836
47573
52854
76073
26790
67336
57979
43179
77515
27622
70006
65366
13972
32753
57474
63973
29012
58555
17802
47612
46639
48423
68177
29476
55828
46934
65849
46987
43013
17829
67350
31803
39787
58850
30452
69528
33431
43097
68953
54597
39307
19148
24699
73598
77726
44773
57134
73285
49894
9543
20266
25721
24899
58323
30279
24063
982
63652
9317
799
60679
59259
10554
24506
15828
24758
61802
24672
17337
68246
69989
64950
20265
30746
15022
27469
1705
70379
41083
41389
68603
14901
55928
10888
43309
14060
73001
71860
57077
7544
44737
54903
69365
807
55912
44326
5734
22376
808
1725
19655
25908
809
2076
7179
52249
72062
32022
39464
50112
65062
16132
42377
16371
31010
50584
79146
19927
44934
71053
52104
42391
25141
1030
63641
21528
59239
70996
812
48628
52128
30277
68368
52816
13589
56795
53112
30611
39224
49394
66659
60041
813
63884
19953
64076
57100
24204
30471
3780
67723
56263
40815
29288
76196
17768
30364
61066
79720
72260
70822
13228
48982
31747
44792
72408
29238
44195
26855
57940
47029
21267
66760
37088
43544
28491
12665
70500
2331
63234
38287
34609
21801
18159
53273
34890
75085
21664
20730
75485
35042
40629
57535
43940
21821
45610
34234
44091
64597
21900
13749
814
77486
1916
63958
37207
41100
71200
49806
5518
13205
21694
13504
51288
21571
74607
18199
36770
35178
75565
52005
79151
34562
64690
67513
54256
65426
50572
51174
27643
9027
38582
49208
815
52580
48114
76626
51478
51580
47795
41010
38728
2929
58439
34453
1555
22567
8995
7232
40996
11734
54320
74100
35595
45811
819
1829
41963
5957
70277
39346
25878
70107
46185
47224
9541
17926
68390
62374
77710
1365
24258
56037
75209
11077
61290
61556
1319
22257
54439
43831
71092
11603
26939
64485
73221
53388
24101
56158
24341
55431
12821
65033
32550
44463
4893
52654
78340
75715
35051
5204
41478
45529
4586
13412
52109
34327
7877
50209
68835
37621
23845
60115
77398
28516
49396
3168
70453
73259
71589
10802
68124
34090
79972
37914
43271
28933
1193
69053
45840
40222
68139
19069
44940
62080
43639
65368
32759
49251
71396
53258
54589
30681
45528
49930
28234
78902
4598
42207
22111
53219
922
2827
14233
76616
24278
823
60277
40186
3611
58880
73627
65810
44263
38630
31979
9222
8058
32805
21006
38041
14344
75794
15490
44902
49132
24053
71225
824
68632
16182
22855
10921
51543
32716
62246
18219
75070
825
75885
77565
29201
19944
826
828
33688
65577
54718
55498
1735
55270
38212
1581
34764
29973
60720
26983
58734
59587
50907
45193
13002
69417
55483
7079
36229
63902
46874
41635
50441
50746
33259
66329
77836
53947
43430
47274
57617
42608
58450
3889
23554
57131
42096
29366
20502
33340
65529
35880
17638
22957
36710
58886
829
5866
15030
15995
14241
69542
3492
75593
53663
65833
34197
9804
59998
74736
830
13881
44250
37443
32118
43353
54552
47901
2904
14710
37836
55880
68874
57996
39281
831
51563
1088
26838
47209
65394
49485
55969
28052
38900
52012
27150
73719
59786
11223
836
73080
47020
76947
837
17421
79528
68983
16935
15005
840
843
50882
11445
66083
55208
21129
77419
42419
25771
54090
36455
9525
55245
31223
66056
2038
73503
64332
11145
54920
67451
844
28276
10632
15553
52593
60866
31893
39971
8987
77290
43682
7628
12237
22035
68644
27441
29572
49016
14741
9724
845
10816
20657
34901
43032
37918
26598
48326
79255
6385
3154
59273
6801
26583
846
53654
24932
79533
40019
69772
16067
22548
32664
33822
21197
57939
71055
75704
46289
60440
64998
6079
19386
24985
75237
46182
16491
13032
66866
73334
75655
71178
31352
58282
54372
76436
77353
847
57659
26236
44996
64455
75339
53298
72252
36322
7927
41721
59549
50646
7276
41013
17646
26596
10471
3957
56615
48087
28662
74342
70117
62671
74228
40492
68905
61407
43337
61421
5761
11625
35321
72398
41115
10675
47402
56120
2294
64358
77194
36738
59108
35075
31020
15623
10200
64677
38710
13978
69156
4531
24406
72673
26017
37192
39475
11745
38485
50436
24980
55173
59820
17941
28008
79530
17349
9315
50344
43427
22120
32737
51591
44534
30968
36517
27361
76551
38336
29161
3112
3846
22860
65143
66476
18904
38935
10355
71593
10026
71140
48686
2084
23429
65115
52819
18547
33605
64870
54491
44099
25491
18938
7525
851
12964
72874
3779
32426
32215
6429
22427
38925
854
9421
2026
36312
8525
47444
57840
39736
6632
20996
15590
78666
68284
9703
60779
24983
20624
10819
49416
73732
36830
49349
6850
12188
64003
18889
5621
55288
29333
77807
20012
42773
855
53785
36575
51093
49812
35476
16513
7454
19220
70586
43644
856
12455
25307
72149
7998
857
859
48132
861
10963
51555
71203
37702
38519
65003
7617
51831
11176
6962
33992
49546
71603
11195
61162
28932
66464
62465
38290
64587
63513
862
62327
3626
863
13190
35406
4495
27861
37383
30491
3994
75738
19923
68520
24470
63814
46177
27678
65096
63101
18524
869
10590
28290
8732
43541
68049
27505
49541
78074
32092
79705
25297
55528
53888
32791
74471
61832
870
78981
71448
872
69105
28742
41098
9138
54233
31112
37726
873
62727
11116
69974
38996
74430
48999
15827
55162
3638
28166
51833
62061
8660
9449
18892
32433
26851
45215
17304
53872
66575
55978
51287
66763
37835
54678
12218
21811
79002
27654
63316
61530
25919
10264
41035
55402
49203
39161
33682
25302
77043
42093
77076
57542
60997
49436
50098
34773
30504
8391
29700
5464
37829
19879
9357
31981
42777
16666
45000
39234
19474
23263
874
46933
39657
9824
76010
34770
25195
1233
29408
15452
3263
10325
39289
25237
28595
50764
27384
12391
23499
12146
6974
36314
60613
7795
52281
1831
15304
18657
45375
76296
16869
27539
34759
51865
47367
45051
7529
52608
29461
7367
55324
75387
24026
79165
38432
39551
61487
58691
52532
61561
56830
39343
30275
20166
25510
65065
7282
65106
77605
41362
28677
75238
65538
58840
63319
52235
59649
11228
72171
65787
11537
41202
4765
25533
58164
77563
58509
22346
78999
48522
25502
78233
22488
31030
59797
79301
32117
8678
46970
875
62427
62400
72458
39990
53976
4214
23078
11181
2114
47249
55881
42949
59995
60220
78609
3654
75542
9989
53558
56507
48778
876
6820
9026
60018
3792
22741
33825
55095
19974
37368
19061
60946
65959
8395
1338
35703
21755
48445
79818
27431
72441
19108
64625
76861
36403
31289
64121
31906
56539
12772
48487
68121
67627
13217
68285
28492
23177
52581
19571
42762
29843
47543
8681
59160
68727
51844
49356
25651
30772
74184
31403
60602
24350
33141
60934
79130
49865
71338
878
15550
22969
79259
879
21525
22215
16444
9099
34214
75157
74691
9816
39143
1367
30101
3144
75045
19451
61305
6721
25804
44805
42832
13196
33517
887
62779
21608
39658
78996
67880
69428
48245
39141
49197
22218
38021
53138
16679
16029
51645
32836
17847
40071
52181
46583
59580
61991
888
32633
18966
58796
76838
67823
58325
20329
19795
65384
35690
32440
19625
20647
63777
35286
13098
72191
17178
13311
17391
20207
79892
66535
79479
5970
48746
68809
76103
64563
68787
72153
3725
44341
20639
20516
51869
73662
64775
58314
46148
19540
56395
79039
6294
28406
30744
1397
38327
12724
46918
56002
75828
41973
78303
73510
54656
13033
76846
55586
33970
71088
60907
38374
889
9013
7975
25511
62430
19641
27062
28791
22560
48484
30167
26416
76594
27723
75384
62625
59558
6985
33426
33301
62776
50814
69812
65233
14978
15489
62110
64440
77786
13669
41974
27447
891
37481
71291
27864
13047
73049
6112
63400
22475
38772
49539
77080
76058
56825
892
37575
47685
64509
33595
24298
26708
42735
64714
33349
45181
894
25925
69432
8280
74901
26493
66828
77927
33940
28973
14215
33750
27141
11677
54404
59679
61293
65864
72625
48368
56983
9397
57211
2824
23555
22763
33466
42553
4410
5848
49767
44440
8059
70633
45053
22943
25106
4196
13441
13814
44689
1419
37268
57075
49044
14274
15066
20424
36610
34602
28532
29747
48328
3277
78968
12468
40052
11414
54422
21083
50756
64085
2381
77753
72626
1267
54283
15180
938
45427
20794
48011
65983
59579
77676
55281
60885
45491
35115
61624
32483
895
43664
55801
19614
61391
39773
46117
76920
48926
33436
69357
55780
29154
64844
53399
902
60446
13321
43778
2452
8968
19245
1035
38968
56247
15591
57169
40502
77876
47254
1450
13542
903
32087
904
34271
28136
13050
75210
49597
47617
71848
28836
37302
34119
55379
29209
5974
70752
6839
57544
7131
61575
66572
22100
54328
34095
906
44859
7593
77205
22951
78909
61767
52949
71707
70692
11246
39080
19341
24442
11475
27098
34636
17139
5778
47032
907
57652
50962
28888
29541
44254
20287
26138
6511
30554
908
2152
56612
55194
55900
68198
45734
20630
7828
11739
30232
13480
55963
909
43561
7086
73312
54715
10226
79253
35571
42637
74217
74599
10582
6087
64532
69676
45242
60171
7421
65497
60042
59638
51267
72708
54668
30044
45786
18446
5802
52603
2553
31558
26619
910
9559
45014
74843
10853
18038
50123
25494
911
39424
64308
56214
35128
1406
19897
4793
38003
11009
65585
29116
22452
43531
35518
73331
13339
65239
59527
917
33306
49229
78519
17513
920
15752
56573
76908
69354
7675
58871
24279
5950
28614
19000
28226
67357
49288
78107
27044
40277
77303
50381
11743
47626
59751
14858
58189
39829
51671
61224
38339
79809
39318
60698
27560
3166
54774
19862
21940
12714
63903
34855
17095
50466
54471
17394
47947
43593
79099
9753
1129
24141
55672
5081
13130
3018
55076
49250
50473
25097
7901
70084
45540
71844
36148
18555
923
12296
30422
78344
50214
10486
42068
11852
78408
14281
11309
36298
21327
17324
26374
11542
78454
4267
77780
47233
42982
924
49849
14345
15219
1714
64549
2265
48800
67179
66536
46180
47494
39355
30618
15592
21876
28897
66142
48331
65780
41740
25341
64699
9381
49371
62211
13009
62488
73322
6171
6217
37752
37221
18812
19208
68794
926
48363
25128
67177
927
17400
51310
52904
32491
937
42761
72757
66376
18733
36836
68095
15890
8508
37967
11005
40637
69176
18937
6137
6117
37808
45926
56013
74360
29671
28996
13129
55514
20950
78137
66724
59130
77880
53685
55693
7573
25808
31307
28013
66996
14998
50525
22938
33971
44930
61145
1132
11703
46171
65592
10745
61787
7069
24422
11552
65773
26424
17539
40417
69766
78086
20882
52177
76994
44228
25313
31606
41834
11581
939
9356
1704
8893
42603
50036
72923
31160
70402
78692
62870
51702
6788
61763
58578
55782
18678
42698
67465
56261
34871
20505
11675
1207
72131
55337
21398
51257
43234
73855
30770
41924
4443
49218
73992
940
49286
36330
64239
59331
38426
16762
63876
44627
17651
26248
29925
25738
46260
10181
48364
37195
54463
3423
49193
27816
33095
77430
3505
64054
74051
9093
37460
10714
17193
79399
941
45707
25897
54692
58897
64020
23723
15866
28889
58586
66677
71213
4872
49404
46411
5865
8437
31466
942
37704
58985
29838
48920
47661
38135
35996
35081
13974
9130
29110
41046
66218
8807
70246
1374
56170
43757
4005
65454
58393
6318
1765
49345
943
63702
47044
951
39878
50170
16390
1211
58909
48351
11861
952
75623
66198
38952
1371
62534
47994
61721
37500
61777
44571
42454
16742
56389
30423
72489
28299
61990
21157
60451
33508
13253
16118
18947
56410
37734
23846
73862
16376
5043
13187
76471
66446
47478
18807
21175
78057
64361
31200
25844
954
70667
955
11208
15078
66226
70374
23030
2699
43386
62103
44736
68119
35078
44426
38308
77453
958
66841
38313
36938
40919
67097
41537
54667
10278
2759
66246
32199
57834
39816
17197
26747
35693
36825
52066
56202
21350
38060
34413
5082
959
66459
54376
10981
1971
1475
44489
39731
48872
24553
22437
46278
968
48173
969
1174
68645
33368
64878
65627
10472
22172
9191
27109
6394
65095
48409
51578
77380
45756
972
57445
46692
76329
78485
33266
52826
61266
68839
29046
31259
59512
56228
50709
23048
973
60718
43740
70868
76121
68310
4904
17035
39642
31121
48419
42389
59680
21255
12307
77819
62186
9522
14778
974
11268
41464
63878
77805
4320
61731
31689
65624
9726
31988
20091
975
48414
9720
17494
65540
77757
74275
39219
67159
66323
32033
67218
68034
69075
72295
41048
53370
76746
3676
43450
63351
57018
10244
10565
75742
77067
45690
33446
983
66617
75523
35797
15802
1766
12661
40924
74016
20732
52008
71444
78374
29754
11996
1847
67508
30276
23841
58626
67976
32828
59177
77046
70454
63498
46515
47880
33521
79061
74115
53372
985
52974
45771
34073
40340
68757
68673
66259
32050
21594
9426
18251
59256
68552
68062
34676
38488
55847
987
40000
15626
57905
33128
12434
61737
41864
72043
48942
20920
58311
28365
33544
25047
19724
988
25608
76996
40593
38868
61876
22017
64696
18613
27383
22262
35495
41025
71771
77641
10867
29328
57048
989
61336
10651
63758
13094
53720
71274
990
69879
41546
44910
15176
10627
31666
73572
64649
991
15209
27743
58474
34728
53533
46151
68485
22853
16995
16472
20731
48116
55615
40941
44281
37427
7029
45112
58763
58812
26426
21161
49814
7291
21402
35027
57196
64812
50298
75479
28419
41880
63478
1337
14889
15315
41059
31114
32492
997
13748
12064
68131
43348
39177
69638
8868
11431
17751
49249
67942
33629
47548
1540
76957
54978
12076
28645
66650
1002
40651
29230
14650
71499
34015
78598
19175
39898
7096
25564
62730
4187
27959
74933
78124
26314
18185
21867
28555
11736
42745
36584
11365
52263
76235
28186
43486
67398
2177
78219
29220
66209
35482
65802
77654
68714
71128
59749
75163
77208
29473
71222
60615
59332
4732
44877
34096
53079
79854
19803
62428
30460
53734
14917
34450
46031
74941
74557
28919
74282
74229
47174
56433
62718
47707
67720
75305
30023
29086
1003
36482
60955
55160
41123
35944
72904
14934
48246
71059
74320
31816
49366
61682
5284
26368
18035
26902
15691
22645
79200
36758
64130
35364
79880
1176
23079
67867
79082
15288
67076
58657
77969
31471
34503
27624
31430
70869
46531
23141
77802
41066
10844
51814
19991
67175
77242
2003
7988
49688
7931
59214
8348
1004
59272
17947
27336
64831
53690
3814
37496
43575
59441
24491
35298
30866
33346
47614
32568
31195
68875
1005
1012
74233
16599
17562
63322
12475
14606
72648
1015
13176
46273
65910
68387
52272
23066
9873
17674
54786
67572
18602
76315
40153
72835
22804
25090
1168
8210
23620
60202
67795
2718
48769
68530
4886
20894
48935
29994
79437
35198
1016
64320
70150
8870
38345
42837
2613
77754
14625
22839
73769
42859
35300
37417
18762
77454
1017
19332
61459
3378
76506
69047
4997
73967
60964
1860
41410
16565
7954
78155
26125
22279
30682
77178
11782
22048
12886
26610
7448
63309
54251
30104
20204
1019
1020
72824
27527
77577
79447
36252
11234
75229
20211
15382
7237
62555
1021
6471
26874
15262
16828
23694
75507
36776
75524
61137
76866
40535
22842
7731
34471
37177
57952
34937
66262
59421
48494
6744
72682
40802
58041
17030
31632
37262
19089
23270
9124
18330
11783
46252
43897
24819
61751
16678
72075
73546
20088
43656
26208
77795
58236
38030
16639
16648
8603
48902
72663
5061
12629
23302
21590
15912
75000
51368
4823
60646
16832
35500
71776
17716
53256
28074
67690
79446
30726
9837
44371
79091
65287
68105
15397
77158
41414
64256
39814
31441
24866
53862
67385
59097
15290
78153
43824
47534
56360
42089
7233
35896
49181
48910
2934
12221
41592
6043
53944
65847
49910
14806
13832
64650
45049
53164
31255
26778
55607
61329
79272
7112
41121
71764
46680
75178
68922
57314
68155
39912
25884
7564
12238
67671
6105
29227
53237
72471
3222
61647
30712
50567
37594
1022
44822
7254
37228
59226
62644
64869
75310
58475
27404
12035
1977
41399
36474
33624
79144
59802
54061
17797
34542
15345
48102
79414
33347
72215
44106
69490
64350
64971
61954
57397
17242
1031
31731
77362
4786
41937
30819
19844
33687
15991
46276
35597
11454
51111
42644
14485
39267
25700
28638
19593
59881
1034
31266
79845
63863
1036
10448
67540
58867
37412
36566
59157
3850
27186
31929
25818
24357
42081
27503
50081
74183
11844
53658
72537
64816
34577
78522
52630
48459
17695
33735
8627
55926
18174
47241
61913
78310
17917
54710
38730
75381
45130
48061
64327
70172
1037
20216
67249
78840
58717
16732
77620
19706
33524
11845
17990
73926
47655
43688
56006
79160
55079
70318
1038
26080
46841
2792
53609
1039
54290
73142
33565
6505
31491
1046
31954
12993
64978
5514
50667
20558
52961
14986
1049
58579
57046
34536
70426
40362
12133
48092
1422
22038
29069
61719
12019
65290
19114
57525
18343
51526
40791
51541
66897
18218
73098
52323
30421
25338
18034
15250
22180
43147
1050
67541
28964
7778
72936
70628
18890
44358
17640
50114
59844
52795
76086
7814
22925
67687
13352
47509
53095
79743
63936
21058
76532
38719
10669
1613
55730
8364
37172
61164
48611
42247
25889
49102
7724
65119
35390
44620
55719
4647
59246
39532
2050
26204
77094
16289
31679
53170
61028
72907
52647
38234
38116
14841
33930
67897
12262
55869
35496
54745
64423
25633
22124
16713
77764
53519
22864
16123
25159
59369
46191
34552
17222
60787
53651
31227
58000
21497
52059
18004
11649
57624
58953
50475
5250
38106
1052
51320
1054
6156
1055
58754
12290
71064
75188
68219
51944
28630
43958
65502
10133
50005
61782
1057
70070
52567
72976
49002
11834
1426
60231
62452
12148
1058
77610
18100
39401
4697
44284
24397
2036
23700
1272
67772
1064
49564
24714
77766
3786
2503
58520
59305
44581
20441
30900
33857
8652
21189
1066
23433
25701
1191
52347
1067
22214
24469
7667
29160
70921
34744
21489
15457
56630
46435
40276
6012
25596
3843
67638
1076
43939
72198
6762
27194
4520
67875
34295
43883
72670
63039
17412
36244
41462
60391
63689
60983
65001
31636
68427
19177
75428
41512
58068
78841
1068
66369
31980
31991
22076
17305
19044
18392
54852
43193
19324
16320
34695
47878
29064
1070
39337
67227
1071
59547
60008
29650
64291
14552
22776
63566
5770
61642
14129
72425
67791
61206
10914
73368
66111
25364
30723
26704
38054
37510
44876
77471
73621
49763
38792
69776
66672
75862
37708
5047
57174
61017
23237
64536
25163
31911
8981
60597
27578
10592
43432
61801
42135
26275
55412
78183
63276
23622
56421
58836
64748
1072
67378
11751
38697
3445
10251
35719
64823
37035
32724
16337
1077
53402
15131
11403
8925
73594
55701
7508
1558
22968
79056
40182
69521
56117
50591
51540
16603
48700
12517
1078
75322
55031
45366
1080
39367
76534
62251
78780
23799
33540
30270
1081
30008
8553
37293
1083
15440
11467
41881
17449
1085
64552
24398
26071
64313
36130
16137
39883
49788
69938
39726
14943
71019
39560
42134
10331
71483
41270
34858
56302
1087
37512
38716
23215
68885
58982
42965
64197
69912
70960
27860
21419
2604
50075
51803
34847
37797
7175
64222
64602
4626
32125
47288
73299
70738
33208
42282
1095
33494
74554
16093
23564
3912
67404
59639
1099
24268
43755
71305
34001
57239
50888
14390
23616
77259
65992
50926
18342
8274
61401
6460
41065
43006
15228
51029
25575
60658
71307
2439
39732
1100
11991
27891
13472
23465
67768
22436
60949
38373
25277
70949
8874
1843
79719
69221
4199
1108
49926
22202
2684
59992
31372
37782
67129
67205
34416
66743
54952
24179
66551
51208
69945
8651
28343
28581
5529
47649
41705
30601
39400
77547
1109
29752
63939
61596
13849
21095
58601
76438
40201
9122
21882
44087
36372
29660
52713
44913
38759
11802
28710
19331
20477
1110
77337
15013
1111
17579
58406
47670
11241
46641
5772
69775
44831
74744
66166
27818
18409
76136
1112
24121
72547
45924
21114
44277
26476
34613
31834
75141
17317
20184
16410
58223
14996
2733
1115
67655
50133
79575
75319
2483
71735
44559
12470
22134
67445
66230
68484
69833
42768
53235
22991
23344
21866
28310
1257
23376
69132
10930
79747
4631
26935
1116
31131
46598
7255
26984
43805
56892
10043
18759
77606
2760
32055
45507
31382
66756
14868
46702
66235
49074
62965
13239
53873
1991
44949
39314
1117
48284
59943
12404
48884
18899
3574
50937
63891
1118
14246
21963
53850
50997
51667
77956
7317
6774
29946
6090
57273
18332
8084
56197
19643
32319
77613
60388
29978
78215
73145
69469
28119
27679
24696
57830
30940
36583
10620
54808
10358
62231
59172
61067
1119
57412
69751
34926
61158
47561
13203
73786
37416
13416
67656
38743
73113
25759
52631
39321
54216
51043
11676
1706
65302
28682
70075
25927
34307
56999
71007
35734
31192
65931
29114
64890
37076
51799
19670
2865
58774
78906
9371
43858
71356
1123
21699
58141
53607
30362
62499
55224
9383
55521
1125
10102
30836
36873
14058
69355
1130
21465
25751
30936
76426
76713
26411
49168
53973
67871
74131
72714
26605
51625
42551
1133
69859
65689
69757
48279
64905
52026
15227
71610
59546
43816
27753
62905
48449
16185
6504
12951
1134
77274
18296
75370
43766
52154
11909
33697
6285
71172
40546
72472
58270
18137
52555
30147
1135
78193
72409
34650
48953
31723
31881
75732
1145
62615
61906
3270
41144
45868
74236
74815
21027
36941
49672
44712
4988
2890
45555
33476
56905
42073
78491
42026
76153
7301
59482
38967
58274
23272
41047
39193
50483
67032
48972
1140
4811
15608
75367
27592
15476
3078
50331
4091
27562
9750
1144
47656
37000
30910
67078
25493
51912
63721
71606
79673
26333
54702
66418
18518
14775
38521
25400
72598
21559
9446
68452
43015
51198
7626
23178
45806
9994
46797
37736
42169
12360
50343
74726
48088
35879
66074
30808
30735
1146
76293
58155
68525
16366
6346
54975
72008
63047
26857
46102
22328
7798
49939
69546
11929
26730
39868
37439
1148
15640
62829
31715
6283
57466
44950
22278
66297
69962
68897
44618
67256
19915
49896
39085
27993
75878
32317
36696
9622
69576
64067
14431
43811
56358
24646
56823
42315
55481
53553
7113
48805
20398
19586
5407
1149
70458
1150
68860
12807
15729
57654
55853
31960
64603
3448
59476
35509
27314
64259
57032
34629
27367
32013
79277
68292
78357
32654
19692
17182
53452
1546
21923
67751
45865
37775
69308
19047
60001
26677
1151
51299
26923
46376
3519
39900
46823
17458
51383
62412
66467
1154
26604
75883
30784
60491
64484
4595
68117
62573
29742
7784
20359
8441
25398
50457
75615
76189
12366
76712
69556
4813
67043
61313
63541
6389
31084
50619
72229
60181
26792
16330
37339
1158
68038
10282
54761
38622
3586
22327
61951
2826
45161
44472
40396
71346
66370
34222
7076
11562
76494
79032
59573
8787
65274
40184
79610
16248
71190
56706
22824
58739
42977
58875
1159
41175
28059
26150
77708
13288
1160
30551
78588
57447
13804
79445
1161
39146
1163
27144
68836
5247
48469
25689
25606
5869
68454
9983
8823
62334
68919
57787
71908
50294
76191
58709
14903
40297
51271
32679
22479
34644
47699
57548
11337
60144
3223
31788
48623
16385
61160
20709
8420
14780
53254
13558
64142
35163
50581
15589
75906
19371
58742
3771
67783
61136
8336
74074
37745
23031
51059
1256
48899
4687
26723
64299
5856
6747
60985
47769
65099
23390
68986
18044
1630
63630
58132
3363
58440
3625
36189
30875
1165
24930
23402
8897
6776
11044
14393
76652
20576
68118
4315
52168
15992
60977
24525
1167
20512
63287
24246
43082
3325
25099
45097
51913
45003
7588
55592
48967
42615
30679
49094
57759
19078
7283
72825
7404
38569
33022
73183
16231
73081
62434
17401
12825
5973
73130
61582
8929
17310
33913
49524
32777
16467
41454
15543
19666
19183
37689
28167
70000
58149
1900
61655
28464
39359
37266
30344
1171
13481
1177
24519
46671
30118
36748
7259
17929
73698
24809
69077
74719
68008
17784
24969
78136
54922
21178
20405
72934
50286
13097
1178
24125
26456
57354
19457
58824
35384
31290
20536
67367
26892
24439
61463
1180
10328
49162
73477
4106
3880
14891
8745
48649
1182
62745
69195
68165
66326
69348
66668
8006
79346
13960
56136
30458
13007
11076
26061
34586
46062
1183
34296
30141
44297
53839
21431
46840
47972
9079
4806
2423
25947
1190
51991
46142
46923
4709
32874
56186
45879
15884
8618
41750
46246
51050
19618
53400
1301
70597
74024
23158
9608
64140
52759
4363
12152
60798
23911
34894
10836
77733
75002
52921
48733
1194
61048
6054
42156
77659
15080
56301
66614
76413
60054
46643
42871
61707
44273
76592
13801
61861
54759
78283
39800
37021
37290
48900
38040
50999
29802
59169
50269
39739
66643
19939
34967
13802
63068
30778
37549
40325
5187
59102
20836
9806
3761
57687
74523
32474
45067
36427
62778
73688
1195
64989
11932
25492
55233
20373
63194
22181
44376
1196
38005
75413
73611
35213
25402
12077
66158
8246
73579
59806
53213
77656
51350
12508
49766
22074
17795
15401
74759
11515
31176
51183
26856
68146
6138
40588
18668
29574
44964
69765
28860
1198
37684
13415
57579
51652
16949
71896
1199
8597
9513
30888
47944
1204
61807
36332
51470
39735
42998
45157
73753
1205
25300
1208
57819
20152
9679
65638
39606
10326
77095
28432
8829
39137
6874
1209
13768
70841
24189
4194
67558
44801
29740
19592
42978
53635
57425
41749
70241
70054
1417
5481
14808
34340
6280
21404
48530
19351
5225
35252
4501
5628
51036
35510
67474
68778
21177
3710
29846
61973
38612
54171
77797
78972
73520
4924
30789
34601
1210
32884
11062
19028
38311
1212
51410
33753
71804
67028
20284
35868
79320
42283
36502
50121
31197
68303
1214
28954
1215
65867
67274
74042
33157
62585
1220
44246
39257
35864
70943
75771
31898
51877
6136
46746
49778
52937
1223
17668
61979
49527
68209
41844
54391
44076
13691
10283
1225
4812
66839
64049
11832
34731
14988
1226
24039
49768
56039
1608
17821
64681
38024
56429
3668
37366
70809
15938
37773
13764
2433
23372
1227
20428
17279
38088
20334
79267
71504
27034
66292
34646
56865
46508
7846
34435
71890
23944
1229
46186
58394
65635
2523
46027
46665
56413
74132
27605
74793
66276
1231
24742
71576
49944
30492
19127
50195
55568
53201
47342
1239
67074
35513
22077
68899
74662
53764
67099
58772
67801
36713
60612
26397
17482
23882
74268
57498
71986
75849
32827
57818
14387
44071
1240
10647
1242
24554
21897
23003
42860
69993
7383
14341
77531
47054
72809
1243
32132
34396
79801
3430
16710
66068
55067
8600
3293
20369
16037
47466
25768
53039
46292
20617
58086
1245
45999
45718
14302
8101
47176
42328
15705
6754
39418
78960
78269
25419
39734
28524
8715
57565
1874
49875
31239
1246
44586
51786
79625
62086
19145
2957
1247
11882
56019
47644
10812
1249
69707
72763
64225
19689
1250
1258
54543
1253
14276
58651
26915
44660
63883
5220
30991
46523
38069
25209
51067
40759
64941
42108
79917
15719
75220
11521
28847
33732
28951
47904
3304
16393
76935
65462
59451
48476
68348
78424
52430
8228
67533
19548
56203
36118
13110
2390
48491
66711
19865
1260
3911
61356
53927
7014
30935
8519
16814
38741
20552
13854
25683
35908
78459
40154
31737
76101
25151
10969
4103
10575
70585
35982
1261
64855
28813
40063
46990
74335
70130
63636
41426
41809
19186
41810
3205
45065
76921
61318
48842
36686
8193
2984
28826
39059
31139
75450
12812
74088
45676
22265
76170
48311
56541
52638
49556
28014
4437
14171
6588
32212
49803
29320
58057
16378
30339
17261
25187
35141
4262
57660
77189
52824
65117
18454
38469
1262
27163
1263
13626
1268
44504
57695
67660
57815
5073
19956
53939
58538
49675
64492
1269
46059
47106
74842
61479
47262
15417
78127
72034
72674
56837
1274
44424
77709
48366
21999
57097
62900
23044
6011
38413
34883
8417
77289
1276
10408
19463
35544
23163
78370
46694
69097
39613
20811
63026
12815
73046
46269
19892
22899
75260
1277
53064
2019
42052
34919
47412
22204
78133
3729
43668
44163
11180
60463
1278
20786
69734
36691
62395
33574
28342
37729
52639
77734
72379
18348
11593
1866
18071
10482
6984
6271
58855
12316
18989
50838
17267
79512
12556
74410
38606
39300
31604
4744
16331
56475
72870
79546
43548
48072
11626
49282
20645
42578
60339
21507
14451
4698
1279
19225
41471
44677
38708
27266
23707
78146
51452
50302
77423
10855
60820
42522
58919
68197
31332
23866
54812
61978
52728
54003
12524
7758
20839
16247
73152
19674
1287
41706
24288
25742
25043
56468
32841
13609
56310
7316
3862
21469
45270
49608
1288
23056
26643
66906
22487
4858
1289
19659
76265
42618
12106
29837
31951
74440
31752
69924
73035
37194
5992
18597
49379
19809
11451
1524
30340
7257
29729
34088
50183
13449
68301
63916
44153
6679
69715
1709
22504
40794
31990
51175
21127
6600
52378
71791
14708
1291
56171
61930
20792
25328
74056
66503
21081
20138
21719
67654
8779
11559
62197
4507
44035
29178
74695
25977
30602
49498
11240
68040
55220
50485
1292
33419
42811
60296
54454
73563
46591
39688
6139
29306
78614
3236
48108
9906
74953
39973
5238
26732
18550
36602
31829
15767
25117
64590
65092
2575
6172
46762
18986
61564
75405
54295
8327
16088
22799
63020
30997
19987
38011
65622
19889
8371
49051
30806
19845
54884
75536
48970
2234
17588
1293
33164
73864
28181
28330
22199
39637
38647
10924
1294
74870
9871
9708
44227
1295
71605
50598
9574
76726
49682
20779
11389
57106
27501
35272
18995
11984
77617
50366
57436
75334
9066
37395
27271
12369
22679
56660
41139
11999
39264
33608
21314
79727
3229
3834
14630
69944
66466
13582
34973
42782
49697
12519
51793
71753
36019
54519
31901
12681
73839
1298
51632
43696
17869
61269
23721
14334
21405
21269
64667
69434
66941
5567
79411
34220
60179
40109
22333
77169
13806
45293
44760
2297
29015
74425
53304
24476
35431
29352
47919
14894
61399
77251
73392
76631
76072
59007
62443
33438
10002
27222
37267
77286
19610
11690
8468
66600
26473
16262
74232
32808
9975
37163
10713
36291
31225
14717
60087
19768
73318
2071
64236
59178
27066
1306
4682
43859
74469
26399
12762
35832
24202
40552
78810
29144
56922
46358
54209
16420
46374
29888
60376
57845
38487
65019
11373
21589
35138
59676
60437
1307
10349
50577
11370
49209
6875
79221
75175
78034
8486
41720
50675
73545
43267
52945
79768
17688
8537
52806
5060
12922
69988
33910
69666
18107
73903
1308
51857
72720
1309
38517
39322
54107
1768
77372
43515
20108
56708
26305
14085
59477
46388
44564
41492
6476
23223
69894
68903
37578
41543
56183
21689
15738
51646
1310
25076
72419
35787
12350
14733
17319
12009
45060
44631
1311
31233
15307
78218
46971
72332
62236
62938
52204
64454
15128
1314
13943
67192
27094
46409
7950
3757
74964
35350
29174
51797
39721
1318
11504
73340
50100
71756
43285
21011
16282
46197
13223
74701
2686
49833
29053
31448
68423
11095
5933
33942
71743
51887
77549
15017
10526
31453
5929
68994
58885
25336
10148
38168
10949
76249
43049
72475
34705
47181
22250
54647
16953
1323
24973
78343
1324
5690
50678
45594
57883
50973
3653
73703
62309
1325
46876
60725
65723
11683
59792
63346
44441
25255
75576
54644
1370
45304
11194
78501
2042
23037
36008
75645
41977
58379
71195
10139
1326
9175
28584
13509
57995
59401
20264
1327
54612
66818
57110
75648
6978
39200
61609
43867
23441
36634
1339
30651
34984
52856
31032
13290
69311
46284
72232
40983
20549
28269
51259
58271
77790
1340
26135
26380
79817
43257
20939
68171
51177
33686
79162
30411
72566
36922
56718
4600
45448
22064
20053
38117
40092
46079
8917
54957
1341
69659
73396
79878
72474
1342
69078
35847
20535
34304
11412
61214
28978
34433
14886
27642
2133
44157
53728
19796
7653
39369
60868
1343
64555
23537
12699
1352
41397
72548
41870
9945
53156
75679
30119
79331
71548
26569
1353
29961
37179
54244
66199
23490
67542
51623
34693
18363
58556
41453
54009
78654
63103
48041
47017
34267
13255
43991
56930
6553
38651
52601
47719
43622
76835
30096
38726
25161
10056
1930
70923
5855
78404
73277
44706
46560
13756
62678
16969
8892
14981
52885
60561
5892
13565
28024
57380
1355
69529
23334
72231
28009
38299
1699
61891
58573
56151
50934
44474
31736
79871
21306
67769
12727
60531
43833
70790
67911
73752
12026
57938
75158
51592
49513
4923
44442
1356
28559
36985
77221
22618
35753
24248
13538
20762
52616
48635
69951
61212
25306
79017
64265
43930
26110
32231
69784
65482
46624
39065
33836
14871
66146
16311
35206
41530
21776
8158
42114
54337
31041
30378
51135
52240
6025
34342
21979
78635
19607
12544
45061
28201
78631
72619
11377
31561
68808
40200
31164
33029
30584
1357
70734
40831
66179
67266
36009
40312
77791
31244
23818
63587
5937
69657
30588
27873
56072
43379
45859
45607
2848
38953
58890
5832
40446
51929
53495
6040
21532
52818
2611
77285
7247
58472
64618
3146
52825
79308
10616
29109
63086
42216
75389
72069
8281
67815
14251
25252
27443
68824
53545
1358
5873
29245
17612
66220
40617
21158
74844
26258
45966
72493
19566
9313
22407
67756
20532
4173
64105
68554
22889
38852
6160
52217
25227
39881
53216
1359
39118
77196
1369
44291
27849
6569
3275
60497
16800
28633
64972
13473
23318
52318
23062
33221
56653
21895
38084
25529
38797
43699
14050
62967
20125
14927
13805
31354
50474
62536
18374
5369
58378
23624
7061
5573
7017
53958
57603
66223
37707
1372
6082
64830
20092
41090
62071
59202
73744
50401
61485
1373
4024
9768
1375
55460
42760
76940
3118
75063
1383
16903
53559
40370
42552
19686
76082
70341
77794
1385
28373
47912
44109
9735
74888
16577
5037
45046
65353
21880
43832
42532
7837
59770
54732
22640
1561
25101
57608
11848
67812
26972
56655
69541
2237
11516
34909
31039
35224
25289
25512
58904
25821
77624
55717
2969
74577
32955
72094
33175
29984
71302
30100
8347
68309
47633
23173
8839
46020
71363
65222
38121
1389
69441
68629
38181
25958
19524
26422
50810
4143
31175
45254
68666
77690
1391
60570
26107
26877
13619
54844
22505
71566
1400
36384
57424
66444
51699
6491
65238
25020
73017
58777
10196
51047
49636
16634
60465
42054
29292
30666
75791
8940
39033
37771
39869
1402
24242
53771
76040
50166
75030
54232
75411
49611
58469
28837
68738
19016
66255
1405
72968
34274
12302
79398
54184
22310
68168
71873
61148
49146
78029
25198
51734
21558
1407
38346
1410
40331
41038
38599
4871
13510
31653
12794
51509
20984
76938
53146
17384
23717
33244
58791
39975
38058
45791
31097
19093
16006
19902
8203
17064
73914
49624
39480
22766
77307
4040
25177
58666
52356
53895
74053
25305
6070
6245
61175
69577
38493
28586
15773
6034
69265
46832
64902
45597
79715
23063
69805
3411
32825
50938
64693
12319
12491
1414
74009
72436
60214
68942
23637
2442
1416
13700
66679
15628
5560
1418
11500
21014
42062
17544
32812
11939
79455
68318
76414
23672
39622
11385
60409
51352
49413
47227
66086
15633
32391
35327
38553
49907
2941
63159
22886
2907
28148
39577
35050
28635
31334
32607
79222
17133
62868
65093
68943
19500
47332
27393
5352
1420
71590
58158
22155
69788
35255
15242
68585
31236
8258
77000
50789
38975
3159
63859
19588
41133
1421
1629
73622
52350
24108
19382
34968
7535
50472
30511
44292
72134
56779
31934
69392
70073
67645
1423
73027
22982
14796
53193
13429
46121
60357
40025
30314
49465
1424
59146
12567
72700
15754
64044
26536
40358
54990
57489
8113
65077
23827
56943
31457
76217
61595
14372
11491
30873
3831
34845
25715
27045
50632
42168
58544
17693
51397
76242
40577
17635
10077
40472
66387
42166
38194
27020
8785
39511
14346
20708
20990
77078
74836
52801
41002
15068
1425
45322
22747
31989
18977
55601
2562
22058
11774
25739
27272
21568
34550
44040
23165
1430
15170
21873
26750
53590
39705
1431
79033
77042
18806
1433
58093
55723
70932
20601
15368
26970
27925
20515
52498
39545
75560
74869
71012
59567
28076
37532
38439
58971
21781
58792
1434
51812
26981
46010
44751
13356
47011
8334
2846
46357
66263
24372
56710
41629
25726
68404
33561
6752
66642
50149
1435
41764
54694
72439
32990
51405
30786
18562
55123
56822
46445
31240
21142
57304
59835
44499
14407
4325
1436
34026
75575
42970
12377
2479
71913
48987
1437
12765
60355
72770
74295
8003
42139
17769
53418
37544
72048
14968
71452
1438
45880
10584
24513
25098
32293
45413
1439
70422
37748
68780
8774
68393
3036
37693
66178
38133
49100
32988
1451
1452
49226
64468
62951
44698
70538
67437
77228
18263
14117
51490
47653
25014
27394
62765
77566
53173
39717
69508
52649
25499
64963
58010
33255
34135
38930
74396
1453
60459
14870
67186
21992
54748
21725
47271
53535
30750
16808
76649
72506
24266
76590
5563
4908
27795
54629
21062
56727
46867
24736
48094
27252
12935
20797
32652
49657
1454
10067
4493
26900
12579
15204
54870
35145
63340
27116
1455
73666
64108
61727
17507
40322
77100
27321
1464
1468
63239
61016
10622
54594
72233
7972
60203
41420
22905
2915
31107
5083
41428
50080
77366
24938
50248
60620
18055
65625
68535
8424
27831
9702
63851
1470
46375
5693
53627
9402
59208
5465
45624
39209
27628
1471
34040
16987
30775
41097
50884
15969
20029
2347
54726
62461
1477
47897
1479
70711
22183
1480
66997
35062
26230
79400
5636
1483
56078
1486
74960
74467
14252
23734
3540
47515
50629
62141
1487
44131
32171
36473
13031
62169
44202
35866
1492
43050
49887
21752
70836
20537
56483
54313
66710
27647
75055
1496
31913
1497
20170
78166
44427
1499
76266
53186
17880
45832
4485
59918
61810
4466
60182
42665
26834
13895
36744
47850
4074
26039
20567
27018
32851
17814
40410
61448
79142
47476
45809
40659
46839
53525
19253
1500
46271
16168
11191
22378
3993
38115
29822
57614
19004
71095
60467
1501
5474
29250
11214
79943
57145
1502
66258
62297
16681
39889
46949
43978
71536
60393
34772
78663
74244
14125
21983
17786
4731
6443
13578
1503
37691
28217
28278
34217
60014
27093
60488
28198
2372
39561
59252
68132
59687
31435
53051
5095
10218
17942
78089
62145
57264
1504
41501
67702
3774
41583
78649
1511
9240
63910
14102
73612
45636
43459
57873
28776
6528
35307
72391
30395
53125
49961
74937
35352
71809
35469
64088
28376
76967
28857
60801
15475
27332
75437
78668
30522
7033
21784
12863
25481
60541
58043
12543
9399
23000
4133
70764
12810
61908
57575
28859
49815
12153
16023
69102
55275
69411
2644
1512
62136
7499
56697
23049
38102
14335
67930
1513
43225
64585
17820
18187
78984
35304
1514
34859
24872
62770
1515
23815
76395
51041
53782
71754
66482
71106
27787
45583
19903
1517
1519
45133
49111
1604
49341
19443
43606
43812
13022
5482
26326
1528
13541
40088
62920
59780
57203
45556
1529
3892
47541
25548
46748
15384
1531
40643
49316
41480
57210
26086
2391
33699
26181
19771
11668
75779
50928
46077
1532
65430
20554
75240
54072
35154
27405
65017
78126
66391
37261
36199
17914
34436
25978
1533
20636
8411
73811
32537
69954
50468
60853
23464
38922
1534
37981
56207
26203
23477
69352
1535
18913
8552
7657
1541
25292
76370
49704
29987
60681
5752
1543
69898
1547
29143
67280
44391
57597
72265
6743
47884
43965
55704
67321
55230
74323
11912
56643
38937
56221
73276
79105
3032
1549
51565
78125
33696
75817
20009
49830
40713
26290
28965
26359
45028
4064
41696
6713
70665
1550
50946
5184
72213
49671
21042
44869
25444
9306
57628
12154
49668
60898
77370
42396
57395
57534
29460
1551
76104
20093
26871
36888
36443
78394
34925
40467
32947
49246
1557
9774
73942
17419
24656
39893
14500
63592
45674
65578
4601
17801
30136
54088
14277
62803
46772
1559
19434
77149
1560
1565
52666
19779
34329
29371
51335
53818
47731
43258
32378
42714
1566
66084
1567
9686
71083
60839
16668
14890
22922
79035
37722
26731
76251
22168
68559
72006
73369
11372
22340
11979
69131
7623
56089
34674
18637
43672
7818
50862
1578
65892
64986
30957
1580
20467
15675
38907
13417
77735
33091
38620
75926
33674
75415
34897
1583
3783
5268
65162
24040
27826
52681
50795
32236
15788
7002
14957
23414
68088
35511
43587
61035
7678
70891
60489
73467
14438
67206
46188
11332
29605
39048
50602
1591
48654
50924
36357
11047
2186
2779
29450
36201
1593
27223
73033
4901
25946
28749
65968
22643
77702
59432
66093
1594
71260
79701
41246
39452
1596
59170
50788
46456
79588
15947
4891
12505
34656
43993
74446
30952
38118
56751
38865
32312
22163
7289
56280
31884
77175
51511
24473
35813
54708
24312
32625
53963
42309
66079
44169
34877
18258
26123
28042
61294
79853
71526
19040
43865
66022
62757
77246
10377
33797
73840
47666
63687
43610
1675
48855
76269
19213
43371
48286
3357
18847
11961
55939
42077
40202
72014
31469
58104
28367
55740
59217
41913
13646
67579
19805
13803
78475
3613
26679
10515
61708
47899
52652
33761
66581
59862
31460
3375
39708
4456
72061
34301
13001
42950
76678
71564
27832
23991
69782
27239
54525
6894
31230
71366
59819
58893
13715
21835
48646
65703
16373
18060
59517
52120
56694
65210
71026
68680
12970
48798
33432
64860
69574
6404
71514
16652
73206
5234
26231
1597
37596
47606
37069
1598
70850
23197
75928
61888
41114
12927
1599
79562
25299
6808
11509
42841
31605
70440
69099
22370
47093
1606
1609
46156
1610
30397
59468
59660
59277
6503
24667
75947
13831
70528
16257
15707
38380
37173
31062
67424
5327
42886
22040
1612
48897
3520
66780
36147
46361
28185
55784
22390
50134
76231
30028
42300
38604
70768
11913
38998
36477
56375
62712
15093
78191
42954
11946
56618
24441
1614
21077
21751
50977
75144
2887
42403
71498
57885
59711
14967
41986
46921
17619
34298
76218
1615
1619
71101
21842
13732
65207
30794
57957
24155
13357
6686
77272
12135
2517
16970
58964
32443
71418
76025
52531
1622
74856
58153
42343
59031
70140
33523
64329
41166
63670
10522
16929
70168
70026
52573
75832
78727
69157
58984
59465
73838
42999
46363
1623
67971
60849
24036
63640
79073
40039
25242
7738
13131
10873
11032
44018
64742
74234
1625
14494
74011
55609
7722
11983
31132
75886
69853
77629
42537
18364
41465
67031
12324
47143
15927
60007
11707
66559
30978
1626
70967
10906
61946
73659
62203
44979
16046
1627
41017
66682
11075
78545
30263
1631
1634
26334
1638
58408
1642
79867
57552
10723
44883
6682
48796
59354
1643
23448
1644
1645
33511
1646
32023
7191
37860
41162
68853
12596
69301
11155
70221
20541
37870
2694
1647
15685
62062
70489
72678
15246
43789
4217
53204
51069
48736
37115
78152
36490
51665
24170
69848
47105
33313
46519
8632
6840
30663
51593
3879
4006
76203
71003
13492
48923
37784
65706
77287
47968
29336
19157
32313
1652
63700
33410
19156
10505
76909
1654
13554
41282
45017
12472
37855
7053
1655
42363
69094
1656
39719
54427
66465
20425
15305
22389
52474
58887
59790
45974
59963
50976
20659
19962
64676
7723
49694
8277
79894
69827
51032
74583
42279
1659
4979
55315
1660
60194
1661
12856
57066
68715
48517
8125
9420
58020
53496
75509
4568
75805
1662
72361
68657
28503
27160
61198
69230
17284
43414
16706
60889
8694
52039
6124
4808
33256
63204
24600
43663
43752
22681
52233
71510
61353
66080
30534
79211
78583
5194
60825
49328
41910
42856
29104
12297
79981
2873
76603
1663
63284
34667
62793
78235
38613
55735
6255
51546
14853
72866
27401
4632
1670
54620
20812
39463
1673
10904
36215
39533
20835
58276
36175
65666
18128
66954
3128
64849
53356
75525
46232
15171
70214
64342
1676
58006
45785
16584
27001
77239
46392
62710
7318
35525
49340
36674
53662
27212
50738
19972
45700
56134
26378
66102
32944
68349
54252
72807
8320
13006
3465
21861
26504
25228
1677
38826
46877
59288
29690
26237
1678
62607
23430
63997
58377
6064
74013
12855
58715
1679
59337
65090
52609
60950
55018
76099
17050
55712
58047
1688
41897
58027
15781
66967
6299
64923
45911
63343
57199
48505
53317
41535
27534
30407
27365
40164
36092
71469
1690
7334
2310
30702
1692
45498
15603
5685
38085
59530
10974
1693
52308
16395
48661
73224
32148
29866
29089
71790
1694
67556
62270
17101
37926
69778
1695
47758
12054
14133
75128
32589
3192
1696
77893
60310
10944
35798
58522
49495
60862
63230
36041
42214
10405
60655
23388
64828
69499
32338
29018
46668
68107
66527
5758
42875
74956
58016
72025
75014
2989
21192
47871
58853
32505
74530
22056
10072
8184
10487
38101
2627
26680
64551
8164
1974
57371
19252
25462
39931
65020
45110
54638
56404
9764
1697
68777
1708
16038
66671
1711
5623
56243
55819
48525
1718
30070
33594
47593
76378
70127
9378
67302
33813
1720
54722
68331
3866
1721
19806
9004
75956
65004
44310
68356
19867
27870
12462
59167
16517
25848
14590
46238
66984
40042
18232
63724
3511
1724
53083
65900
45615
1726
45098
6428
1727
56315
42398
78154
31186
8686
23842
62373
59811
64791
42172
58212
50570
67794
31524
61426
60110
21672
41400
14477
66190
21764
46709
72284
1733
34281
56578
10017
50586
1734
47122
14229
76126
1736
47807
33609
59353
70664
17642
72397
14518
38476
1738
24518
27876
18198
32905
74086
17382
38335
50168
79430
41957
66570
26128
54092
56734
34299
6161
21130
51916
1739
59496
5256
72956
75443
68196
37543
37639
74060
62088
15958
20056
69065
1742
43799
61789
68042
29636
66649
46527
28417
44170
34478
65045
60940
75911
59698
70733
21265
70166
16280
76917
16675
40441
62330
17207
1743
36107
2244
39258
34156
22900
69141
51480
51785
64721
60819
46697
47817
55463
26985
78031
1753
16421
13056
42791
75142
48119
31732
56886
77512
47998
31400
12950
1754
11630
24840
50618
77336
33579
32879
26285
59276
30162
13836
1756
32541
72217
13872
64629
13684
7385
63000
35192
29049
57661
14748
38459
14373
13068
79717
76503
43525
22739
16119
1757
61498
15197
12341
78375
15846
76113
41172
75630
1758
42213
35951
6433
72186
59672
67699
46451
29019
15724
33437
68873
7122
72954
1759
20245
35211
9131
1761
49393
42732
1762
27575
7859
67531
47145
1767
68965
11960
61285
63522
13355
21245
78262
45351
64449
33335
15166
56232
51855
74859
67559
28695
35689
66143
14041
24570
17803
79998
10517
62749
44843
28093
37162
1770
16443
63240
27127
12564
61187
40868
37879
1771
78078
22112
60219
64764
78514
66366
74285
11997
1772
60344
16952
76009
59608
31853
79461
12682
71723
19128
1773
41224
11853
70590
42514
20114
29560
63419
3736
44328
63396
68506
1774
42457
12087
19352
3115
7974
43051
9847
68218
75077
12783
78812
1775
24617
15945
74581
27319
1783
28152
38669
12552
20382
6508
79597
30675
70957
1785
45300
7397
55272
47681
54573
70060
23899
44266
51976
38776
51293
19416
5530
1786
61205
28115
26058
65147
39439
61965
25139
8716
10365
37386
19900
52392
72292
49719
11894
67567
59151
25288
39459
60526
23175
63447
1787
76356
24293
1789
36981
5012
52063
42973
63225
74528
70934
28360
1790
48523
50329
30962
72279
74990
59415
36046
55779
46726
40409
7384
71563
54699
40138
4425
28029
1791
52907
28370
6425
8429
74267
69340
1795
64136
47531
55868
17592
23367
30598
56434
44338
6023
1881
27784
41990
48664
66441
21676
55995
61390
33309
59287
8127
12313
4492
73677
11465
18346
29641
71815
51513
2343
35912
40841
76319
30095
44649
24187
70509
55209
28827
15525
1798
69509
24909
1799
58247
1802
2218
17215
51653
66434
43925
22444
42407
61821
32667
37917
8464
42889
50360
21097
76709
1805
34537
72168
32086
35208
36806
3302
63258
48975
42346
34400
30858
47163
69404
1806
33430
58407
30171
74904
71741
65977
21351
1807
48052
54024
1809
27138
12450
18215
28455
33786
1810
56065
14118
70561
56248
16877
53224
52089
22608
12551
32332
56977
51853
2010
58550
10397
32930
51767
51694
74871
55170
6971
66285
57530
9517
27400
16205
71209
76013
77257
10943
1814
75882
44013
69837
79729
32026
50587
17622
45335
1819
45494
30731
22971
42715
46593
52487
45524
8518
76696
1820
5143
1821
27895
65194
1822
33197
27750
70511
62442
37226
3305
39192
60378
27863
4491
52884
47629
25635
31399
17608
42087
1823
30824
38430
72118
79543
76555
37006
20826
1827
2563
51901
6574
9850
77014
67527
23445
12232
66310
49373
71339
38558
27484
47630
37899
15627
76923
15518
27577
47291
35451
1834
64391
22238
19166
13790
7248
72838
68571
35694
17855
33782
2901
8194
74443
37087
15450
48220
38994
1835
27324
21896
2598
34149
17054
21856
29169
31675
76774
54055
71745
42433
66616
17725
63951
64393
22130
17572
5921
38576
53505
20693
52365
62503
39666
44184
35960
58390
37191
73404
21176
8185
1836
11013
63584
20139
13016
11492
37992
25466
20005
66033
23131
37257
53339
12934
16186
71477
42497
74734
42370
33099
57941
60248
13880
58858
47581
14180
45860
63285
6411
69263
61438
46492
26234
48977
4935
29673
6921
55527
61591
40744
63367
21512
68185
67855
1838
24919
27396
45381
6858
75638
18012
70568
5689
25963
44255
22110
68935
1839
38425
1844
40539
9546
1846
1848
1849
66695
79547
1851
38002
34683
49175
27304
45566
69662
1852
79075
2791
69234
44645
10013
38869
13401
21576
15074
57647
50845
51222
74931
78138
57577
1853
62521
48453
2203
1854
60938
21067
27947
60809
79791
1855
73166
19965
8459
3086
42601
1861
23640
60910
1867
1868
25922
25784
68076
75065
66346
67993
40026
72110
24454
45753
28091
61340
10106
77592
35639
43636
33106
16312
31451
13206
69113
32369
5340
32983
27629
2455
1869
31378
35834
7726
4393
77988
57065
46969
1870
66332
71223
43513
64306
35928
24079
60000
37351
3495
1871
13102
1877
14183
30006
75267
2652
58157
3750
76228
3323
50268
45155
54499
20837
53118
8332
29000
33429
47264
48324
79034
31931
57081
31045
72605
76393
15193
77294
4307
63705
21410
48182
45079
25820
1882
11163
43161
38954
53806
43249
73796
1884
55020
43873
57512
59564
22520
33239
61674
7080
18680
53451
49368
11642
70110
79333
79849
51006
68428
36067
68358
1885
68410
13014
13059
1886
1887
51604
72154
55789
25636
73931
73147
62661
15750
52539
11786
72050
39865
47160
1890
48014
27159
1891
25356
14249
15155
63390
40330
67933
57721
62716
1892
33996
1898
1899
54939
74713
41850
72442
60841
1901
11785
25959
55773
4766
36774
47080
32172
7452
73386
1902
45422
1903
16502
41561
13048
14374
69624
73782
75668
63841
74982
9800
44085
25010
31476
71074
52590
55771
29375
11002
49318
32635
10606
64936
76716
24196
72089
70600
43047
46026
14122
1907
4650
73065
1910
40221
19461
18094
1913
53909
19623
8791
1914
78342
37952
43904
60668
79526
1918
51403
2295
16079
64586
31806
57898
5445
58758
48636
63609
1919
38919
7710
34260
77101
73557
52106
65022
19868
25609
78640
14356
13785
44443
75130
52327
13704
35791
70999
33401
69332
19948
6804
34045
79593
16442
56518
27604
9404
1922
36182
27325
1931
75465
37911
59924
61945
38343
60897
49764
6163
54987
2654
19100
26074
37514
5207
31804
44078
16559
14299
61338
33148
39471
41557
67577
1932
11409
44846
41765
71133
28254
65278
46856
1933
66012
15757
76536
56669
1934
6922
39805
26955
19814
35108
17295
46360
4297
1935
72713
40046
52952
74532
76222
1941
59828
13120
10059
29989
30152
28302
78554
18638
63014
34863
14523
55705
78921
1944
14483
1945
21399
75320
71017
77407
52519
76644
79486
35146
78490
52288
65010
79503
12269
1946
8444
25687
46989
28686
30765
39249
65436
74644
8563
35485
2825
22415
36620
63564
14025
37821
31526
59404
65254
23628
64700
77661
6992
71624
67291
40373
71583
15274
66363
1947
43075
34343
42376
2762
35148
26914
47818
54187
40295
1948
76727
52382
1949
79456
35799
52942
69890
3717
1950
60157
37159
61799
19432
64269
64821
70617
66920
75902
59960
65729
1951
51385
12566
18923
1958
78538
43591
49446
67147
3509
1961
10087
23949
66121
14854
71371
61174
67709
2108
20297
43620
10438
38142
14079
1962
9926
31761
20869
1963
26712
11011
21956
62602
41354
10777
41690
24111
24972
18870
51574
61525
18605
1964
60201
19567
41037
68345
44794
1965
60501
18169
23912
49048
40572
38619
1967
9325
41773
12299
9535
73092
72360
53078
8442
1979
31924
59254
59588
12315
39924
1982
64876
39987
57807
43951
33711
42287
67692
50217
67399
16660
24417
64879
38764
40668
62524
43514
6884
50389
69500
76841
1983
65002
40310
64357
40171
31431
32861
35158
78206
6824
46779
53705
66427
47047
42193
47225
41266
11442
77978
46362
9008
67809
32341
55975
1994
35191
79428
39150
1995
44855
55318
45954
30133
26323
7221
5432
27492
1996
10076
30728
35992
2902
45438
9785
32149
5460
43127
1997
78703
70582
32998
60696
67490
1998
61103
51779
54750
32889
1999
16270
60077
63839
71479
33337
8267
12131
5927
15160
68732
27780
70249
71224
35420
35980
70351
76197
2004
59142
2008
30058
2011
16943
78839
35558
24219
38455
34992
67534
47637
37871
2012
75183
7991
24263
60173
36931
5117
48170
12843
40254
40724
6144
5740
42463
77942
54511
66105
30497
59123
70134
10894
40239
50887
18940
43401
6542
44503
72195
36485
59666
56383
53077
46193
67865
15499
31467
10692
50920
29928
57017
2015
57900
2025
9078
45042
42013
2027
45751
27454
2028
66472
49560
21191
2995
32428
31418
35033
25709
25659
2214
41929
23753
60458
18918
58690
27274
17996
70973
54011
10120
34815
45455
22840
3119
17398
78865
49503
18888
6397
78571
68984
2029
78532
56012
10463
79578
29223
60757
37794
12069
54888
73813
20246
2030
61400
33589
39550
35310
2031
19934
57582
70331
28878
65516
63944
20146
8115
2041
44764
27582
79744
49219
31113
2043
43579
10279
60002
4661
30481
56744
2965
56107
40500
59450
7437
6166
19083
8071
47895
68825
2044
10295
14022
20218
20782
50377
4534
2046
69380
35259
21903
16198
15445
6317
33957
52073
2670
41460
19270
54521
63673
30573
55082
43058
74717
55653
5279
58841
29654
2047
51180
71293
44347
33413
49949
75317
47041
48138
30059
71915
60599
62988
40712
19518
43957
4597
66802
17477
62380
18167
31659
10363
62282
72805
16875
75468
57805
14470
21707
53919
70041
22039
79487
8057
56068
3116
49367
53319
11098
57206
29770
22555
25018
24793
31610
67514
27531
34844
70871
51823
45659
2053
27812
42810
53102
58203
57500
59659
73770
30883
64827
50830
41122
47407
55895
75591
14326
30360
40667
42823
20313
23182
16802
7672
58196
54958
72731
2055
32061
10062
79482
75563
12248
24222
9456
43564
29839
44552
72375
65322
28731
60490
22091
47051
21846
77526
52057
2056
76948
60485
36025
70757
14511
2058
43151
44567
30621
16293
64671
2059
2060
32763
51142
45223
51027
4252
70645
13939
44296
19536
8205
8457
46975
21012
47168
23870
78109
11144
70985
74969
53262
2538
61545
55376
62421
60589
37180
37522
18584
9165
34089
33050
34938
4985
2061
6795
2062
70635
2063
29549
13713
15915
46627
2066
5202
9533
69768
19964
36644
41032
58749
3704
36904
10892
41659
36863
36539
20094
22170
3461
34201
26252
60288
77594
74570
76396
16794
48063
14989
42692
19111
3512
41199
74216
27683
20254
6662
62331
2068
79780
64737
57370
31336
48602
34357
30790
69645
74329
37517
64118
2070
2362
63121
76924
43851
42344
39028
19998
2072
5017
50508
5031
70908
16041
62986
2074
62340
15867
56760
62884
64043
42538
55764
30977
18021
43532
42938
5434
61036
78642
21925
2075
24367
44429
76409
46071
43448
2536
22188
33961
24893
66241
24391
54605
35127
51099
2077
79499
72632
59655
72114
46586
2078
74571
4090
74409
46127
9258
2079
21403
62299
21910
3187
38984
51575
56425
2089
59079
28443
50348
48650
2090
78372
63356
64562
40261
64600
53561
55398
24858
55420
27052
65334
51366
51811
38022
9897
72671
62846
24795
21193
16600
48358
3804
4111
61461
42356
30826
58553
46158
54360
47702
62522
13435
57383
2091
53896
73110
22052
19303
67250
9299
35892
2092
19628
67146
16249
78026
47404
2991
42689
42465
66728
2093
25833
2095
7482
66468
72526
54648
60665
77498
13378
24012
2105
69421
43837
19276
44665
20169
60172
33527
43949
15463
49751
31465
2106
31976
71090
44968
2109
34675
25036
44946
18040
27291
30820
33303
5925
34163
39130
20055
9594
11494
46776
2110
17061
2111
2116
7522
21169
31232
57982
77602
63899
6231
2120
33033
23576
25207
77609
39383
70989
20406
25189
37032
46168
58938
63578
50489
75113
44236
60353
78220
40981
78425
14846
51337
10637
16780
14269
2121
2122
46043
8567
71752
12537
73981
2123
9613
2125
6878
32133
12121
25048
43429
31256
54741
41524
55114
26859
59125
73219
57945
28808
62379
22175
15002
39398
2947
67387
32451
67677
18278
19374
2126
63678
2127
30486
22633
79844
57480
54142
64298
66492
7083
57146
17113
59810
63791
61633
39100
24935
72372
46809
58571
59444
25829
73977
12490
56440
6286
26872
60057
63163
55077
39839
58539
70329
77800
35450
61365
2134
50604
49625
2135
25129
78066
2138
76733
12633
59480
8616
64029
3034
36040
66264
2139
17533
10634
6135
41779
2140
41639
13933
19654
29061
22237
47405
3149
28200
13042
11484
8684
2141
30890
19085
23738
73327
26165
25565
2142
2143
64507
55002
77881
76236
18069
14472
44098
55325
22045
44251
9867
73323
39009
64907
52162
11815
78245
74281
30725
46229
53582
62609
68372
61432
2147
44279
6645
26093
46795
16620
3135
23988
49937
74219
37161
52287
9931
54717
18878
20097
58501
68075
6862
15610
68923
61244
67512
2151
58200
61454
2153
32921
2155
2156
59066
66107
75561
6818
3945
11117
46551
11765
57283
45174
45833
76202
46005
75755
2157
38385
32629
7884
2158
11415
54395
12557
23606
11517
13754
27082
73108
43365
3707
46633
56606
15710
29991
37880
24182
76001
8426
46201
2159
2168
6904
71871
26533
56298
58042
34235
16408
63825
66424
2170
3733
38565
23708
30131
31814
55146
79271
56114
16056
50104
2172
8735
8226
72594
39625
24009
36023
54329
37109
17654
24377
61515
29579
28948
64504
2173
24059
44280
38572
62922
67951
78811
57172
60128
77131
12668
20129
53383
64853
62017
28279
67764
41861
37110
10730
70378
15870
2174
17981
54895
11204
51579
3431
53442
37841
2175
78967
11503
33209
79167
11976
25749
11773
2180
55674
2187
2188
58372
67353
9209
26522
2189
8856
2190
15647
4637
67220
25063
7869
19305
56215
58180
73993
67946
9083
2473
32206
33923
29068
26581
39723
79914
54357
39720
54310
12267
62168
61307
40680
42366
8140
2191
5241
29007
45163
64476
2199
47580
42725
34520
2392
62008
55039
17335
59364
57078
77031
10646
71972
40444
2201
38379
33635
21205
35722
2202
45962
6039
70388
20918
2373
52118
67449
70362
2204
4420
78605
21001
76959
16250
69835
55050
2205
32182
31639
37613
11399
69117
5759
37206
40391
26484
15245
5277
79627
49441
50018
44881
28582
17525
38388
49320
57570
45561
71992
24072
23994
59636
37435
62984
2206
70811
17498
2216
32425
2226
26682
58926
4696
36523
43849
7304
4350
79746
70484
65081
11674
51773
19676
2231
11710
2233
22717
73995
75770
58514
56908
4415
34485
2235
63730
39501
69578
77742
34276
21799
53653
6733
17000
7351
2236
43102
41484
46727
2239
2245
56054
72364
11450
35845
3915
2251
36855
17442
2252
27204
43010
47410
73965
72552
77500
77275
66530
23749
12889
37227
32234
28487
75299
74040
13322
25980
50137
70111
64575
2253
30525
25764
21514
21047
31182
47803
59308
74484
2254
2255
53476
18444
41692
66481
33673
2264
16714
2266
53003
8107
57725
2267
42072
53508
4581
73003
55416
40698
27735
75062
2269
12536
27862
36918
55878
78822
2270
4151
58797
2271
56647
24462
20949
51210
38747
18954
21066
14549
46157
42221
69756
24514
13657
62317
27927
42031
52973
52304
18585
25243
74403
30462
26641
76568
37629
26770
41954
69148
5417
46329
8081
24744
68490
6185
36404
41499
36074
72036
37699
4810
55822
18660
61845
44103
25017
74493
47846
36120
2281
26201
70022
74470
48105
53159
79626
3230
44306
38454
44404
75499
38978
56598
57434
35695
74346
2282
2283
60323
21641
64153
62777
30966
2284
66882
21857
54213
36664
24139
2285
27397
12072
50870
19179
66968
46037
30038
63307
53980
2286
32484
6420
7756
56452
31406
3053
71835
3870
77181
59131
77670
53544
29028
67771
14571
20022
2287
71440
34828
56666
62107
28953
22980
2493
36736
2475
16171
53977
25570
16572
30186
9003
42554
43675
15576
22500
12940
31500
2291
75569
28486
54361
32793
22476
13069
32184
51765
60334
35976
53578
67112
65753
26297
32871
44269
36043
17102
62743
22420
20228
21920
43449
58256
28905
2292
52146
28235
34054
8860
42410
2298
25531
7645
20065
34328
44599
28722
63688
2299
25013
70660
10441
60251
49001
70223
68440
77743
17879
58167
10599
33270
73492
23099
67277
21599
46868
5639
76486
74559
60324
41725
74820
45485
28258
39147
2821
50512
7451
18280
3484
40521
16781
59686
77720
34233
50092
17358
5449
79192
79735
68290
29638
77778
49853
2300
10814
4274
2301
56201
62274
7133
51130
33960
2302
69255
69524
20020
30261
2303
70747
7640
60109
2306
18744
2311
72728
59946
39587
10297
41318
54569
64204
54666
38349
58346
12301
26044
20704
57178
62844
67100
2312
40132
12247
30181
6937
42154
36249
14938
30221
58998
42472
36636
46398
73241
14852
67562
31563
2313
41676
2314
2819
8167
53266
65504
30190
49450
2315
56583
14525
48394
15494
58808
52533
67624
13965
74392
6898
62698
35099
34459
29582
68026
20489
2317
24045
2318
63805
5062
63780
16779
8308
50378
19401
36281
48536
28413
4032
79323
54456
11849
25935
2319
27350
26693
14446
43250
24176
61933
59133
29253
70472
4239
19819
18067
55404
13432
44862
71411
39959
48268
2324
60630
61516
9092
67067
75187
2328
74237
54262
24135
49116
2329
50043
2332
41709
61288
19929
70227
22236
71254
46585
2334
58326
63988
59349
2335
15257
50102
67948
8979
51947
15191
2341
60010
2344
41302
8858
39588
72642
22470
76782
38347
20857
54652
10615
75001
2345
52584
31992
34344
44982
44020
78376
44780
61374
64909
8316
26739
68928
23210
18077
41642
2348
62785
31755
34798
78348
2349
36536
2350
76492
62420
35073
4940
50413
56294
26602
56862
38830
49271
2351
31965
27626
60765
27944
27050
75357
2358
9881
22241
43738
75190
67708
57993
70906
2360
54103
55627
55227
21448
60745
6409
28027
19658
75859
40582
54742
53247
33105
7531
37554
43334
14368
4209
62804
10263
22601
74534
72286
28393
15070
58152
25969
13141
53274
2361
17041
75397
6956
79030
56427
2363
52646
50908
76572
68985
78683
18825
5463
18873
34991
43096
2364
40826
72378
41901
18256
59292
2366
2367
29272
51237
67486
25704
18119
52764
51943
4202
18811
49484
41449
27170
2370
73344
5739
2379
36506
4814
49103
49749
2382
2395
18506
64620
69368
2396
63786
65633
30102
2398
79436
39527
66365
62648
74889
13212
21044
2399
64619
44621
2402
66998
2406
10791
2407
48185
46621
2408
48300
24530
39784
18414
74327
49134
57310
37092
72009
23830
24905
34206
12975
2409
8986
33165
40086
51228
51321
13528
49418
5877
3530
72631
20970
6669
52460
46786
55477
36434
41726
73244
62681
2410
7357
57589
75999
9934
5947
68661
75816
2411
11721
64829
79052
6557
78082
6268
78633
52504
55418
6410
49402
70132
45738
40737
57125
60948
48946
67247
78176
2412
71875
79644
2413
13610
2414
69480
24438
13719
64707
25895
26366
34166
52536
22876
48203
3515
16607
20589
10228
18634
64395
16873
63049
14908
73850
2415
54047
55390
2919
3651
51294
22428
13246
34507
63291
45241
33613
2422
53512
64570
2504
10315
37396
16217
31912
43706
21671
10733
57430
33722
13491
29573
38444
78772
4977
21754
19781
19912
4740
2426
2427
37252
24953
70169
31916
39751
20490
10425
8844
47096
45403
19899
36117
2428
19466
12569
37947
25924
32789
15877
36767
21786
57404
76779
11479
8285
2429
48521
20023
66953
19661
57157
31825
29668
54393
73619
8393
50510
72962
14822
31251
7396
32730
53321
25887
70805
2430
27415
18265
30596
42153
10246
38501
42650
71160
55309
53854
71462
35273
26713
5102
28522
2431
72542
14458
8303
31784
22086
79139
27302
54228
35182
9389
33013
3747
53546
63766
51751
2437
51303
2852
25835
7528
44850
45352
4375
68857
2443
50664
50583
65863
17098
67554
27779
50391
74765
8551
59781
59446
73452
2445
75708
21071
19389
60035
18075
24579
65861
28799
2446
9949
26491
48868
64478
2447
13851
63548
34365
62630
10119
2456
49093
9929
64554
28942
39212
56547
75191
61369
68071
15061
40442
40598
11349
2459
15845
37431
41130
79566
27192
2461
76286
70088
43290
58616
16630
5175
35428
18552
22538
34630
11702
48921
43399
14112
31401
29229
26922
21304
2462
68950
3979
37590
6295
71678
60639
67479
68870
38010
71149
64598
78941
60286
63385
68409
52799
8197
9157
56438
79925
57338
53382
59897
71374
8667
12711
47270
2463
25516
9898
73835
12568
2466
67831
73738
40003
10428
73559
59940
24424
38411
62919
42009
58621
28425
27991
8055
31645
16379
35349
59180
31974
22535
35338
71977
2469
53864
35848
21959
8653
69133
53538
3978
63263
24362
28940
59242
2470
12336
61085
2471
54712
79114
75731
4343
27705
50117
43435
11883
14970
35646
2476
18571
60539
45488
63628
7415
57305
16754
38938
70470
78216
41995
30891
62346
67064
79478
13245
77524
31149
19287
75084
2477
9611
18415
7320
13924
33560
23226
2499
32739
22883
8536
24860
13264
13274
75309
2478
78201
61323
2484
55907
38289
27579
41368
73549
2630
31325
2489
2490
39740
21913
13085
22744
62926
45467
56743
9588
47341
6568
2492
2494
6380
74332
47033
36360
56856
4991
2495
2506
21211
47625
27756
17048
75273
3096
73354
3237
42606
56262
6947
62271
2509
47167
54859
2510
2511
33718
2513
68711
42638
11485
59848
15370
65156
68906
71202
52828
49323
48215
25115
51407
52404
12226
19691
2520
26059
56524
22653
14468
78489
40921
46014
50673
17065
38836
57562
18972
10345
13699
49042
17991
79755
5156
24633
53783
2524
68167
6892
74326
63819
62908
37487
29515
5811
63816
27338
48951
72551
57736
2525
45462
37134
62474
53645
78987
65305
37083
63304
2526
45982
75039
72959
70375
21339
36796
74019
40252
46572
11306
2527
69103
38634
2533
5239
8493
17202
15929
56719
77488
63305
33903
20221
64966
42466
32573
6872
60282
77640
23809
46825
65600
69057
74136
70762
16258
44101
54124
61865
22728
42421
11959
60509
50199
79692
10476
49931
43768
2535
62328
71775
79549
74406
25593
13275
28615
6360
62970
17623
54143
12279
35876
32421
76214
71932
30166
42071
57456
22459
62782
14940
64882
75282
21592
51961
47736
2540
45379
66725
19807
57213
50361
75839
40708
8487
45688
53894
77329
4983
50542
5686
21850
2541
55264
16071
38616
29577
17973
49736
45287
72829
54377
27854
16108
2542
56296
8236
20667
2548
13720
49173
66422
2555
70011
58675
2556
9431
12158
70619
78507
14455
19052
17257
58131
7849
46573
24843
12250
2558
59865
45175
39278
6184
40638
23697
19239
24618
73785
67261
48743
11588
23332
13752
25915
12698
61240
15515
23627
2559
37640
20187
2567
68829
22812
43380
77883
74596
12686
2570
13465
9848
2571
10653
67273
63621
5243
12937
2572
24550
21021
2573
74340
13244
49109
78650
54841
47258
67041
14922
2574
52735
57764
32794
3590
68199
52606
32526
34314
2585
2586
52142
7149
30001
45020
79396
69295
33194
65129
57806
58427
21881
17290
65159
18627
4729
63348
37804
61862
54777
27023
2587
29950
66324
30793
69223
32859
46346
32566
2591
35821
46040
2594
6073
28415
60348
12284
59265
65161
31212
2597
61627
71107
2662
52582
52761
31868
71349
69317
42021
53240
44120
79148
34612
20372
76487
31815
79402
52025
61749
13593
61320
61819
71091
18334
43477
66458
60507
5421
51239
2599
72827
2600
66647
11928
45126
22822
24265
49558
78418
43910
61279
69070
60111
43807
62670
70137
66075
23395
25174
34248
68930
2856
76361
2601
45512
33188
12141
32070
75208
33572
74873
17625
2602
6264
76815
37934
23573
75093
9155
40530
2606
8572
58951
78004
47437
46141
58844
22233
25469
61308
37256
57026
73912
66708
57488
35665
70179
64875
22604
40072
17192
38668
22072
54600
64040
26668
13191
27013
52380
2607
20503
49521
78939
24995
2615
14613
52070
8170
41259
17134
25191
23462
48988
72074
50568
38298
58634
20358
37334
23081
6753
78351
63141
53709
2616
32250
6863
43255
3190
76715
75868
14291
5645
44804
78400
47560
3614
55510
68488
14429
58536
54411
41192
12040
2618
29860
30011
29916
2619
54086
27434
63448
39211
2620
9671
44547
3962
2621
54043
28822
31560
38872
14221
46000
69919
2622
76860
23948
18366
40693
9940
21244
43438
41733
45957
52933
18084
13763
31082
76088
67931
49661
50492
30370
68422
4126
30037
43648
10518
18396
44783
2623
60930
75323
52700
2631
41802
52136
10970
13995
30158
33575
56467
34622
34713
75796
66260
55862
62682
70885
65590
8044
41096
8921
62650
6329
73764
2634
55852
51209
34866
70729
2635
70656
62307
52569
63391
2636
3877
2637
32985
7244
26053
29534
54398
79723
61781
63370
32937
30313
28923
72205
53390
53271
46759
44635
58658
52248
73592
10661
13976
68685
20522
77386
69147
59528
3713
64144
32729
51935
26298
73237
27800
61730
54926
76488
53001
2638
38395
35043
37276
2639
53428
66372
2643
30807
51213
70620
45914
26396
2645
6968
2646
43074
41081
14557
45433
57810
51879
11462
12347
3821
53837
2649
60767
38408
10732
70284
2650
26487
41564
48697
56069
71786
56044
77062
2651
76248
13503
2655
24339
77562
79194
73910
44088
16592
60247
48819
10537
26072
11022
54183
37129
27208
36663
10822
38490
58011
2657
4347
47049
53049
74900
14410
40620
22152
24765
22827
28379
4570
23981
69464
50824
22620
11775
2660
25203
44257
70071
27467
32025
67770
65327
18214
2664
27410
2665
76836
74357
18740
58524
46217
27205
69407
58024
2668
14963
70265
2669
61805
2671
47751
2673
62167
30971
39505
10645
21614
76538
2675
31833
16540
52538
40757
33651
73230
51949
41073
61499
65374
25170
5913
42905
9208
17514
37977
2681
54703
11162
36669
52312
56813
25373
2682
17960
17561
75373
65691
78994
26563
51326
2683
77906
54200
60474
18442
33878
5503
23768
16549
29099
40190
35819
57289
62684
33482
7781
71795
56713
72634
68153
24301
2687
70819
43876
20393
2698
78410
16641
31061
26172
24968
40569
61689
30499
38810
69677
55429
2701
70728
74313
2702
4070
19595
59342
2703
45543
20565
71289
24748
2710
2711
2713
15095
22667
56538
70735
2714
18230
35174
16380
28127
4905
72546
4215
56217
7496
63671
55449
36876
75016
62835
69798
4298
18538
29257
14745
56490
17051
3162
58392
8700
9999
66715
24845
9183
56408
27057
64010
29308
9676
72058
64039
49176
2715
58695
2716
46262
56273
72709
25088
3049
43662
67817
32414
17565
2717
22462
8296
77497
16922
38808
74254
4072
59044
31573
2719
76511
15354
21462
2723
22330
11014
45134
2726
47379
15960
2729
50152
54591
78347
15983
15203
14307
49917
68681
2730
38169
50204
56700
50145
21916
30919
2731
58821
24523
76990
26004
25132
70290
14214
14746
14821
31483
71484
2732
4249
61405
36236
79426
32681
50874
36875
53433
63586
17736
27747
20236
55164
58611
33215
62833
27245
79045
2734
33098
60455
49754
4620
38489
65837
40094
50988
74710
58905
36489
69293
61966
76979
11303
42519
59325
33053
51770
32712
44762
59067
16309
75548
28266
3466
16277
2735
68958
11823
2742
19058
60806
63081
2743
50151
33034
49384
75211
62825
2748
48121
71080
64543
40887
2905
2749
65917
25933
30687
14484
20168
73236
25440
24250
10603
46200
2750
8220
2751
38512
15556
47820
25560
46814
41833
67849
42691
23317
64648
53019
60150
2763
75964
24395
56260
53711
71268
2764
59116
75355
2765
51420
78179
69456
52701
57288
3282
68007
2766
28283
39341
61415
35986
44500
31673
11660
41238
75321
21499
68551
20651
50603
39785
52219
71836
60772
66354
2767
72278
20270
9418
6475
12674
61656
77928
43333
33627
19019
74303
17848
68855
19702
53414
48390
50315
2775
2777
8692
2778
2781
23073
29662
26839
2793
30316
2795
37593
2796
73529
48451
26267
62024
77047
36154
65675
56729
29934
61678
2797
2798
50004
69416
4967
37790
21533
11974
38233
42431
76070
2808
63663
31303
3422
30814
43327
9670
79606
49617
19756
25985
38531
60667
36155
61439
71826
67109
65166
25611
46087
48924
9451
16658
23276
16131
74379
44509
33004
2811
65053
13358
75350
72060
40106
27810
51624
42743
5172
67322
57756
10350
17462
74255
34506
67560
64852
65989
19062
52191
79926
45598
72797
37509
24380
14300
70651
56664
11033
73083
52526
73243
65039
40232
12667
66669
2812
14283
25352
76539
2813
40658
41831
2815
29337
49689
24967
13734
8048
38092
53959
27786
8359
51742
33837
62946
64425
32393
40641
10155
52742
16087
28422
17177
74108
66934
18024
24731
44122
21053
2823
34840
62645
6159
51274
54351
69000
16766
49607
10262
7492
73685
11050
3309
76605
7772
28170
15759
15025
18775
32410
5688
24355
50116
36845
2828
68364
56600
68783
45960
19240
77747
74380
6889
2829
36940
23514
2830
2831
8025
2837
27607
42696
40694
2842
68772
62121
3349
2843
31982
58191
68834
76772
15659
34870
2844
32890
77431
79367
67548
76344
36184
78714
25976
12957
2845
57705
2847
46465
41768
55922
47391
64553
23045
50630
79494
24638
33499
60887
2853
33881
32569
6888
60043
64601
40342
36927
2857
9308
10841
10092
59972
13516
76108
51714
16575
40118
67912
43819
28629
20275
39591
21247
15785
36730
40992
11388
52324
10327
33755
2859
4386
71614
10520
72355
43400
6925
25674
61386
21788
47284
2861
24384
33528
2862
29339
21606
13150
20952
17492
22106
2863
63421
58459
29365
2870
48979
63368
60023
68659
39180
63071
31758
2872
57182
26157
52604
15562
61199
15961
42199
8418
73053
43119
2875
46075
33211
27667
20620
2877
43192
23834
73936
40422
22506
2878
79548
71577
2879
54856
31133
8815
3770
28392
6263
78158
47924
21639
49019
2889
64017
35967
10493
2892
77574
30202
54571
13398
10298
74696
43846
57702
52232
13736
8456
44813
28312
57752
5666
33372
12827
71734
24359
60471
66331
10477
2894
12046
31612
2895
45386
54684
66930
21658
31660
2906
13051
45792
11199
42619
2908
43016
58108
40360
31496
68587
15111
16460
60775
29653
58811
59938
18248
55596
15432
13106
65998
40907
6524
41145
38014
8984
41577
33245
57644
71608
2909
27398
19238
26365
29331
48773
36406
65670
74615
17983
29417
2910
66810
2911
37004
48167
60279
3434
32748
24475
2916
46951
10915
4843
9641
8669
24412
10239
35036
8747
29384
2921
79321
66830
9849
38958
73072
17722
62923
15048
74341
46310
69116
76000
33947
22710
2925
33812
34455
2927
43721
9943
11458
16156
57149
59784
43275
74601
54436
9380
36140
50379
46880
10972
72892
23990
73176
12413
2932
51763
18151
54942
40099
47371
54218
40248
17949
64441
59406
21743
49573
79207
16982
49837
58204
25694
8133
22755
32645
69291
47894
79532
2938
61065
11916
42392
18045
43565
23961
62861
72463
29269
64348
73848
76381
46351
2939
45867
2940
65997
31510
7641
21803
54075
2942
58056
69913
2943
54050
45996
70297
10697
50941
2951
78734
46029
47732
46118
2956
62634
46096
25568
45129
52509
19721
77361
72982
27352
31302
69292
32757
64175
7807
75037
45595
45852
38720
42614
18667
20696
4333
17994
48392
40670
45835
55901
60583
2959
77243
33459
34313
31497
38202
37497
56759
57754
20684
2970
13065
2972
3948
13499
60556
44766
73293
19528
78899
25862
2973
2974
51932
2975
60198
2980
8574
8557
46069
15311
37932
48859
42820
63339
2981
64954
58030
17465
47194
2983
71221
36983
36378
47101
47464
51946
77399
36694
58303
44029
8478
14463
69314
62579
44953
52772
79161
60407
56132
56581
53623
2985
76700
2987
59050
2988
37212
53482
49609
57526
41663
65188
79471
53038
57514
18797
61958
47365
12119
25244
2990
41531
51500
53270
52214
42511
57049
2996
37148
11190
48668
2998
34615
5613
51917
2999
37531
10668
68765
24044
30907
31562
34218
67686
22948
51800
33717
21690
62808
14510
3003
4183
73723
3004
60223
53979
15931
13354
76250
68215
33754
31143
21795
55676
3005
76953
27912
62214
30239
3532
24815
3214
19572
70234
23909
61955
38248
18314
25450
55855
60729
9051
3006
3013
37770
46277
20075
26648
30552
78966
16350
13922
59387
76429
11203
3015
76505
75616
34885
3017
32975
3020
3021
40136
78570
9459
69001
30871
78406
40630
41369
68253
32168
47192
9961
67829
22491
54106
16246
3022
66333
59688
8268
33639
35548
3023
3031
44539
37979
30698
67774
3037
9021
50431
9578
64217
71519
3038
28918
3039
3048
32901
3050
50647
63123
61598
58747
71979
48949
40864
16536
3051
54795
15453
41315
59690
76089
50057
5342
8904
8488
71287
3405
39674
78119
28556
73193
70632
27702
74221
79679
64822
24453
77338
24979
79368
45437
38429
3052
35209
25964
3054
72681
25118
62122
3055
34714
3060
61548
11545
17181
64446
54955
40605
29011
8097
62370
65628
38079
65023
73847
47825
55113
51150
69704
17316
3061
42321
55228
13221
28644
3062
27886
47709
3063
8253
12962
20444
4919
27030
28213
21162
25197
69446
27496
22783
65034
60147
46842
60749
26315
3065
19438
32345
62229
25082
55885
28950
50365
3066
5287
72974
72997
70474
40286
30713
28917
38552
46740
78646
35735
53312
38816
9167
75578
10824
3067
43927
68201
76140
62055
53550
30916
15687
25192
30092
3068
45430
15352
77740
25294
10071
38556
76367
69414
3069
39727
12603
79031
76987
72911
50687
3070
28490
3071
47126
18095
15835
32634
22663
61879
66011
34647
36216
45929
63576
53846
22350
43516
9496
5894
55578
29017
9044
26472
17761
41069
39053
11004
3080
9843
5054
52552
21560
62067
50122
66970
35674
35254
34653
19852
24091
77560
71785
4857
50390
14328
3082
33500
3083
14254
3085
27437
3940
14697
3087
3094
66578
63023
4544
45935
20946
14696
50580
10701
75298
3095
63398
38389
21988
58188
9468
57896
32060
8014
55924
52562
43879
5168
10142
68588
5643
29832
3097
38758
53886
16547
6456
79011
59664
38533
48892
76520
3099
3100
55322
64538
9148
3535
71321
3102
37542
21493
3103
43834
64885
4971
32603
5333
3111
7764
23895
5323
53113
17100
43956
3113
23816
3117
72045
38191
41989
26633
3123
79643
11275
8186
3127
46773
54307
76911
19764
65074
25019
5583
3129
58962
3130
36015
43203
29409
36077
75818
54459
7752
3131
20658
45802
3134
23675
30409
42933
76340
78165
51678
17162
28705
12214
10203
30093
55770
3145
62091
43655
18501
29431
29629
38568
69568
77784
77550
8172
17129
11981
11000
16726
28622
41445
61579
67038
71272
8954
69402
6651
15850
48281
20263
7769
66683
16878
3147
67110
23652
79839
25037
16539
53085
3148
8187
14999
14134
3607
20546
63675
26979
18462
11652
48538
46569
54042
50192
34668
21397
68665
79576
61001
9657
46413
77023
69654
69883
55886
11536
31052
67134
30459
3150
51690
62215
8517
66261
3151
75027
57099
14777
64550
10694
45435
39690
29905
11165
73443
52989
61466
9413
46747
57245
66838
3152
33945
61783
63740
10940
68892
47243
22614
69161
12697
50668
60535
43941
7538
74952
74649
15179
74239
39354
46495
51962
4519
69051
19202
48971
70232
36457
3158
17355
37719
3160
56969
30792
41978
23574
50203
4394
3163
25834
12187
65346
12334
71354
59351
29966
27727
66018
49277
73816
77785
3167
3170
3173
53612
3175
74716
75980
5431
19042
8053
11341
61735
25038
66382
37002
60663
55396
58974
63323
69966
5812
16778
72940
21503
3688
26678
68203
15142
3176
47370
31899
39334
55033
25110
38908
73265
28454
27046
62344
12459
69702
38275
69769
54823
18036
79156
20390
71100
53527
36328
17746
65664
37882
25702
29793
64411
3179
31257
29544
36916
66054
19223
71706
27996
40188
4378
48269
48797
65256
35846
52009
31648
53718
24692
12847
70775
34659
69006
16200
54966
35871
19788
3181
38611
32377
76901
54152
11965
75892
4168
36253
22006
24663
42460
6004
44746
61021
34860
70410
3183
3195
67724
50894
3197
4452
34729
59738
31253
3198
36061
76143
69232
48285
65231
3199
40844
12199
62159
67894
23783
37419
6882
62164
61895
64045
17231
54531
35032
10371
8396
67176
3389
25814
3206
79181
5388
3209
60038
63424
30143
48073
9976
14248
58462
3210
3211
38595
49449
3213
31373
24695
74959
5945
42779
77707
24077
61261
35130
65272
7703
13908
17933
12486
3215
72411
68232
30326
21207
17915
12952
35810
77455
26029
52394
47013
49047
43511
22798
62954
3219
28151
70408
3225
37799
3227
77719
48777
21439
32069
66748
45591
3228
40967
32844
64408
26006
14426
22297
35658
17114
3231
54316
18664
31339
45629
4818
10792
27450
3234
69683
59716
44238
79442
34057
12219
3242
7727
38509
11340
21115
46161
12888
75392
21098
48240
33350
43850
47864
56378
3243
54636
50255
12757
45658
33814
26761
63695
7599
68365
3244
59417
62885
3245
62590
3246
3247
74992
44554
3253
65330
56780
58558
74552
3255
12137
32968
67830
68073
3257
3259
67782
4680
20410
77902
58395
14921
3260
49743
24573
3262
74603
74747
42140
46741
3268
15918
36919
63967
56314
19945
4360
3271
76223
30812
7110
16588
37769
31696
46280
11244
18686
26570
53417
24855
63361
21425
42599
74578
33138
5966
18424
29783
9095
41611
45647
3278
21548
36813
54248
18162
76053
7913
3279
54344
11017
3288
70086
43777
75274
3289
47242
44061
40892
70580
36392
47496
59306
34312
41289
3291
73550
66762
77397
20954
3294
39913
3295
24410
26933
3298
60265
55098
11259
16859
78878
16921
48713
39277
17853
3300
24534
43485
59002
6106
58697
64158
44294
3306
31847
3307
57497
34203
28636
71037
64797
46089
70661
15391
13707
28460
32394
3308
37295
53272
48876
36361
70393
55979
50300
49339
57866
43092
3310
34678
59339
79655
65422
59581
71774
20718
76472
19662
3311
59416
3319
63052
32820
18105
40937
37081
3321
57052
10872
53795
17760
45652
33094
3627
77163
3322
67053
4714
3324
35114
76522
75684
23251
65423
43008
20523
3326
3327
63129
7689
23761
45140
55772
3336
59499
13848
77945
76264
7242
49637
35532
3337
69290
79590
74885
76982
65611
60633
5344
7883
48316
8440
67094
34956
79076
15394
19678
8067
52377
34030
39754
72614
22777
74614
5227
23750
57750
26823
52658
38551
50921
68059
31616
71207
40387
7739
62431
55661
31146
3339
60169
23535
68653
58684
65487
26649
3341
20376
3342
52618
3343
46394
35932
15466
36794
4062
3350
75910
62242
6566
62574
26105
47417
77772
41260
60270
57692
65678
29739
21494
52621
59769
72843
66249
64122
66024
14825
14303
75627
44584
56140
3354
40807
14900
29980
34027
3355
4025
3356
17779
15723
43523
37659
3358
53005
37518
66804
3929
52925
3974
50312
77642
51719
16254
72860
24510
44991
32765
32019
52774
26590
26251
79652
70143
58250
3359
61493
15188
13498
50345
5885
53560
3369
3371
19577
62045
78504
3373
32079
63293
27081
29196
17702
44826
15214
7287
58150
3374
55286
4063
7881
17485
77968
39841
31335
35486
54518
33599
46382
66589
36712
3381
13615
3382
79254
25706
68299
29062
11897
37485
10093
34999
41687
36843
3383
11374
16791
14038
23389
3384
42233
21181
6102
48756
47587
8750
23405
3385
9006
23467
57204
8778
22374
22910
31226
5579
48775
7709
18600
13674
22228
76347
13338
3387
3390
4047
3403
40383
5662
75192
32028
43898
79810
39274
23605
9566
76591
77572
26968
15465
3916
5176
3406
3407
50142
44262
60774
31831
3418
47643
18805
64683
3419
72925
23373
27518
3420
20530
45094
55929
3421
4092
3432
72778
11110
30861
66989
34648
3433
70381
17253
19433
36715
14583
36334
74143
3435
61892
74758
61813
73134
69737
60722
3437
39345
5705
3438
13434
21226
22782
8695
13287
10158
52321
67910
55148
21768
32717
3439
3442
61671
57559
18283
72240
69934
43335
55366
3450
3451
41917
19292
55755
3452
25855
10010
20389
20306
60818
14152
21625
76775
31670
77561
3453
40765
3454
34990
76188
8041
23781
66557
3455
10828
34516
67496
41485
13243
36717
3462
41751
59592
20855
3464
36925
22655
3467
3468
11723
7963
3469
13914
48104
55494
38463
3470
74566
29704
13511
3471
38231
11998
13531
7243
30122
57882
52625
21270
8636
24722
55850
66731
31168
77704
3479
71276
64058
3482
75532
55834
13147
65671
21565
53708
63461
23428
77057
72218
45167
32108
3483
8764
66661
3486
53801
63686
26958
3487
8438
70860
57758
3494
11638
37623
52298
3497
69590
55253
43815
66666
3499
53928
76036
62451
66680
68445
38353
9834
3500
3503
3510
32839
7067
44380
68044
63162
11895
59319
8282
59375
65261
14612
15512
24700
32249
23071
62769
49333
3513
3518
9192
3523
4300
71783
54021
3524
43396
17069
22482
29675
13351
27775
37561
26904
65790
40117
73999
62899
47583
3525
30253
3527
31070
3533
7978
54540
62269
3534
61500
3539
9996
3544
14430
31756
23686
18345
76386
8183
7851
64965
78118
31801
61757
3547
48295
3549
3550
3551
47898
3555
10878
36616
3558
75835
49723
16624
63960
35549
45275
31333
28687
39276
34846
70683
43134
45453
36571
35901
57254
49063
63565
15692
19013
52588
71881
3560
61370
64955
56251
77279
13642
39403
30761
35945
3564
4045
75529
3565
35775
38284
20597
49831
33147
17596
30886
3566
3567
14509
67483
70618
3572
48252
3578
75874
60124
35261
8199
65228
30524
63658
30537
41252
35156
45182
40722
57000
37260
69543
37036
39417
72388
43071
62457
39395
54330
75324
62022
27973
3580
3581
62396
41148
29581
29262
58101
10744
48467
3582
52493
59836
73469
13034
54557
16062
3583
11527
44718
56857
53618
31918
11381
50314
16811
37337
72236
63220
12124
9924
50892
79592
64952
52094
3593
74457
3594
62187
39221
14789
46286
73451
27899
72732
3595
41879
6130
70487
68716
24856
79812
9354
3596
23711
63975
3597
49885
40961
42133
33276
3598
33955
29525
22087
29228
64826
74567
54394
13656
3604
7285
55243
69320
52721
62453
77134
55278
30501
38809
75881
57742
13323
3610
53430
71181
50933
3615
53037
42793
64221
12836
16522
73878
68901
34428
3621
78711
75112
69698
59003
40606
30485
46858
74155
3622
47430
15019
3628
41851
45978
79116
38235
17576
55500
48507
26012
38858
37958
60028
3629
8759
37893
68226
30889
64253
67810
33143
19291
45541
9409
55866
32973
6214
26005
44596
57258
36282
3630
37624
14263
39202
71595
45276
5926
74746
45608
63444
4713
57162
32006
3631
51864
43330
6749
51468
71318
67419
3640
3902
57487
73258
61435
12095
68692
42393
65963
15161
74725
33835
70795
8177
29355
77048
6048
74222
71907
70749
17819
16951
46846
3641
15369
68521
34406
32327
53815
31126
73144
29819
6636
9960
68988
49050
40477
42510
19801
49927
52877
54680
33772
58755
42364
3642
62707
3645
68674
42825
78296
29735
38397
22187
22815
34109
60408
3646
3647
50055
10492
3655
44908
68077
3657
50113
9977
7214
38644
11764
63559
45185
50246
25290
52060
12612
37099
54730
34363
30445
3661
29556
4762
41425
41630
3662
79174
19978
19545
55640
39806
21260
42003
71420
18844
13909
58952
33229
26362
29595
17206
17606
27368
49292
49406
29270
3663
74205
24319
26921
3669
5678
3671
3675
60426
3677
30124
54149
71455
65227
3678
67661
3679
52543
34207
39958
32473
40110
31343
3684
22553
48489
77501
21967
39802
23082
3685
34584
48755
42485
14170
36746
3687
49270
3689
23386
3691
71546
67116
71543
3692
77860
45402
3693
79586
31527
25200
3694
41338
65452
36555
41336
40797
3695
37943
56685
17448
71642
38473
3705
73013
67501
32139
64607
58689
29652
76491
3706
24681
17126
3708
31601
59304
64247
50779
59029
18505
28793
39514
25324
3709
52271
44054
46517
39483
75311
3711
43945
14399
69082
3720
75580
9405
7382
27866
6601
29885
42795
75480
72254
3721
26975
71330
18621
3724
63547
74022
28558
49481
22037
10494
71193
73303
58859
59263
21546
37279
3726
30377
79355
21692
73161
3727
62758
15721
51197
33571
26391
10207
3728
68137
21139
53448
18831
34457
6938
3732
17422
27097
62425
66275
38896
10248
5698
5178
44799
78122
3737
38754
51558
77732
77517
42195
60629
7579
25720
6290
44058
13741
22253
56789
59753
26188
3738
42277
51247
3739
18027
62439
3740
9034
77121
56986
65851
17931
10857
3741
3742
29397
22955
7070
52778
9262
31323
29442
51004
78632
71391
3743
50039
48277
52535
3748
12234
3751
15806
45286
26919
50367
71353
18653
68991
67286
15334
21195
52655
25414
12887
12814
44890
67412
3752
7293
56157
24164
3753
67181
3754
26684
3758
74447
75783
50438
28371
34044
20686
6846
49647
64056
68437
61006
50038
15467
17741
39599
77851
58826
53744
67784
77615
76504
47693
4015
3759
16507
70444
30938
54462
10751
6605
34223
78546
43109
35038
65011
67599
3765
53990
3767
3768
29818
3769
44357
74729
24363
41450
64999
62955
79545
6763
18939
46019
40812
60662
27083
41742
15343
29277
26519
3772
7937
76282
12159
5226
21563
18583
17528
48267
3773
9374
39884
68633
36877
73207
3785
7211
23051
19050
3787
3788
15105
8043
5660
69565
63550
16315
3789
40494
8556
64979
53294
3790
29705
53631
3791
23891
59348
46636
70616
33492
77190
39630
52583
3798
46563
33496
17399
13993
28557
40799
47868
51621
4759
46198
65444
3799
16701
25394
60844
61007
27936
35731
31771
50965
76751
44413
12614
58545
22686
55182
4522
34494
74792
17823
3801
29932
58015
45113
63996
69968
66544
65914
68205
4596
36965
65950
74264
5480
39375
3803
77990
62118
59191
74263
73086
43737
73821
56138
38657
35302
78907
71866
3805
4447
13725
79462
43609
48440
76856
49801
29311
51996
65203
3806
48097
28552
62841
3807
4280
3818
3819
62756
53460
3820
3823
50748
52069
64925
3830
46462
28243
21756
5631
39633
47131
45634
68568
45788
3836
3837
71619
73251
51900
33060
20367
78071
74119
55029
62863
9982
3838
64943
49350
59161
71837
52134
35334
22502
64744
3839
62311
30237
3851
3852
57693
51870
35983
3853
3854
54796
3865
76749
3867
35258
13950
43194
64749
67689
25470
46872
44795
3869
75768
3871
10427
23876
66922
3878
3881
27180
41563
9348
42159
70441
73613
64267
17199
28818
22127
58438
27669
61578
73501
21615
55566
61688
32749
76299
16251
3882
3884
58865
34188
49079
71976
27511
78234
37929
40125
26957
3885
78443
13540
78872
6806
31369
79132
76767
27609
21993
10509
7464
47260
3938
34632
21980
63574
54831
40860
59978
57439
59388
3887
44537
46008
50615
46473
34094
65035
56613
41161
73020
13035
3895
8472
53672
39788
65821
3898
18486
18335
30030
73882
45758
7038
39895
40922
16419
3901
30389
3903
25247
51199
32165
24716
3913
74731
6266
70205
3914
65066
45983
62953
40940
63416
4781
64038
39832
12582
3917
19834
3918
74070
59155
14543
3919
44731
40343
67738
60024
3924
39304
6091
79484
63983
18570
50671
28383
3928
30612
39530
71853
52537
26788
8573
61919
75325
61803
75140
59247
3930
76004
60047
48043
63846
11126
46611
33014
69979
21416
67430
15260
76701
70518
3931
74073
21566
64474
3932
77647
28489
41149
58572
45086
9501
39943
64698
47514
51755
3933
77724
68537
31836
23348
6612
48233
3934
79527
9741
44703
45390
55370
39976
62646
40953
45464
73536
66523
48333
3935
8413
74411
3943
46670
61581
66474
62502
74123
70282
33483
3946
19162
35580
7388
55439
37910
11790
3947
7469
5147
3950
26826
43982
14535
78774
10536
78584
40720
64741
50073
53355
3951
11096
30184
47865
44501
58587
51134
53657
69471
64181
8231
6103
62892
3953
43274
19772
50856
37084
3961
30987
3963
61239
13261
34761
67725
67062
24622
28163
18406
3964
6092
46207
69741
32829
79540
9385
20584
12182
3965
11990
75006
33397
4623
46223
49243
15593
62983
3966
58512
24959
3967
39954
25384
3981
41932
35789
10284
52278
18488
11551
59990
8883
7353
64324
51449
56462
79195
66185
43932
7403
68827
3983
3988
63927
59487
3992
19821
46590
75430
5406
3995
10187
75913
39548
9223
79709
77055
47019
69802
58895
55179
40268
77849
71271
41294
48497
45323
29213
39512
15261
22758
52745
52695
19272
39443
29079
71645
39581
60252
7687
13580
45533
12684
65018
3997
79833
79143
57263
34663
68057
8891
78895
29817
70363
45757
74501
71962
71798
44473
3998
3999
4008
42359
50031
23959
28654
59336
4117
50935
25388
4009
9335
78763
4011
77162
11024
61076
4012
50052
73528
7971
26019
4013
74699
55001
75950
18190
68412
4014
20201
14151
19430
78926
47064
78667
73919
71695
27914
51629
11505
17624
15244
74569
47354
20172
40079
17340
57060
20487
53222
73631
32366
40893
62300
65438
23883
68671
61068
73037
4022
40508
43221
29402
76094
5993
37309
72582
21261
23193
9242
69228
43844
50443
18517
55749
18858
31487
78028
40635
55469
68700
78289
34585
54037
55667
31721
76970
40356
6071
48763
23097
4026
53149
4028
64920
13173
8406
40760
23960
12298
66063
25615
10235
4029
20859
4030
43505
58201
4031
19833
64443
29597
59818
72170
79352
62147
47652
4041
4042
36921
41094
40038
15164
50252
18261
18463
44348
16939
61235
38300
45692
75720
27707
16751
6952
64685
29036
41171
23435
48909
31087
71183
8922
4043
62343
22956
77415
4044
71235
28986
30375
26089
9060
4046
5167
69029
20416
63094
4058
35519
52157
4059
18120
63383
24817
47852
8264
11038
10542
57625
69740
4060
44893
67580
4518
8842
65386
24777
33467
4061
33854
4066
46780
55546
76621
77017
4073
26781
40123
59643
5720
29287
5780
71759
4075
39804
70555
4076
64574
24713
21386
46367
4079
23167
4085
78936
21827
17822
74417
29723
33382
7875
56237
37759
17673
46618
4086
42884
21086
4093
38171
27872
66602
18700
4094
69724
24143
23106
26268
4101
10504
72307
33849
63919
47460
22748
51211
4104
4107
50196
77401
27435
68181
61929
66797
5854
77674
79449
34379
52326
50189
5197
4108
65962
65086
54892
35688
79946
43507
51290
29725
59914
8555
4109
6633
6377
57191
50109
64665
30430
70827
4110
44138
24335
71865
36573
40166
60683
4118
37676
6359
58506
42150
72767
42232
46479
47111
60297
4119
5815
33685
20796
24303
53656
11656
69910
34183
22266
49785
4120
20649
29606
7622
12092
4122
4123
25723
4124
7783
21324
76668
77116
75924
70010
45830
77673
71196
33938
20885
4127
65690
72077
39640
45362
16845
4136
78643
46799
78413
21295
63198
4137
72509
40938
53259
33516
35557
69274
53391
4140
50699
39034
28435
4141
28760
63852
29448
40203
10639
23996
4142
35242
4220
55036
8029
56525
61272
29353
73149
17466
50796
7540
35159
4144
65463
64911
11994
39786
25053
34106
75670
8301
41325
60319
71382
70594
9947
68649
74676
46536
50785
50985
14296
49183
4152
49348
46319
8758
60903
77823
73846
63660
4153
46682
4154
73179
73036
45083
77418
61226
4156
52732
12392
59523
36699
12042
53903
11036
4158
12251
33036
4164
21770
79734
57911
47381
5908
74652
69771
40602
77739
45260
49351
27306
15144
56877
61194
32969
61610
27471
76151
67593
4169
47819
65198
38332
56393
49851
8792
27537
77510
4170
59964
4171
68050
49033
50653
68377
79820
24047
13559
77520
70372
18925
47706
39979
39242
72761
63435
38941
47480
74824
58206
17274
4172
44825
28810
41417
5221
7934
40714
47835
4174
74204
4175
79945
22090
4184
11530
55147
5075
59016
58918
19672
4185
48828
4188
11420
4189
64762
9598
34623
40497
41803
46907
23159
15275
26526
76052
48161
36445
4190
4201
25091
18123
61959
20071
6395
35096
62410
4203
20100
8615
32291
4204
15177
35551
4205
64702
4206
10253
75637
74932
16700
36862
47116
33746
31178
15309
63631
47422
4207
59048
4219
19782
7338
21131
27462
4221
4222
52445
4223
47290
32503
4228
45673
39612
79740
28607
58310
4230
72532
4235
45355
14731
70396
42123
42390
69449
71146
4236
62245
21064
7485
31110
40679
25164
4238
4247
12862
36808
75327
75177
19583
45724
4250
4251
47250
38028
59595
51164
49369
75162
47961
32586
70540
75344
65738
68056
74328
77244
7010
71192
10289
39623
77021
34930
14732
66542
19690
5751
57036
69983
4253
41854
33691
4254
17434
25886
16590
25446
75015
4255
58092
30566
61000
27008
62030
31850
4266
40973
64916
11286
33133
33678
20430
24717
63862
38596
28397
53780
30509
8972
4269
44922
49855
69140
20986
4270
57785
78279
57610
4271
37985
79782
29210
62940
21981
59600
44997
58699
70222
4278
76365
20312
34726
53726
13767
44335
30353
4281
9857
52023
54314
58636
59039
36037
4282
43352
38999
18908
5671
56942
4285
40927
71929
4286
10266
52507
56074
4287
8771
9319
56010
12452
18072
48383
29900
79608
65240
8159
4291
52797
29071
8813
48181
48850
55533
56088
74475
4295
29530
51147
49338
20784
66634
34555
4299
68043
59863
19812
47372
4301
4302
16629
62137
50380
51055
43703
9719
61834
63593
26101
54473
19504
41914
7159
32613
4303
29792
26401
24782
42980
4311
37609
4313
15286
71958
8366
6670
4317
36476
37455
4318
17175
25670
12531
60808
64233
49305
5373
31171
57374
4319
30510
47492
34594
13292
78260
55593
4329
39767
4334
34598
45115
4335
68731
6555
12740
51113
4345
13973
44662
7534
28887
38603
42717
46693
24297
11088
74271
4346
43885
4348
10933
74059
7788
9290
62692
27529
70477
70268
51192
65044
35683
74510
36317
75721
54364
11548
54380
10890
57247
58267
68078
62149
66294
59967
48010
24255
43698
19053
60287
51194
36553
4349
34063
4351
79850
73853
47945
73320
41031
49844
67096
79106
68626
4358
62382
40753
41306
31528
25271
40895
49401
57708
17979
68822
46421
4359
65916
68792
67400
56781
4365
37369
10429
68344
9086
48090
4366
4367
72649
4380
4382
52381
4383
77516
47558
70907
70310
51782
4392
26868
49991
39766
63613
21513
10727
32715
45871
4395
48433
44574
4396
4397
72890
4398
65591
35149
27017
33486
32778
60714
18525
70415
18148
4461
55833
52571
52325
52891
13497
11435
4941
5914
40475
20677
52814
39270
31211
54877
59662
48542
48572
58061
4399
55512
38109
6854
48556
78429
47517
45741
4409
70124
35529
14104
27278
18973
4411
9320
25662
22153
4412
38877
29433
68667
78182
23789
33193
4413
62680
73096
4414
63134
17510
44999
8216
16151
60603
64781
62506
20585
79433
68713
75997
61156
4421
76408
20286
58193
75461
34617
74395
5641
12745
75741
47425
38491
4423
69160
4424
32251
56554
73382
72202
64798
23658
47784
4426
49852
37018
40565
9084
68061
61229
34076
41529
4427
4429
14727
37345
47605
63881
18965
15235
36057
4430
13567
57275
6094
7098
45946
68852
25756
54814
51891
68650
56972
39867
38729
42174
13936
26250
49820
44634
28911
19742
78751
4431
37560
72152
25799
49273
20510
23715
65556
47418
52348
15303
11817
38055
11688
15020
16138
4435
65929
4439
4441
64568
29242
20750
58036
32099
70710
27868
31375
6479
33801
73787
50135
48334
35565
4444
23400
69611
16010
77882
24974
4445
53622
49916
53369
41244
19963
4446
30791
65349
68998
13518
72518
77442
49783
9833
4458
42646
13850
13179
31405
53162
17754
13291
40650
10329
4459
4462
26758
39268
54794
65470
71918
41404
76348
40700
4463
6775
54117
8001
27290
4470
16981
4473
4475
9193
4477
65560
43223
4763
62124
24146
70918
7129
7019
63741
75963
54621
29532
13267
33017
39352
6575
34071
4478
30969
4479
5510
47311
4488
8019
5564
40838
40909
54616
61741
67787
46870
4489
18266
52978
33706
66327
6155
48361
42659
65245
70309
24234
13309
4490
49309
10539
61663
37205
75690
73794
20314
4494
41491
25591
36525
57613
4503
15559
6923
15434
57862
17044
43467
70333
49915
46662
30542
35351
79043
20229
27307
21700
13853
50799
4505
10531
63801
68911
64490
4506
45869
4508
4510
18390
55774
4511
42713
52202
33614
4516
29947
33551
4524
52359
17783
57690
18186
76458
44265
19051
36600
20895
7358
61884
31163
72759
40251
56548
35972
49160
4526
34082
17884
8905
4527
34535
56109
23992
22060
49326
72173
11211
15894
52117
69673
45262
4539
48026
30665
10034
5899
40505
45722
19259
12122
33355
67899
60813
21418
77004
49230
55509
30169
4540
68718
35533
56620
4542
31741
69429
45548
8462
55499
22813
56797
27451
4543
19336
25371
10170
57341
64180
18009
62735
4551
59092
27576
55694
10454
13607
4557
43324
74250
76171
56422
21450
51497
15393
54206
62669
45592
19591
31012
48751
21163
71612
54334
69755
31517
51774
22326
58261
24127
45084
4558
56891
6838
61015
66184
32331
42493
68594
5160
66790
78970
27355
34351
61917
10508
4559
66170
34824
7946
59796
51967
59930
78964
14186
66782
4564
54026
61129
63546
4567
21219
71159
74714
21268
29497
17375
4569
4571
4572
4573
53766
38475
48554
29997
17546
66740
25735
4574
73661
35723
14330
4575
67609
52841
4579
73771
25658
27353
27256
42442
57804
11685
75231
8045
4585
20974
14985
39796
79899
47977
38449
63261
38217
14918
7633
71740
44173
53499
32597
8566
5066
75100
70346
4587
12457
62605
42699
35766
27474
8538
33272
11053
44319
59613
7398
6565
28735
77852
4589
52602
4590
33657
16180
4591
26745
34741
4602
29407
57782
28116
42835
71830
29275
4603
4604
70681
44847
4605
4606
73437
72018
51790
4607
75727
32024
4614
26998
7926
30179
37788
4618
31196
4619
23147
29901
35471
63379
49635
43596
4621
26341
65701
63917
55437
62508
11086
47754
33752
76714
30156
33062
16216
52947
62807
4622
58492
42955
69530
56835
28075
4625
68842
52970
53068
40631
35700
56844
4634
4636
28402
44283
71677
4638
30062
7560
55795
15167
63591
30863
4639
76168
59908
41820
64500
48760
18650
16013
49403
22308
5098
74732
67704
26296
23310
41752
13873
41518
15677
4653
15238
28007
36014
4654
4655
10221
4663
20294
38857
12082
37316
52490
54285
69963
76604
4665
55457
48054
15561
74586
48696
70802
6857
62010
7800
63806
51611
39768
4666
44907
28766
77082
33365
22841
60360
77037
40486
41307
6406
75988
5259
45795
63273
4667
29558
46566
50596
6855
73283
63048
41358
30846
8504
74763
22166
64011
4668
18841
12766
28252
78447
57919
58488
32606
79140
78250
49725
52413
12511
71050
4670
31035
4671
31077
33630
56956
59612
4684
22695
4685
4686
4700
44364
47883
4701
49639
22917
16909
59991
4702
24151
61846
69064
4703
4711
26205
42395
58508
52954
4716
35290
77103
35772
19437
59976
15771
4717
7768
78815
26121
28187
4718
24138
39737
34922
19816
53758
4719
4733
28621
47615
7372
28164
57257
4734
41532
68152
4735
51882
69566
48584
27174
56105
72188
4743
56586
56860
22159
4746
69276
58761
31320
4747
39051
77292
66716
4749
20924
47481
4750
4751
45937
64527
18746
4767
29999
33736
45505
4774
63402
53277
15568
36478
62520
43231
37141
29372
53065
57622
54181
4777
25162
64171
4778
15913
4780
6681
16591
35244
24253
14217
33274
51562
79538
38260
79624
4782
18694
64632
62014
20191
37565
65724
25339
26027
56092
71884
10631
10169
17123
35962
4783
74110
53389
58383
36670
57392
55381
26452
26443
4788
22623
5390
61637
78174
27293
70748
57262
4794
29880
21369
15769
58515
40676
55824
24862
58333
40970
4796
4797
7050
50893
55448
12909
4798
60618
46802
4799
61532
44421
62204
31099
16895
31617
54798
40575
22126
4805
53562
51839
43502
23966
4939
68322
73390
8691
4815
4819
42281
26442
12896
32343
71070
59484
57454
19002
61486
49510
13992
72520
52152
64930
23261
42086
11821
73819
22970
30207
28372
41908
41747
57351
11369
56997
74316
4824
38837
56843
51049
71592
42756
17570
28221
23133
14265
47324
74514
69268
4826
4827
12515
42197
4828
75213
14405
4829
57718
27591
4830
4831
78236
29421
4837
4839
16394
50806
9514
4840
48966
4841
32380
53268
78308
6063
4842
13863
4844
18851
50069
59334
40156
15278
4846
74050
25917
70603
41619
60723
74231
61806
73324
35322
47831
71691
5545
58618
68702
16239
32647
65496
68138
53054
4847
78253
4853
68902
13577
5789
41685
38188
11037
71679
43996
29482
69527
15337
72448
40589
33179
25928
4855
29240
40040
53286
71926
55721
4859
75293
54263
4860
79467
13825
30717
19799
4861
74504
4862
70911
27656
9059
62170
36570
57948
73190
5883
4863
18282
35016
19446
36410
53331
46549
9893
77375
26410
77332
4875
71130
74105
15939
18821
50877
41359
23068
19777
74006
77482
28823
13693
50782
4888
9815
51910
63524
30427
4890
63723
54157
47613
45743
79427
20758
53012
4892
68706
39502
4895
64097
6779
4900
63438
4903
76303
52840
27112
67231
44696
42577
45900
65510
46552
65179
4906
51752
57691
9973
75304
14154
48846
45678
4909
16776
64653
4910
39213
67375
23387
8181
12194
68927
4911
59550
4916
39803
18398
4920
20715
26906
4925
22284
8094
52711
39297
61893
31102
53982
11645
33710
25225
70806
70987
6007
16297
41614
43494
40314
37042
4926
72122
25455
72775
10152
79243
43406
45238
65324
43241
4927
48615
4931
25261
6024
64796
51258
72750
72423
50155
58122
49467
67500
4934
77447
8809
60653
4936
31950
57980
68971
21883
55899
46216
19375
4938
70649
35439
10977
9878
4942
65615
4943
62468
9466
51084
4949
75417
33803
69917
41243
65846
30081
56445
7065
59486
35576
67545
4955
5331
60141
69454
39368
4956
14692
27672
49770
47303
35466
36868
63074
64363
54348
55495
61995
43407
58430
37511
26638
4957
76030
46982
74623
23874
48558
4958
37756
48749
69119
62390
73765
45052
10571
64251
77914
79645
69716
17420
37813
32056
33689
4959
4961
75067
4969
55385
47789
23244
32564
25387
66436
25449
4970
26364
46045
65291
7852
4972
22456
19481
29129
4973
64185
29797
13155
72522
62314
4974
25558
75452
76509
20142
8415
48524
28794
71951
11321
4975
42549
73998
25498
58186
37451
27339
32885
4982
52501
64424
34572
15829
72343
46324
76141
4984
12542
21617
57928
77052
61149
71403
22216
71559
4987
46490
78110
13935
17704
78765
4989
20003
54041
29385
14538
54074
10859
26269
68862
43685
4996
55974
46954
7918
25781
44652
46030
20350
22602
58889
45374
78181
5001
5002
60011
5003
79748
25284
43836
15516
56696
5817
7323
74238
5004
27738
52982
71446
14566
5005
78412
56093
71461
19447
26920
14031
79658
75216
53738
5006
21432
70359
54999
38096
20971
79263
52148
79260
38839
56398
52031
71443
17775
50487
14007
46220
55820
6423
78673
35823
59525
42648
13635
59176
73990
5007
65733
14409
76332
55752
9419
20609
10524
19532
60743
7400
31961
5015
67035
33896
5016
5019
5020
43642
23113
50840
28474
8718
51777
51003
5021
6219
5835
71144
5022
20026
5023
5032
5034
73704
59148
69620
21792
15306
39709
5035
58779
46928
67477
17735
73045
42125
22574
71096
66156
31417
70714
5036
17975
9564
41982
45931
59723
69096
46373
33003
46984
63514
5038
34364
49382
13916
66772
18726
65357
17581
44541
14138
5039
5049
54270
55165
73961
5050
5053
79401
32849
74434
16169
37432
40333
44490
5055
9905
48056
5876
19752
5058
56952
17307
13454
23993
15987
49914
48062
70152
74748
5063
27498
20569
5065
18149
50545
12427
60845
5068
15837
10594
14601
33292
33151
26379
47178
69658
58549
54843
22394
5069
46829
32311
62109
22012
46518
27005
63596
55718
16174
25769
62392
27526
48174
5070
39486
5071
24712
16078
5074
26553
63699
37950
18249
7270
13884
75170
42846
5085
30398
43077
51370
43660
5086
5087
28669
59113
26469
32089
76567
41290
25718
45923
43785
73645
77496
9557
54534
25965
49089
40015
52432
68598
38156
72600
54104
14564
5091
55102
15502
12906
51339
22509
18277
73773
5099
14906
38143
19243
13180
69783
79085
27844
29868
67900
36380
28264
5101
5103
40874
32926
59001
12947
46708
35916
59053
44827
37547
5109
24463
5114
44748
56826
28604
42813
78295
57453
6446
56110
57389
37973
18030
5118
79019
35180
58874
28521
59093
40958
69496
58620
5119
58009
33273
50522
5130
67885
27997
22835
17119
61886
50708
21249
64535
22932
5131
49073
48086
7514
5132
58856
39018
38584
75341
18787
5133
67863
10760
30813
33352
50394
17573
11366
5144
71021
47659
19227
75518
43787
19551
8836
6827
45273
48670
5149
46606
14098
53551
5150
26441
5151
52155
55445
45420
68934
23228
54506
61528
6367
31054
5152
55145
55684
57115
52452
39911
64276
79177
5155
63969
21028
35129
13870
29655
5159
38585
36612
60923
34490
38671
53404
25772
27303
61818
77069
5162
5163
73406
5164
22287
5165
39660
64203
43227
37325
64991
5166
63413
5173
19910
56715
8973
13603
55467
51379
48301
65113
63181
46204
53515
5179
30268
5180
77176
5181
5849
47742
5182
42702
30827
8095
68278
68329
49773
38152
5183
78789
72971
5190
33417
8005
56099
72917
61254
5191
26636
56255
10553
5198
50406
31828
32696
14459
78360
39684
31268
5199
17413
65597
78083
11679
48555
74951
36556
28683
34746
5208
57998
5209
5212
5213
65145
27258
5214
5215
47722
36856
16199
18492
28363
5219
54196
54504
30318
39446
35862
27004
69656
60375
33646
48200
59899
12380
5608
70452
8446
35399
49364
14314
30796
56300
65795
48393
5222
5228
59913
48024
67239
5229
30206
5230
60412
78383
5231
38165
5240
5242
46555
79480
73767
19941
21697
26182
76283
63105
29750
66985
61496
5244
67236
62303
77306
49895
57915
54297
5245
5246
5248
29195
5253
28587
32845
5257
42076
63769
6550
18254
67517
75483
29180
53368
46412
27659
46086
59720
42839
31181
5258
15426
43710
5260
20328
49740
67487
77644
65158
30089
33427
59393
52423
8620
22041
62537
61413
67805
17912
53948
79722
43553
50087
8730
47461
5261
5262
17497
20799
9342
7577
33853
71994
39652
69003
38841
60857
78581
74378
7598
26137
20378
52260
5263
5273
20681
65259
68357
11215
28661
50959
5274
13625
31726
45903
54908
13256
5275
46526
60793
67528
62235
74175
5278
5285
49108
77755
42543
5289
48879
47917
58667
5291
6734
54180
5292
74764
15054
70430
45934
73337
15052
79046
72685
70553
63226
78378
72617
37255
78838
13012
78568
23369
50891
6506
5294
5295
36739
71722
5299
54805
63752
78188
24987
18303
38744
69807
73184
45206
5306
5309
27799
52169
63500
36231
74324
9576
36193
7646
18349
54934
9372
5311
63504
49929
31409
18125
6074
30189
5319
7118
30642
14107
45489
62486
74122
14831
70287
31374
14844
5322
68877
74431
56925
78077
40440
39942
59516
54235
16115
71480
12588
77847
29179
27513
51753
39772
40345
73576
66317
41960
5324
61502
57013
8999
76253
75719
58013
12509
8138
78393
32723
51443
35195
78085
22397
5325
42106
10927
29293
5326
22395
57673
5329
55892
25133
30242
5334
28970
5337
58330
30697
69054
70460
79238
56457
5341
11647
40327
57753
18299
59694
5343
25257
5351
13478
26187
60971
56778
5354
5355
29877
25532
43067
5357
22797
5358
21848
54033
61245
5359
32477
5366
48526
63871
44565
44042
75420
61262
62253
9289
62028
37418
43611
74634
68011
69575
55884
74072
79941
55027
38778
5370
42808
23871
19919
5371
37434
5372
5375
54008
66426
5377
67717
9892
51866
79542
66510
40666
60392
5378
39659
5383
32806
5384
30925
24607
28205
5386
78202
52838
5387
66090
44844
5389
5391
38125
24842
49646
5397
50460
16348
5398
72760
29021
30205
78874
5528
48715
9277
39353
17604
13039
6492
33387
49800
41691
47766
25733
51246
53879
5400
30168
12156
41272
55849
13126
51223
12332
5402
7081
77368
50356
5404
15671
39195
8783
22600
65719
74278
16682
13644
62738
32489
12779
49482
39998
44891
5416
6573
66347
56806
52440
42381
67193
23292
78843
53179
5418
9865
41068
9950
5419
59260
5420
43259
5422
71352
46488
49791
5423
74650
5430
19387
7015
5433
48675
71542
60568
5436
5437
53707
5438
65741
5439
13653
75372
40877
67426
23308
10868
56362
19301
63054
28351
11661
56169
69356
57101
27107
46775
34942
72030
65874
33946
43705
22073
49476
5442
54102
23365
25961
33774
52124
5451
19541
65897
35567
78505
59837
5452
66859
28077
5453
5454
5455
45230
73063
5468
51883
60711
16833
79391
63021
29401
72712
5469
53123
75990
57147
5470
32535
5471
61118
5484
9916
5486
44008
35113
5487
5492
51554
52463
33615
9965
30441
33704
39894
5496
11577
65416
18909
61387
77992
5499
22092
24719
72412
59054
5500
47890
43036
31404
29374
5501
64375
7614
5502
11049
5512
41767
65260
5513
24201
13930
7792
61774
75702
57930
5676
24460
68793
24431
16111
5515
12355
5519
73291
16471
44431
9016
7942
33236
31436
5526
51017
36711
31258
5532
79787
5533
76479
74018
5534
54249
78315
21303
40217
37818
17363
10324
45354
41675
17755
58659
62518
74585
21598
41304
15422
5535
21179
31577
55565
13579
49469
5542
43670
11862
41558
5547
5548
55654
8211
15038
58361
73543
10042
59245
5549
49950
5550
75351
54954
12430
79909
50342
22879
52985
11083
41467
62075
44824
5551
36492
5561
77688
41638
5562
41099
19503
5565
35326
5576
20206
5578
5580
61755
5581
5582
5589
31003
50395
54655
61630
61557
57550
33895
66558
52871
59253
24589
5591
55530
5592
27470
17393
42204
49702
71817
39039
11263
6350
5593
5594
49015
12565
42045
68239
77940
29612
5596
48396
56168
26637
56571
71258
59362
64697
5597
15319
57595
34835
44468
40889
36105
12410
5598
63085
5599
8477
26431
38478
5606
62322
21631
5609
64934
5611
71116
17932
30429
59227
56137
12577
49869
5614
5615
15527
65881
15631
7036
32255
44439
37945
66891
5625
63836
10160
60136
5626
34302
15086
5630
36652
53861
62348
5642
66639
5646
63706
5647
5657
37927
55092
5658
48003
19525
16749
5659
25717
52119
57194
5661
19646
14078
60762
12634
30431
5663
47431
68461
5672
64360
5674
40685
5675
53335
50263
5677
13482
5679
25647
5691
32475
40368
77369
5692
9838
32982
47436
53674
5695
64505
5703
12331
52295
73660
19917
38460
5706
5707
50220
48893
5708
53026
50728
41887
5709
52729
5711
34679
48471
5721
39432
66615
35241
72508
40719
9340
41049
5722
38650
69547
5724
34492
31370
21263
5725
69831
71948
58457
5726
26468
9174
57615
14569
5727
74669
20173
9519
75533
28781
70940
25044
79910
5763
7483
23497
5733
72990
5738
5742
72510
72879
53898
51371
39000
72607
55284
10027
73721
25480
52439
34917
11513
79805
5743
60367
12375
51733
45515
9910
59598
40430
24096
14700
9689
32121
44062
36007
50966
5754
63773
74702
5755
61724
29550
51272
36519
34284
23773
5757
19561
32043
38632
58540
45693
24841
40024
22349
14264
60303
49423
46355
65478
66603
10879
71465
14767
5767
16501
20411
16940
32379
20124
66219
73868
7325
53243
31205
36460
69878
47210
43004
5769
55917
59192
64281
21661
35817
5771
53180
5773
12773
52121
5774
5775
63980
6355
5782
14028
5784
10664
50439
75245
78194
5787
65698
73453
5788
44836
55096
48919
41023
46311
34548
13896
74522
5791
60094
5798
78971
39801
74076
75865
5803
34891
5805
5807
5818
76452
27177
56165
5820
25599
5821
66662
21319
26190
13949
6847
38893
49898
25957
72139
12422
11673
59805
6799
67037
42262
76167
34766
17771
42836
31019
13431
5822
61192
5823
5834
35867
9001
13737
21259
37774
60293
73051
78550
14955
52145
17738
5836
55244
13594
18425
39967
52043
5837
50124
52138
62338
56616
41590
57947
5838
5839
65717
54601
20106
22541
39069
17543
14077
44510
10621
68380
23517
16326
40468
5850
30795
33934
71508
5851
5853
31882
5871
13294
5880
25311
5886
73832
30013
15839
34559
44313
46458
9659
48808
41905
68448
70428
48543
5891
77934
42298
5900
28079
10174
5902
5903
30077
5910
64406
61476
38520
6571
47737
35657
59627
20798
73135
17388
50641
70742
5916
55178
66284
5917
29368
5918
77245
72841
79290
29983
74486
12139
61163
24875
46441
64686
27718
57546
73352
67629
36449
39309
15887
29044
30041
48869
30556
18906
5919
22988
63133
23770
5931
5932
40105
5934
21375
35803
60991
71099
28494
62890
23343
73482
34649
5935
20644
48812
36315
30482
21482
8761
17788
24585
20104
38155
13285
60036
9575
10956
32843
5943
61786
42894
5948
36883
75654
71513
75987
39273
14491
61597
34103
5949
9257
16431
42011
5951
42185
5961
14839
46455
31501
34604
14878
29672
58412
14542
21033
51052
39064
39462
51094
44453
72124
38365
31224
68084
64458
71580
29042
32346
5963
26944
32284
17024
34072
5964
38442
5965
36424
55844
66088
33320
20904
5967
14137
5975
71694
5978
43590
46891
18917
71657
47125
15182
5979
26809
5980
47310
68698
26516
5981
79799
43129
8328
52833
8805
57837
39821
51196
20011
5982
5983
11273
38763
23198
58349
5991
50285
56015
65315
53770
44222
5995
18473
53719
58297
15823
62668
38378
46635
66103
25975
5996
33902
5997
5998
44462
37513
8514
63190
67604
47467
30895
20910
5999
36826
16397
66141
6006
37928
71598
6008
78140
11459
32824
6013
9228
65850
6014
63145
28038
24043
39303
9558
67614
70159
6015
18862
26254
43189
48637
6027
50502
73106
14648
13484
31187
49799
15607
24741
77020
64168
6029
6030
7757
58294
6031
32954
6035
12826
6038
9046
12409
6042
54247
44041
30892
6044
64378
49257
6046
69466
73834
6047
6052
40793
11150
40073
41435
51850
79767
58031
7239
61342
40141
14904
73308
6059
7668
72046
46924
36191
56417
74798
6060
23725
6061
23822
6062
6067
58123
6072
77213
6075
6426
6078
46981
7836
7753
6093
58500
65418
64377
18481
65325
26049
9854
37930
35897
46605
6095
70765
14486
67492
34825
6099
22858
29892
42924
16558
6107
6108
25673
67339
6110
18142
38540
22135
6111
78697
6115
57724
27686
76828
35306
19396
23643
69391
17615
71928
18975
6119
9775
58685
8910
32271
44111
57740
6122
6123
27499
73803
12476
7327
26133
8648
32519
34309
40044
6125
6126
72376
9166
60558
6127
42422
17500
51065
27739
18860
48360
72076
18622
41036
6129
75675
43003
27613
64901
34251
50045
13709
6140
6143
63099
8795
6152
23466
6158
35835
6169
71823
30236
75378
13391
52491
36362
6170
8309
26698
57641
44351
38636
11597
6173
24147
59563
68563
72516
13574
54349
6174
25148
77343
6175
28062
31943
63703
79737
21753
6180
47016
46781
69256
66330
68703
6187
6188
34811
6190
65214
6191
6201
46138
6202
60604
14191
42753
77612
52846
39092
75019
26827
51064
34966
74622
6203
63442
13384
51674
46793
6205
6207
27752
44165
38351
30633
10858
7100
6216
37577
62909
56126
37886
59064
6218
6220
46543
41855
37467
38824
19222
16604
62155
6221
32479
33758
6223
29645
38362
6235
6236
47465
70558
73638
6237
41423
6238
55391
34476
25617
9178
6239
77035
15325
6247
61053
50330
6249
57128
52072
70175
15881
14522
6252
57293
6253
75051
18728
6254
6262
57484
65308
6267
35758
32616
38793
11563
40729
31962
6269
6278
56947
17549
47034
6279
62891
74252
39823
28895
46491
60751
18932
12687
15727
19896
64420
14109
6284
22986
41116
6287
6296
28361
7144
10395
71849
43751
6298
16884
58292
52794
66844
6300
6301
6302
16985
39994
76737
35931
48045
32299
18719
34227
6303
42922
31017
41278
19911
6306
32264
6314
6315
47801
51672
10391
41588
23014
6316
24023
27588
54669
76270
6319
45039
11439
42902
25179
54012
23148
30860
27110
11831
36076
73165
6327
76557
6330
48589
46379
10455
61702
16266
75159
6331
63949
53354
20966
57323
6332
41838
6334
26891
32494
60429
6335
11103
16301
62058
12585
65180
40824
6343
30446
19045
69257
6344
6347
6348
60435
19450
56347
22267
6349
6351
24408
37373
6362
78717
6363
79094
79059
47069
40876
12411
7066
18572
74911
78979
54553
17964
6364
74043
24152
35013
64861
6969
59743
29469
40210
39650
47239
6365
40336
14507
6366
46299
71978
35900
48679
72223
52190
8271
26846
6369
36657
65101
6379
71306
10451
6381
24894
65677
6383
74618
6398
68717
77932
74415
6399
6408
41273
25229
67710
52024
6412
52397
67016
6413
74779
20943
6414
17705
6415
24697
40619
66203
6427
74955
22828
23849
58986
21070
6430
74537
62105
6431
73815
28085
23254
67115
22939
29876
36633
44809
60379
6440
11302
6442
52357
30779
67557
6445
37359
41258
49739
32138
30027
41101
6447
23720
75672
26986
56805
70308
52667
27806
65150
63143
6453
73032
53945
75647
6455
23341
19417
77322
26077
6457
22606
75044
41580
6461
55497
54343
7786
7896
12635
73266
46309
32397
45257
59977
6463
35435
41132
62685
28314
6472
16637
9772
6474
7994
40901
78525
13753
34862
6477
79944
36488
62046
9070
6478
45977
39711
17081
35656
42686
20953
39644
54057
67464
6487
69950
17593
39583
53518
6490
6493
20809
50110
6494
6495
6507
78600
54428
73399
6509
6522
66315
11610
17516
14504
6661
47497
69501
14245
6523
6525
62361
29279
64606
45179
6526
57977
32785
16045
34186
45319
6527
49581
60987
32462
42616
51160
6534
23581
55790
6536
67257
45340
6537
46979
41787
6540
43830
6543
64623
33177
52940
10356
47508
26862
53150
18880
58088
53530
20248
26982
61659
12253
43452
69262
76904
56950
51495
32412
60460
11419
6551
39516
68308
49239
55211
6987
14047
6556
6558
6559
25410
20887
6570
41930
34268
78698
25051
62323
16427
9969
47970
22031
12853
64323
55471
15141
15213
24485
6572
6581
45409
15350
6590
64428
31190
68262
69870
60812
6591
39255
37371
6602
70636
29709
65814
12206
6603
13496
27913
74711
52635
6606
14220
37647
62407
6607
7543
22335
6617
25354
52428
6618
76122
65338
38511
11672
20521
19288
52040
14823
23642
43397
72888
29369
12617
6619
79659
58136
26168
41670
6620
53134
30734
14360
47639
47351
33407
6622
35883
39830
63414
20760
13390
26797
25279
31643
74659
34111
42158
77001
6623
15597
77884
51467
6624
17040
15629
13144
6629
53166
47362
47132
61942
30109
64301
74708
63911
34568
6635
6637
6638
6639
34904
70887
17467
60316
25515
65765
48630
38405
49627
59269
30200
21108
6647
67802
6652
41817
9246
6653
14227
11846
21486
18788
45575
22317
26685
6654
41159
63005
54875
67323
73772
6655
79412
57594
28398
47886
7661
78416
20027
24274
6664
6666
66172
72575
9416
49753
51798
56602
6671
74667
52733
42682
42878
29648
7707
6675
24296
44920
38722
39980
78249
40013
6677
6680
79365
6684
7227
6685
17530
63326
68518
52395
44623
61961
26789
48541
62500
68013
6696
39757
6697
6699
9786
64238
50776
6700
6702
6703
6712
71327
75448
6715
75052
14475
32278
6716
44812
66159
21933
38360
53693
6718
26541
11371
52246
6719
66047
30250
59950
48479
6729
61359
21054
6730
45565
6731
35453
9582
27358
14859
19289
79861
41816
45023
22003
49427
9701
74512
39722
30908
10389
6732
41433
64155
6735
6748
72351
76442
6750
65996
26446
6751
77183
8329
76586
28509
71500
23508
73055
79477
6761
73416
6764
42647
7939
16043
16586
68948
44871
31288
41822
79261
43389
76075
51529
6765
40677
71259
6766
73419
77113
65372
31108
52926
59129
59722
6767
41931
6777
41852
54300
19850
75226
6778
59497
48501
6780
65131
6782
6783
38091
39071
69592
51551
6797
61166
18959
34140
27544
50971
48431
48550
33463
74169
30955
6798
44959
62398
56701
40478
22446
6811
6812
34504
34382
9241
24276
68938
72586
47512
68295
41582
73305
75407
26735
72916
65486
55738
58301
6814
12701
75870
12379
51727
67935
6815
44158
13140
75418
61050
69691
34348
25612
30248
48171
47724
62509
26009
57783
75356
42280
47495
42531
41576
15339
78986
31433
32512
66362
41993
71748
53517
24376
6823
56732
27653
20744
28764
50812
6826
6828
22147
64874
6830
71324
13530
71343
6831
6841
8439
27722
20932
52197
11333
52946
10684
77625
33559
40002
55859
13784
6842
20823
33225
60457
6844
6856
50649
60912
65128
6860
53893
59197
6861
10925
42409
14462
78894
67467
11711
70937
6876
9294
17219
36508
16757
79786
23819
6877
26696
6879
6883
13086
6887
6891
61838
17118
32204
32188
50074
6893
6895
9529
10318
57368
36428
68728
43887
13439
27595
79278
41181
59577
15542
77878
48672
72315
8585
6906
41958
65037
17816
17403
58029
6907
17675
6908
32799
45684
52417
38394
57135
6909
61572
6910
8219
63357
24729
77063
44655
6911
60206
56491
72206
6920
77576
69722
52042
6924
15347
41757
21196
31389
6926
49886
57637
13721
34499
20361
26185
79134
27882
6927
45611
6932
78415
16255
69594
6935
20884
53788
39229
78888
22313
45070
53624
45131
6939
33241
6940
8740
70799
15215
43033
64645
44791
17387
6941
34708
55798
6942
56027
66757
7051
56782
72952
68063
14905
48764
29133
70904
14332
17496
76552
6950
14935
6953
74374
40663
69958
44028
46366
7716
6957
52105
13334
48708
60122
47565
41182
76988
73470
25676
54664
6958
6959
73348
34337
76950
35767
62279
36042
56122
6964
78207
62824
56500
6970
6972
59147
33195
75276
6975
6986
55879
27878
25990
52760
6988
26407
75976
40456
12013
60345
56917
48282
40885
11705
54792
12703
13365
29887
9771
6989
60411
47191
66286
55320
6990
9403
6991
6996
38470
61051
15243
7001
7003
16438
13250
47308
13723
29755
64525
79572
10499
63965
28495
7005
7006
14519
9612
73268
14204
25421
39775
67845
64053
40060
73695
27064
70061
78371
66854
30359
68533
58776
48557
26220
13128
29435
63022
61414
7009
60294
7020
26056
7022
48030
54071
65279
12895
49706
7023
76525
59213
49164
57336
7324
52873
7030
7032
57558
47482
7034
75199
65407
67418
38972
64662
75585
17198
47349
7582
7035
7037
10460
61831
75476
39020
11210
75101
75419
31135
7039
7049
57529
62332
12186
31851
69900
30631
7054
53563
65155
33447
7055
74078
50859
10875
33631
53177
49274
64639
7064
7303
70395
78781
31388
7068
16589
37685
9359
26233
63533
7082
60616
7085
12861
7087
14687
14975
51572
24375
70357
13500
78651
67414
62093
31624
7099
11387
40267
71157
49254
49097
44651
42267
36029
54637
10574
7102
78953
19769
76820
42817
34265
33390
10666
56424
9326
7108
43934
25472
74361
64807
16650
27792
10887
77452
7114
75957
22719
54894
48089
45675
7555
19709
61406
19359
57177
71708
46205
32525
29411
23867
75673
27037
15539
40873
61002
39453
48642
57846
27897
7145
32682
7116
39218
76232
43146
34745
75992
7117
7119
34953
39807
50620
73979
21763
71599
54698
66061
48968
36861
7126
57102
78007
7132
55482
44112
24365
66201
51635
18156
64139
48766
50500
51091
31243
7134
20923
72105
15734
61848
7135
7141
45082
16121
67902
22843
71637
60569
7147
7148
61785
53966
66636
57727
37865
19822
7183
23289
57630
44943
7150
69821
67650
56341
47980
58790
60335
27228
9692
48258
42888
22142
8895
35596
24104
19003
45132
7151
10541
29724
7163
35374
36444
7164
7167
7178
7180
10204
72072
58360
41326
7181
7182
7195
71864
7196
68791
7197
42763
75834
26083
60567
7198
75919
68799
7199
7206
25374
65453
36951
7209
14099
70666
7212
79509
60574
72742
7213
61551
7215
7219
76057
15982
7226
24392
27877
50556
49290
7228
40155
7229
7230
60415
7231
57737
38250
7245
7246
43687
54326
22877
79994
12381
7258
44318
22569
7260
24789
50093
64373
72308
53324
7261
43064
72637
7262
7263
32075
30303
7273
34373
26711
48533
59033
48758
11737
21165
12293
12822
26202
61161
10171
30046
41288
7277
7279
7292
58058
55708
78524
73231
9549
12911
30514
59210
7294
7295
45478
19356
52028
65722
42611
30475
35018
18587
70376
60347
39386
51693
47528
7309
13112
36537
45466
38038
73789
75242
12442
15911
28325
46734
7311
51355
40732
45662
46906
7326
7337
27131
51353
63193
34631
7339
7340
7341
53529
7342
7343
50876
41624
73151
34680
54221
7348
59725
7349
27958
43677
13467
78685
7354
27709
7356
7359
54770
76410
79813
19558
24635
7368
7369
30773
49708
20605
22746
73257
21017
24957
76316
38016
43880
7371
64571
7373
26631
78270
7374
7375
48716
70493
66870
42991
24027
9763
77160
20688
40695
16068
24664
46287
7387
66234
12111
40583
11352
27312
71597
19485
47788
44555
7389
7390
53834
71494
36761
33115
7391
57864
59230
39914
39917
7401
54907
29721
7405
9465
72525
16506
34491
7406
61711
12346
25370
7407
45482
76262
47293
7412
27356
7420
72905
51068
7422
11837
19811
40479
15387
62943
7423
63972
7427
19729
79823
61482
7428
56486
7433
41469
51167
77403
25866
56460
7436
23076
7438
72857
18112
28684
17851
7439
33694
10511
37816
48844
75246
7450
13789
7455
62568
7465
70763
7467
52747
39836
7470
70644
34797
7471
7480
66889
73431
19115
7484
65223
21436
7486
19475
61815
63260
76465
51854
56236
51691
21930
40256
27055
64778
31015
7487
44742
45303
68604
15787
48027
53093
14380
69227
28045
61081
7498
7500
38653
73195
7501
30107
35531
41516
32556
57861
49336
32728
7503
64252
54392
77834
7509
32106
7511
7513
15145
7515
71982
31948
7518
7519
71066
7526
77268
18058
32936
51978
47070
19502
7545
69271
55242
50185
42920
14653
9195
7546
78612
30872
28172
35185
64927
7548
60519
19066
7549
48359
52966
7868
72476
7550
73854
35437
57373
36198
7959
67439
44475
7551
7558
66516
22972
7561
33784
25623
7562
55069
7563
69351
7565
77102
29301
21738
54362
39179
11670
28580
28345
40795
7566
63711
35501
55292
7567
62044
7575
37903
79113
7580
17613
7583
7594
47549
49710
11816
48776
38605
7595
7596
7597
48007
16598
36207
72527
43455
69801
54238
30830
30412
77483
73139
57420
44457
37453
29423
70783
62205
41197
51356
7740
42206
68652
67752
42008
7611
7612
72536
43037
7613
54771
40987
40090
7615
57969
73740
72908
54633
51244
54665
7618
8143
7621
49293
23784
69839
12601
54030
79466
7627
52521
39704
7629
71532
45514
44878
7638
68527
7644
38026
66789
9995
33422
59884
7647
7659
14635
27651
25577
39121
59715
38334
7662
46972
75099
29944
51881
76686
66157
23262
7663
19800
7673
7674
42541
47134
7676
38132
43997
8263
59309
7677
8377
46334
68734
7679
77400
7686
28255
7690
78764
78441
46312
61909
16411
31485
60591
7691
54453
28408
29693
7692
39557
14103
77850
72430
40682
7694
7695
32772
78652
28109
71562
7700
67145
7701
14550
42921
35591
14394
7704
31843
72330
7705
22846
72204
68761
18970
64795
35110
7708
7711
7725
32238
12030
7736
19353
21430
58126
42028
12713
7742
22909
7743
7749
47499
67228
53991
11304
11386
20060
38615
7754
7770
28313
75194
77853
7771
36729
7773
7774
21928
78105
7775
18459
18079
57124
74573
7787
32157
7789
67276
7790
7791
7803
30138
23615
23625
7804
16107
78341
51764
48349
7805
28349
7806
75764
27701
79055
20044
20909
22015
78069
11446
42360
62280
8110
7813
63625
68383
61687
22821
55307
7815
14876
57448
7819
73531
75519
7821
70981
66893
18683
8731
7822
42294
7823
14223
34717
7831
23301
37805
7833
44303
41322
7835
7838
7839
12224
8002
46663
8645
25547
59083
75292
66778
58778
44923
49913
28510
14234
29454
28862
31053
57277
7847
7853
46828
29221
61367
56720
46507
7854
7855
58133
14026
7863
27054
7866
69210
79197
7870
69695
66665
7885
13000
79375
67190
77588
27101
7886
13400
62363
12669
52527
7887
7898
38363
7899
48106
76754
39769
55845
29578
16426
23900
45579
49774
35909
61580
54347
7900
7902
32934
18439
28493
37401
53407
16349
33567
7903
55135
75165
39916
7911
38399
63066
73048
33254
62989
7914
25982
74654
54493
57611
16477
7915
12857
7916
23817
15547
32223
73325
36572
27533
10165
31661
69997
34743
37817
33816
14860
7919
13099
46679
7929
61134
7930
62040
7932
73547
35183
25221
11334
7933
49435
30086
41067
7935
40399
7943
30700
12142
51531
24394
63597
12938
44494
26429
7947
38264
24396
19037
67262
40172
7948
46669
10341
7949
66509
45818
45465
7951
18086
18507
7960
79382
77039
10410
7961
75261
25667
7962
66169
14956
58331
76123
47564
61325
40524
7965
31081
7966
36238
32929
25003
49757
7967
7976
40778
25966
15416
70833
7980
69479
64262
75290
42092
76268
75709
7981
30447
70951
72534
76006
72975
29452
56540
11406
44732
39406
7982
52329
46076
7983
69174
24013
43658
7990
34681
7996
7997
67371
45325
45642
36762
7999
42605
64379
8007
74428
8012
77252
16407
8013
38969
32164
48374
35134
62827
73946
78171
40939
24028
67212
8015
64684
42574
8284
8023
41241
8027
63785
33834
49352
9452
19881
68828
57496
66972
76028
9869
37820
8028
56984
45317
36895
25127
78973
57916
10573
40865
8030
36707
48807
8031
70257
25015
71115
59069
36846
30937
60733
29006
8038
10409
8046
73115
23278
42374
28539
8047
20399
16302
8060
8061
63245
8062
52554
52941
34730
29052
24455
71726
21526
25113
8063
59128
46471
26030
73709
18491
15027
76763
38167
33277
75078
8072
8073
72119
59606
57015
17278
57372
8076
8077
63995
15532
8078
42105
49028
68918
52175
8079
8082
44037
35850
56363
32620
66508
65739
69705
8088
23612
8089
29775
34010
20460
64271
8091
39332
71082
60525
49158
8093
8108
22320
55426
33391
74666
8120
35230
76892
43018
70183
12555
8121
70970
8122
18603
76862
26189
15253
12607
8123
19947
8137
8139
41463
8141
27167
55903
8142
12538
8148
29149
51231
8155
8157
9276
21662
61098
71686
76588
8168
75689
20217
65831
41437
21475
34952
79963
65273
63823
8173
36969
22231
73949
75948
16365
14845
25064
76502
12015
44733
69957
35655
32942
49499
52716
37097
45021
24349
19983
8174
8188
20074
47683
50159
8189
8190
8191
78808
52600
44154
8202
29034
44904
10778
8204
14527
8206
10344
8207
65982
66005
57786
27031
8214
25176
8215
39084
44446
36475
27230
8217
70151
79439
8221
8222
8223
70392
18399
27337
33676
38309
19290
8233
49912
74104
12876
8235
10461
54477
77982
8238
8239
8254
21435
52111
11875
34812
16971
11245
8255
34414
33783
70730
27326
29702
48219
52890
8262
48860
65358
8269
25681
54028
15231
76219
42653
23563
8270
37167
67595
10633
22634
64174
38537
20247
77010
62135
37998
36621
25578
55516
67576
59891
27789
20892
20182
8272
29845
68429
48806
33546
69933
8275
53914
8283
47687
29972
62858
25757
8286
66794
29342
74287
55066
8287
14521
70508
13146
9433
8294
46440
8297
52442
8298
8299
48510
8300
62957
70303
44941
8302
32786
55541
20158
66684
8315
8317
8318
17002
8330
76728
13687
56472
35611
12110
51119
37605
62588
8331
78227
64399
8333
16347
48313
47928
8340
76005
8342
71704
44159
8346
8349
9463
51325
57221
33862
48344
31407
18521
50952
20712
66755
18853
16234
8350
54319
70782
73357
27663
8351
19471
8361
43709
44287
63627
8423
49590
20089
28975
15102
55373
33271
8363
49380
28938
47255
36735
8365
35917
8367
79274
64489
51789
15420
62111
22303
52183
25409
24282
23181
8375
52011
45640
34534
10870
79242
54246
8378
53477
8379
55580
15158
55400
8380
70830
77391
49000
42542
55961
8381
36714
44031
47848
35028
78998
8382
8383
44300
57838
36063
21355
8392
64766
71656
24941
8394
67410
31662
70878
8397
64382
34118
65736
14617
67295
69373
27835
42473
46090
77948
18381
24883
40150
76044
55459
8399
67850
39372
37597
66525
40381
71996
8409
48905
41284
48969
71401
9146
70767
48651
73742
8410
77655
70584
8412
76943
68092
25663
74506
24702
77723
8414
14911
8427
67372
8428
12024
8430
8445
18714
29644
8447
30769
33364
8454
15654
78373
55306
72415
54259
36653
29128
8458
78759
77660
8460
8461
26813
24939
54315
8463
52845
8474
19082
48095
8475
54165
24990
77325
22831
74061
50670
45976
79421
58344
33047
8476
60003
41727
16027
8494
22189
28774
41571
42326
8479
73167
33863
8489
8492
22319
65421
51994
8495
49135
64207
8505
16414
72602
76857
22942
62686
8507
39467
8510
8511
8524
25005
18233
58780
8526
29657
67864
8527
41007
13897
32959
8539
11243
24886
67578
8541
8542
36693
28762
73420
79419
54551
48044
8543
8549
32863
78435
30953
46895
65626
72695
8550
74648
18474
8558
12923
31246
8559
57035
50989
62653
58426
11962
68030
33640
8569
32442
27546
58939
55550
27596
8570
13605
8575
26287
54079
46807
42883
14123
19388
18440
72748
39271
49081
61593
45627
8582
70394
33064
53902
8586
8588
64254
8589
56888
44403
70365
68052
16399
8590
8591
18431
63979
67401
9212
8599
47949
8601
8602
74971
52103
8604
47144
8605
8606
8607
64728
27580
63659
35020
74875
72443
44200
53930
43820
32275
18588
8613
41840
39135
44921
18449
79101
27288
8617
33643
33145
23687
8619
35740
38574
39208
8621
28924
53255
57871
52703
31964
8622
31301
19741
38029
62558
19068
55466
54760
48216
8623
8626
49256
13084
50749
47021
8635
46137
8637
70856
34747
74382
68109
10411
71944
8638
65978
15871
69882
8639
31210
8650
32507
39866
8654
28237
62202
49533
43562
51261
22958
11641
23356
55691
8655
8664
11131
49641
71880
44090
30061
8670
21886
8671
8680
38013
42254
8685
39562
64279
66058
26350
22413
41998
8687
12180
25081
75022
8697
25909
55159
8698
28907
26505
42956
14607
68893
8699
21423
36190
19931
62367
33550
8702
60299
25309
75725
28457
12173
8703
76839
8705
63580
34796
43211
36894
17881
8714
36170
49981
8717
8719
25061
23885
29706
34341
34878
26412
12859
79978
61531
25032
55621
38216
62565
8729
8733
44508
8734
8741
8742
14950
54687
32191
25194
73991
68014
8748
43239
79386
8749
57829
40328
10845
8751
27111
11851
73830
65063
8762
70703
47867
27999
46768
8763
61517
70280
54538
66478
29082
17451
55468
36920
51419
65756
69081
8765
20916
8766
31066
8767
79070
73533
23962
64519
14734
8773
9358
8776
15198
36090
28540
29076
8777
55831
16554
18606
8780
47838
8782
61247
72477
70138
8798
23192
19020
16430
40124
57503
57321
26701
34250
8997
8799
15784
71693
43454
26459
28727
8808
11452
66879
65270
8810
69158
79078
49036
69212
29677
8811
53848
58569
13535
43068
34487
8814
38618
37966
15906
52650
8824
76748
8825
21320
38302
41828
67547
77118
8826
8828
30056
9839
40999
54940
28538
40870
66969
44749
77022
77197
28211
34692
59080
51358
74814
30060
8830
60249
44396
8831
50987
8843
35786
67052
8845
78024
8846
23531
48790
19244
29962
48083
16617
8847
37051
43854
8861
33660
77818
56767
17018
8862
55421
8863
73513
8875
54105
57902
8876
8878
53176
35535
8879
50333
41534
58682
8886
61178
77225
78648
63886
39358
50765
40511
48620
27692
8889
60281
8894
8902
8908
77018
8909
75694
8911
13486
8924
75982
8926
55197
8927
8936
60199
8939
10122
78510
49709
8941
73893
37047
8942
50425
16555
62057
50950
64487
74246
20326
8943
74253
64654
8952
33058
17745
31294
8953
45004
8956
12203
64218
26537
8957
15451
22141
46028
8958
26421
35581
71063
64583
68463
46733
57913
43915
8959
38587
8969
17096
45711
8974
8975
51737
8989
8990
32591
8991
38201
53099
50205
73294
75047
69515
67354
47326
65544
43291
40906
9002
76310
38185
36709
54941
69551
60229
68249
46613
37852
9005
58583
9007
9015
72861
25369
20225
45948
26927
71659
10390
58235
9019
26169
62958
40397
35082
65382
24169
9020
9022
28792
9023
29926
55142
40616
41758
12775
33948
9029
33054
9030
26166
9036
63710
62860
9037
69867
9038
78958
45418
9039
35788
44056
9043
63003
9052
67868
9053
9054
9055
61770
34105
9063
9064
9065
45769
45391
32044
53055
33879
9895
55150
21750
22345
23260
42248
9067
9069
9071
42090
77986
9073
72555
9085
51740
78460
61357
9087
60538
9094
9096
52071
32042
68315
73240
17659
21272
9100
9103
9109
41063
75432
78904
9111
9113
9114
22527
9115
9116
48985
55791
14086
9118
9119
77580
26616
28726
72363
37735
18757
75278
74882
11464
38213
58299
9126
71417
43727
9128
40570
25775
25062
9132
32286
42456
35373
9134
39339
72652
9135
21704
68140
72334
11612
9145
20458
58891
42474
12277
16899
9147
34538
14124
9149
9150
34205
48238
70745
21241
48845
13663
73341
49070
57161
56299
28135
9151
9159
43771
71337
79356
28442
40622
61775
60954
74526
34983
74806
60823
56477
49650
32533
9160
46431
9164
76212
9177
30825
12541
56153
69679
28568
66856
16286
11766
9179
28073
36558
46506
69712
36582
12031
51022
40459
9180
9181
34061
21434
57738
9182
35405
19484
9196
9197
37840
40604
9199
64841
11534
9210
46953
9214
67224
79806
47135
50520
57685
75352
25182
9215
63113
14987
29054
9225
9226
55485
45117
12586
30593
56390
70531
52218
9227
75446
9229
65979
9230
13738
11167
9243
9244
25945
28591
61267
58137
51292
67631
18081
30759
44682
62505
35540
17209
39781
9245
12235
68709
28318
73220
38940
9247
14872
9256
60255
55023
11448
18911
9259
25269
40047
9260
33199
79903
27819
10543
34202
36683
41062
9261
20713
69686
51279
9263
70478
50766
24788
60606
9269
58319
32743
51496
9274
42842
9278
59182
9279
9285
60638
38407
37716
67161
9291
60026
62982
49932
66248
9292
9293
51919
64918
51386
9295
55644
75251
46442
9303
9307
9311
9323
66428
36942
9327
9338
69596
19196
9339
16619
79318
64106
33677
9341
14174
44724
15661
9343
11978
45372
50281
9350
9355
68511
9368
9369
9375
27932
36286
71914
78008
28572
70271
42124
43774
15737
60969
9384
52935
9386
20362
60863
21318
17706
36684
46771
9695
9388
25631
15595
27428
59559
9390
67416
51176
9391
23865
34712
30470
9400
9401
41039
9406
13337
65498
43423
53241
78701
9407
49595
9422
9423
17483
41965
51818
66983
41556
35097
75098
73748
20876
11174
74927
9435
10968
13847
46396
50218
36588
73632
47811
77091
16712
9436
43342
51034
52396
63797
66013
65999
9437
69397
9709
9438
9439
9447
73126
78246
73052
38666
33321
35228
52407
75781
9453
59932
25397
53461
9454
9455
66460
57688
9461
50981
16892
9469
17832
27942
59772
9470
9471
9478
44699
70463
72694
57855
9479
11917
37128
58751
32063
75599
9481
15722
10687
64047
61866
9482
37724
61758
9484
43866
9485
9486
19928
9487
9495
9500
42450
57212
66207
12397
17639
9502
32858
49847
72970
53787
10091
9503
9512
77410
59997
76201
47458
9516
78365
51708
57852
55215
9518
58237
9528
18157
77548
68538
65839
29774
77293
71438
24330
10876
18093
9531
29881
10313
14354
33207
9532
39951
9534
17966
51112
57816
9544
75223
58630
9547
63966
9548
9550
18845
30670
24095
18808
65981
78687
10719
9551
27085
9560
63895
30572
45898
29005
26888
24887
43465
9563
27721
14020
74111
9565
44006
19804
68972
67529
37812
12504
9567
28149
32349
9573
61992
9577
52939
9579
22366
9580
9581
14461
9583
79519
9591
78039
50639
55386
9593
49614
9595
78959
70315
9596
52108
15129
9597
9604
65567
9614
78716
43305
34526
20120
9615
9626
9629
42893
24281
9630
9631
31100
71257
9639
33056
33016
24504
14219
9645
57831
33972
67308
57405
10231
79992
9647
9660
15903
15310
44015
25070
54077
42540
57222
32684
37215
14990
70602
37067
9661
9662
68191
51902
9663
9668
74715
23592
9674
12220
21018
9678
69602
9690
42406
59545
59854
56971
57337
9693
51990
38206
30174
31753
47099
71533
9705
73034
9710
18827
9711
40108
53897
9722
23032
9723
76635
39165
61773
76781
35625
9725
60302
36319
9727
64209
46722
77980
9736
65059
78636
28332
9738
74075
16044
28605
79999
9739
62487
18331
9740
44667
36383
13181
51545
9742
17023
9743
57914
43826
32601
47273
76110
24477
62862
32592
11963
9749
73430
57643
32727
24701
61692
48055
27130
40462
49771
49578
66025
42957
79500
32674
52029
45997
9756
9757
73881
31350
46443
61709
64599
69959
18205
41865
76804
9758
25471
9759
36235
70815
9769
9773
15572
53371
35935
53564
30879
15612
64447
9787
12420
16907
67961
9788
77675
25308
73102
73689
58332
61625
79422
25807
22989
22878
75942
9789
28712
30906
14412
40998
44010
17626
9790
13769
9791
9802
24750
51318
68637
9805
9814
40220
76615
9817
13479
40857
9818
12239
42333
9819
54906
54056
9820
9822
49693
39287
9823
9832
55830
9835
65317
65674
9836
30539
36795
14961
45022
30269
16233
9851
24955
9852
71247
12589
9853
9855
9863
9866
9870
9882
9883
71902
46438
55417
47708
49724
19640
38114
14071
9884
13036
9885
47118
23338
37211
41386
77034
75983
9886
70184
26717
9887
22029
18544
25272
9896
53503
9899
9900
30106
9901
9902
35199
9903
23530
9914
69614
79335
9915
71482
43973
20429
42203
30590
28011
66043
77518
14493
9918
64769
23371
31878
41801
12303
60989
72754
20886
9919
39593
24206
74397
64284
23087
9928
9930
9932
13277
12959
74344
21293
60744
9933
58302
55399
38842
9935
79788
61446
13661
73486
9938
35610
36654
9946
59244
52286
9951
9962
19773
9963
9964
28507
45516
53353
33993
52730
9966
23928
9967
37610
9978
9979
50558
26924
9980
9981
46676
21878
34823
43354
40133
79885
9993
61980
9997
10004
46418
35800
46571
35418
43165
43917
10009
20942
62059
10012
40142
14442
45047
18046
66621
14718
10014
68431
10015
10029
33850
40747
70185
30701
68106
42260
76770
64126
10270
49059
67370
37452
39584
10223
10030
77291
35480
52045
10031
20463
10041
79674
10045
51048
10046
78280
10047
24156
20203
54442
22543
35534
60156
45801
47773
29849
51615
10058
76692
20077
56652
10060
46140
10061
76411
10063
69947
22673
50953
34810
10074
10078
68982
31997
58989
37182
23806
10079
48189
70142
49821
10488
12797
10085
77036
29992
48761
50538
57364
11695
10094
53133
65941
75979
41027
34509
10095
78863
51384
62747
65466
10105
73471
10108
71369
51276
65644
26666
41615
10109
45027
69035
10110
16556
10111
11742
10123
74280
10124
17262
45625
36763
10126
45031
48695
38268
10127
68504
67213
59140
10698
44476
73874
73625
10138
62444
16920
17913
53998
34441
10140
71960
56254
37900
68487
77519
37223
71262
45932
77054
10141
39162
20701
10143
10151
33962
10154
10156
53052
60492
26746
10157
57132
50797
60079
40607
50774
10159
29570
76335
50015
38906
34042
63124
68462
16717
61622
47398
30123
10173
20940
53723
34362
10175
37391
78359
10186
10188
34397
19307
59644
21831
10953
28396
71666
10189
32315
10190
10191
10201
10202
10205
35022
10206
15981
21134
10213
24457
10215
65804
10219
10220
19261
47992
56495
70858
46298
25951
53541
15473
79531
14636
79928
30394
14318
44043
10227
20157
10233
34739
10234
72266
10236
37498
50886
12424
17165
10237
10245
21805
31398
10250
47597
30487
28348
48425
12109
10252
75388
53487
10254
10255
56119
35434
10268
10269
10271
10281
45306
20664
69318
39992
41261
16143
58327
73739
12590
24989
47022
60632
26669
31773
39197
29722
53195
37895
22685
10285
57580
72179
34300
78875
10286
10287
10296
59767
10300
13066
69595
20699
42568
10301
49227
54986
24507
10302
11164
15524
55625
34426
40636
72301
32536
64315
10303
10316
53342
79343
36059
25500
72989
43554
13082
40376
26538
70925
21500
49789
59526
14013
41975
48079
65679
14684
40351
57470
30474
10317
36902
17610
74613
25741
10319
10332
64924
32316
60716
34199
73254
27983
10333
22429
12419
66909
31711
10334
31867
32814
46380
10335
61626
62504
50633
10342
10343
46554
78265
15974
49615
10351
19421
51835
79596
68814
79083
52719
56733
13121
10360
32126
52030
52379
10361
46050
46427
10364
10366
10367
42972
10376
42495
10380
11511
19452
10381
30223
56295
15646
10382
40745
55151
68556
10383
79942
55305
73064
76843
67397
49192
32751
15868
56494
10393
27482
10398
46074
25503
10399
64759
24415
33037
74863
16445
10407
66651
10412
35754
17107
72553
10413
10414
10415
10419
62695
75053
10426
32294
41644
56172
78749
51630
10430
10431
10440
15693
25417
10442
31305
53946
10444
10445
73227
33418
63768
79642
29247
40898
56333
10446
69903
65563
59286
10447
23427
10452
10453
58696
73564
49165
10458
37244
34853
28143
51289
43055
10470
53454
29083
10475
10478
13722
40974
10479
63180
10490
28891
67737
41356
78056
10491
18957
10495
13020
10503
21978
74472
10507
25725
20891
10510
29087
10519
38860
10523
10525
32202
74780
32619
11357
26642
29779
51323
24249
10527
26014
24821
51860
17052
56959
31734
27614
10532
10535
70804
21111
48765
71323
74461
32078
23947
31450
21335
18189
39469
51306
21230
57951
67469
10540
10549
29304
23540
43434
36874
64780
39886
10555
69538
24399
10556
10557
22099
12844
79579
10558
24261
70043
57581
35000
31209
29326
10559
63914
10568
40931
10570
19734
71102
54170
29405
10572
73481
29449
47806
10587
32254
47179
27783
10589
10591
49035
10604
10605
13178
16731
65930
29694
64216
76221
24991
10607
10618
50346
10623
10626
59798
56342
36909
63562
10638
30406
51308
66700
10652
38377
37964
10654
10655
41578
30856
54269
40507
10670
68759
33887
42019
10671
15833
36629
70488
11308
56965
10681
10686
58644
74518
10695
60517
10699
36152
10700
74706
77635
75775
10703
10711
72203
15548
27724
10716
10717
54632
10718
36812
70226
10847
10734
10735
13773
22936
10746
48748
34525
52545
71177
48839
30974
28250
10747
10748
10749
74503
11826
59076
65699
33641
77470
10750
10762
16723
20283
10763
53640
15199
10766
51388
10767
53352
21582
18998
63870
18990
10779
31213
10780
44793
45062
24331
70924
10781
50287
10782
10783
61141
31548
10794
48227
70102
17128
40557
20745
53326
10795
10796
54587
19414
22443
10797
56549
48937
10799
33182
10807
28057
10808
63518
10810
46172
10813
53035
42504
15546
61363
10815
68740
60046
10823
76814
10829
10831
21577
34635
10837
40089
66878
30365
28811
10843
52927
59883
57886
17564
30982
46862
10846
12311
66924
10861
47885
28411
53147
34954
23599
36333
55354
10862
10863
72811
20815
19933
10869
29212
25260
39925
73775
72783
59021
49430
35677
10871
59310
52955
63661
10874
74348
10877
42490
79821
10891
21038
10893
64906
49738
70622
77930
33471
10895
18529
48830
13371
73972
10907
11956
43517
73180
10909
12671
10910
15852
11791
10911
10922
10923
49864
10926
64996
65987
60301
65792
40425
15338
41673
62586
73634
40653
33645
43198
10938
12987
36751
63434
10941
77727
57823
76500
56604
64813
51519
62903
10942
20226
61608
38446
42428
11469
10952
49062
48585
10955
12943
10958
10959
76698
55562
66094
10971
72345
55611
22510
23309
59274
12123
10973
73757
56605
20958
10983
12127
10985
46631
10988
42636
53659
21688
20776
48348
10989
11874
74230
10990
75517
65365
10991
65352
61246
10997
13103
38889
11006
37271
36452
11015
11016
11020
76085
56094
17247
60796
59629
39006
78637
37580
79784
11021
33642
11023
64364
21451
16685
36441
23112
79086
11034
11035
11039
76459
50267
11052
23438
11054
31759
11055
11060
15399
25994
70838
11067
55434
60381
11068
71961
78328
75693
51815
78172
11069
35739
11070
24203
11071
79115
11078
11080
11082
11789
11084
11085
60221
11087
40490
11093
14033
46095
11097
32653
43919
76045
50552
33683
59341
11099
11100
41883
16711
57505
61177
40253
50429
40696
18182
11101
38317
69199
63031
58823
11102
45002
37562
25949
11118
22398
11127
46381
16284
38255
65752
71405
11130
58567
48618
11133
22503
19597
40189
72612
11134
31963
25517
68332
11135
11143
11147
37071
77438
45733
72744
31672
57306
79215
11149
40728
35274
11151
11161
24634
15419
63467
42319
71658
22975
25999
11166
11178
48600
13546
23436
11179
11182
11183
40346
11197
50239
11198
73256
76910
11209
43007
38253
78420
71528
11213
50237
46365
11229
11230
11231
11236
35150
11238
31785
11239
11242
11247
11254
21092
11255
47065
36469
12939
11257
39710
11258
11262
25518
31432
11270
29743
11274
17433
18245
14559
70495
75628
67611
12971
46695
28333
41242
76955
72781
11276
11278
72973
11285
26346
11290
25436
42984
45727
48442
56748
60715
74274
19596
11295
32347
40463
48984
63387
79324
11292
17756
36974
11293
65898
52908
53739
25914
53752
24120
22523
54198
12559
59291
75784
56063
35291
29596
11310
59755
76738
60617
69387
59982
68236
37151
60040
12020
62877
11311
11314
34046
11318
17019
11320
45180
69881
23416
64792
11322
52813
59709
20631
23324
11323
60891
51741
50334
69804
58975
60472
50878
11324
17857
23096
43708
38207
36205
11326
11342
79223
32303
11343
68812
11346
75166
11353
35609
74312
26842
22999
17007
11356
18729
57083
11358
46701
16092
11359
65775
40615
11375
11390
19308
14267
15959
12138
11391
11397
11398
11404
12756
18088
15031
68575
11407
56091
11418
74906
43421
11421
19423
11422
23224
11423
11436
30220
31292
36666
17692
11437
11438
11441
20851
53022
15001
33804
11453
66805
11455
69871
17270
34014
11468
74171
75131
70014
38376
24839
63197
11470
32326
11471
11481
11482
11486
11487
11498
26554
11499
11501
11502
17190
40157
37741
15404
38861
16335
11518
30493
11519
11531
75707
63532
27581
30956
51750
77748
11532
36991
11533
62089
63833
42030
11535
11544
11547
15625
51212
50386
11550
24880
29805
67103
13193
47926
49644
12140
76124
79789
61186
37851
55836
19531
42749
60540
54410
20349
52984
11561
50712
63373
66942
16457
20766
11564
11566
11567
36567
42775
48397
66974
11578
45915
11579
61693
11583
11585
59193
50440
11590
11596
72125
11598
63453
18682
34664
44646
54399
63629
11599
72966
60619
54860
11611
42588
63358
35564
14027
11614
11615
76847
60315
38083
67433
47502
48283
11623
30585
28650
74089
34028
11627
72601
19711
34024
11628
50750
11631
33901
58478
77870
45709
71326
11643
47434
33246
11644
11646
73242
23046
17326
11655
47787
16847
51012
11658
57932
11662
11678
54614
54904
56509
11687
11692
63289
54109
45165
11693
52188
11694
79306
34684
11706
51692
34621
14742
42555
11709
27099
11724
11725
11726
47338
19677
20507
28445
31309
45213
11727
66987
21286
15356
75454
57402
47055
72038
45721
11740
16184
27221
48154
11741
61759
45884
53901
28061
11755
11756
61389
11759
75207
11767
20559
65209
66765
49302
18869
13886
56527
62616
11769
73414
11770
13471
23884
26584
35452
66943
37499
40489
56926
32252
77803
11771
11772
67422
47623
30029
11787
11788
52634
11801
47343
27883
74362
23746
70820
11804
50243
11805
15770
77230
11807
11820
33944
71773
59071
11822
68298
11833
28220
67157
79897
50234
44461
64617
19210
11839
56542
54599
20107
62365
31748
20550
16581
42621
59119
53403
53230
11854
11855
54660
53670
17852
11867
11868
24587
29959
45018
11871
39897
11880
45176
19790
39038
56563
78508
11884
39517
54873
37579
11885
75544
35085
17840
24280
11886
20519
78301
12846
11887
11896
16729
31167
43838
11898
55775
22495
56430
20154
36607
13743
23814
54051
11899
11900
67417
44701
11901
11902
51396
45055
52492
59625
19102
55560
21734
16557
46699
36377
34687
11903
22926
11914
18041
11918
11919
23242
11934
11935
78856
79706
11949
11950
23741
42238
11951
77846
49550
48780
11964
78427
40652
48890
11967
16728
11980
12729
24954
56552
48075
55507
57406
11982
11992
36986
12010
12011
40284
12014
12027
44985
60888
38559
12029
48877
12043
75546
66031
14015
25523
12044
76792
12045
12047
36587
12057
35260
29199
50477
12058
70332
62910
63590
17170
17291
12059
41214
12062
75622
12078
35768
78214
20119
72570
36413
32427
23355
55863
21578
67454
12079
12091
23455
12093
19835
12105
43803
12108
31681
47067
58929
52314
38959
52632
12125
71643
12126
50316
12136
12143
12157
62078
12171
12172
12174
12175
70668
75071
12185
16197
58934
27666
35712
30335
64508
28206
12191
29048
13791
12204
55531
58633
38943
45164
65514
12205
12207
45210
12211
58795
14201
12222
66923
79628
58174
75884
12223
12227
64413
46139
70427
72635
12233
50861
12236
12249
12252
25406
58888
12254
73085
13901
53960
18365
63575
12255
12460
71544
12264
12266
12270
49196
12278
34474
72293
67118
12283
24325
68235
12285
49500
12286
75807
12287
58252
26409
12312
24604
12317
75710
12318
12335
12349
12351
21390
47068
12361
13835
12365
30923
57286
28892
21020
24267
70190
29276
17628
12367
12374
43645
16605
63484
31215
71032
12378
12382
12390
12396
78567
60937
23447
42890
12398
62703
12399
35849
74762
43692
25758
12405
55260
35774
12406
20570
69243
12408
47263
12412
36745
15132
45447
71898
15594
68123
47960
25567
12415
47030
12421
15740
64235
12423
12428
33065
49692
12429
12438
51471
48998
65085
15496
23656
15533
78267
26667
12440
33023
51336
46873
12441
74825
12443
12444
39326
47130
61133
12446
12447
36742
46125
42939
50158
33644
12458
12461
12463
12467
48214
43944
16167
67293
67758
12474
34176
12655
12477
79163
12478
12479
59471
12492
24743
25983
12493
61549
66826
12494
47406
26571
12495
57037
12510
12521
42362
12523
12525
27449
59464
38366
12526
12527
23791
79704
12540
12549
12558
65134
18063
57138
18652
33286
54670
12571
59038
48165
40872
42534
59750
61278
27929
49691
12572
34830
58722
48698
21935
12573
54826
19370
20748
12587
32925
54478
56439
24393
23607
68070
12591
12599
24908
16654
12602
49355
12604
12608
38381
12619
21214
12621
44829
12622
12623
17529
12636
35614
12637
73164
12638
12639
52956
33421
12649
52483
70572
12652
29207
35561
19228
64063
12653
23337
51359
12654
31089
44019
60470
73359
12662
37380
42671
12664
78046
12675
62493
12683
58315
12685
42242
12694
27867
78777
12695
12715
12717
12718
67195
79293
12719
12731
12733
27247
54845
12734
12735
26860
75951
72826
55991
14869
79179
44191
12742
12744
57224
46777
54733
12748
36989
12749
37052
70380
58208
12760
25740
15534
64862
69736
12750
56567
79688
12751
30285
66059
39693
12764
37053
12767
31499
69436
60925
43893
60682
18429
17021
43437
12778
67716
12780
66221
71655
12781
41211
33354
18971
20180
66553
75642
66252
43691
21948
37454
44573
70621
19547
77835
50284
66858
46687
12787
38090
12793
61497
15226
17276
40869
78699
12795
12796
68269
78142
60814
72699
24884
72473
14670
28652
46042
44217
22460
77663
12798
33743
24351
12799
37329
12809
55976
39947
14759
13403
67208
43343
12811
70204
43578
24488
43722
43899
30960
17325
19448
65036
56511
50727
32175
46364
12813
20747
25583
64647
12828
12829
69935
12830
12835
15622
12841
61899
23425
41759
41966
39654
66519
32476
12842
12845
12858
12860
62701
12874
57771
12875
67355
14169
37633
15514
12877
76870
12879
46843
12890
20391
53215
12892
54574
12893
34794
65583
12904
79054
33435
67583
12908
12910
54194
12920
73663
51018
24569
75700
12921
12924
30155
36956
45038
22603
37031
20999
79770
35084
63036
15725
30477
46815
12925
12926
79647
32776
31165
47546
34347
46187
12941
12942
12955
56447
12958
30231
79166
12969
70774
12972
79180
12974
67289
20042
43325
12980
79087
65370
12982
55323
12983
58039
61669
46732
12986
53675
12988
15486
28939
20095
12990
34091
12991
24239
77487
13004
19501
13005
72300
13019
13037
37258
41415
14637
13038
42330
56990
13045
64437
65051
13049
44936
13052
67882
37165
67338
13053
42895
53514
13054
71883
54215
13067
28985
18508
45885
13070
53050
13071
13078
70920
13079
72145
38043
13080
69386
74604
76710
29609
13087
58118
13101
13115
31000
76475
61837
13116
69165
13117
74826
13118
15421
13119
76252
23739
13132
13133
13134
13135
34290
13151
13162
49471
13163
72037
41707
21277
45531
57143
77631
13165
13166
13167
67773
34654
22937
13177
13183
49438
64733
13192
59485
13197
76255
51735
49166
56155
24364
13198
13199
23019
27751
20457
37662
13210
58347
13213
43499
23470
13215
30638
48050
56679
13310
31519
58316
76545
58502
30515
58380
13226
62762
13227
67095
35046
25405
68750
77406
63757
18905
57711
13230
46653
17764
48824
13234
53594
53239
13247
14570
41498
46094
68234
28748
13257
27191
37592
26146
34107
13259
13262
79257
13263
76024
13271
17903
40291
51037
43784
66027
24727
13278
34765
13293
60640
71575
13295
13307
46716
76435
79668
30348
13308
33406
13318
70842
61907
43678
68248
58486
23075
34392
45166
64134
73463
49996
57667
71046
13324
13325
73879
66236
13326
13837
67518
55659
13327
56968
47914
23880
20870
38781
16342
39834
43356
51822
49082
24479
55577
73071
13335
45032
73581
13336
44329
62255
70872
13340
13341
22348
37190
46359
16063
13342
13343
13353
34763
45836
13359
58760
43339
13372
60233
31357
13373
30932
27627
62335
21444
27874
19226
13375
46313
41256
44084
61677
13383
34442
35757
31337
13387
37599
69759
13389
13402
59565
29945
13404
13406
13407
19818
35709
36399
75624
36765
13418
58075
68090
33964
13419
44894
13420
61351
13421
38297
39246
29321
44747
13422
39948
13423
76078
33519
60699
68025
63704
59885
74606
51644
79252
61146
43292
16923
61196
13433
72780
13437
13438
60970
64089
13453
76840
67210
13455
13469
13470
13485
14414
38939
47164
13487
13501
41324
46683
61868
13502
13517
50683
66986
13519
46143
58175
13532
57197
37740
48891
39387
68425
63352
67263
75020
13533
32892
58444
13544
40845
13545
30137
13547
37982
13550
13551
13564
44536
20397
20734
13566
13581
63534
13583
18651
30703
30941
68908
39114
25656
70975
13591
13592
13596
64394
54139
23541
39052
20388
13597
13598
13604
64765
31484
13613
13614
49823
13627
13628
41310
13629
13631
38617
13640
26895
13643
40639
13645
31470
13647
66360
34703
13658
27399
13659
71167
79390
43054
78226
50072
50716
53852
13662
49262
43641
33222
13671
28926
33709
73450
45567
16715
67693
13672
42365
13675
17407
63016
43310
29689
13676
31564
13677
70694
13678
13679
13692
61033
13694
66377
44607
78334
25642
34286
26925
35756
13695
23311
13703
23391
54191
23321
13708
44187
43085
70471
76566
13710
13711
77769
48447
21894
13724
76882
48986
79901
40318
79245
13726
13727
28430
49451
59544
45525
77388
65858
17436
13739
13740
75938
53917
62237
45063
57165
73644
79095
62810
75880
62700
47578
59707
32047
26715
13755
51970
13757
70264
71807
71611
13758
40458
31595
73067
19685
20969
53881
13759
35771
39199
13770
56890
13774
13775
57369
13787
13807
13819
36479
45480
30310
26109
41832
57114
13822
23201
47918
31768
13823
13833
13834
32235
40424
13838
52427
29930
34735
13839
13844
35686
13852
13855
75899
55579
70269
59673
35464
68395
64491
48375
54445
45725
13868
43855
76444
55167
13869
29370
43912
61044
21833
76762
13871
24440
50717
13883
50163
42295
13885
20540
17097
56125
13887
48956
34732
32461
32186
68762
14888
29799
37421
13892
79178
39046
13898
13899
39844
78044
16908
29148
13902
22605
63100
62050
45742
13903
36807
13913
13917
17228
13918
34029
71034
13932
32846
13934
75549
76796
40554
37372
35687
15604
56141
46011
31415
17005
14287
52678
13938
72873
24797
25180
74970
79438
13946
63372
25993
38863
37721
13948
13951
55838
68662
13964
59144
56459
13966
21291
77962
79687
40455
19533
31423
32367
72158
13967
18863
13980
26286
71852
16415
57422
77143
13981
26413
32989
13983
15838
79359
13997
33067
21515
13998
34589
53583
54598
14006
42855
14011
78238
40559
14014
29823
14024
61949
23225
66282
24715
33580
14029
17655
73321
14030
61249
14039
61852
14043
75706
53642
14044
14588
14045
32732
45949
70424
15294
38075
46678
14046
45383
14054
50270
52393
19866
34160
15897
14063
18490
14068
14075
14076
14084
14088
47331
52408
66108
20392
18428
19073
42824
14089
61661
14091
21736
40427
36860
59049
14094
14365
14095
14110
17804
54059
66895
14111
30732
66171
14126
25559
36311
14751
68079
14127
16893
14135
16574
14139
54799
14140
78879
79870
67450
52520
47147
65980
68639
14141
14142
72059
35429
72235
25431
66971
14143
14157
32031
40584
40031
66623
78469
52837
14159
14172
35517
74840
14173
14175
14188
73468
14189
73750
14190
71993
48251
14203
19159
20874
14205
14206
76758
14207
55219
73599
14213
14216
14235
48020
70278
51087
31789
14236
56071
24802
17866
76972
64137
20927
72653
25785
47995
14237
54559
29416
14238
22409
62717
14239
15064
54301
14253
14255
14270
52170
14271
36141
26943
78927
14285
26910
14286
14297
63288
25881
14311
52283
60383
42667
36085
25420
14312
58631
14315
30414
14316
32680
14317
76878
52062
14329
68617
54188
14331
23868
14333
19499
14342
22540
67718
14348
14350
49871
14351
55925
60090
14358
78332
74270
18540
66415
14363
33738
43145
36237
14366
40574
14367
19079
41595
18828
30981
46331
41598
27147
49279
76015
14378
34570
34527
67366
48683
72796
52518
66034
73302
14381
68328
34473
53722
14382
14383
39110
17160
39590
70502
54923
14395
14397
21919
46620
43099
59902
14398
14402
43848
14411
76233
14413
14415
73705
14421
14427
20648
14428
43321
61257
20045
30301
14439
30218
14441
58987
14445
42584
14447
14460
60666
72574
14471
14474
17452
14781
14478
73562
49994
20623
14479
14488
76853
38312
41164
21470
14492
60191
24379
14495
73502
49437
39850
14506
28180
36188
35903
60389
78952
40585
14508
24763
78511
23548
14524
14526
61804
31644
14537
72044
46505
56698
34074
14540
77420
14541
23724
14555
50202
68330
14556
52238
37733
14558
53557
14573
14574
42870
49206
59508
17582
14575
68261
14584
48603
45407
14586
50126
14587
79995
14589
76425
14591
39082
48378
42479
14596
14603
54797
14604
59195
19257
50958
50186
14605
20574
14618
77931
48462
78313
60425
14619
14620
14621
14622
55486
25645
45150
66283
68415
56670
30988
21119
14638
14739
47286
75336
14639
30255
18078
14649
32216
66686
14652
14655
76799
79407
72927
14667
32963
77277
14668
14669
67051
23116
65230
14671
14680
45805
67640
68733
14681
53385
14683
20299
68954
14685
14686
14699
37375
14701
31579
14702
14703
14709
26863
14711
14715
14719
14723
48889
48158
14730
78523
14735
42286
79048
14744
48059
14747
27260
43975
59994
54550
53721
51499
76810
14749
14750
38879
18163
21836
14764
54305
14765
39580
32707
14766
42828
51439
55805
14779
14783
60167
14795
46783
75005
14797
77584
73019
31310
14798
65561
28646
24632
58959
14809
31241
47039
67102
79244
56470
14811
64091
14812
55843
37292
17244
14813
14814
20919
14815
28155
14826
68541
38205
32441
14829
45054
16805
65000
59407
30351
14830
14838
60142
35530
34452
14840
68623
48022
14842
27061
29043
20039
14847
14862
31725
14863
59118
42926
14875
14877
49594
45965
14885
47624
61993
33334
73741
45310
27772
54358
51963
14893
14895
52424
23495
14907
25489
44807
64521
23641
14909
14910
64190
44047
14920
75851
40957
14923
67999
72127
37405
65499
60108
14924
25613
65181
41783
14925
74670
60601
44333
16187
61231
14926
14958
18617
41517
44730
46405
58059
70671
53131
20127
14959
73148
30252
14969
33723
55180
27517
66378
64083
22507
14973
46920
42459
45518
14984
16746
14997
15004
15006
15016
15018
37230
36987
15021
15023
46719
43735
32617
15032
15033
42812
52206
43580
26451
28786
15037
62156
15039
78991
60278
15051
15053
25629
15058
45294
15065
15067
15071
15081
78168
48155
17532
16822
15084
15085
69998
43905
43141
39957
15087
63336
15098
23006
34415
15099
69258
34247
29503
15100
31611
15101
15103
15116
47317
60009
59018
63395
15117
67148
15118
37534
15119
62866
52313
44302
15127
15130
15134
79895
32330
15135
15149
15150
20793
54379
28461
28389
50125
15151
15159
15162
70652
15163
61451
79631
72169
45799
58729
62185
63374
15165
62750
44422
15183
15195
49787
15196
15207
39308
47470
15210
15211
75754
69325
36327
36363
46604
68207
15212
78335
15229
32200
40303
43390
15237
67389
15239
15241
18830
51035
50108
15247
39549
71406
35902
25551
20743
15263
76863
43306
25546
72584
68841
15270
15271
29914
41502
19087
15276
62999
15277
79262
15279
78199
15285
66461
58845
15289
24686
15291
34153
15292
38008
57678
20702
15295
40450
44478
15300
69004
53964
36501
39291
54355
64107
15308
34409
15563
15316
17747
15318
75935
15322
42556
15323
15324
37611
31006
15326
42173
15327
27790
49804
73326
15335
34934
69581
15341
45033
15342
26599
20665
15351
15353
78231
26156
15357
15358
71311
25068
22687
79964
59017
30328
15359
15365
30251
78300
15367
42910
27915
78557
51758
71485
47967
66250
47599
15372
38575
19882
15373
15374
65933
33307
48046
15375
15378
51982
15386
15388
38876
15389
15396
79790
72299
15402
56654
15403
32559
69794
34626
33867
77611
15405
57516
15406
15415
28716
15423
39388
15437
28472
15438
73290
35836
65652
77695
64270
35964
68843
15439
15454
22814
40908
56711
72283
78752
15461
57164
60605
15481
44511
15482
62357
48810
75656
18794
76363
35193
15483
36264
15485
15487
65455
52299
32201
15497
15501
24172
35455
19695
15503
15517
33018
15519
56253
39519
29483
15529
17644
15531
15535
15541
78826
15551
42796
15564
15565
15566
60641
25039
33206
15567
66583
55966
21574
47150
15574
38126
15575
15578
65118
17901
15579
15582
44957
59788
40139
76102
19054
15583
53108
51791
15598
15599
55549
34043
35279
15613
79006
73690
75358
34957
51071
15614
25869
15615
15620
21063
15641
48648
75676
46393
76830
15643
41581
40009
15644
57053
46255
73309
55293
37674
62554
51880
15645
57992
46764
15655
51311
15656
33243
64287
15660
55646
27964
15662
15663
77003
78876
15674
79612
45897
15786
15676
19084
40174
75421
15678
58599
15679
24749
28526
70399
15688
62217
30110
62377
61334
15689
15690
15694
56686
71487
15709
21879
30234
15711
39899
52862
23727
29244
15736
19826
39790
15739
35483
42324
73628
15742
76093
31311
64062
15743
50461
15755
67374
32735
16938
15756
34907
26875
34078
25386
15758
15765
15772
36926
45975
15774
15775
55787
15789
16803
31914
15790
15791
15801
63246
15803
67515
65460
19981
62157
15805
15807
21772
59032
77736
15816
15819
15820
15821
68936
60893
19784
60125
23437
67674
15822
63901
15836
40191
15851
42985
34638
51884
15855
65961
76984
32446
18475
18031
66268
54476
24046
15864
15869
15878
65618
58968
15882
51001
15883
15885
38134
15895
15896
50792
47066
15898
57513
46861
15899
35710
15901
30764
15902
75629
15916
43901
15919
79760
43422
15928
56073
59896
69245
15932
20063
17709
23322
15933
62429
32894
77226
31707
76313
53471
19755
15935
31419
15943
73274
15944
56399
15948
15949
64824
41964
15950
15951
32821
66454
69932
65798
18023
53660
15962
17977
15963
57677
15964
72948
15966
70382
74347
63545
72618
15967
55658
50807
64892
15973
35370
30265
15978
61710
31556
76764
59562
60829
20220
66735
41019
15979
23357
15993
26524
15994
15997
15998
49866
38699
51989
76780
15999
68108
16012
77627
73292
72381
16014
67915
24030
16015
16024
27980
16028
16030
16031
66430
16047
71048
20985
50637
39534
37516
16054
19774
75035
16059
16060
58910
16317
53470
62667
16073
16074
19612
16075
16076
75371
35035
16077
16084
70812
22489
16089
16967
43098
36370
72541
16094
16095
38909
16101
40890
66126
16103
25692
61064
42792
57901
67325
28927
16105
16106
16109
57339
16110
16122
48735
38951
64109
34783
16124
47566
78783
21899
57832
77759
16125
40198
16126
33692
24854
76342
16127
39305
52156
65786
67468
68509
58156
16135
16141
16152
48952
38061
32767
51567
53242
22300
53192
38973
37758
59481
78601
79305
75678
16155
75993
16158
27834
28840
62510
76463
16159
43551
69002
32711
38409
27175
64013
29979
51613
37881
16170
16172
45947
63581
23007
16173
16175
16183
25767
16188
39142
20838
16190
16191
45192
53485
16206
16207
77608
24236
60074
29836
16218
16221
27852
20925
16222
22859
53753
56796
16223
49613
16235
69626
60518
31531
74975
60086
16237
75804
30249
16238
65388
25226
26559
16253
26445
41022
42822
44553
16261
68374
36775
36530
47327
67340
16269
54264
19194
16271
52889
16283
27551
16287
16298
29736
21817
16303
73751
33501
16537
79021
16308
23274
16319
16333
56318
74414
21150
16334
16345
44796
16351
79662
16361
23512
66604
68447
36527
16363
53098
41143
16364
16367
16377
26733
43303
16381
16382
64138
63006
16383
73675
16389
34989
16392
44669
16396
16428
20111
16429
16446
40986
16447
19150
47516
63135
16458
74543
16461
16462
68502
20047
16463
72015
27423
67866
16470
26282
29790
58940
62218
16475
42266
46383
74862
16476
78045
16478
31222
62004
68678
16479
40061
59385
65976
16490
16492
24828
16493
55101
16494
62600
70959
28429
57054
16508
51805
52773
16510
47259
44892
54991
67625
16511
16512
41788
16523
16524
49878
78792
16525
16527
16535
16538
16541
32374
71647
42014
76447
16542
52894
38664
41452
39626
23965
21276
16543
41704
36619
79432
31116
48781
16569
28284
32429
42778
58530
36108
16571
16573
23035
32406
64621
16587
62879
16596
64891
20255
56725
64061
16601
17359
23050
18188
76680
16602
37327
40095
26191
16606
51488
26078
16613
60362
16618
76345
39678
35037
16621
16622
36223
16812
24637
43581
16623
75614
42923
66112
16635
73163
16638
16644
29610
16651
16653
77342
16655
16669
16670
16671
62763
39594
19266
29367
34280
70103
16680
22473
21534
52014
76461
46179
69598
22508
16684
16686
16687
16695
27803
60852
16891
16697
16698
18153
47112
16702
75887
16703
16716
36429
42942
75049
39547
16718
61611
16719
68221
59555
17835
35292
56731
79865
26586
40618
20761
30043
77263
70028
16727
73211
16733
44188
16734
16735
16747
46607
16758
42700
16763
16764
16767
16773
42712
39611
16782
41057
60942
16783
16792
16941
24621
71662
39535
16795
79096
72650
16796
74139
35021
16799
38717
20404
16815
54173
18252
16825
68622
16827
41189
33671
19787
20861
16829
16831
16841
16843
36613
16844
26447
51658
59262
16846
67341
45928
16860
16861
25107
36543
79314
61615
16862
16876
55763
77839
16879
43197
25579
16887
44150
16894
16910
16911
23582
73439
47941
16925
39163
63471
16926
25212
39420
61997
30331
61108
31932
16927
39338
39933
16937
35543
16942
36123
54639
63697
16954
63579
16955
16956
16958
39206
16959
69711
42919
29224
69533
77174
16966
75652
74923
75836
55357
28543
58892
16972
16973
17742
57741
72818
20140
16974
17323
16975
18141
16980
24921
54168
16986
73679
16988
33263
41805
16989
55720
76735
16991
22874
17001
72392
17004
47004
17006
55722
55756
39004
17016
17020
69277
38827
17022
35516
44477
17036
17037
26357
35884
17038
48878
17039
49118
40363
78286
17055
36335
17067
17068
77086
38667
19675
17070
17071
78173
63976
32187
39741
19293
17085
17086
17099
39236
17103
17116
17117
62287
17135
17146
17147
72126
17149
28719
57151
75447
17150
17663
58762
18699
49534
30667
55590
64589
17151
75772
65243
17158
22046
17163
53951
17167
41178
17179
56282
40669
60702
61518
17180
17183
17188
25258
34266
64198
64982
69663
46237
17194
47979
66125
17195
17196
57645
17211
17212
17213
17214
53773
68247
17224
17226
31385
37176
17229
17230
17238
57215
18361
17243
17245
17246
37356
49772
17254
75915
17259
23059
18698
51516
23404
68350
32817
17753
48714
17260
52748
60298
38648
66932
61996
55902
17263
17740
17271
21742
17273
19930
63751
17277
35644
17288
58143
17289
17292
27550
61191
29101
17294
17308
30799
29500
34970
23463
32404
56650
51641
52990
79958
17311
53292
17322
73658
29913
17327
58906
73956
33775
32279
21816
65321
61932
35472
27594
73978
62847
41020
34493
33661
40555
17341
17342
22271
17352
49198
75247
55131
17356
17357
67221
17371
22051
64030
66344
19542
17372
77480
37581
17373
24888
39531
42728
17385
17386
17389
71621
17390
17402
53981
31194
29151
17405
52255
17418
39596
77374
17423
61311
17435
41868
17437
72457
17438
17439
17447
63116
76889
76220
17454
63255
60306
53932
18527
17455
38170
31247
17463
17468
45199
25112
17469
63013
53419
27318
45439
42969
17470
36461
17471
17481
17911
77508
31147
51640
17484
33967
61503
17486
32958
45560
37738
76184
65213
17487
17501
74598
33720
27757
39661
41693
79304
17502
17503
53021
17515
34780
17517
17518
17519
17527
21660
21164
62029
74847
45578
25854
36039
27114
48232
64110
25836
29678
17531
42909
17534
17535
47791
17548
17550
38457
17551
17560
17563
23621
40536
30634
17566
56014
65448
17567
57850
19147
77599
17580
17583
62937
21790
29464
17594
70988
20383
20302
56811
46871
51945
67007
17597
17599
39777
24574
17611
50707
31180
24446
40733
72972
60520
64237
24891
17627
58460
69060
56588
42477
17630
17631
57343
17643
17645
17647
17652
38539
72088
17656
36262
58490
60763
17660
53161
46796
31461
50254
63019
17661
50607
17662
54219
52811
64461
46235
17670
17671
72280
17676
27910
73263
48430
40839
17677
59945
56746
32472
52607
66664
45196
17678
17679
27334
17694
23611
17707
19565
17708
17710
17711
35626
73272
64172
74661
52172
17723
50760
26316
61110
77390
63084
70255
36217
18559
21452
45823
17724
17726
17727
17739
37902
40748
73902
70971
55803
66554
72929
70857
17743
63311
17758
38825
41204
23214
17759
75786
17766
19337
17770
77068
52886
33210
75203
32221
17772
31835
17773
67405
77210
17785
73640
17790
74062
17791
20982
18110
17799
77996
34137
29720
23020
78934
17800
58364
17805
52458
21739
59005
17806
24902
35153
23086
17818
55896
17831
17834
63118
25006
35144
38062
18557
17836
24740
19994
17837
17838
66831
17854
17864
17865
17868
17871
68135
36829
17885
17886
17887
17893
78782
17897
17898
78572
55977
69306
17900
75481
22220
17902
17916
69403
17918
63865
30947
17919
17930
41482
57868
48774
17934
17935
17948
17950
17961
17962
69439
17965
55435
17967
42501
55339
17982
17984
56357
17995
18005
18011
18014
18015
18026
27893
39087
18028
18039
29599
18043
18047
18059
18061
18062
69549
18068
50600
36111
18076
79529
18091
73061
18092
47173
56245
40537
61077
29853
18108
55867
41503
18109
18111
18122
60842
20845
18124
35711
18126
23213
18127
22223
46126
77567
18143
18154
72092
31626
18155
52893
67495
53295
18158
36606
18168
18172
18173
31596
73948
32842
64815
54764
18175
18191
18397
67869
59736
50569
18200
26828
18202
75180
69039
48395
18204
78398
20934
18206
46091
18207
29261
57549
18217
18220
18221
54014
37709
68940
58239
33247
18222
54381
37607
18893
18223
54749
18234
18238
32987
74028
77935
36267
18239
63502
18247
52123
69143
57757
41102
66254
27436
66287
79900
63964
18253
18255
32927
18267
18268
18839
33084
18270
33485
59742
18285
76174
18286
21611
32156
18287
18300
25678
78728
64687
79468
18302
49199
18310
49452
27640
18317
34110
67142
66175
29963
29232
18318
27798
18319
18927
72237
56764
47816
18328
38506
18333
36374
18347
61900
33392
46537
46731
18350
65565
47387
63347
54138
18351
18359
71388
18367
18376
62871
47657
69855
21638
18378
18379
59211
74198
71567
34988
18383
42426
18410
18411
42222
22201
18412
58443
29543
18413
42471
18422
19372
76493
75740
68634
44858
18426
45292
18427
53821
26042
63867
54483
67837
18430
18437
18445
18447
26716
18456
18461
56603
18476
18478
72347
18479
18489
45787
18493
57055
49790
18494
31199
18495
41468
61641
18509
76589
18510
78268
18511
18526
18536
76809
72374
18541
18542
54890
40956
52410
18543
18556
79979
18558
27502
18568
67432
67742
18573
42575
18574
78534
77449
18580
18586
18589
40683
40127
18590
31852
77373
48957
18591
18619
69319
18620
71922
74539
42505
18623
52220
21550
18629
73743
69374
18632
77694
23146
71805
59630
18633
51046
30284
18639
18654
41293
60588
21519
18655
23403
18661
27788
18662
18666
18669
63827
18670
18671
18684
18685
57352
78559
18687
18697
68369
19209
53950
18701
28134
72495
36741
78540
78556
18703
79425
47119
18713
18715
18716
62415
36426
22810
54642
55229
18717
49021
18718
60750
18731
43199
18732
72846
18734
18735
57482
49677
39405
72394
24207
18742
47469
34910
57063
76285
60163
67927
74521
61117
18743
50396
18745
24185
21406
71471
61182
18747
18748
67358
18749
70238
62413
18750
30862
18751
51305
18761
69278
78712
70990
18764
18767
18780
18781
18782
65197
48139
34911
39877
70792
63615
18783
70350
18793
18796
24366
18798
18799
18810
18813
63324
18814
79311
18815
73994
18826
20407
72462
18829
18846
18859
19914
71135
18861
27327
74684
18875
43176
21182
66958
18876
18879
21180
69049
18887
74266
62175
18891
18894
33326
45162
23647
18895
19420
18900
42602
79291
18907
21693
18910
66946
21726
21487
33593
37118
35645
45964
18920
18921
18922
20345
44395
49087
18924
78442
18936
18941
58523
18943
18951
18955
27246
58861
18958
59068
47498
18974
57870
24218
18987
24071
75066
18991
19005
22044
27898
42079
32183
19006
19007
55662
66885
19021
19022
19023
19025
19036
19038
19049
34971
28204
19055
51081
66959
19067
64669
43118
33513
59294
30383
73674
19070
19071
78688
25710
19080
19086
19099
23661
73947
19101
19116
32454
19118
77146
46281
19119
19130
33403
56716
19131
19133
75581
19135
19149
19151
41416
19160
19161
19164
19165
76120
19167
19170
25085
19180
19182
75464
19192
19197
19198
54847
70411
35005
19199
66574
49017
30461
32745
19205
19212
19214
45620
21039
19215
46893
74206
19230
65071
19246
53491
26683
19247
37515
19262
52102
75995
58238
44234
32941
20473
19263
75195
56029
58168
60084
62823
19275
28394
29289
19279
19295
19302
67789
19304
73517
19309
23399
55276
43704
61871
19310
19311
47228
23771
19320
66442
35341
54606
19326
43647
19340
35820
19342
60975
19343
19354
53703
19355
23619
28574
19358
51705
25865
20791
19373
25595
19390
40586
77150
50222
19391
59149
27563
60447
55139
57517
19402
72922
65588
19404
27389
54933
73595
19406
77919
57769
19407
60748
58863
19419
19422
66404
19439
62063
19453
73247
36687
33983
76564
19454
19455
54517
21791
54031
19465
23128
29438
19468
24526
22959
52570
42649
19470
19473
32940
19482
19486
19495
19497
19512
19515
73836
19516
67014
19517
44094
21656
41070
19519
69852
19534
41949
19537
47577
54853
42668
19549
19564
31677
30604
19574
42182
25817
28829
44301
19578
72211
35262
19579
40473
46651
43340
51129
51821
42458
19580
36251
19581
69050
57276
19582
19594
66188
19598
58498
71965
28238
54781
58701
19599
56488
55582
19606
49385
19611
19613
57038
43871
19615
19627
19629
19630
56631
19631
19637
50772
73261
19639
46301
19644
39067
45829
33416
71772
64540
19645
56792
66798
33420
31261
19647
58062
43228
28191
19663
19679
69316
19693
37627
26486
70286
19694
69692
46332
19697
58263
44377
19705
72951
32076
59647
19726
46317
19727
19737
50585
19743
62476
19758
32493
59756
19759
34927
38094
70717
19775
19791
30719
19820
19836
60959
40398
75023
60590
63882
42060
67327
19837
19838
19839
19851
19853
56523
39423
19854
61982
19855
19864
33766
36227
25839
19870
38138
52558
78744
19871
37166
19883
43882
44540
19884
19885
69375
19886
51438
63662
33385
41804
68154
19887
19898
34008
46250
75212
19901
19913
19916
48936
55688
70494
19918
34378
21663
19925
34734
19935
65246
71966
50685
71565
19940
21003
41791
76813
19943
19946
19949
19950
19951
19961
24090
19966
19967
22715
19980
35678
46985
19982
19995
21068
21635
48153
39054
19996
36104
62742
28407
19999
20013
76824
27740
60487
65196
70285
66591
20014
20015
48930
35288
60657
73095
64380
20031
44533
61628
48077
20041
20043
78382
47790
20046
67741
29870
20062
78350
63422
56187
20422
20076
20103
20123
79213
56909
20133
64335
20136
40183
20141
20155
32287
20159
41771
20395
47595
20174
35582
70254
48684
32302
20175
75579
36349
47959
26573
20186
54067
65135
20188
50622
35881
20190
67992
20195
57640
20205
20210
58957
32174
20222
63722
20235
43558
20237
79773
71782
20238
74478
60875
35086
54779
20239
20250
59228
66394
20251
26317
20252
26843
20253
79564
44172
20267
56103
70188
20268
20271
20282
47853
20285
61753
72247
62855
38119
36935
21051
20296
42742
63737
21644
57963
20300
43254
20303
20319
20330
22251
48734
56493
58996
71518
20333
70412
29625
20335
77352
38767
63055
41775
20347
20348
36415
20351
20364
37644
50970
20365
20379
20380
74140
23484
20381
42953
59949
54446
20413
37916
20415
20426
38536
20431
76351
59513
51647
20438
61460
64173
59962
53357
43346
55255
42191
20439
36495
25787
44879
33166
77535
72316
75898
75847
20442
30829
20445
66473
20446
20453
77288
23722
26878
20459
43482
44331
20461
25181
20462
20474
51214
20476
23946
78845
38590
59727
20478
31627
20479
20492
34972
20493
44317
20494
20495
20506
31590
33577
68474
75550
20508
20509
20511
55994
45246
74940
20525
56396
57551
62973
20526
20527
57853
41947
53967
77917
20538
20542
30632
20543
65512
50280
69339
20553
51218
70317
65068
20555
45535
51525
20557
20572
20573
29001
39999
20575
20586
20587
20588
30111
68831
33532
65108
50511
20591
27414
43260
20603
53996
20604
50541
20606
33621
22270
20607
20618
52092
63242
65110
62275
54918
20619
20622
30654
20634
20635
20638
38795
20652
79595
20653
47353
24307
53500
20654
61646
33020
66077
20655
20668
23054
47743
20669
73933
20670
20671
38154
32713
28619
20685
34316
20687
68041
20700
42559
75279
20703
20714
20717
79212
31774
20719
20728
47384
26510
58447
72765
20733
29118
20735
20742
35839
59322
20751
20764
20765
73788
20767
37642
47086
20774
20778
20781
61823
20783
20795
46806
20810
49596
20813
20814
68170
20827
29886
36649
71956
51165
20829
71071
20830
42302
20831
20843
20844
20856
24703
20862
79470
31783
31004
20863
20872
20877
53435
36878
48873
66811
42318
20879
48559
20893
20911
20922
57772
54522
20926
30842
20941
79097
20955
39929
20959
20972
24361
20975
36594
67565
79336
20991
21002
21005
68753
54762
68270
26540
53679
62123
21007
58718
65535
21019
75846
39567
75691
44414
34157
21023
59947
21035
44741
21036
29113
35246
21037
31692
43243
67564
30996
58526
21045
64873
67421
35613
21050
21052
21055
30157
21069
63037
63469
66783
45227
49519
21078
40011
68396
27865
21082
21085
21087
21096
52765
21099
76637
23980
21100
21101
29687
33035
21102
38911
21110
59853
52140
21132
60093
21133
21135
21140
28903
21144
54537
51506
54549
51706
37332
75306
73260
21145
67539
37994
21146
21147
29493
22765
21148
71999
68845
21151
42631
36351
50476
67914
73736
21160
21166
33046
75368
23950
61354
21167
21183
21194
21198
21199
21212
56799
21213
21215
46472
21228
21231
21246
27417
59115
61670
59445
72207
21262
26887
28779
41513
21275
62934
52843
21279
21290
64073
68581
28207
40413
21292
23995
21294
60734
21307
21310
65694
21311
47660
21322
27103
21325
21326
62190
21338
68362
24774
60622
21340
45916
21342
47725
54911
21343
21353
23290
21357
21358
21359
21370
68156
25679
21373
76825
50410
21374
21388
44924
21389
21391
38543
23645
21407
21414
22539
51437
47981
21420
63775
21421
21422
72396
22157
62797
21433
28446
21437
21455
67848
59358
21463
63855
21466
52975
21468
67124
21471
21484
42951
21485
74605
21491
48148
55706
41086
21502
21516
24093
21518
31658
38654
21524
76602
59023
21531
21535
21542
21543
25327
33610
74330
74638
21547
21549
32237
21567
21572
28746
21579
21583
65503
78932
24541
49850
21612
21627
54153
77595
21628
21629
23644
61195
21630
64494
21642
31671
21643
61263
50175
61324
38731
78367
31383
75932
21645
73591
28447
21646
69731
40265
21647
79836
55338
21657
21659
71467
21673
42958
79340
21677
49547
21678
23529
61062
74718
55419
77071
21679
66637
44235
21686
62189
21691
21695
59645
21706
28203
21708
77628
69309
21710
21711
78590
36110
78607
40715
21721
21723
21727
21757
21758
21759
42478
52899
48180
69023
21774
76742
51486
58606
73706
21775
78463
21787
21798
22075
37670
34591
21804
21806
29580
21807
21818
21820
69625
61983
21822
70042
42651
79691
56809
29867
53668
67819
50279
21823
21828
24666
45706
75946
21837
21838
38923
52556
21839
67311
63674
21853
60669
51550
21854
75535
34025
21855
21868
23196
21869
21870
49194
55261
21871
21887
24414
21901
21907
59036
55291
72424
50351
31941
21915
54973
21917
43725
64926
21918
48460
50299
21931
21934
56831
66541
27371
21943
21947
63275
36127
21949
72749
47662
21951
42475
21964
68616
77788
21965
31902
21982
48187
67117
35750
79932
75998
24259
76989
21996
60396
55739
36679
21997
21998
22011
68806
45258
40989
75767
22013
22014
48863
53743
31581
75028
57271
27146
22027
29475
22047
55980
22057
46423
55918
22061
22062
24538
22063
22923
22078
22079
22089
68630
22093
22094
22095
30894
22105
22107
23850
22108
37915
67594
22109
22123
26222
42874
66863
22125
32953
22136
22138
30381
22143
22154
28426
41352
22169
72589
50095
55062
22171
31690
23084
22173
57564
22856
33159
22174
22184
23631
22185
22190
43673
22205
22206
72108
22207
32779
64438
57918
22219
22221
22234
29734
22235
59183
22239
44931
74188
22252
22254
46958
22268
27949
22269
22281
57560
35177
42526
23864
47804
22283
68967
22285
22286
39966
22299
59933
38979
31482
22301
78918
73054
68810
45951
58831
22314
71933
22316
40495
59503
22318
22329
65558
27465
22331
22334
22347
64718
22351
22365
52266
67434
22367
22371
44353
58713
63310
77261
22373
22377
51086
22379
25582
43261
46219
22380
22381
69167
22383
24313
22396
25628
39290
22399
23483
22410
37673
24221
22412
22431
22441
43770
69005
22442
27215
22445
42059
59052
22447
22458
47594
22461
45863
33086
63790
74138
22463
50282
28653
22477
45963
22478
22486
57335
35933
22493
42781
58286
36815
22494
22511
22519
37423
22542
22557
22559
77179
66698
56361
22568
22570
22573
22575
67658
22582
65083
45255
22587
22588
22589
22590
29183
51657
22591
28296
22599
22607
22621
63835
22622
58686
22631
74191
22632
22638
77417
47003
44830
22639
61255
22651
22654
22809
57291
62347
53467
60361
22664
52775
22665
23452
41933
22669
58664
57983
22670
22671
71147
22684
59833
73532
27310
22697
22698
35023
22699
75115
45256
44282
63215
70203
22700
60428
22701
29949
24943
37550
39454
29263
22702
34829
64542
22703
52457
79725
55647
22716
22718
22734
22735
36718
33966
28044
22749
77775
67606
26278
22751
45240
22756
27277
29896
22764
62581
79754
22767
22779
22780
25981
22781
33324
49039
37407
52302
22787
24733
42750
22796
63247
22807
22811
22826
22830
22844
22845
34191
57225
22847
22861
50956
22862
22863
22871
28515
22888
66316
22890
24654
42415
22891
43031
22893
22894
29182
22895
22907
78846
58317
22924
22967
26330
22974
22987
59019
22990
51995
38285
23004
47550
43360
75695
23005
71468
23017
23022
23036
56011
41915
56924
23038
56662
23039
23052
30841
72414
39902
23053
23055
51021
23061
23065
27965
30635
23067
23069
49933
23070
23077
35773
51051
23080
28094
23083
23085
44523
23098
40426
24878
23102
23103
28202
37502
48221
78027
46267
36858
23118
23119
49975
36685
61069
23129
25281
72410
44911
26729
76543
23134
29134
23135
23151
26415
23153
42429
23161
45076
23162
23164
68442
59070
23179
72703
23183
23195
56331
37800
66622
30843
37160
53359
23199
23212
23219
26937
49951
23220
70927
23227
23230
23231
23240
23243
23246
41413
57311
24299
26954
76732
59708
23247
33192
23257
23258
23259
32111
23271
23275
23277
23279
34558
23287
73691
66358
60154
74189
23294
75677
37675
23295
23304
33548
48444
78813
23306
51230
67740
45481
24317
23323
23325
60377
23326
79581
23327
28280
23336
23340
23342
65816
37997
23349
23533
61718
23351
60990
59433
79111
73900
23352
53900
23358
64390
71103
78476
69981
75497
70826
63759
23359
23374
46041
23375
30523
23384
49979
71919
23385
23397
51148
23406
23407
77806
65116
58456
76106
23417
64499
71661
23419
49101
38196
35067
23420
25034
26764
35659
23421
23422
61800
35049
63002
73851
23423
70845
23439
23450
52506
23451
23454
41194
23469
77209
38435
23471
23485
69940
73238
25487
23486
23494
56510
67050
62319
23498
64747
46136
26509
23500
23503
50669
23511
58639
23518
75256
23519
43983
30605
27002
42268
46557
23532
23534
23549
23550
31173
23551
23561
23562
23565
23566
23567
23577
23580
23583
23590
56061
23591
79567
23594
23595
57485
23597
69599
23598
23610
23613
23614
23629
23639
68093
33019
23660
23662
23674
23663
42799
23670
23676
35805
62959
36397
41487
67757
25262
77885
23677
77887
72733
39132
63483
23678
23679
76061
23689
37326
23691
23692
23693
67406
23695
62238
64956
23706
45127
67279
68175
23710
28541
73208
47756
23726
30380
23740
44218
23742
35468
23743
23754
23756
29688
75182
59671
65267
27311
75003
23757
62751
23758
23759
74494
23772
23774
23775
46830
23788
71631
23790
23801
66319
23803
40165
43701
23804
69847
23805
74936
23807
23821
23823
23835
23836
23837
69886
54110
23839
57978
46107
23847
70108
23848
26008
23853
63405
23854
69324
23855
73181
53816
48234
31710
23862
23869
23881
23886
23887
23896
40681
33258
23898
77405
23902
79079
23903
40219
23910
57331
23914
49822
23916
29791
60878
23917
67532
23919
23930
37085
23931
23932
23934
23935
23951
23963
70074
64664
76514
64263
23967
23982
39066
42078
79005
23983
23997
56366
30958
41950
23998
46538
23999
32637
24005
34083
24011
75086
24014
24015
47822
24029
24031
39244
43214
44505
44668
24042
42220
24058
24069
73100
54299
24075
67054
24076
24078
24092
70527
38526
24094
24109
26670
61213
24110
24122
24123
69635
24142
26507
48270
67244
31532
24154
24157
43363
30347
24158
54492
41710
24159
24168
38431
24173
35342
24734
24174
24175
24186
24190
24205
24209
68957
53283
24223
59817
24238
24252
79327
24254
30490
41005
33227
58255
24269
27919
74811
25711
24271
24285
31237
79370
50702
49479
24286
24287
67068
24302
24315
24316
27134
24318
24332
24863
56633
43101
24347
70653
24348
24381
69062
78910
37229
69181
24382
24383
31449
24404
61277
24409
24427
75503
63948
61771
24429
24430
24445
24447
24458
54413
24461
24478
36423
49786
79012
24481
33038
24490
45899
60527
24493
68316
24494
62960
24495
45499
24505
57086
24508
24509
63626
24511
24515
62990
24524
24542
71036
64331
24826
24543
24555
55403
24558
24559
24571
24572
78022
37119
64046
24575
62878
24590
62015
57279
24591
24596
47231
24599
61242
24602
38110
24605
71199
63850
58348
24606
24620
24623
62654
29258
61304
24639
38874
45116
24640
60794
24651
24653
24655
59355
24660
28814
78088
24671
24683
24684
24687
77916
24698
24704
44005
24718
60958
24730
33183
63082
24732
24735
24751
24759
55080
24761
46169
73716
37415
24764
47727
24767
79100
37725
24773
70623
58876
24779
67166
45451
24781
24783
36222
24786
24796
77085
24798
24799
31978
24807
62472
24813
42424
24814
24825
24829
24830
47107
24831
69435
24844
24846
35914
24847
24873
68186
24876
24879
24892
44986
24906
24907
24911
24924
50635
48237
24925
24927
37519
24940
73711
24942
24956
24975
41548
45959
24986
27244
25004
25007
29711
25035
25052
25054
25055
25066
25069
41003
25071
25077
55198
25083
35369
43382
36271
25100
25102
58396
25103
25114
70696
45324
25119
76359
66500
25130
25134
50701
25135
25147
59538
54510
25149
25150
25165
76090
72788
25166
68891
64847
42345
25167
25183
25213
25214
25967
25215
25230
25231
25238
78629
25239
25245
40541
63607
48822
25254
40942
25256
25259
70698
25263
25275
79465
64297
42506
56671
25276
25278
25293
25295
25310
25323
25325
63918
25326
25340
69866
41297
43130
25342
55470
79483
55947
25357
43592
59020
25358
64888
27051
25359
49720
25368
27994
25375
25389
52443
61619
59980
37737
73567
62207
25404
65433
59514
25407
25422
25433
27432
73021
75161
71534
25437
42041
25438
67470
25439
25451
34652
30063
74942
62655
25452
50694
25453
72858
25454
70589
25467
25483
59582
25484
64359
25486
26148
32663
27149
40734
78669
32671
25495
64567
48015
25513
73883
54901
25514
25519
25534
25535
25542
25561
25563
45069
27295
25566
25594
41754
47321
25597
25610
25614
46956
28378
25625
50428
39119
34377
56827
52351
25627
59290
55341
38684
25630
25643
63535
25646
67131
25661
25677
25691
59398
50536
25695
32280
40580
53750
33356
25722
65295
25727
25743
35408
37183
76858
63321
47690
34463
25755
58007
25770
27000
25773
41339
25786
25788
30927
25789
50445
29468
79663
37853
35806
25790
25791
25801
31640
54296
65743
25805
48767
25806
77965
25819
55519
25822
49231
25823
25832
58602
25837
68767
35934
59622
25847
56204
25851
32702
25853
26492
25864
75148
25870
25871
25879
60075
25885
25898
27850
51871
25901
25902
25903
25912
57790
25916
25934
25944
73768
67164
54363
25950
79067
25962
25979
25989
25997
26007
78316
31439
26010
61830
45854
55099
61167
26011
26013
26015
34058
26026
26031
54716
78430
26043
70076
26046
26047
44140
26057
26063
37625
26075
26079
26085
31505
74919
70655
26091
26092
26094
26095
26108
26111
26124
26127
26141
53768
26142
75307
73951
35991
26143
79676
40299
26149
73356
74750
35386
26155
26158
44527
76607
26159
26170
26173
49071
50967
54651
26174
33167
26175
26186
65564
26207
58365
26216
26218
26221
30379
77646
58648
26223
34702
26235
37589
60072
42748
30201
26238
26239
39310
26249
42441
39903
56553
32683
78893
26253
36665
70991
39542
41388
46494
26255
26264
73672
26265
26270
26271
79560
26283
30367
79759
75566
26284
26301
26302
26303
26318
26319
51143
26331
26332
26335
44591
26347
26348
26349
62539
44012
56985
59111
72894
40300
27373
30349
59925
36310
31321
27039
50364
26351
79231
60731
26363
55054
26367
55051
26381
26383
26393
26395
26398
26414
74168
37887
26427
52587
44622
67838
26428
26430
27948
52972
28174
26460
26462
69498
62638
31314
57722
30047
26463
26477
26478
26479
26490
33518
26494
26495
26506
26508
26511
26523
26539
50127
26542
26555
26556
31999
26557
49819
46159
60237
26558
41711
26567
26572
70270
26575
26588
26589
26591
57999
42904
49737
56189
30287
45646
49179
26600
49663
26603
26606
26607
54763
26620
34799
26621
26622
46808
26623
26629
34588
26635
26639
51077
29150
53307
26650
26651
26652
26654
26655
26656
30376
38794
41021
26671
26686
26687
26699
26702
40447
62532
75134
49562
38479
26703
26718
26727
73996
26740
26741
67820
68413
26744
26748
67132
35385
26751
31130
47726
40671
26762
51704
54925
68859
70090
26765
56589
53678
51031
26766
67222
58507
26767
69085
62525
53915
40692
26777
26779
26782
26783
26795
40879
26796
26798
26799
26810
63069
32521
26814
79388
43758
26815
26829
26830
26831
26841
55308
26844
26845
76109
26861
36615
26873
26876
55397
26893
26894
69071
26909
57755
26911
26926
26938
26940
26942
26953
70189
62733
60761
26959
26966
28588
26967
59413
72481
37948
26969
62767
45551
26971
26973
26974
26988
40542
26989
26990
26991
27006
55336
67428
39131
27015
27021
27022
27035
35869
27049
27053
27065
29274
47855
27069
27070
27071
68458
27079
27080
27084
65167
27086
35725
27087
27096
75766
27100
27102
36412
33597
33851
60894
27119
57167
27132
63140
27133
27135
27148
57208
74474
27151
27164
56810
43933
27165
61726
27178
27181
27182
27183
36344
27198
40428
27211
32639
27213
55594
27214
29453
27226
70240
70797
27227
74812
27231
27257
28724
37612
27259
54375
76237
41934
43447
77090
62424
27261
57295
43294
53513
62621
46415
27262
67726
27263
27276
30151
27279
59804
68651
27292
27294
56681
31306
27308
27340
27342
27370
75434
27372
44782
27374
34141
27375
48140
56269
27382
35679
39503
53754
27385
44092
27390
46686
27402
27406
27407
27419
27420
77151
27421
27422
72262
39982
27439
27453
27455
54414
27464
35669
27468
57401
63327
27481
50680
27485
27805
27486
63251
78541
69261
70173
27487
62378
39167
27497
65335
27515
29176
27516
67084
27519
52686
74989
47759
27528
33596
65391
27535
76039
27543
27548
27559
27564
31903
27565
27566
64622
27567
27597
42425
51878
42348
27598
41900
27610
27612
27615
27623
63981
27630
76495
57965
27631
27641
27645
27646
27658
41603
48159
27662
27674
27676
38495
62526
27677
27690
67135
27691
35014
67950
27693
27694
70079
27695
27706
68747
79276
35263
42167
44409
27708
72010
77247
27710
27711
57795
27725
27726
27741
39055
67519
67402
51286
27742
27754
59834
27758
27759
73539
37999
27771
27773
27774
27791
61658
42067
54126
45468
27801
27804
76991
65306
27807
59082
27820
27821
27822
27823
28809
68654
27830
27837
61372
27838
38956
71436
27839
65387
43417
58283
65770
28236
55626
59150
27855
27871
59721
74766
74063
34573
72239
27880
27887
27901
27902
27911
78254
48938
45135
27917
27918
27933
34303
62781
27935
64730
27946
68250
27950
27951
46460
27960
74152
45143
30614
77340
69534
27962
27966
27967
27978
27979
27982
27998
53740
44270
76973
28012
28015
74364
28025
28026
70939
77165
28028
69022
63018
52879
28031
28046
28047
28060
57545
28063
28070
60649
71481
28078
28090
50349
28092
39822
28095
76258
39215
28104
75551
78240
28105
33131
50665
28107
78278
28108
41645
29419
39631
76027
28110
41163
43403
51549
28111
71214
28123
74574
28125
28126
59839
51195
77693
28140
28141
30222
28142
30271
28153
76798
28156
28157
51867
28159
28173
55581
28175
28184
28189
62126
28190
48699
47052
28219
62349
28222
28239
45007
28253
28268
28270
28271
28286
52095
28287
28303
58712
28315
28316
28319
78828
28331
54490
28334
28335
28346
74057
59807
28350
53835
39016
28358
74538
28364
62907
28366
28715
59670
28381
70319
28382
39831
61455
56234
28395
28399
52282
28409
28410
28412
28414
28431
67967
30075
39116
50458
39663
66406
28444
28463
42590
28475
55725
28476
28477
34831
28478
41566
28479
28511
40491
45261
28520
28523
28527
28542
78920
48843
43326
28567
28570
28571
28573
71332
28575
28583
28585
28590
37710
79406
28601
61236
28602
60957
28606
28620
28623
28639
28651
37787
55996
28655
61322
28665
28668
49941
42015
33823
28671
45689
79887
28685
35994
28699
28700
68110
28702
36844
28703
66023
28713
68015
53610
46078
41373
28717
47203
50313
28718
72639
28729
35566
28732
28734
28750
28751
28763
28767
28777
28780
28782
28795
55741
28796
64858
28797
56656
52461
74994
72505
28798
39017
28812
28828
37318
28830
28831
70029
28842
41147
28844
28845
56175
28846
28861
73781
66109
28863
73023
40925
28875
28879
70844
28893
64863
28894
78942
32524
28909
75994
36036
55068
39871
40137
40296
28943
28956
28957
28958
55663
28988
28959
28968
28971
28972
63999
28974
63070
28983
40623
28984
79004
28987
33325
61547
28989
28990
28991
60799
29002
48731
29022
76937
62125
29023
29737
36491
29035
29038
29039
29050
77231
70314
29055
29390
29067
50415
29070
54526
29078
65887
45870
57851
58169
54094
29084
33839
29085
56281
29097
29098
29100
29102
49649
45798
29103
29107
29117
36168
33454
38815
36221
29119
29135
29145
52205
29164
29165
29166
48120
56648
73806
29167
62872
73670
29181
36139
29197
42831
49593
29259
65550
29214
51242
29215
29225
29226
61417
66440
29231
29243
49579
29246
29278
29286
29290
77933
35583
74730
56938
29294
29305
29307
29309
29310
29318
29325
60189
29327
29343
29350
59771
29356
29357
29358
29359
63187
29388
46782
71581
29389
49038
29391
62857
29400
54815
29404
75354
71129
29420
29432
29437
32318
54286
29439
29451
29455
69786
34345
74416
50232
29466
29470
58285
29471
29484
57710
64383
39820
29485
44139
29486
43295
43017
29487
29501
29502
32054
29512
40271
43500
29513
29516
34285
29517
29518
29519
29548
58511
29551
29561
29562
64300
31508
65966
29563
50527
67711
29565
58287
29566
73707
29567
29583
29598
38428
29611
39487
29613
70604
62463
29615
29622
29628
29631
29637
71834
29646
29647
29661
49400
72141
29663
72718
29676
59275
29679
30749
79044
29691
29695
55517
29726
43613
29727
77679
69224
29738
57355
29749
63417
29756
73143
46088
29757
29758
29759
29772
29773
44542
29785
42136
29786
64143
38677
70910
29788
29789
29803
29804
29807
29816
29821
49117
56668
29835
65464
77855
29850
60267
29852
29854
29855
29869
29871
49214
39935
47684
46239
43950
40975
45577
70231
66599
29883
69338
29884
29895
29898
29903
29917
29918
29919
29929
29931
29933
29935
29951
29965
29967
54972
29977
29982
29995
29996
30012
30014
30031
37694
30540
67390
73209
30040
62664
49674
66567
30072
30079
30088
35855
72282
30091
30094
30099
67676
30116
54378
30126
30127
30135
53148
30139
30140
30142
51436
30154
55965
30159
30164
30172
40143
77064
54039
32351
30173
30175
77886
30183
38798
30187
30188
30191
78827
30203
58723
56859
70201
76404
31340
30215
53887
30219
71727
30235
30254
30282
30283
30286
34817
40571
30299
70239
30302
55916
30315
57386
30319
75762
73710
56557
65515
48012
30327
55692
45178
30329
63690
79339
60430
30330
30332
58591
30333
30334
30343
30346
58843
30350
30366
34475
30390
30396
30399
39579
30404
72669
30410
30413
30415
30428
30442
30443
74298
43149
62172
30444
36345
30454
43797
79852
61291
55724
30463
30473
30478
30479
30489
30494
30495
30505
30507
30508
35340
71451
70347
30526
71850
30527
30541
32282
30543
32815
30557
30559
30570
30630
54091
64318
68959
30571
78761
54735
35196
62666
30574
30575
69327
30587
30589
30599
30600
37214
30603
57576
33294
30607
33204
56667
34590
30616
34277
38182
30620
51483
30622
62222
30623
30637
30639
30645
65612
30650
68493
33997
30652
30653
30655
30668
40041
79884
30671
72106
30685
30686
45417
58956
43980
52367
30714
45035
41689
37263
74444
30716
30718
50393
30730
30733
30751
44107
30763
30766
30767
41390
30777
58154
42557
30780
30781
30783
52076
30797
51918
38986
60254
75901
30798
30809
30815
30823
41599
76391
64186
30828
30844
30845
38878
30847
30973
71085
44700
59515
30857
30868
75342
30876
30878
78345
39466
30893
42091
51450
30905
30909
74671
30911
74643
41385
39855
56661
30920
46459
30924
30926
30939
46581
30942
30943
30959
62216
74909
30972
30975
49086
30986
49839
30990
58402
71434
31001
31005
31007
51191
31016
31018
37987
37005
41886
67343
31021
31022
53741
67196
64604
63452
41549
31037
31038
56730
37139
31049
31050
40115
63389
31051
31055
31065
31067
31068
46056
31069
50332
63130
31083
44223
31085
31086
60190
31101
63832
31103
61912
43247
31117
68712
31118
31119
42863
31128
76765
43881
66654
31134
31142
31150
31151
50732
31166
31183
72335
31198
79742
31214
31231
76095
31260
70106
70236
40781
31262
31263
62911
31270
76559
31272
74799
31274
55967
31276
31277
31278
46134
31279
31291
31293
31295
57706
31308
31324
31326
58234
52874
52091
31327
66538
41227
78923
65007
31338
41540
50905
31341
31342
31355
31356
31358
65055
31359
53006
31386
61654
31402
31414
37847
74827
48885
31421
31422
31438
48903
41724
31454
32059
31455
31468
31502
31503
31516
31518
63150
31533
31534
66334
50154
31535
40270
31541
56601
31547
31549
66237
31550
31551
31566
31567
31582
31583
73727
31593
31594
31597
60004
31598
67021
62267
31599
31614
61613
31615
40764
31628
57598
51980
31630
35267
65087
74568
31631
42988
56397
31642
72040
31646
31647
31663
45736
31676
35323
31678
31691
31693
59420
31694
31695
31708
75259
31720
31727
31738
31742
31743
77436
62557
31757
31764
31772
56206
31775
31790
33917
38681
74314
68271
31807
31817
56007
31818
69406
31819
48427
56188
31823
31837
74651
32207
47229
31838
54719
69166
31839
31854
31855
34575
31869
44525
31870
31871
34987
39373
31883
34875
31885
31886
31887
64636
31900
31915
56252
31917
31935
33871
31944
58425
31946
31947
31949
69394
75326
31966
31967
31973
45821
37438
31983
31993
31996
36379
53691
51819
31998
32011
38173
32012
32014
74800
76750
59134
32015
32018
44558
77005
63821
74186
32029
32030
32045
59803
32062
32077
32093
71243
59596
32094
74094
56599
32095
32104
57869
32798
66796
32107
32109
32110
32120
66620
32124
54236
66555
49211
32127
48060
32140
32142
77182
32143
32155
32159
32173
32185
32189
36637
32190
32198
43341
42911
32203
32205
32220
32222
32239
32253
32265
78623
32267
32268
41129
67004
32269
32270
52665
32281
41308
66507
61820
32283
70798
32285
39595
78062
32296
63726
61179
59215
72684
69791
32301
47423
78108
32314
32334
77598
32335
32348
32350
62399
32363
69725
32364
39582
43308
32365
55423
58376
32376
32381
32382
65195
32383
79001
53598
32395
32398
32399
32411
32413
77804
32415
32420
78381
79133
32424
51703
32430
79877
79924
32444
32445
67685
32457
77626
32478
46941
32490
32495
48575
32508
32509
32510
32527
32538
36650
75534
75244
32539
46206
32540
32574
44125
32542
32543
32554
32555
45225
32572
32587
32604
32605
32615
32621
32632
65070
32636
32648
32655
32666
32669
57269
42862
51804
32670
47084
79574
32685
32686
32687
51095
34287
32700
32701
42639
47915
50143
69343
50616
64740
32703
32714
33759
48156
61869
32733
32734
32750
34383
32764
74408
44604
32782
32783
40474
32795
32796
41658
76788
48123
32811
36814
32813
55709
32826
40091
59773
41899
32831
42317
32847
32857
73198
71033
47261
32862
71572
32876
32878
32891
32893
32906
62074
46254
32908
32909
32910
56190
32911
32920
32923
41739
79772
72845
32943
32956
32957
34263
44077
32971
32972
32991
33000
53501
33007
33021
33055
61433
71180
33066
46124
33069
33071
33083
79464
33085
33087
33097
33101
64872
48455
59051
67128
33102
33103
53865
33116
70777
33117
33118
50188
33130
33134
33135
33162
72155
33178
74399
33181
38840
71870
33196
33212
73886
33214
49868
33230
33231
68987
33252
35965
33261
68847
33262
33278
33279
33289
33291
33293
33295
62364
33302
58328
63064
58159
50139
33308
33310
56649
33311
33327
33341
33342
63144
60505
57241
33343
52331
33353
57294
63526
66812
64763
33358
74158
50044
33359
55914
33370
59917
69468
35100
74349
33373
69822
33374
50028
33375
33388
33389
53807
33405
33423
59326
33439
33451
66044
57437
33453
33455
65818
37975
73759
71806
33468
33470
38222
33479
33502
33503
33512
33531
33534
33535
70814
33564
33566
33576
71231
71084
33582
33598
43481
74892
33612
33637
33647
33654
33656
53096
37626
33662
33663
53498
37646
75478
33675
33679
65657
33693
33695
33707
41402
78090
59229
33708
52615
33724
33725
57198
48619
33726
66132
62888
33737
70078
33739
63742
33740
33742
50207
71422
79068
51662
61863
43320
50521
52909
33751
72012
33756
42783
58637
33757
33773
33785
33788
33789
33790
69118
33791
33802
33805
48031
33806
33807
33817
33819
34905
74214
68058
55401
36493
33821
33833
33838
66300
40078
33852
33855
50191
68045
50775
72302
66655
65417
33866
33869
40493
33870
33883
33884
33885
53596
33886
76565
65960
41627
61215
33898
34333
33914
77207
33915
33916
33918
37566
36156
76936
44693
33919
33931
33932
71242
33933
62318
33935
77866
33949
33950
33951
46428
33978
73932
33981
33982
33995
33999
34009
50911
50206
34011
52333
78653
34012
41782
34013
34047
42269
34060
34062
34075
53034
34077
63196
63450
34079
34123
34124
66601
53290
34125
47322
34126
48303
34127
34138
60271
34142
34143
46013
34155
54830
34158
34159
65642
52589
79711
34171
34172
34174
76975
64770
73950
47309
58590
34175
34185
66270
34187
34189
66703
35838
34190
64651
34216
35007
67045
61975
34219
73375
58074
34221
70524
34236
66392
34238
34239
34244
34252
52731
51085
59548
56619
57612
34253
49207
34255
34269
34270
61752
54924
34275
34278
39668
44189
34283
34292
69396
34297
34311
40991
78574
34315
34317
34318
60555
34319
34349
63420
34350
34360
34367
34376
34381
34394
34395
47035
34399
50826
34411
34427
50009
65380
34429
34430
52605
34443
34444
78095
46092
34445
34446
34462
34447
68797
34456
39643
34460
77371
40590
71517
34479
34495
62895
34508
34511
34543
34748
34554
64187
34571
34574
49966
34587
34605
40223
35383
34606
68158
34607
34618
68494
34620
37901
34639
47610
34651
34655
58781
34669
72073
40717
34670
50573
34671
34682
45603
34686
66110
35487
43391
34699
74703
56271
34718
34719
34733
34750
34751
39676
34767
34779
34782
34803
34809
35578
34813
70300
34814
60886
37278
44776
34826
34827
64285
78159
50446
34837
34841
40014
34842
68910
66766
34857
34861
34874
34895
34908
34923
34924
34936
34941
34958
34959
50350
34975
38012
34986
35006
35017
35039
35052
35055
35068
35071
35079
38845
35101
48606
75814
35103
35117
35118
50682
35119
59311
35125
35133
35135
35143
35161
35164
35165
59194
35166
44007
64520
35167
69975
35179
35181
35188
41983
54027
35197
44030
43773
46879
63214
35212
72447
35214
69588
35231
35243
35245
62942
35247
35257
35275
35276
54507
35278
35294
35295
35309
35311
35319
35324
35325
35337
35339
35343
35353
35354
35355
59599
35358
35359
35371
57502
62974
48411
35375
40655
35387
35388
35391
73774
35401
64410
35403
35404
35407
35417
35421
35422
59965
35433
44873
53844
71152
35438
61319
35454
68508
35470
63375
76719
69007
35481
35499
63433
36604
35502
35503
35514
78362
35550
35579
79862
35594
35598
65692
35599
35608
40894
46022
48107
76431
59611
35612
36435
35627
35628
53534
61662
52699
35631
35642
51485
78684
35647
35654
56108
43307
35661
67001
35662
42685
35663
45644
35673
76187
35675
35676
75487
35692
35708
35724
60013
41195
35727
35736
35742
54767
35743
35759
63274
35770
49629
75996
35790
35804
35807
61639
35816
79307
64316
69246
35822
73725
73720
51894
35831
51710
45142
35837
35854
40205
46540
35870
35886
35887
35894
53375
52207
62366
57707
35895
35899
35918
35919
35942
35946
35948
35949
38813
56461
66412
47115
60478
35950
69231
35963
35966
35979
65519
74505
35981
36125
35995
57039
35997
35999
36013
63359
57607
67675
36024
36030
43954
68774
36031
36045
36047
36058
36060
48917
57340
78951
38267
36062
66872
36075
36078
46539
50335
36079
36084
42186
36089
36093
36094
36095
77485
72452
36106
65640
36109
67582
36124
36126
36137
65951
65630
72250
78261
36142
36143
36157
79246
36158
36169
36171
45423
36172
36173
71292
36185
36203
36204
69036
73608
58411
36219
36255
36265
59575
36268
36269
36280
36284
48287
36285
36299
36301
44716
36302
36316
62714
36318
36348
36350
36458
36366
36367
75819
41935
72636
49983
36376
36382
68120
36391
42399
36395
58415
75583
36398
36407
36408
36414
36430
47694
68543
36431
36446
52476
36447
36463
36494
36507
36509
71703
42102
56143
36510
61070
79435
48463
36511
36522
36524
36526
36538
44124
36540
36541
75064
73006
37493
52779
36542
48152
36559
52055
36568
36574
36580
36585
36589
36590
36591
36596
38942
36605
36614
36618
40016
74215
36622
36623
36635
36638
67036
36639
67114
36671
36680
61550
36690
44110
36700
36701
36702
60266
79230
36703
44171
36719
76037
36731
63496
36733
36734
36749
36750
62261
36773
67684
36779
36781
51515
36782
73388
36783
36790
36797
64415
36798
36799
62572
36809
36841
36847
36857
38230
36859
61127
60780
36887
36890
36892
76091
73692
36893
38494
36908
36910
36911
36923
36924
79912
36943
63053
50223
47740
36953
36955
36957
54893
58654
73805
36958
36959
77741
38282
41981
74162
44686
55982
36968
36971
36972
45272
36973
36990
52749
37003
37007
37020
37022
59757
37023
69470
37034
58139
37037
37038
41784
37039
37050
37054
64381
39614
71230
41679
37993
56814
37055
66733
37070
75369
37213
59198
39944
37082
37086
37101
37102
37103
37113
49260
37116
37117
37130
37132
37133
37135
37142
70187
50554
37145
37149
42111
37150
37181
43913
59293
37197
37198
48365
48854
37239
37245
37269
67596
37274
64539
45630
48862
37275
37277
37287
37291
37294
54572
37308
79102
37310
37311
63789
49225
53145
76054
69819
37323
37324
73245
37336
58479
37340
37342
75918
51631
37343
37353
37354
37382
37387
55950
37389
43683
74269
37390
63646
37403
47307
37404
58935
37406
37420
37422
37437
37449
37465
64183
37469
37478
37480
73962
37482
37486
37501
55259
37503
37523
63146
37551
63598
37564
37567
37582
37583
37598
59551
37608
37614
37615
71886
37628
42794
72893
37630
37631
37643
44143
37645
37661
72969
37668
44600
37677
37678
48076
37679
37692
64215
37695
37703
68031
53341
37711
37723
37727
37742
37757
37772
48040
77900
37786
53197
59449
67630
37789
37791
37803
51114
37806
47562
37822
37823
53447
44852
71670
37828
51015
37833
61567
37837
37839
58366
37850
37866
37869
37898
37919
37935
45356
37949
57455
37951
37956
68844
37962
63115
37963
59726
37965
49755
37976
37978
49544
75512
37980
37983
38847
55085
37996
38015
38023
38042
45850
54267
38044
38045
54382
49053
43093
38047
38063
38074
41317
38076
69055
38078
71038
63718
38087
38093
38095
38108
38111
38122
69018
38123
49483
38124
38127
38139
78222
38140
38158
38159
38172
42573
38174
38175
76632
38189
38190
60697
38204
38215
38218
38219
63501
38220
51695
38221
38223
65531
38236
64975
76473
38239
60717
38252
58489
38254
46024
68876
38492
38270
38271
38286
38301
38303
38315
38316
59278
79675
38318
42171
38319
76200
38333
77198
38350
71290
38367
52750
38382
38383
39243
38396
38398
65354
46061
38414
47582
38415
38438
38441
75659
38445
38447
38461
53438
38474
38477
73351
68863
38503
38505
38507
49807
38508
79613
38510
69048
38522
56815
38524
38527
38541
38542
38555
68314
38557
38570
38571
38573
38588
78030
38589
38591
38623
38635
38638
44972
38639
38670
38682
38685
38686
73869
38687
38701
55883
38702
38703
38711
63231
38715
38732
38733
38734
59957
65130
72521
38735
67211
38749
38750
58476
38751
39455
38760
79036
73582
38762
78886
38765
45406
38766
42414
38777
67288
54729
38779
77961
62799
38782
38783
38796
38799
38811
38812
67755
76042
39356
38814
40350
38829
38831
38844
38846
47369
38854
38856
75510
53755
38862
38892
38894
38895
38910
38921
48925
47037
38924
38926
38927
38955
72550
61419
77643
38957
51817
38966
38970
38971
73246
60405
38974
38983
38985
38987
73887
42876
74095
38988
38989
38990
51422
38991
39005
39007
39022
39023
46943
60861
60585
39036
39061
49982
39068
39070
43373
39081
39086
40510
39102
54541
39103
39112
39113
39117
39133
39134
60951
39148
39151
39164
39166
39181
67995
39182
39183
39196
68846
59103
39198
39210
39225
55484
39227
53549
39230
39231
39239
41150
41118
39241
39247
79395
41613
75959
39260
39261
39262
62507
64184
39263
39279
39294
53308
39295
58943
39311
39324
39327
51756
39336
39340
44479
39342
39371
39374
48531
41006
39384
39385
39389
39390
40423
74029
39391
39404
39407
39419
39421
39422
69179
39438
77821
39447
39470
39485
39495
39515
50523
39518
39544
67551
39546
68492
39564
39565
47117
39566
39576
39597
39598
39615
39628
39636
39641
39645
39647
39662
39670
39673
78940
39677
39679
73449
39691
61274
39692
39695
39706
39724
39725
39742
74891
39743
39748
39758
39759
39770
70406
59434
53528
75724
39771
76747
39774
64213
67550
72793
71383
56532
39791
70886
39817
39819
78284
57967
50283
39833
39838
45044
39851
71211
39852
40059
62249
39853
53962
48783
39854
39870
39882
39901
67918
78333
39919
39928
39932
47486
39934
39949
47596
39950
39978
45773
79949
50762
39983
44430
39995
57903
39996
40012
40027
50094
76556
40058
40062
40070
40076
40077
40093
40104
40111
40119
40122
40126
62842
54407
76445
40159
46766
40163
40173
40187
55501
47710
40204
49434
40206
40207
44763
40234
40236
40238
40255
40263
78187
40264
40281
68111
40285
42157
40287
40301
40302
40316
40317
60313
60089
40319
40329
40347
40334
40335
40348
40349
76324
62206
56665
40364
40367
40379
54697
40382
40393
40394
41245
40395
40412
61914
40414
40415
40429
76300
40460
40461
52718
40476
40509
67294
40520
40523
43464
40527
46058
65659
40540
74776
69949
40543
40556
40558
52574
40568
40587
40591
45096
50040
57774
40603
40621
40634
40686
40699
54690
66298
40701
40702
58527
79279
40703
40718
72057
40731
40735
54237
53838
40749
40750
40751
40766
40767
40776
40779
74908
72798
51577
40782
43759
40783
40805
53576
40813
62188
40814
40828
40829
40830
73516
40846
40858
73191
48894
40861
40862
40875
77967
40878
40891
67022
40910
40911
40923
40926
54044
71609
59470
64459
40943
56121
54140
75692
40948
60553
74830
58702
69180
40954
56676
66380
40955
51502
40971
48652
40972
40988
41004
41033
41050
72540
77132
41053
54623
76879
41054
41055
56637
41071
53116
41087
41103
41109
41117
41119
62732
41134
48255
41135
41167
61039
41179
63211
79502
66843
41180
70253
41183
69433
41191
41196
41198
62283
41209
41228
57308
41229
47542
47879
79371
41230
41231
72143
65098
53531
44987
70598
41800
41240
41247
41262
65986
41263
41274
41919
41275
54440
41277
41279
41291
51838
41292
75756
41311
41327
41342
41343
41375
41383
41384
69399
41391
78586
41405
41406
43143
41407
41419
70690
61310
41421
41422
41438
41439
41447
41451
79863
41470
41483
48752
67886
41486
41500
41509
63353
42620
41515
41519
41533
41547
41551
41562
41567
41593
41597
41625
41628
41631
48682
74845
41641
65609
41646
41647
41661
56910
41662
73884
57599
42669
41678
41694
52462
51445
41695
41702
58351
66123
41723
76956
41737
74318
41743
41756
41770
68937
47346
41772
64159
41774
41786
41790
41807
41821
68764
60207
41823
41830
41837
41839
41853
41867
63195
41869
68952
53725
42444
41871
41882
76527
58221
42635
41885
41902
41903
46347
76157
62893
41916
41926
41941
41951
61883
41967
41980
41991
41996
41997
50543
54159
41999
78662
42022
43276
42042
69582
42043
45766
42047
42057
42061
78251
58109
42063
42094
42095
49020
42110
42118
42127
42130
42141
42142
42143
42170
42175
42189
42190
42201
42205
42217
42218
73724
52332
42223
42230
50462
50925
75850
74502
76647
42234
42237
42239
44237
69151
42252
42255
42270
42271
68478
42284
55015
48206
42285
42297
42303
42316
42332
42334
42335
42337
42349
42350
42351
42367
42378
42379
46763
42382
42383
42408
64079
42443
74874
75034
42445
42447
42452
58557
42462
42470
42476
42491
42494
51020
42508
42527
42558
56075
64761
42569
67883
42572
42587
42589
42591
42598
42604
77668
42607
69739
42623
42633
42634
42654
45483
70702
54683
42655
42663
42666
54583
69647
64031
42670
42684
42687
42701
76152
42703
42718
42730
42734
42746
54751
42751
62060
42765
79758
42767
42797
42798
42814
63308
47996
42815
65307
77468
42826
42827
42829
43070
42830
42840
59868
42847
78718
43402
42857
78924
42879
42887
58222
42891
42892
42907
42908
42925
50808
52831
42935
42940
42941
52922
42943
42959
42971
42975
48028
69838
42986
42987
71052
42989
52297
43000
43002
43005
43021
55053
43023
70650
65356
67391
43038
43052
43069
43081
43087
55544
74092
43100
43103
43116
49974
43117
78255
43132
43135
43160
43163
49375
43164
75511
43166
66571
43167
66398
43174
43181
43182
43183
43196
73372
61228
43210
68444
43212
43213
70543
43215
68570
43230
61742
46476
49124
43244
57547
43245
75422
43246
43256
43262
68190
43263
46889
44735
43277
52943
51295
43278
43304
47335
49275
43311
43322
43355
46905
43358
43359
43367
61467
43372
66587
43374
43375
43387
43404
43405
43419
43431
57181
43436
43439
43657
43468
43470
43471
43484
43487
43518
43519
43530
43534
43535
43547
43549
43563
75933
54970
48747
43582
43583
43594
43597
67018
66396
43598
43599
43608
78014
58399
43614
43615
43624
43627
78943
43629
43630
43631
43646
43661
43676
63279
61766
49548
43679
67613
43689
43690
43693
68974
43694
43695
56270
43711
47695
53918
75438
43724
43726
43736
43741
43742
65263
43743
43754
67854
43772
46584
46155
43775
43783
43788
43790
75277
43791
56745
43806
60025
43818
58652
43821
55181
43822
43823
43839
43852
43868
43869
43870
43884
43886
43902
43916
43918
43935
47950
65341
43948
43960
43962
43966
43967
75197
46315
60703
57518
43979
68719
43981
43999
75119
44004
44023
44039
44045
44046
44059
44060
44063
44070
44072
61004
73560
44074
67691
46174
44075
78509
44079
44093
44095
44108
44126
75644
44127
44135
59352
44332
61483
44141
67780
44142
62158
44175
44190
44201
44203
44204
44205
44207
49215
44220
55804
44221
60709
68361
44226
76812
49327
62173
44239
44249
76958
66173
73007
44252
44253
44268
64362
44271
44285
44286
44299
44315
44316
46744
44334
44345
64077
44349
67996
44350
44361
70701
69130
44363
44365
44366
44367
78175
44381
44382
46063
44383
44387
54555
51533
44390
44397
44398
44399
76831
44411
77976
44412
44415
44425
44444
44447
44487
44493
48266
57789
44495
44522
44526
44532
44538
44543
63676
44557
44575
44589
74367
68094
44590
44606
73162
44617
44637
44639
44653
44654
44670
44671
73194
44681
53965
44685
69287
56570
44687
44715
44717
44719
44734
73279
44750
44765
44767
48671
44777
49023
44779
44781
44797
44798
73580
44811
44814
44815
44845
44856
53516
44860
44861
44863
44895
70101
44906
77260
44909
44926
67015
44927
44935
58375
48927
63147
44939
61822
56828
44942
44956
44970
52839
44971
44974
44975
69850
47739
70126
44988
45005
45006
45037
45068
45071
45087
45093
50759
45099
76206
45100
45101
45102
45103
45118
45119
62191
45145
45146
45148
45183
45195
45197
45198
53269
51528
45205
52315
45214
45226
45228
45229
45231
45244
45245
45247
69450
45259
56575
78189
64317
45263
45277
52141
66556
46524
45278
45279
45289
45295
45308
45309
45311
45321
48175
45327
45341
45342
62541
45343
53100
45358
73226
45359
71931
45371
45388
57290
45389
45405
45419
45452
45454
60694
76620
45470
45484
45486
67245
78055
45487
45500
74587
75132
45502
45503
45517
45519
45527
55522
72093
45534
45545
66187
45547
45550
68683
45563
45564
45580
45612
45614
45626
58103
45628
45631
45645
48335
48166
45660
45661
45663
45694
45695
45710
45723
50076
51886
76259
71724
52079
68701
45726
45739
79851
45740
67380
57917
45759
45774
45775
50655
67966
58442
45789
45790
45807
45822
58607
45834
45837
45838
45855
45866
45883
46175
45886
59628
45887
45901
52349
45902
45918
47933
45919
64701
45930
45933
52763
45950
45967
45981
45994
45995
46012
46023
46044
67082
46046
79751
46047
65262
56702
46105
56478
46106
70863
58815
46108
46109
74809
46111
46116
46123
46167
46173
46184
46189
46190
46221
46253
46266
46268
46270
52906
46282
46285
46303
53293
46316
66477
46318
79309
46330
46333
59886
46345
73885
46348
46349
46350
46377
62830
46399
46414
46429
46430
76523
72667
46446
46447
47591
48415
46461
46463
46470
49690
46477
46493
46503
46509
46510
46522
46541
46556
46558
46559
61645
46574
46575
46602
46615
47973
46622
46623
66795
46634
46652
66429
64367
46654
46655
46666
46681
46684
68540
46700
46714
46717
46718
46725
46729
72138
46735
46749
46750
46751
71535
46767
76730
77229
46794
46798
46812
46813
46826
46827
46831
58220
46845
46847
46863
46892
50030
46894
46904
78217
74199
46909
46910
46911
46922
46926
46927
46959
46973
46974
46988
46991
47002
47005
47007
47023
47038
47050
49631
54425
47053
47062
47071
47082
47083
76606
47085
47087
47100
47102
47103
49389
47133
47138
52668
47148
47149
66874
47151
47165
47166
75903
47180
60462
47182
47187
62053
56058
47193
47196
47197
47198
47199
47213
65791
47215
47230
47244
47246
47247
47251
47276
47278
65932
47279
47283
47292
47294
58171
47305
47306
47323
49150
47325
47337
47339
59402
47355
47356
64220
47357
47358
74476
47359
47374
47375
47385
58078
47388
47389
59663
47390
47421
77033
47435
47438
66860
47439
47450
47453
47454
71967
47455
78766
47468
47483
47485
47487
59685
47501
47503
47510
63770
47518
47519
47532
47533
47545
47551
47563
47567
64767
47598
47627
47628
47631
47646
47647
56235
47663
47676
57324
47677
47678
47679
47711
47717
76412
47723
47738
47755
47757
47770
68399
47774
47775
47785
47786
79661
58215
56634
47805
59966
47821
48633
51149
51780
57227
47823
47832
68397
47837
47839
47849
50582
47851
72285
47866
67215
68745
60445
47869
47870
47881
60031
47882
47887
78702
61855
47902
47903
47932
47934
47935
47951
47965
47966
47983
47997
47999
52553
48025
48029
48042
48047
48074
48078
48091
63050
48093
48109
48110
48111
48125
48127
64675
61230
48136
48141
48142
48143
48157
48172
48186
48188
48190
48191
74700
48204
48207
48222
48223
48235
48239
48253
48265
64012
48271
48302
48318
48332
48350
71246
48355
48362
48367
48377
48380
61469
71660
48381
48382
48399
78767
48410
48413
48426
48429
48441
48446
48461
48473
48477
48495
66506
48503
64444
48506
48508
74202
48511
48539
48551
57946
48552
72729
48573
53323
48574
48587
70046
68798
48605
48607
48621
65406
48622
60926
73338
59993
50078
48638
48655
48680
48681
48692
50054
48702
48703
59384
48717
51933
48718
48719
48730
48732
48745
73306
48750
48762
48782
48792
51390
48799
48814
48815
50651
48831
48861
48874
48875
48895
48911
48939
48940
52186
71900
48955
77583
48958
48959
48973
48974
48989
48990
49004
49005
49006
72844
53540
78060
49007
51998
49031
49032
49052
72895
57501
49054
76927
49055
59419
71497
49067
49098
49113
49114
51464
49119
49130
49131
49145
71885
49148
79387
56572
49149
57471
49151
54653
49174
49178
68268
63112
49182
71215
49195
49212
71407
49228
49245
68510
49247
49259
49261
49263
49278
49291
56173
49303
79310
50943
49308
49310
49311
49322
49325
69019
49342
49343
49353
70015
49354
49357
49358
49359
49391
49405
49407
49420
49421
49422
49429
49439
49454
49455
49468
49599
49486
49487
49501
74778
49514
49516
49517
72395
49518
49529
49535
49551
49565
49575
49582
49583
49598
49605
49612
49628
49642
59942
61887
49645
49655
49662
49678
49695
49707
49711
49726
49727
77464
49742
49758
55279
49759
49775
49784
49805
49832
49835
49836
49838
49854
59912
52495
63278
58842
49881
49882
49884
49899
49901
49902
53486
62828
49903
61292
49911
56409
49934
49935
49946
49947
49959
49965
65435
49967
49977
63822
49978
59422
49995
49997
49998
49999
71742
50014
54062
50029
50042
50046
50047
50059
50060
68172
77278
50061
75404
59373
58687
50062
70933
50063
50079
50111
50138
50141
50156
50157
50169
50171
50174
50190
56812
50194
66091
50221
67167
65100
58748
50253
50266
59359
50307
50317
50318
50319
53548
50327
50328
50347
50362
71210
50382
50383
56239
50397
50398
66815
50399
57358
50430
68495
50447
50459
50463
50479
50491
50494
59534
50495
78842
50504
50505
50506
50540
50553
50557
50559
50574
50575
77918
50589
50590
73002
50605
50606
50621
50623
50636
50648
50652
50654
50684
50686
50698
50700
50703
50715
50718
67626
75613
62652
50719
57375
76663
50733
50734
50735
50751
50767
58428
50777
70292
50780
66940
50794
52988
50798
50815
50825
78414
50828
50829
50831
50846
50847
50851
50860
52237
50863
50879
78474
50895
50909
52746
50910
51307
75750
50918
66907
50922
76392
66014
50927
50955
57510
50957
64229
50974
50990
50991
71822
51005
51007
75592
79515
52047
51023
51030
51038
51053
71390
51054
60187
51066
51070
51097
51100
51102
51103
51118
63485
71676
51132
51133
51166
51179
51182
51215
51225
57863
51226
51227
51229
51243
54746
51277
51278
51309
51327
51340
51341
51343
51357
51369
51374
51375
51389
51391
51414
51423
52586
51448
51451
51454
51455
51462
51487
51501
51503
51517
51518
59691
51530
51532
51534
69532
51535
51561
61612
51564
51566
72777
52991
51581
51582
51583
51594
51597
78655
51598
51599
79919
51612
51614
51627
51628
58911
51642
57450
51661
51663
51675
73150
51679
51711
58716
79064
51725
51726
51739
73966
54494
51743
51759
51771
58733
74363
51806
63213
51807
73215
51820
51836
51837
51851
51885
53291
51897
51903
51914
51915
66008
51928
51930
51948
59822
51950
51951
51965
78639
51966
51977
51979
67962
74879
51997
51999
52015
52044
52046
52056
75117
52061
53613
66957
69901
52077
52078
55993
52087
52093
72328
52110
52125
52127
52158
52159
52171
52174
52971
52187
58173
52189
52221
61418
76207
52222
52234
59615
59303
52239
52253
52254
52270
52284
63166
52285
78733
52296
52301
73804
52303
52319
60685
52328
52334
52335
52345
56349
52360
65883
52361
52363
52366
66445
52376
52383
52399
63062
52412
52414
52415
52429
69622
52431
52447
52473
52475
52478
52479
63567
52494
52508
52510
52511
52522
52525
52540
61967
52541
52542
52575
54685
52591
52617
52619
52620
52622
52623
63468
52636
60318
69518
52637
52653
52670
62589
52671
65342
52683
52685
52687
52697
55107
52702
52715
66845
52751
52766
52767
52781
52782
52783
52796
52798
62043
63649
52808
52815
52829
70829
52830
52844
69300
53630
52847
52861
52863
52875
52878
52888
52895
52911
52938
52957
52958
71359
52959
52987
53000
53018
53023
53033
53036
53053
53069
53070
53071
53084
53086
53103
53119
53128
53135
53151
53165
53167
60059
53181
70846
65803
71629
53182
53183
53188
71720
53194
53196
69885
53198
53210
53212
53214
53226
53229
53231
53257
53260
67804
70810
53261
78798
53278
53279
53305
53310
58398
53311
53327
53340
53343
53358
53373
53374
53387
53405
75853
53406
53422
56974
53423
53431
53436
53439
58510
66028
53450
53453
53455
53465
53469
53481
53483
53502
79384
53547
60827
53565
53566
53567
53580
53581
72267
53597
53599
53611
53614
54863
65434
53615
53628
73118
62234
53629
53643
70414
53646
53695
68379
58063
53706
53710
53727
53742
53751
53756
53759
53774
53775
53789
68669
53790
53791
64493
53803
78678
53804
53822
53823
65643
53831
53866
67182
53871
53885
53931
53934
53943
56651
53949
53978
53983
79935
53992
53993
53995
53997
53999
54015
54029
54045
57849
59871
72623
54046
54058
64922
54060
78186
54063
74590
54069
54078
54095
54111
54125
54127
54141
54154
54156
54172
54174
54175
54185
58107
54189
54197
74954
54203
70174
54205
54207
54220
54222
54223
54239
54250
54789
54253
74555
54255
54271
61870
54277
54284
54287
54302
54303
54318
54332
54333
54335
54350
54365
54366
54367
54383
54396
54408
54412
56317
54429
78539
54438
58988
54443
54444
74014
54447
67535
67180
54455
54458
54460
54461
54474
54479
54486
65788
54508
65878
54524
54527
54542
54554
68726
54556
54558
58813
54575
54588
54590
73214
54604
54607
54619
54686
54701
54713
54734
54765
54766
59887
54780
55199
54782
54783
54829
54846
54861
54862
72270
68029
54872
54876
54878
54879
54909
65165
54910
78861
54927
54943
54956
54959
54974
54988
54989
55004
79256
55005
55007
55019
55021
55022
55037
55038
55055
65885
55070
55071
55086
55087
55093
55100
55103
55115
61273
55117
55119
72429
75743
55132
55133
55134
55166
55183
59165
64750
55193
76766
55195
72957
72878
55196
61534
55213
77513
55214
55231
75802
55246
74265
63243
61003
55247
55262
74600
62639
67309
55263
55277
55290
55294
55311
55321
55326
55327
56030
55340
55342
55353
55372
55374
55375
55383
60939
55389
55406
55407
55433
55436
67049
66824
59838
55438
55450
55452
66908
55454
55455
55480
55487
60126
55503
55532
55535
55567
55583
55591
55598
55599
55610
76974
55614
55628
55629
55631
55641
76918
55645
55656
55669
55678
55695
55707
55710
55711
55727
55742
55743
55754
55758
55759
55788
55799
55806
55814
55816
55821
76573
55823
55835
55837
60329
55839
55854
66892
55870
78461
55871
55887
55919
55930
78877
55932
57791
55933
55934
70682
55935
62543
55948
55951
55962
61934
55981
55983
55997
55998
60596
55999
56031
56047
56055
56057
56060
78617
72445
73610
56062
56079
56087
56106
56111
56123
56127
56139
75193
56142
56154
71114
56156
56159
58463
56174
56191
56205
56218
56220
56222
56223
56238
56267
56285
56287
56297
56303
56316
56319
56334
56335
56346
56351
56365
78671
56367
56379
56380
56381
56382
75114
56392
56394
56414
56415
56426
77844
68693
56428
56431
56446
56463
56476
56479
56492
56505
56508
56526
67887
79886
56543
56551
64779
56558
56559
56574
56590
56591
56607
56621
56622
56623
56636
56638
61241
67647
58942
78395
56682
59403
58894
56684
56699
56703
56709
56717
76490
59519
74308
57005
56747
56749
56750
56766
56783
68252
75790
56798
79915
56829
56842
56845
56846
56858
56861
56863
56878
62201
56879
56894
56895
56911
56918
56927
56939
68012
56941
56955
56975
56988
60652
56991
57002
57003
57006
57007
57019
57020
57021
57022
57023
57068
57071
63038
57084
57087
57098
57103
57112
57113
57118
64104
60350
57119
57133
58091
57148
57150
57166
77133
59919
57183
72814
57190
57223
63982
57231
57243
57244
57246
57259
63477
57260
68296
57261
57278
57309
57322
57326
57327
57342
57357
64655
76526
57359
57388
57391
57418
57421
57423
57438
57452
57465
57469
57476
57483
57486
76142
57499
57515
57519
57531
57533
57541
57563
57566
57567
57578
57583
69982
57627
58095
57631
57639
72365
57662
57663
57676
57679
57694
57709
60943
57726
57743
57770
57775
57788
57802
57822
71796
57835
57836
57839
77262
57854
57887
75467
57934
57935
57949
57950
59973
79629
58847
57966
72303
57972
57974
57981
64910
57997
58014
70013
58025
58028
58044
58045
58046
58053
58060
58077
79965
58079
58094
58106
60811
58110
58127
58300
58142
58187
58190
58207
58219
58253
58268
58318
58334
58335
58363
58367
58382
69694
58397
58410
58413
58414
58431
58441
58445
74319
58446
58458
68879
58465
58473
58477
58491
58493
58494
58495
58537
58541
58542
58552
58559
58570
71755
58574
58575
58588
58589
58603
68670
58604
58605
58622
58623
58638
66540
58665
58670
76639
58671
66191
65294
58681
58700
58703
58732
73101
73837
58735
58744
58750
58764
58765
58766
58767
60314
59099
58783
58809
65647
58810
58814
58827
58828
58830
58857
58860
58868
58877
66694
58878
58925
58941
58955
58958
58972
58973
58991
73374
59004
61629
59006
59022
59035
59356
59037
59055
59078
59085
70780
59086
59087
59095
59101
59117
59135
59141
67087
59143
59163
59164
78620
59166
59179
59181
59199
59231
63679
59261
59279
59983
59289
75004
59295
71787
59327
59343
59357
59370
59374
59389
59390
59391
59405
59423
59435
59439
59452
59454
68997
78458
59455
59467
59469
59479
59498
59500
66303
66302
68606
59502
59518
59531
77354
59535
63212
79848
59561
59566
59572
59578
59583
59591
59610
62143
59614
59626
59631
59642
59661
59677
59692
59710
72469
59724
63178
59737
59758
59759
59774
59775
59787
59789
59791
59814
65247
59815
59821
59850
64511
59851
69514
59852
59855
59864
59866
59870
59900
59903
59915
76541
59916
59928
78446
59934
66956
59935
59944
59948
59951
59959
72111
59996
60006
60012
72872
60015
60029
60030
60044
60045
60060
60062
60063
60073
60076
69706
60078
60091
60092
60095
60106
77119
60120
60127
60138
60143
60155
60158
60159
60174
60204
60236
60238
60239
60253
60268
66124
60332
60349
60363
60366
60380
60382
66670
60394
68367
62477
60397
60398
63614
60413
60414
60427
60431
60443
60475
60479
60494
70893
60495
60511
60523
73311
65869
64799
60542
60543
60554
60559
70397
60573
60575
67471
60607
60621
72459
60635
60651
60670
60671
60680
60686
60700
60732
60735
75597
60742
60746
60764
60766
60781
60782
60797
60807
60810
60815
60826
60828
68214
60830
60831
60846
60847
75340
60858
60877
60879
72664
60890
72559
76667
60892
61546
60895
60901
70091
60904
60909
60911
60918
65518
65946
64068
72622
60924
60927
65967
60935
60941
60972
62106
60973
61867
61019
71131
61020
61022
67754
61034
61037
61038
61052
61054
65646
61055
61071
61086
61087
61097
61101
61111
72654
61114
61115
61116
61119
61130
61132
61135
61150
61151
61165
61181
61197
61210
65579
61259
66586
61260
61275
61276
61309
61326
61327
65102
61341
61343
61352
69495
61358
61373
61375
71244
77756
61404
61423
61436
69880
61437
71502
61450
61453
76618
61470
61471
61481
61484
61501
61519
61535
61563
61565
74895
61566
61576
70313
61583
61599
61614
61631
61643
61644
61660
61679
61695
61723
61725
61740
61743
61756
61791
61817
61839
61853
61901
61902
61903
61910
61916
61918
61935
61948
61950
61962
61999
76382
62011
62031
62042
62047
62073
62076
76968
62079
62095
62142
70874
62174
62183
62219
62220
62221
62223
62239
72986
62252
62254
62268
62285
62286
62301
62350
62351
77311
62383
62397
62414
62447
62460
62462
62475
62478
62479
62490
73434
62491
62494
62495
62511
68620
62527
62540
62542
62556
62559
62570
62571
62575
62591
62603
72984
62604
62606
62618
75375
62620
62623
62637
71947
63931
62683
62702
62713
62719
62731
62734
65293
62748
62764
62766
62780
62783
62794
62796
62798
62813
62814
62815
62831
62839
62894
62917
62927
62936
62941
62975
62987
63007
63032
63063
63067
63079
63117
76584
63119
63160
63161
63165
63182
63183
63199
63208
75007
63210
63227
63244
63262
63294
63295
74046
63325
63341
63342
63386
63388
63404
63407
63415
63423
63436
63439
63449
71367
63451
63454
63455
63470
63486
63487
63499
63516
63517
73407
63519
63531
63543
72255
63551
70974
63577
63582
63583
63599
63611
74008
63644
63647
63677
63691
76204
63693
63694
63709
63727
63743
63750
63774
63787
63803
63820
63830
77977
63831
63837
64984
63838
63854
63866
63869
63885
77422
65935
77359
63894
63932
63933
63934
66521
72762
74910
63935
63940
63946
68748
63947
63950
63962
63963
63998
64015
64027
64028
76281
64059
65400
64060
64075
64078
70457
64092
64093
64637
64094
64095
64111
64125
64127
64170
77484
64189
64191
64206
64223
64234
64255
64268
64283
64286
64296
64302
64303
64319
64333
64334
64349
64351
64365
64366
64396
64397
64398
64409
64412
64414
71711
64429
64430
64431
64470
64477
64495
64502
64522
64523
64524
64526
72350
64556
64557
72524
64558
64559
64573
64591
64605
64635
64638
64661
64895
64670
65708
64682
73496
64703
64715
64717
65517
65103
64719
64735
64751
64756
64782
79022
72543
64783
64808
70941
64809
64810
64814
64845
64846
64859
64893
64894
71950
64908
70828
76379
64939
64940
64942
64959
64974
64985
64987
64988
64990
71228
66685
64997
65006
65021
65038
65047
65054
65067
65084
65097
65112
68074
65132
65144
65148
65151
65163
65176
65182
65183
65199
65212
65225
65241
65244
65275
65277
65292
65303
65309
65310
65311
76653
65320
65323
72782
65339
65340
65343
79803
65355
65359
65373
65375
65390
65402
65405
65419
65420
65437
65439
65467
65471
65485
65500
65501
65513
65532
65534
65549
73213
65551
65566
65570
65581
65580
65582
77389
65595
65599
65598
65614
65629
77061
65631
65645
65660
65663
65693
65695
66549
65707
65709
65711
76047
65710
65727
65742
65759
65758
65772
68281
65774
65807
65820
77581
78203
65823
65835
65836
65838
65853
65852
65855
65854
65866
65868
65870
65884
65886
65899
65901
65903
65902
65918
65934
65943
65944
65948
65965
65995
66015
66029
66030
66042
66045
66060
66078
66089
66092
66122
66127
66136
66140
66155
66174
66186
66189
66206
66216
66222
66238
66266
66278
68655
68188
66295
66301
66313
66314
66318
66335
66349
66351
74127
75150
66350
66364
66367
66374
66379
66395
66399
76443
66414
66431
66443
66456
66463
66462
66479
66495
66494
66522
66526
66543
66588
66590
66606
74463
66618
66631
66638
66652
66667
67198
66697
66699
66702
66714
66719
66730
66732
66734
66751
66767
66806
66814
66825
66827
66847
66846
66862
66876
66888
66894
66911
66910
78271
66927
66926
66936
66966
66973
66991
66990
67006
67020
72776
72313
67023
67030
67033
67048
67055
67071
78526
67070
67086
67108
67119
67126
74520
79037
67130
67149
67151
67150
67162
67165
67199
71615
67214
67225
67230
67246
67260
67275
67278
67292
67306
67310
67318
67324
67326
67334
67342
67373
71439
67407
67420
67423
67436
67453
77822
67452
67485
67484
76478
67499
67502
67516
67530
67546
67549
67598
67608
74170
67610
67615
67628
67643
67644
67646
67663
67662
67672
67679
67678
67695
78731
67694
67707
67706
67721
67727
67739
67759
67775
67788
78638
67790
67803
67807
71423
67806
67892
67821
67822
67839
67870
67884
67898
67901
68978
72190
67903
67917
67932
67934
67965
67964
67981
67980
67983
67982
67998
68024
68028
73530
68047
68046
68479
68060
68125
68127
68126
68141
68143
68142
68150
68173
68189
68206
68223
68222
68237
68238
68251
68254
68266
68280
68283
68282
72220
68287
68286
68302
68317
68319
68333
68335
68334
68347
68351
68381
68382
68398
68424
75500
68430
68446
68526
68542
68553
68557
78859
68558
68573
68572
68574
68589
68591
68590
68605
68607
68619
68636
68638
68668
68684
68687
68686
68697
68749
68760
75606
68766
68781
68813
78830
68815
68830
68861
68878
68889
73957
68890
68895
68894
68909
68925
68926
68939
68941
68951
68955
68970
68973
68975
68989
68990
69021
69020
69033
69037
69038
69052
69084
69087
69086
78922
69101
69100
69115
69114
69135
69134
69149
69150
69164
69178
69183
69182
69196
69198
69209
69215
69214
76238
69226
69242
69244
69275
69279
69294
69310
69322
69326
69342
69359
74124
69358
78604
69370
69389
69388
69390
69423
69422
69438
74668
69451
69453
69455
69482
69485
69484
69487
69502
69513
69516
69519
69550
69567
69573
69583
69610
75773
74302
69627
69628
79000
69640
69643
69646
69661
69660
69674
69678
69709
69710
69727
69726
69743
74159
69742
69750
69758
72842
69773
69774
69790
69803
72666
69806
69818
69820
69823
74794
69832
69836
69851
69854
69868
69884
69887
69899
69902
69914
69916
69918
69930
69948
69961
69976
69996
70027
70031
70045
70047
70058
70063
79966
70062
70093
70095
70094
70109
70123
70136
70141
70157
70156
70158
70207
78156
70206
70219
70218
70220
70237
70250
70252
70299
70298
70302
70316
70330
70335
70348
73646
70360
70364
70366
70398
70413
70429
70431
70442
70445
70446
70461
70462
70476
70510
70525
70526
70537
70541
70542
70559
70573
73422
70575
70574
79135
70588
70591
70605
70606
70634
70654
70669
70670
70684
70687
70700
70716
75611
70718
70732
70744
70751
70766
70794
70808
70813
70824
72185
70831
70847
70862
70877
70879
70890
70895
70894
70922
70936
70938
70942
70958
70968
79149
71005
71006
71020
71023
71022
71031
77530
71039
71054
71069
71081
71087
71086
71098
71110
71119
71118
71132
71134
71164
74810
71166
71174
71182
71198
71212
71227
71226
71261
71263
71279
71278
71295
71294
71309
79454
71322
71325
71335
71341
71340
71342
71357
71372
71375
71386
71389
71404
71421
71437
71453
71454
71470
71486
71503
71515
71531
71549
71551
71550
71560
71578
71582
71626
71630
71640
71644
71646
71663
71674
71709
71739
71758
71789
71788
71800
71802
71821
71833
71839
71838
71851
77867
71855
71854
71882
71887
71901
71903
71917
72136
71935
71934
71943
71945
71963
71964
71981
71997
71998
72007
72011
72013
72024
72029
72028
72047
72056
72063
72078
72090
72095
72109
72140
72157
72159
72172
72175
72174
72222
72234
72269
72271
73548
72317
72318
72333
72349
72367
72366
72383
72382
72399
72413
72428
72431
72446
72461
72460
72478
72492
72494
72504
72511
72538
72557
79916
72556
72558
72572
72591
72590
72604
72620
72638
72655
72668
72687
72686
72701
72716
72719
72725
72734
72745
72746
72751
72766
72779
72794
72813
72812
72815
72828
72830
72847
77195
72862
72876
73199
75869
72889
72909
72910
72926
72938
72943
72942
72958
72988
72991
73005
73004
73022
73039
73038
73066
73069
73070
73099
73103
73117
75451
73901
73116
73119
73128
73131
73160
73178
73182
73229
73228
73262
73278
73295
73310
73319
73336
73343
73342
78778
73358
73373
73384
73391
73400
73402
73405
73417
73418
77240
73423
73436
73438
73448
73455
73464
75854
73466
73484
73487
73499
73500
73511
73518
73535
77773
73534
73551
73565
73596
73615
73614
73629
73647
73656
73678
73726
73735
73756
76254
73758
73790
73799
73801
74524
73818
73820
73823
73822
73867
73871
73870
73915
73916
73918
73935
73934
73963
73964
73983
73982
73997
74012
74015
74027
74831
74026
74031
74045
74044
74058
74068
75965
74077
74079
74090
74109
78123
74125
74126
74141
74154
74157
74166
74172
74174
74190
77402
74223
74235
75330
74284
74286
74331
74334
74350
74365
74366
74381
74394
74398
74441
74458
74462
78891
74477
74479
74495
74509
74511
74527
74540
74542
74556
74558
74565
74572
74588
74591
74616
78492
74621
74637
74639
74655
74664
74682
74687
74686
77084
74698
74749
74783
74782
74813
74828
74846
74857
74858
74861
74860
78543
74876
74878
77957
74890
74920
74926
74938
74943
74950
79724
74957
74958
76415
74973
74972
78364
74974
74983
74991
75017
75038
75069
75068
75080
75103
75102
75116
75118
75133
75135
75149
75151
75164
75167
75181
75215
75214
75224
75228
75230
75262
75295
75294
75359
75374
75390
75401
75402
75406
75416
75423
75436
75439
75453
75455
75469
75788
75470
75486
75501
75502
75514
75516
75540
75545
75547
75582
75596
75598
75612
75626
75631
75646
75661
75663
75722
75726
75759
75758
75787
75789
75806
75821
75822
75837
75852
75871
75900
79694
75917
75916
75930
75962
75966
75974
75978
76011
76012
76014
76029
76031
76041
76702
76046
76060
76062
76074
76077
76079
76092
76111
76127
76137
76159
76158
76175
76186
76239
76267
76271
76279
76280
76284
76298
76301
76312
76317
76318
76350
76364
76366
76389
76394
76398
76430
76460
76462
76795
76474
76476
76507
76510
76518
76524
76540
76542
76558
76575
76574
76598
76623
76622
76634
76636
76638
76648
76655
76654
76665
76666
76669
76670
76679
76682
76684
76687
76718
76734
76783
76811
76844
76875
76895
76894
76906
76925
76926
76941
76942
76952
77007
77006
77038
77053
77070
77081
79341
77114
77135
77164
77167
77199
77212
77215
77227
77276
77310
77326
77357
77356
78003
77358
77404
77421
77432
77435
77437
77439
77503
77502
77514
77532
77546
77551
77564
77582
77590
77597
77596
77614
77630
77658
77672
77678
77691
77711
77725
77758
77771
77774
77838
77854
77869
77868
77871
77896
77901
77951
77950
77964
77966
77979
77983
77999
77998
78015
78043
78047
78059
78063
78076
78079
78091
78093
78094
78111
78134
78141
78143
78157
78164
78180
78682
78223
78237
78239
78299
78302
78312
78317
78318
78349
78366
78397
78399
78428
78445
78444
78462
78478
78493
78495
78494
78527
78536
78542
78558
78575
78591
78602
78621
78670
78681
78686
78700
78713
78715
78719
78732
78745
78750
78795
78794
78796
78799
78831
78844
78884
78892
78911
78925
78956
78975
78989
78988
78990
79003
79016
79018
79023
79038
79050
79071
79098
79103
79110
79117
79119
79118
79150
79164
79176
79182
79196
79199
79198
79214
79228
79247
79292
79295
79294
79325
79326
79342
79354
79357
79358
79373
79374
79405
79404
79423
79481
79496
79501
79517
79516
79518
79535
79551
79565
79580
79582
79599
79598
79615
79614
79630
79646
79657
79693
79695
79703
79708
79726
79739
79741
79752
79757
79774
79807
79822
79837
79838
79855
79869
79881
79883
79882
79902
79918
79930
79934
79948
79951
79961
79962
79980
79983
79982
79993
79996
