60000
805 991
77928 78515
2810 4670
18573 20756
3560 3702
67138 68367
40013 40187
3804 5149
19789 20367
88456 89000
85712 86918
23466 24297
10546 11638
55933 56024
16436 16936
73215 74156
69193 71489
68746 69993
35113 36339
25931 27869
34857 35352
44284 44348
45311 45374
5202 6277
47194 48569
83205 83606
82800 83837
58397 58973
39225 40443
9113 9310
3327 4263
41619 41717
5858 7191
42285 42699
67111 68777
5885 6155
32431 32571
25015 25379
27634 29246
59870 60665
62425 62655
27538 28766
34362 34365
58662 59171
18037 18292
55690 56546
21214 21446
37306 37318
65905 65980
83504 84056
533 609
88496 88781
17986 19237
48868 49752
656 2223
3781 4388
21052 21591
65730 66431
37164 37890
41197 41575
50834 51741
88239 88331
12563 13561
68924 69183
57852 59973
51256 51778
54093 54341
15654 16838
8249 8738
16281 18279
61804 64673
73695 73804
32996 33844
55103 55477
52918 54254
71251 71792
89850 1350
73845 78615
86237 88830
18855 19735
7196 8163
60601 72394
26791 28170
25571 28334
70305 70711
7188 7513
76981 78344
50617 57579
25290 26520
16338 17497
7019 8192
71378 71533
88354 89386
85718 86247
177 536
84147 84197
42938 43528
26322 27582
56522 57370
68478 68512
10098 10182
33205 33300
84268 84347
56404 56422
57790 58324
30368 30746
84049 85544
69029 70371
1781 2034
83536 84348
29629 30260
79849 80392
89917 8664
10812 11537
24412 24824
76731 77572
47729 48945
38859 40016
56596 56773
40854 43797
35246 37694
18451 20866
58504 58628
32890 36970
24718 25553
89237 89831
45394 46846
58470 60916
15242 15598
64949 65769
8470 10916
30027 30178
59213 59723
36928 37276
79045 79283
68379 69482
28239 30193
65735 68550
552 942
70115 72181
32712 33714
2163 9754
20094 20692
84627 84791
21720 21916
39446 39620
69785 70809
10350 11869
2808 3609
83923 84098
15043 15079
44382 45264
31704 32323
80371 83434
80924 80961
81277 81663
57299 58057
89934 758
38677 39121
25785 26134
39252 39253
76132 77173
34845 36151
10349 10958
22267 23126
1259 18925
69377 69496
36323 36598
40193 41007
76186 77166
7442 7569
14912 15144
34865 35632
14380 15905
44248 45418
6502 7816
82001 82344
49108 50793
40573 41819
26199 29402
70769 73438
19043 19801
6087 6294
58679 58868
54006 55281
54034 54433
48613 49681
12959 14002
12194 12325
64857 70885
44973 45812
72129 72729
18013 18056
9474 10885
37466 38483
65799 68837
25502 29805
62489 63941
35229 35386
40769 41532
43568 54842
16091 17559
85321 85328
22621 22644
55414 55473
28295 29508
4788 5386
45171 50319
79074 79165
21424 24290
38492 39877
22338 24265
12992 13077
48468 49301
50950 51408
36407 36607
28351 29709
31199 31697
4502 5350
43110 43623
72102 72391
55186 55676
11284 11452
82082 82173
49557 50035
85834 86354
85369 85845
67267 68496
43910 43936
73427 73780
63921 64005
13060 17438
25538 26106
13736 14899
10532 11561
85054 85642
40212 40444
83214 84083
64591 64681
49230 49703
23454 23557
66577 66715
50981 50987
23244 23973
1697 1770
9105 9631
14823 15235
58688 59418
58517 58523
38730 39748
73206 74132
29461 33328
25467 25774
52467 53157
5814 8100
32669 33289
54583 55318
29863 30609
17284 17530
84721 84858
48677 60200
86301 87832
73171 73665
13299 14376
74251 75410
43263 45603
45437 46630
62043 62566
89149 14543
20571 22433
29063 30023
75580 75965
33477 33598
11960 15155
31337 32203
34052 39032
34384 36560
16669 18318
76160 87217
70055 70090
68715 70568
6011 6912
33658 36090
32328 45981
23300 33869
78585 78597
49939 50177
65825 66549
47479 47611
86480 87687
30672 30709
58928 59591
10377 11161
22037 22937
33611 35478
78311 82415
79209 79831
50896 52329
29731 29867
6671 7206
54089 55385
85186 85788
25690 30037
48225 51665
67859 68554
65890 66388
82455 83413
50799 50885
46875 47925
945 1044
3671 4018
5152 6220
79609 81104
18070 18407
63489 63772
332 387
18507 19354
55236 55336
64084 64943
83134 83194
50803 51303
5011 6477
61011 61872
61346 61755
55448 59920
6328 6992
19839 21111
44476 44850
8497 9230
21812 22221
89924 2030
40984 41048
953 1108
89760 8662
56541 57276
5073 5691
27815 29618
6633 6941
59265 59801
1721 1741
22541 22554
42498 43522
74484 75061
52748 54573
34159 36186
4475 7981
78031 79059
72799 74340
4987 5580
27832 28842
87329 87547
53740 53781
84371 84504
78442 79605
74974 75014
25548 29078
45728 46148
49964 69780
86232 87255
44211 45272
73065 74122
40331 42283
82346 82545
28388 29296
42566 43204
51307 52101
31236 31557
27346 30943
4679 6361
87919 88737
76032 77033
42333 42739
4971 5595
33588 34578
60124 60277
21407 21727
50543 51222
57214 57662
71947 73000
17738 20259
39738 39818
46868 47746
79207 80605
54225 55193
64503 64595
18767 19581
25997 26370
46797 47302
60392 61105
85255 86111
7864 8279
68186 69511
69789 71035
45447 46227
87811 88853
19249 19498
23036 23751
75446 75729
68630 69172
21726 22100
35312 36099
78028 78034
37495 38409
71942 72787
52691 53193
43869 57198
73917 74727
9777 10465
38573 40130
23601 24415
27753 28646
17369 17541
30191 30200
45720 46799
34734 34772
60498 61693
63127 64711
43736 45349
89238 1786
26193 26986
65669 66214
10938 12530
36786 37724
63647 64333
66734 67103
86661 87458
14303 14309
66358 66675
18022 18399
42552 42806
27089 28030
8626 9873
10179 10294
7648 9297
19755 23023
37846 41059
88596 89005
67779 67998
74707 75194
9022 9250
71763 72507
86159 86315
5693 17328
55197 55311
8404 9459
42940 44243
46235 47809
34639 35476
32199 33826
547 1546
25178 25305
89483 18526
40132 44925
60314 61005
87826 88186
28491 29253
32780 33887
12164 12270
44084 45145
1406 4249
34010 39148
17567 19045
69833 70415
52133 52916
11981 13070
53285 55257
65847 67118
7580 9055
87414 88502
5639 6563
30132 31018
40265 40400
54057 54408
62450 63516
29118 29236
79391 80121
29250 30029
68391 69149
20609 22582
43036 44142
6792 6828
69190 69653
61723 62316
64623 65224
18627 19561
63025 64557
9531 10801
78914 80154
72092 72492
56788 57665
27992 29351
32384 33532
88364 89058
69521 70170
37024 39045
9179 9638
31156 31305
89537 89610
18246 18791
14782 15014
18565 18585
24311 24891
88208 89007
35528 35622
32212 33957
52888 53610
79600 80450
67261 68536
28697 31118
3800 4274
28678 29038
74790 74930
80098 80523
79902 82922
20674 21373
14167 14648
54990 60807
37482 38098
27965 28507
79092 84834
32493 32521
13722 13860
46865 47932
20637 21456
87844 88608
47306 48224
29976 30736
68796 70439
21298 22111
52410 54011
87478 87955
69966 70109
81923 83360
57264 57674
8948 10190
18581 18905
23954 24887
4912 5539
34054 39130
18147 18481
33429 34557
55732 56463
27392 28978
20148 20240
47574 48319
28545 29641
27987 28018
43269 44049
1872 5408
24521 25100
10144 11466
43624 45244
52311 53015
72826 73688
88462 10472
14477 15111
38063 38955
18808 19803
78861 78995
42886 42925
67198 68183
81589 82602
2269 2661
29559 29802
41339 41836
6319 6408
16055 16220
74429 74657
30377 31549
17740 18591
53442 54622
50815 50913
18148 18319
16357 17445
34377 35135
28472 28946
87309 87821
77303 77506
82175 82775
81331 81870
59636 60787
39382 39676
14138 14290
42292 42452
78025 78467
33186 33425
49786 50528
73653 75026
77271 78416
57683 58554
13174 13991
51391 51637
10139 10158
27242 29370
51933 52001
16361 16828
56897 60683
89700 1378
4896 6615
75647 76827
56526 57006
40598 40890
27031 27741
86784 89018
63532 63675
38104 38802
51559 76420
10656 14494
10524 11110
74173 74786
9886 10009
3437 7754
10906 12493
63400 63960
48444 48863
53527 54751
30815 30893
64551 65695
747 2263
20332 20570
46159 46765
38470 39733
83790 84899
48350 50592
10460 11319
43727 44337
9529 10615
30508 31611
53889 54752
79198 79444
9837 9891
35068 35235
65866 66383
1684 2563
42228 42996
57407 57776
60384 61408
12576 13059
22052 23309
23122 23813
21316 22383
1377 2255
18709 19222
61202 61454
67246 67462
24478 25616
59328 62486
21603 22545
2874 2952
35674 36292
61794 62439
22309 22709
17795 17828
61172 62442
32445 33605
79395 81167
10734 11908
7993 9506
73021 73101
72794 72853
42873 43325
52005 52025
72762 73062
22415 22626
10886 12065
57763 59502
41857 43062
27645 27925
1231 2695
29781 30549
39687 40238
57169 57327
755 1579
50953 51041
46424 46693
33471 34273
28236 28715
21374 22098
42052 42294
61511 62668
22559 23335
4698 5294
57275 58260
85036 87374
89434 3693
10266 11458
15237 18601
49936 50717
18578 19817
35806 41040
56235 57493
45538 46163
28872 28964
74683 75650
29462 33514
4898 6819
61905 80600
11658 18933
57690 63269
25645 29701
63491 64389
45035 50305
7665 8791
17725 19491
63334 64254
79845 80247
78852 79270
11798 12597
37473 37774
79456 80355
56489 57246
70898 71163
70455 71225
49930 49955
79125 79556
31240 31661
74948 75535
31009 31427
79310 79619
65008 65460
87968 88565
66773 67650
21372 21574
54345 54385
29889 31501
6875 7249
75703 76514
38250 38834
85777 86950
26347 27302
9094 9227
15650 15781
76858 78146
29929 30109
26675 27715
89614 730
78048 78356
30732 31390
52487 52523
23575 23652
9566 10251
15769 16649
62883 64201
62905 63312
34317 47180
30107 31827
36269 37354
68693 71204
19920 21151
74912 75069
57736 57800
32369 33625
58651 58687
19733 19773
89144 425
71496 74029
30335 51210
47414 59107
43649 48194
69504 69564
7282 9694
82505 84123
27272 28061
73711 74463
60114 60280
61155 61530
48368 49421
56333 56538
52914 73929
10199 13844
31816 32205
80576 81761
69752 70666
11806 13392
65445 66835
64477 66546
32735 34091
46129 46833
27411 28386
84828 86092
89835 4459
51874 52667
89605 11826
72781 73681
85719 87881
87518 87906
34117 34727
7157 8638
53737 54162
66175 66314
65242 66365
82122 82126
11683 12923
68039 68446
73509 73980
18206 18890
86689 88415
22116 23272
22750 23314
23226 24105
71456 71588
53535 54540
51872 53436
22865 23054
36847 37587
29304 29621
87792 88302
56694 57649
65741 66033
70069 70560
72264 73992
68480 70081
25412 25495
66476 67344
56584 57232
60362 61081
10514 11254
24790 25470
45922 46436
29943 29992
15877 16572
10102 10868
5718 6079
56805 57283
84572 84766
6686 11109
36427 37217
88600 88976
17093 17790
82359 83520
61126 62895
63919 64459
30117 31145
6811 7259
49287 49467
79887 80405
11019 12460
5546 5728
26306 27956
68615 69044
13898 14426
60833 60989
79323 80350
28671 29649
71653 72074
21092 28270
13716 14218
42306 42990
67149 67789
75329 84668
82140 82558
10342 13311
21204 22104
62881 63902
23574 27153
8491 8932
11493 12474
78941 82108
7825 8098
78171 78720
34259 34597
52388 53079
43023 43156
46972 47586
52438 53054
65780 66760
38935 39022
30216 31367
58084 58762
81695 82543
15921 16193
47963 49033
42634 43441
30167 30545
54681 55472
64415 65183
52529 53617
17400 20187
14746 16724
34752 35209
48056 48097
46256 47678
48199 48718
13873 15665
39998 40308
31775 32169
10289 10595
20295 22045
22920 24617
73907 74650
25537 26219
3446 3652
83462 85454
47830 47987
36293 38164
87885 88293
46888 46990
50631 51801
3350 3614
72169 72580
30411 30595
22980 23684
41670 42882
46000 46007
65560 66695
80657 81842
30613 31098
54476 55447
87634 88738
41738 62771
7785 9226
79739 80109
80439 81507
6059 6417
19221 19263
63683 64318
61268 62231
9762 10822
38055 39657
19314 19317
9444 10732
25320 25622
43086 44625
39368 40827
29988 30776
29780 30468
84349 84971
8674 8921
31737 32194
87947 88881
14109 14338
37315 38607
3723 4434
38610 38689
43453 44513
53466 55625
50664 50954
2270 2953
37813 38147
22012 22397
30965 31112
39517 39762
15596 16474
74600 74848
73357 73868
89591 89769
88093 88283
69895 70726
36483 36975
53016 54233
56562 58632
24344 25557
67367 67942
63190 64564
23425 26398
67291 69673
73154 73884
43777 44265
21797 21874
51109 51458
29619 30703
72695 76491
25192 25410
56804 56966
33442 33704
51133 52098
15614 16324
61580 61828
74896 75029
31810 32525
51124 51913
27883 28994
80347 81534
32878 35931
65267 65466
9144 10126
21729 22354
44835 45346
76305 77101
63006 63227
3388 3586
70180 70557
51053 52041
66028 67253
28169 29125
24006 24522
57245 57947
45547 46039
6778 7656
45545 46253
19375 20191
87 929
20477 21568
51580 51710
14608 16072
35774 35839
52909 53155
14004 14170
68563 72114
32096 32689
81715 82506
80509 81184
66400 66589
33722 33929
56620 58857
5138 6037
8577 8668
39110 39511
56157 57747
12910 13975
12616 12736
86390 86429
19715 20256
42071 60010
52367 54381
23589 24256
80678 80933
86794 87213
84887 85349
42914 44127
18286 18837
67059 67785
60798 62282
34158 34855
18312 18916
74832 77193
17645 21879
87742 88550
68653 69872
52352 53789
18884 19290
29567 29923
502 718
31852 33399
88660 89071
31366 32079
15606 16634
89980 1591
12981 13197
83425 83463
86009 86173
76680 77543
83544 84402
40751 41392
27052 27126
32022 32514
76419 76683
75577 77331
38439 39309
26665 26889
49209 51014
44027 48976
78032 78726
5527 5882
33736 34488
8185 8693
38647 39325
82928 84190
79571 79675
7292 7740
70978 71603
79878 83020
39703 39786
73897 74178
39248 42295
21891 23074
28337 29179
3986 7989
67471 68736
44164 44266
74770 74946
7965 8417
43610 45161
67414 68503
88522 1492
22569 25122
24964 25671
30619 34297
52136 52283
3933 4056
66611 67476
2134 2793
17238 18171
13022 13257
74595 78295
56202 58856
17876 18474
38904 39034
60602 60793
33364 33690
40537 41020
59074 59998
71923 72310
5525 6447
51768 52858
64304 65523
2012 2552
33596 35098
43757 44115
21606 21723
24803 25194
20319 20801
46966 49281
49603 49988
33114 34983
82903 85839
38204 38683
56544 56641
60608 60643
7031 7761
34843 35587
80528 81537
77681 78283
7267 10642
36314 36855
87585 89275
83840 85120
30333 31932
88937 4913
17065 17733
18074 22344
17244 19872
49000 49149
70823 75218
33646 34104
32360 33376
89957 1270
61308 62714
74209 75172
68045 72205
68109 68659
51572 51895
10006 10159
27402 27871
11260 14274
56330 57742
5198 5467
62613 62844
30993 32837
49948 50198
87165 87642
57943 58272
77135 77156
34604 34975
41825 43041
46860 48134
50009 50173
51461 51617
53002 54068
8148 8510
36463 36939
88292 68
69223 70628
16241 17698
51281 51354
86998 87499
22435 40330
20014 20411
73166 73443
16217 17307
6168 7116
3128 4135
5068 6407
46484 47038
22129 22972
71740 73368
59792 60013
13218 14278
47299 48657
3111 3606
37542 37936
26546 26974
83230 85346
24024 25640
39357 42579
4283 5290
33503 33782
75021 75228
83810 85329
27771 28649
67300 69261
12630 13451
85947 86815
62828 63480
39476 39509
52687 53310
15034 15466
12586 12807
4830 14344
29432 30646
64922 65113
83433 84067
40354 40572
86571 87317
40069 40307
80296 80610
56040 56801
45335 45597
35347 35646
64204 64637
24255 24640
41686 42070
28907 30051
21162 21565
89673 89998
60237 60328
35778 35977
56076 56148
55741 56478
41451 41907
82704 83239
36500 36701
7091 7836
55623 56087
83988 84797
24541 24856
63166 63846
12357 12538
56173 56953
56442 56551
70080 71145
40538 41266
10112 23860
32641 33825
88285 88756
66177 66940
78199 78375
3968 4580
73110 73264
81171 81220
26403 26823
61812 62176
47543 48494
21791 22320
708 1356
75907 76095
71367 71946
84931 85800
76157 76548
63943 64467
64936 65960
12483 12662
55884 56352
42912 43699
40633 43289
16099 17136
29117 30658
61772 63350
54309 54982
43725 43816
22176 22642
11484 28886
23526 25546
33390 34532
73605 74791
3218 3881
52715 52764
1071 2279
11681 11939
77534 77786
77422 78729
34723 35182
89482 89861
72584 73866
48235 48315
19194 19381
79922 81644
15316 17074
36432 37263
81465 81672
86494 86616
82279 83395
52142 54416
45151 47902
14253 14997
2663 3330
64416 64522
6146 6284
83123 83563
11771 12246
37206 37775
41112 41402
13434 14092
63698 64284
53923 54932
54609 55581
28138 28979
54123 54768
78572 78701
64728 64990
52699 52920
45068 45828
71880 73391
14736 14839
30239 30267
829 1408
81072 82013
80378 80680
49835 50497
35093 35694
27389 29031
42899 44214
88653 6610
30753 32157
57696 76122
80094 83819
52379 53331
60253 61133
27250 27447
9690 10667
17777 18597
46766 47596
35981 40085
78478 79245
51863 52485
59678 59976
46872 47696
46677 47227
18746 19463
10685 11068
22618 23005
41271 41389
3060 3385
63848 65085
30996 31371
13166 14301
64210 65068
19622 20204
82649 82771
32278 32563
73760 75044
47996 49417
2620 3049
72608 73501
57519 59050
17224 17531
23976 24401
58807 58970
59290 59377
42463 42895
36929 38014
24101 24343
47855 48917
26619 27310
82665 83553
3229 3912
58138 59369
85448 86139
79096 79785
25439 25837
49994 51159
60189 61086
16947 17538
79572 79933
30148 30179
9992 10083
22570 23290
17902 21406
16384 16498
11572 11636
72049 72360
28365 28753
49827 51247
39063 52414
4708 5154
31591 33864
79989 81891
86637 88662
34852 35021
6472 7519
47488 47691
39827 41023
85740 86058
85536 86367
59638 60116
56276 56473
85553 86316
53760 54657
60167 60614
17611 17985
75383 75445
71820 71990
69245 70000
7277 8093
68695 69148
13279 34331
51311 52061
53749 53790
74308 76106
80217 80434
84506 86584
54429 55606
71858 76345
81741 83013
41912 42587
8647 9324
17245 18101
9719 10015
20117 21524
58053 58365
77841 78035
78450 78975
56944 57424
38877 41909
71337 71658
42378 43155
79241 79533
29568 30487
11400 12041
2633 3280
15682 15940
29896 30049
39836 39934
27098 28858
64369 64653
60979 61478
81289 81354
40344 41046
82196 83665
10029 10031
48709 49656
19219 20082
53384 54154
71470 72457
5007 6106
51108 52027
6743 7317
19618 20146
31670 33894
6327 6988
61041 62178
25156 26072
64631 64716
73991 75099
27770 36296
28101 28885
5076 6455
50976 51250
1340 2230
7954 8613
9509 9622
2906 3725
80403 81496
24434 26652
48725 48924
89986 958
21585 22368
47837 48825
46881 48298
1126 1685
19871 20235
49243 49385
53856 55357
31094 31544
88061 580
58489 59940
40734 41888
77703 78843
86543 87746
86621 87431
3646 4213
31953 33490
37948 39046
17495 17920
31243 32103
65352 65693
84428 84430
85957 87715
9507 18346
72827 74126
75407 75684
71674 72434
60339 61201
79427 79925
39468 40913
31818 32295
10920 11141
78181 78734
88904 89622
13034 14018
70189 73089
50651 61787
79428 80000
63482 63931
81121 81566
83130 85624
23513 24248
87846 88271
72350 73049
80370 81349
80388 80666
84623 85249
81527 81942
47031 47265
43885 44453
5645 6858
34004 34899
73601 73823
24633 25144
46576 46798
40626 40874
23597 25533
88515 89489
23520 24409
29952 32816
44035 44374
60810 78985
72654 73233
14850 15293
2572 3418
77122 77782
71359 71392
52437 52783
66 1291
6534 7530
82668 83421
3370 4373
48715 49271
29835 30727
79665 80860
2225 2290
35274 35400
84079 84475
72909 73012
14149 14419
76183 76577
40981 41750
17427 18496
32511 33028
29464 29553
63335 64263
54799 55575
38003 38231
1621 2884
75866 76396
30312 30379
11900 12306
6872 6960
41817 42346
88244 88595
15206 17987
58069 59330
27697 27814
22575 23945
70461 70684
45167 46003
40011 40540
46396 47565
49266 49269
86734 88221
18417 19130
78952 79104
59191 59436
27584 28584
31750 31892
82834 83839
3236 3277
70965 72644
54780 55282
72855 77358
82588 83419
36839 37009
40097 40648
20884 21255
88275 88887
9746 10819
36006 38527
3198 3746
5096 5460
36268 36736
61646 61688
27863 28552
12218 15246
14125 16185
50551 50569
4079 4236
74898 75231
65848 66051
3720 4442
71230 72109
89023 920
78490 79368
66419 66883
37607 38365
66709 68060
21516 22668
49541 50081
39834 41063
89118 89503
43050 44696
50986 51900
44168 46024
52072 52694
79238 80184
57959 59121
57348 58329
77765 78168
85478 85850
34224 34911
75906 76625
32334 32865
33522 34292
8350 8768
36398 36450
32201 33246
11412 13141
77175 78364
30279 30328
32687 33254
77329 77916
18495 18798
34730 35056
40879 41973
21556 21571
26223 27887
82063 82832
80467 82120
31454 32059
7040 8033
31663 32591
21784 22318
52115 52963
59633 59645
5136 5381
66818 67317
68275 69125
5444 6392
14482 15219
37697 38861
61521 62011
14517 15583
81955 82102
3096 3319
57437 57612
60054 60145
41251 42950
68052 69917
67390 68357
85696 86003
75441 75933
55146 55573
62900 62947
17000 20698
38554 40405
45686 45937
25378 26074
26276 26381
4407 5255
18702 19054
42963 43721
19166 19934
3595 4050
13126 13345
31779 31847
16328 16670
39678 40073
59430 60270
18821 19039
18741 19776
56097 56603
67527 67827
89139 1330
50837 50908
33070 33091
77439 78600
42715 43442
72416 73034
59593 60154
43580 43718
22215 22444
13411 13678
63144 64442
8534 9797
59460 59958
13778 14430
44370 44826
80840 81051
1903 1952
43312 43980
89796 17464
30741 32589
75672 79335
52342 53988
57337 58299
10233 11069
25786 26020
80845 81030
63833 64161
18084 19307
46981 47410
71556 71703
57189 61236
58198 58633
37175 37182
1785 2562
22390 22708
73606 73962
26963 28474
72776 74238
75232 75880
78935 82993
44359 44391
69958 70582
63279 64123
11113 11625
2058 2803
16452 16547
15192 15720
34957 35061
75177 76748
13016 15974
82061 83644
28916 29930
68410 68568
66904 67482
15752 15944
75945 76063
63633 64377
14325 15553
50357 50686
54103 54537
46756 47363
638 5108
38499 39141
33371 33570
75344 76554
63658 64196
7126 7831
59335 59726
12129 12450
64667 65838
58339 58652
79735 79896
87657 88210
84941 84995
54091 55603
26977 28400
50703 51419
10506 11893
21029 22743
62604 63167
73505 74234
17384 17429
75356 75719
78237 79269
5246 5783
80353 81532
57255 57381
51840 53080
66817 67840
72514 73312
30299 30435
50768 50930
65226 65901
80426 83510
83226 84907
75295 75918
21534 21952
40252 41219
6274 6897
22652 23064
6823 7252
18401 19501
24095 24190
4092 4831
74191 75135
49193 50043
83967 84073
11357 11401
82784 83325
64995 66261
59392 60765
73928 74166
66016 66232
29983 30942
75723 76232
71375 73862
57225 57837
3247 3885
17158 18425
67027 67365
36096 39459
74258 74322
49562 49622
17690 17932
7647 10038
27190 28938
9702 10234
24354 24879
83744 84634
85373 85896
75097 76150
71582 72027
45210 46006
55974 56089
32268 45082
33357 33979
24701 25908
34887 40297
67856 68250
84647 85001
77062 79001
55716 55754
72176 72879
841 1564
33564 33719
25951 26124
33977 38319
40972 41643
52902 53592
71099 71513
63128 64791
64916 65721
45021 45616
41240 41505
34087 35459
69083 69905
85044 85794
51820 52047
59618 59826
48561 48722
15849 16071
36395 38232
39128 42389
8673 9407
21178 21336
14930 15231
31183 31225
40841 41699
69915 70515
81328 82615
45561 46085
1467 1693
79940 80257
25491 26434
24370 24886
7860 8614
68042 68781
59919 61356
6341 8389
82994 83008
15784 15976
125 585
21089 21678
88100 88179
27909 30575
50878 51958
49962 50795
55840 56236
88920 1609
85073 85079
63551 64755
41911 42570
25750 26038
2092 2578
36133 37242
76617 77614
88071 88828
65168 65229
73808 74043
88409 88801
2638 3123
18752 21168
77250 80779
46386 46823
85175 85723
77625 78091
61860 62030
26168 27704
46252 47519
9200 9229
12410 13255
68745 68771
76339 76825
33474 33572
74920 76473
21370 22011
60710 65681
11657 13319
34825 35006
28036 28338
34076 34694
52711 57173
29756 31110
26529 27729
44121 44500
45534 45684
49614 50369
78289 81838
28603 29071
78255 78362
6359 6902
33380 34209
66561 67638
19760 19947
79664 79768
2708 3076
51099 51677
75382 75402
64734 65632
88820 27
28981 29428
22783 24141
84306 85419
55650 56284
25799 26187
85173 86479
8370 8759
80890 81650
70393 70766
20337 21049
17113 17663
78772 79370
17022 17317
7183 9316
20285 20872
5891 6773
63550 63818
30428 30579
41552 41600
24518 24845
36785 37350
38472 39067
74229 75825
360 13071
25402 38318
76531 76939
2101 2148
65671 69381
9699 10227
57139 57838
18540 18922
85769 86279
26712 27406
62441 62456
1 759
34245 34417
41299 41624
27494 27973
6141 6509
53410 54520
13522 14267
9093 9530
39966 40450
46728 48169
49496 50515
24488 24933
75122 76181
89463 383
18205 19376
72016 72628
59506 60767
11234 11628
24942 25886
22482 23161
34806 36852
68975 69255
39015 39286
72768 73448
70010 70205
87557 87682
61299 80209
51667 53075
73707 74808
12071 12415
4229 5033
16139 16797
58060 58174
41811 41823
15071 15407
30527 31440
4454 5566
37257 37558
61631 61685
20900 21039
69173 69483
73581 74420
66967 69389
51266 67415
41752 43191
55758 60239
83949 87500
8212 11813
65708 66310
61528 62180
29814 30754
75786 76757
70670 71086
33165 34850
44314 49092
5709 5846
82110 82931
33198 33980
61568 62902
2547 3265
68635 69700
41442 42653
47594 48259
49813 49923
49017 49340
25348 25488
28480 28585
57511 58387
24980 31968
1488 1783
8175 12376
20752 20895
67532 67683
83119 85354
32159 34611
78858 78862
10435 10640
69472 70279
59193 60267
48911 49689
76602 77528
16034 17444
36832 37966
81947 82391
55275 59643
39237 39722
29659 30077
10454 11188
54936 55042
32504 33628
79558 80199
42555 42949
17379 17518
46541 46995
23972 29589
61437 79476
44604 45026
3824 5396
74038 77266
74040 75346
21503 21608
74560 74731
15672 16105
25474 27694
9292 9383
31364 31510
84970 85566
43224 43773
89374 2268
38590 39656
61394 65468
55810 55914
28598 28661
63799 64891
20550 20617
14188 14785
54565 54949
41033 41591
36960 38061
41993 42778
24679 24913
52260 53398
46409 47728
62909 63807
88321 89481
30352 30401
2923 2987
42567 42630
49176 50534
22244 23090
18273 20838
53341 53833
86702 87459
80763 80939
48617 48631
87464 87572
43332 44404
2566 3408
30499 32534
64049 64362
3505 4002
72610 73677
41651 41885
43619 45866
62693 67134
46157 48031
42388 42908
60855 61228
46737 47075
33271 33922
23992 24805
19099 20797
12681 12999
68450 68750
26573 26989
27653 28597
79988 80359
80456 80925
3122 3752
56519 58582
73540 74458
57075 57220
20324 20501
85232 85332
87229 87716
4338 4951
25012 25867
32487 33858
78285 79100
54347 54615
34959 35163
13607 13847
67991 69763
80277 80794
77906 78298
61773 62151
74276 74801
47399 47689
25541 25880
87390 87685
73867 73910
23318 23841
76013 76718
64513 65201
25545 25623
17602 18033
61407 62371
79908 80632
61891 62077
8660 8737
66893 67023
7403 8305
23883 24233
10706 11757
66626 68119
65598 66119
11966 14358
66986 69469
846 1017
10616 11359
32594 32822
26575 27218
45960 46181
18828 19108
26316 27673
46382 46924
3819 4383
4880 5547
12190 12250
2124 2760
68876 69808
14950 15378
4927 6213
80409 80900
81992 83088
55189 55695
86388 87200
52194 52754
55248 56611
2087 2954
75994 76951
56260 57784
57523 57847
75681 77616
29122 29942
55428 55721
67051 67732
85753 86589
78945 79778
53367 54122
27662 28989
30876 31159
81124 81907
4756 5129
81150 81536
65161 66260
30125 30583
60220 60340
83079 83193
30047 31796
55850 56700
15346 15558
22489 22549
59310 59750
51821 51974
52957 53440
78399 78476
24702 25694
71517 71691
16285 16728
81864 84857
19469 29511
55142 55554
10101 10313
7696 8254
12084 12837
8843 11898
21486 23015
28376 29742
81575 81986
51291 51448
65644 65729
22349 23120
28711 29396
28062 28167
22917 27357
29935 41577
20087 20409
12039 13792
75253 75417
47923 48977
41943 43347
87470 88311
87760 89027
48597 48728
82311 82650
45857 46717
16079 16135
64071 64117
73379 73864
18010 18986
26625 27744
11631 12539
89995 1288
29895 30316
40210 40478
56082 56581
13406 13862
86336 86735
15643 16487
20759 21619
7548 8999
30657 30779
51221 51274
46638 47505
2713 3047
45377 46388
88841 88857
7402 8134
23975 24565
8432 8967
5312 5499
3004 3681
80699 80744
64206 64902
38560 39465
7659 8078
44419 44430
8780 9264
36489 37238
43888 44741
56874 58215
76774 77188
67889 69023
47983 48579
72082 72568
57822 58742
13225 14499
66933 79011
25610 26565
37478 37632
64536 66429
42782 43328
56678 57412
79671 80329
48280 48651
35519 36399
6376 6577
59301 59773
24276 24486
68438 69123
42115 43005
56498 57533
55580 55671
27808 28119
10176 10716
29583 30339
53685 56668
81526 82709
35106 35630
84955 86594
67622 70325
62501 63745
38399 39477
11971 11980
9367 10013
5616 6499
82672 82923
36384 37342
86372 87453
81232 82033
87829 88869
65542 66054
2928 3810
53603 54216
13355 13922
49168 49599
20883 21770
65777 66826
1691 2139
39904 40146
47632 48415
53098 53425
49048 49054
64376 64405
21090 21659
51649 51837
66555 66587
8649 9373
85153 85559
55425 55610
6270 6788
13802 13925
89744 326
34446 34988
21433 21854
46048 46525
32011 32835
32454 33193
60618 60780
7327 7599
72821 73105
84102 84126
65692 65870
6854 7257
81198 81962
52919 54136
85351 85928
51552 51700
26267 26810
65099 65998
89900 89930
17845 17929
14802 15110
40562 40709
73844 74370
15810 16104
49642 49646
17781 17835
77672 77776
24875 25465
49314 49921
58701 59240
39585 40424
45890 46681
89310 89650
54598 55290
64909 65186
62565 62737
4853 6043
17386 17457
79606 79821
61413 62111
7818 8018
74417 74531
82338 82596
24087 25071
53001 53605
9640 9666
51653 53876
55814 55895
88752 89104
78730 78748
75444 77007
57611 57783
58433 58817
67494 68031
1082 1482
35318 35409
14545 14976
14035 14388
76278 77433
334 1227
58596 59376
36937 37471
79122 80124
35915 36212
22867 22905
9149 9350
5682 5743
72819 73803
11127 11536
69028 69156
67800 68414
47181 47938
49307 49944
17971 18125
60444 60627
86528 86669
28090 29575
73785 75831
28632 28722
45262 46027
81611 81841
19560 19590
11487 12168
57702 59653
25577 25923
38380 38919
59447 60169
86903 87608
36865 37033
7893 9170
7846 10092
54415 55879
78712 84331
54702 55626
69384 69806
63363 65971
14101 14884
64460 65213
25922 25989
79992 80637
42105 42108
30903 31524
61970 62265
76564 77457
3583 4389
44251 44571
62904 63106
6238 7264
63212 63470
5926 6473
71876 72511
71646 71823
55024 55423
57952 61250
65967 66213
27037 29808
11983 13266
33571 35057
12658 12982
85181 86448
80438 83518
23400 24667
31601 32657
18349 19331
86241 87203
35514 36251
3534 4021
29445 29520
69988 73972
41692 41922
53531 54215
62865 63213
1347 1966
82652 83187
4376 5307
8541 8818
61189 61789
31228 32713
58136 58247
36569 37392
128 605
77180 78291
76309 77613
44044 44612
367 872
965 1535
69548 70306
21169 21896
66827 66847
21757 22633
4795 5729
22156 22607
71544 72289
54954 55345
32967 33126
44506 45173
40752 40816
12788 14531
47889 50084
77212 78590
76017 76755
21375 39456
65467 65618
83024 84726
84149 84510
83845 84425
45253 45635
12327 12507
16566 17745
60278 61479
42051 42789
68398 68645
6344 7211
20504 20536
34073 35416
66234 67276
49069 50754
5323 6083
16434 17239
70638 71523
23431 23516
77080 77686
42206 42416
65734 65954
48596 48676
7725 8215
3415 4429
51846 53060
45389 46011
88009 88040
52774 53255
87106 87515
1862 2648
68235 69649
45518 45662
48307 49163
51620 51709
72996 73133
39771 41078
11250 11684
17601 18691
65611 66209
86923 87834
37012 38034
31840 32181
50629 50679
12238 12569
51603 52252
27430 28717
24281 24648
20111 20272
45014 45850
14626 14780
5774 6326
23248 24438
5248 6227
16510 16703
78993 79961
7576 7972
48563 49275
61863 62364
41722 42123
61125 62065
51183 52169
48748 49021
73174 73183
29350 29803
4284 5690
49590 50389
51317 52193
62712 63173
40111 40834
1832 3234
51838 51899
50213 50317
49365 49499
70042 70690
9576 9928
2531 3230
66102 66737
52935 53413
81371 82083
24495 25250
48321 49386
86294 87241
32064 34098
22970 23844
78491 79068
54616 55793
61690 62391
31053 31372
71068 72233
89499 546
65441 66300
32101 32455
13390 15422
34527 35426
46567 47105
22585 22593
77079 77668
53660 54336
17357 18155
66285 67083
38678 39410
74433 75176
10567 12008
19114 21245
87263 88098
80251 80298
49183 49454
74660 74977
5289 5956
63555 63892
8040 8233
42445 42686
79337 79454
29032 29521
73959 74345
19530 20278
49030 49257
48407 48880
56067 56090
34980 37904
83290 84698
17906 18539
49076 49824
67901 68696
27080 27803
55210 56449
48133 49293
68990 70696
75925 76465
45367 46155
23566 23870
61579 61686
77934 78879
1194 1867
4522 6296
30434 31567
78036 80829
61613 63102
22420 23562
84649 84681
26175 26414
57778 58353
53571 53751
71904 72021
19040 19787
50212 53784
26379 26987
53101 54072
4737 4932
12570 13243
49995 50102
50829 51185
17878 18316
1641 1652
46848 46901
30453 31105
13058 13565
16533 17079
74006 75512
18110 19647
33681 34518
44343 45314
38669 38879
35012 35531
35958 36415
79493 79687
81334 82262
66848 83592
84359 85498
66188 66496
29717 30629
22038 22581
83484 84061
56602 57040
56479 56918
62484 63547
6847 8685
27261 28684
10894 11205
37136 40240
23718 23979
50067 50819
11941 12407
26741 27886
73305 74415
37517 38066
25231 25283
25511 26350
31090 31491
49397 51116
49990 50215
49376 50273
13146 13423
44345 45227
84168 84603
16219 17077
60333 60770
86814 87480
88499 89855
46539 47021
29964 33148
55420 56037
75626 75795
39801 39909
1210 1395
39981 40442
19490 19714
2732 3283
80947 81118
68129 68242
80366 80923
27912 28350
5847 6885
68677 68957
39529 39878
5855 6159
35647 37040
63118 63216
16470 17059
67722 67969
25373 26150
69012 69606
29886 29916
13714 14078
82527 83072
83732 85122
49094 49158
13508 13674
22428 22816
11574 12761
21905 22398
76073 77899
20173 20990
51370 52032
54046 54924
47921 49070
24237 24857
15848 17149
52013 52222
64793 64863
58782 59836
13646 13796
23171 23808
69901 70175
2967 3148
885 1321
18253 19264
44180 45142
83838 85619
22604 23350
3367 7475
17764 19282
16872 17017
74921 75290
11079 11601
88538 89774
57486 58508
6573 7006
81268 81531
10067 10302
58255 58262
70564 71289
63889 64367
28299 28677
65564 66461
77645 77959
65815 66667
86700 86708
3050 3331
87526 88376
24897 25308
11820 12142
29682 30388
70447 73100
5733 6221
9349 9485
19374 19555
42976 43538
71500 71558
22790 22847
66156 67025
83294 83386
82606 82792
16147 16374
39091 39438
89644 89817
54618 55202
41004 41609
22875 23089
18268 18615
68371 69289
72154 72570
60843 60852
42210 42513
83783 84317
20531 21435
57962 58771
4989 5551
21728 22402
6833 8172
77677 78877
9185 9460
21074 21269
37438 38370
280 787
41105 41587
10370 10433
48593 50743
52606 53371
53140 53324
76675 76867
34925 35739
4520 5415
39713 39799
39550 40246
76198 76533
84513 84539
63289 63614
36778 37344
33810 34928
86765 87447
48381 48785
84909 85027
84394 85312
80449 80573
74153 74161
41536 42045
12714 13217
86699 140
49109 50077
31261 32034
87064 88348
14973 15209
82902 83706
7854 9077
66583 68027
27009 27798
64849 65030
20662 21507
9799 10258
52567 52898
88910 113
42800 42864
57500 58223
15369 15813
9606 9726
16517 16528
78857 82851
55149 55241
67561 67689
58611 59495
22251 22667
71373 72136
78518 89347
32740 33623
57023 58236
3090 4141
10315 10505
85412 85515
3950 4122
64581 65465
44862 46051
58266 58552
73172 73359
46812 47361
4970 5887
12315 12435
66182 66834
43099 43984
34569 34624
26185 26203
16798 17063
64523 64953
23312 23503
37005 37411
88576 89433
58694 58906
12582 12907
17784 18196
38457 38780
68904 69805
67488 79431
45352 46323
48934 49582
35502 36540
9409 9489
18787 23351
30318 30854
54629 55991
48085 48353
28203 28718
38616 38667
336 1228
4295 4931
78452 78777
55646 56660
35257 35792
47164 48193
53559 54628
41056 41654
11306 12240
88535 88745
88701 89521
89498 89849
74316 74542
74152 74200
37109 37433
12121 12853
29557 29636
20153 20363
33146 34275
4893 5216
77832 78640
664 713
15981 16239
11407 12170
32114 32292
52480 53146
79214 79526
88 1068
84613 85205
21580 22165
79788 79835
28914 29397
23903 25184
53689 54306
31830 31862
66096 66129
68083 68386
40935 41027
5188 5554
86592 88018
9968 10736
34938 36034
71860 71927
21779 22282
39795 40541
67303 67602
54090 54342
53055 53113
52742 53356
81254 81282
72596 72922
45985 46942
51479 52773
36086 36697
12951 13328
16385 16480
78789 79924
75957 76946
50005 51051
81902 82786
35162 35796
83031 83343
34702 36652
24424 25196
80888 81192
42818 44018
80331 81479
24260 25174
52802 54293
44469 44899
89076 89160
67036 67487
11448 12874
1417 1431
23953 24987
80197 80716
84545 85523
4666 6225
14217 14854
36570 37286
55855 56172
26822 28174
36740 37390
42958 43616
74219 74797
22325 22520
30327 30652
49027 49433
18707 19093
30438 30637
28222 29289
59196 60120
88795 89592
79328 79455
22933 23322
4311 5167
29361 29391
44674 44740
31470 32409
75096 75748
60880 60929
13253 14172
11595 12302
65639 66925
64896 65633
69406 69932
31833 32858
61385 62125
4504 4800
3757 4570
68485 69936
26884 26982
52430 52497
12027 12272
21942 22751
52997 53933
55252 55496
8266 8568
4370 5017
78303 78316
86727 87986
33143 33237
36041 36827
88147 88891
11973 12754
16832 17999
13887 14827
85739 85843
32919 33368
56350 56931
25573 26164
74851 75200
74199 75510
69848 73795
23700 24724
62318 62669
36702 37247
80249 80423
73123 73169
86946 87977
9593 10113
5646 5922
8387 8718
38581 39604
80437 81087
22430 23733
74870 75106
66757 66955
49797 50917
77690 78238
46954 47076
31914 31998
32526 33926
65223 65306
44271 45573
84499 85135
17297 18334
89959 1029
20967 21699
50475 50672
45569 47671
46036 46464
3814 4169
34878 38973
21030 21235
227 1245
41494 41511
66217 66879
55796 56170
38306 38996
41774 41926
34045 34826
53581 54619
77595 78023
81011 81123
13520 13996
42124 42652
50311 51059
54969 55322
29839 30143
64779 65630
84831 85372
42302 47243
70538 71159
4778 5243
70806 71047
15164 15775
21886 22249
69178 70079
64402 65060
166 667
60397 60764
57988 59435
37341 38282
71700 73099
57862 58798
36161 36850
25035 26233
66615 66657
64573 64694
86757 87583
60351 60537
28072 28621
62517 63636
45641 46143
56017 57080
77342 78140
13545 13650
18076 18506
10794 10843
21868 21943
29100 29332
12665 12892
27647 27868
39406 39548
55936 57151
23806 24470
88587 89479
15123 15443
50593 52071
33488 33774
31046 31999
85196 86110
141 646
27062 27710
31769 31776
88690 89403
84174 85081
80173 80264
34947 35201
10422 10633
51833 52132
4978 5162
84280 85396
24992 25877
64471 64608
10917 11795
41167 42336
71714 76607
55818 56967
8535 8773
53325 53329
76153 77298
39792 39927
7604 8823
27070 27278
88862 89782
23046 23533
74368 74671
58300 58473
45340 45375
67580 67825
78466 79266
3425 6746
42638 43431
56380 56389
29690 30372
15370 15919
32313 32750
2806 3467
80145 81032
66914 67658
69112 69585
89225 89704
76482 76990
3870 5050
58946 59623
41925 42822
1456 1793
59454 63403
51349 52010
7830 8547
80895 81090
31855 32581
25582 25779
30720 31973
56475 56521
48341 48445
55347 55526
55204 55323
76471 77151
16346 16716
73775 74278
22978 23230
54487 54741
24869 24950
51826 51990
27730 27884
77427 77853
16843 17320
82547 82901
47169 47697
71447 72132
64497 64695
78548 78817
86487 86981
34001 34281
69571 69721
81854 82080
32287 32471
18747 19174
61518 62635
6604 6776
26721 27526
83408 83593
16664 16898
53846 54372
70443 71000
73242 73456
27405 27487
13467 14554
1527 2854
17081 17827
87416 88253
85761 85787
15939 15957
20668 21221
51671 52075
60422 60897
48358 48746
17256 21121
63026 63398
29002 29841
3433 4183
15684 16583
88989 89877
34361 35620
74457 75777
83450 84062
38314 39178
84690 85286
84707 84949
13645 14498
41729 42543
49764 49867
3588 4001
21232 21780
58968 59278
68251 68492
5416 5621
76751 76808
4230 5078
9895 10209
80221 80785
52724 53857
50242 50713
78049 79094
88718 88819
4357 5734
65482 66543
57354 57501
3726 4130
824 1878
32599 32844
4398 4446
55326 57287
81281 82400
44651 59378
17103 17814
63246 63380
45899 46645
64526 64721
38373 38688
21566 21852
44551 44718
45225 45500
87957 88178
58406 59066
71242 72808
43134 44470
27910 28928
70362 71017
11729 12181
24674 25427
7198 7768
78318 78812
34440 34524
38867 39037
68435 69461
59632 59975
88402 88647
29241 29934
11043 11624
1909 2111
19182 19651
38620 39484
22856 22954
31926 34492
42868 42939
1153 2750
88619 89089
26354 26682
46556 47474
938 2629
31485 31692
55012 56419
68508 69320
25072 25492
9049 9424
57215 58125
89631 744
41854 42573
54400 54734
26084 26620
55679 55997
78956 79355
23107 23237
30576 30651
80738 81037
21273 21295
83672 84641
6669 9778
44745 46012
52500 53124
38065 39417
63426 64479
10114 10496
40048 40423
54152 54329
86800 88101
52441 52622
74303 74766
25147 25422
28276 28521
69877 70366
5692 5833
60207 60302
77288 77770
41120 41648
16083 16202
61645 61952
40932 41259
88529 88556
84282 84642
28773 29737
65878 66048
19867 20388
59130 59517
84269 84550
12083 12117
84028 84526
48301 48707
73633 74283
44331 44365
37508 38526
30403 30610
3884 4835
86866 87320
61792 61977
65818 66144
20360 21279
32678 33279
83936 84021
12224 12502
82289 82309
17393 18193
49661 50262
41568 41890
9981 10020
54672 55371
50790 50948
36015 36267
82401 83770
43299 43837
1280 2700
45420 45427
81235 82255
76813 76917
56004 56167
30692 32314
67686 68679
71348 71956
86300 86407
67716 68523
45730 45968
30656 31535
12777 13659
44811 45251
14100 14703
46133 46821
6835 7669
28366 28380
84904 86168
78412 78670
20439 21452
71194 71427
58703 58849
61319 61922
53944 54303
77692 78065
56958 57791
21283 21903
5747 6076
79065 79385
72789 73809
2093 2641
65365 65984
60360 60489
38767 39416
72761 73399
3886 4305
79369 79930
13706 14283
26704 26757
55112 55636
89047 89822
6733 7341
84696 85150
65298 66257
74821 75505
12169 13011
7479 8237
17915 18304
41418 42112
31897 31996
75758 76439
17110 19494
47786 47956
71236 72368
63049 64335
76375 77487
39313 40969
29721 29740
83044 84361
64178 65238
78067 79250
14891 15634
30677 31271
75888 76681
12926 13023
67820 67962
65219 65626
43795 44407
46685 48456
31616 32073
43244 43955
29244 30442
37730 38259
67881 68285
71221 72044
64770 65301
83806 83831
77509 77769
14252 14905
16837 17336
44796 45682
42160 42213
42978 43445
34819 35141
88387 88704
57178 57910
21153 22733
6793 7682
34428 34581
617 955
14546 14751
60631 66324
6387 7357
17066 17988
60672 60918
37833 39106
85810 86024
7350 7793
9550 11055
65677 66370
33766 34086
56212 57816
36321 36791
80816 81294
38112 38193
3871 4631
32338 40623
16573 17673
35676 35974
13007 13012
54745 54979
24458 24852
62934 63136
33917 34265
43262 43439
14753 15084
23229 23358
9757 9869
63538 64177
12738 13445
79268 79334
19007 19858
5406 6775
67559 68075
10839 11849
22022 22624
3737 3952
47601 47754
87566 88128
44125 44303
22486 22943
76836 77247
76562 76781
12940 13726
81814 82554
20192 20650
6380 6982
50147 51545
44865 45280
58922 59348
65319 66341
27173 29395
78136 78379
6103 6236
26792 27843
50915 51844
23775 24382
69837 72184
88137 89106
25587 27072
19824 20271
63563 64268
3496 3818
79322 80201
1470 1582
64396 64961
43171 44215
78225 78358
49320 49364
3394 4762
69656 70871
5941 7807
65606 66850
87087 87377
26222 26328
47858 48072
30759 31638
65843 66204
30698 31407
85409 86508
32310 32422
25729 26246
44463 45600
86737 86837
25775 26067
49480 49640
42410 42581
82587 83418
43184 43518
44580 44896
35333 36515
24558 24566
81614 82065
23895 24073
63994 64125
60095 60729
85390 85609
44324 44504
56840 57722
66262 66464
62240 62261
82774 84004
5582 6025
22932 24466
34571 35156
40115 41441
88727 88931
34225 34958
10995 11282
43300 43638
44700 68036
60841 62585
77929 78306
70910 71240
27365 27591
20751 20769
59681 60679
67533 67966
14773 14798
77794 78370
20483 20780
71522 72652
2911 3827
72952 73649
71654 72323
12629 13199
27716 28413
40819 41213
80300 80692
62348 63123
28854 29829
71398 71446
1276 2386
73709 74901
39014 40001
41886 42474
77126 78123
60315 60530
76586 77264
345 373
68310 68859
75534 75697
10396 14168
48956 49659
18035 21818
80382 80522
34399 34616
5351 9633
4349 6175
83293 83335
55358 55572
51201 52368
51569 51733
2247 2443
79303 79488
81352 88822
54880 63004
38482 38860
13591 14493
70585 70602
72737 74068
22114 23217
34102 34396
61612 62072
32439 32987
74482 74575
17231 17296
30436 31277
17842 18321
76529 77482
55535 55751
88871 88987
55516 55600
70437 70495
68088 68825
18310 18483
18608 18612
83318 84201
34121 34780
63712 63991
2020 2809
40978 41646
13393 13741
2369 2685
54291 54514
37650 38044
61015 61444
23299 23851
89240 89312
87288 87573
82032 82607
2357 2646
80583 81522
19406 19879
25074 26342
82544 82703
11122 12038
4410 4425
76277 77061
67475 67772
4527 5101
89093 89199
89766 256
8884 9180
37224 37291
17887 18613
88562 89455
12610 13347
79030 79699
70643 71158
76461 77723
75602 75862
73193 73588
52978 53377
22233 24881
70887 71241
62541 62561
31637 32499
48562 51157
33075 33484
17619 17772
77671 78149
11635 11654
9880 10288
50222 50670
16921 17083
17865 18067
73317 73702
42174 57473
77338 78241
5717 6877
23547 23928
5760 5886
25371 25763
3138 3267
43540 44606
3045 5946
56357 56382
53776 54673
16433 16526
28988 29933
26040 26839
60896 61345
66781 67125
74360 74714
86611 86851
51006 51110
24988 25372
23921 24931
1857 2123
22066 22245
14103 14270
49037 50016
77912 78509
79090 79873
79101 79698
81885 81889
83628 84739
7339 7534
78980 79275
5538 6325
1031 1662
85765 86036
39095 39576
55278 55857
13155 14204
63255 63579
75217 76020
54508 54790
68347 69084
72364 73134
45471 45803
86079 86745
68588 68848
34373 35396
7418 8131
21825 21953
80701 81446
63172 63819
68375 69246
6138 6272
3654 3775
71139 71405
47196 50360
4480 5211
12850 15290
52292 52869
26470 27224
51964 52454
27187 27228
10388 10479
30532 31268
19925 20826
70342 70814
62867 63405
26655 26694
38280 38910
65819 66086
31716 33155
10814 11080
68127 68562
80585 81545
78190 78538
81665 82578
52814 55109
63018 63706
18914 19697
16972 17477
64409 64976
38093 38290
69854 69997
82254 83184
57620 57929
54250 55129
83201 83747
2099 6422
4208 5134
80474 81036
85101 85709
14796 15667
10367 11259
68574 69294
865 1310
40530 40647
23746 24708
4755 4833
788 1750
25032 25340
7611 8373
13117 13647
23065 23706
21319 33138
14537 15178
57439 57535
52119 53488
70419 70489
43733 45193
35918 36549
74262 75178
34207 35165
89133 1165
88294 88754
10197 10923
89415 13833
75870 75930
85907 86655
76932 77360
79853 80441
27739 28097
42287 43409
6223 17440
30305 30704
6913 7315
21653 22768
71079 71685
74956 75188
27785 28183
18145 19067
74125 74214
21430 23338
81926 82369
359 496
14065 14724
85453 85715
26940 27251
12139 12263
60491 61272
69771 69924
30116 31069
49313 49760
43366 45258
74416 75651
47078 47599
39694 40650
36710 37125
14885 18077
83100 83336
86751 86867
7089 7373
46921 47147
9307 9723
46665 47142
14556 14896
9271 9437
62935 63872
4441 5218
72659 73082
36632 36998
34589 34945
73732 74873
9084 9924
16859 17570
84630 85393
47492 47606
72600 72957
34205 34270
73114 73643
41404 42331
69234 69307
18550 19286
66043 66318
23013 23922
23112 23149
64883 66106
58853 59153
34152 38518
55880 56372
13399 14237
54899 56253
24707 25238
2682 3419
11680 12243
12289 12695
87117 87370
47394 48172
50060 50990
68394 70176
31598 32385
48871 49533
62091 62378
84153 84161
8953 8991
14790 15210
33891 34634
75320 75481
87688 87987
58332 58519
70906 70957
25950 26634
22516 23020
16690 16869
71555 71643
2541 5181
28660 29128
61740 62229
38385 38817
72324 73188
70562 71207
72938 73413
88385 88975
7908 9577
89151 89527
55715 55738
43507 43641
87940 88705
86438 86631
55563 56362
63641 63715
19095 19443
84984 85024
18857 19729
51244 51381
5664 6000
65356 65779
14179 16053
40731 41550
46785 46937
71290 71627
84675 85367
5637 7379
78878 79277
35217 36220
67224 67963
12827 13512
35803 36956
59541 59993
46286 46993
20665 20757
33938 34347
17700 17979
70908 71505
83797 84328
45109 45926
19235 19371
2328 2726
85534 86575
47928 48967
60289 61641
949 1863
21147 21293
84601 85234
19357 20317
33958 35062
74380 75161
32941 33637
45240 45822
2420 2469
82026 82098
52551 53051
29039 29436
10451 10708
2376 3628
31927 31971
81936 82900
38726 39212
88028 88986
20914 20920
50883 51555
28363 28607
82856 83303
86749 89896
22651 23202
23984 24328
32058 32333
13770 13883
26302 26942
83349 84029
69680 70105
31269 31728
43855 43969
54446 54764
22278 22731
5242 5658
53621 54327
86060 86970
54669 55194
77908 78196
65585 74844
58496 59631
87173 87820
39649 41106
67337 68431
37142 38007
1896 1916
3565 3798
57675 57810
68474 68977
28422 28567
66246 67087
67897 68392
84399 84932
58391 59031
59343 59786
36306 37075
27425 28194
13327 14187
59479 59861
30833 30858
12067 12488
7345 7543
66860 67005
47614 48787
83291 84360
23125 23559
14327 14770
20208 20921
70103 70182
42825 42902
63288 63972
48012 48205
27232 27309
31581 32134
79383 80180
22974 23066
66975 67223
22915 24399
27844 27907
69621 70014
84624 84806
63716 64311
82452 83168
83567 83648
46762 47667
237 395
42674 43349
30890 31499
56654 56960
38285 38679
41325 41897
66735 67326
8566 8578
44446 45146
1633 2689
56656 56915
27748 29085
83382 83892
22380 23081
20076 20167
33104 33158
41184 41765
82533 82598
42039 42893
41865 42303
65230 65674
80133 80338
26151 26549
66868 67620
57293 58293
55220 55675
81979 82164
58660 58711
17817 18303
80486 81071
50666 50769
54080 54081
35663 36988
17592 17762
41005 42062
10045 10427
45058 45064
558 935
20307 20414
14413 14761
21345 21971
4866 5036
62630 62711
37521 37967
17192 17206
86393 87337
25866 26178
17648 17837
82601 82935
71692 76546
61305 61509
25653 26524
54386 55378
8115 8126
86638 87598
64897 65763
47068 47472
36171 36913
68794 69544
63653 63775
49211 49688
68360 68720
61024 61735
41475 41831
12531 12709
75373 76187
51135 51151
10957 11285
70654 70724
37157 37279
16168 16350
19202 19378
38629 38894
82551 83190
70917 71728
16133 17148
27385 27568
739 1278
66693 67342
39693 40208
6964 7478
53556 54130
63247 63591
3831 4550
46221 47055
38393 38453
66256 66697
22700 23826
6595 7070
4510 5217
73776 73856
73535 73815
88454 89165
74643 75118
16440 16759
46089 47342
57823 58029
76713 76753
85775 86012
48303 48497
13343 13956
34510 34804
35445 35579
70123 70396
1811 2387
33947 34717
69602 70019
87795 88161
54568 54730
89857 89965
77276 77647
51632 51773
17367 18450
14592 15425
8435 8604
74831 74947
39481 40560
54248 54754
76612 76888
29170 29288
59629 59688
79411 80282
32912 33347
44945 45201
96 657
12124 12835
45019 45638
34741 35488
2010 2446
8383 9039
3059 3371
9785 10571
38060 39122
62169 62911
61241 61826
47383 48184
72111 72441
79579 80611
27543 29027
45451 46239
72309 72583
82990 83689
87051 87348
1286 2416
31529 32574
5238 5879
59730 59797
35170 35747
24474 24614
54857 55057
3766 3994
2222 3134
51481 52040
51019 51113
86461 86505
4868 5328
26596 26729
3581 3703
68583 69116
89672 241
52141 52230
63955 64363
82972 83317
58241 58708
85960 86778
45139 45856
1294 2153
30948 31211
18598 19633
2107 2675
78595 79261
3314 3832
73656 74025
66333 67007
999 1479
85050 85554
9014 9752
74990 75643
71130 71602
66725 67019
75978 77953
2377 3033
82127 84007
2257 3000
38111 38169
69369 69532
47047 47725
58838 59252
40182 41147
72125 72923
74293 74753
3677 4223
5966 6336
16773 19276
19304 19742
46481 46649
58950 59046
20267 20327
33870 34306
43118 43251
28209 29126
20023 20543
25769 26705
32235 32747
60779 61073
17426 18025
57026 57982
47995 48256
31857 33231
48735 49360
47184 48200
87153 87341
15016 16467
86626 87284
317 1042
76086 76692
55666 56176
50862 51543
35707 35844
35264 37910
65712 66326
87650 87991
55239 55649
364 1566
25101 25326
54542 54758
14675 15049
53057 54644
61638 61879
71727 72089
22941 23157
26001 26887
72758 73516
56105 56493
86805 87118
49470 49869
3141 4031
77076 80527
82640 82879
16624 17435
28319 28446
19663 19708
60442 60476
89121 89190
4422 4692
38519 39356
15985 16465
12125 12402
79013 79049
20960 20962
28650 29160
35319 36518
34096 34740
14929 16114
84930 86401
55642 56345
61049 61166
42360 42477
32842 33179
49999 50408
14262 14504
8084 8259
79498 79717
48843 49361
24911 25163
43266 44071
37467 38762
85897 86341
3082 3309
47970 64170
27297 27342
69543 70253
73208 73280
55744 56224
81965 82104
62945 63390
80455 80466
77228 77579
5281 9287
21136 21788
18686 19605
20670 20754
61123 61293
17504 18508
89916 1002
40697 40906
67016 67319
62898 63059
68196 68582
77978 78688
4022 4998
84032 85564
59952 60028
50900 51600
83365 83753
40994 41908
61349 61768
29698 30271
49866 50532
61266 62126
76344 79513
26768 26834
86820 87189
76768 77148
35270 35750
60875 61205
56645 58170
42692 43677
89696 868
3956 4074
8879 9442
63365 63535
24359 24557
85012 85291
12548 13673
54550 54818
26886 27690
52714 52801
4186 4418
64475 65814
18261 22353
2192 3194
68216 68548
64034 64316
13090 13191
75272 76003
47752 47887
83571 84900
3631 3709
61840 62192
59716 60475
40717 40756
40673 40796
5285 5901
66194 66854
22613 22832
46 388
54676 55376
52913 53572
15753 16173
29554 30156
56427 56764
70172 71191
37463 38695
43375 43383
58282 58684
72500 74054
85657 86527
36636 36844
42691 43419
81514 81746
27360 28053
74182 75712
24234 24939
9673 9812
73234 73453
36281 36620
21618 21634
62780 63666
260 639
53010 53209
19342 20093
75801 75899
11072 11520
69444 69704
39537 40675
6300 7313
38850 39292
65360 66282
48811 48818
66763 67568
19778 20334
3008 3177
32604 32848
55544 55920
52645 53393
27472 27531
22429 23252
56672 57172
60050 60231
64484 65225
66840 67097
68416 68663
53446 55081
52405 53405
53970 54811
28799 28908
55116 55196
34238 35573
79966 79982
41220 41893
42284 43764
49725 50590
26340 27006
85595 86263
12106 12195
10987 12192
6063 7104
51588 51966
83306 83554
10751 11656
49641 49900
49759 49785
61210 61245
51749 52970
23384 24044
66445 66900
33393 33459
20684 21337
7131 7349
63168 63554
60539 61456
39593 39862
28515 29541
51869 52356
6096 6929
18065 18188
86993 87362
31986 32986
29208 29233
52961 53601
89583 1065
46140 46450
81020 81658
46233 46678
2239 2694
39665 40215
24231 24554
34149 34186
21918 21966
81415 81828
82239 83662
25825 26319
1584 1763
44596 45391
70893 71856
70785 71573
4225 4816
20298 20804
22909 23021
14350 14805
30898 31047
58231 59409
1860 1919
23735 25501
54407 55209
76702 79783
86586 86808
70411 70964
64866 65649
69464 70223
24017 24847
78663 78683
74792 75102
69358 69368
79568 80012
35422 35826
67395 71388
12070 13408
22658 22665
36134 36375
86997 87176
86264 86795
45406 45482
40707 41423
82324 82874
88351 88988
81975 82908
63659 63826
32015 32220
70051 70353
76068 76094
43178 43636
75296 75609
14387 15435
34161 34452
58537 58886
71488 71619
9697 10146
25370 25632
434 784
20188 20694
87569 87921
53686 54222
17260 17346
49728 50683
30065 30351
39442 39789
82683 83694
50660 51786
9301 10244
89022 89580
46343 46871
56657 57863
38596 42063
36124 36254
25744 26060
33599 34596
7171 8194
49074 49865
36567 36898
66090 67735
13470 13527
87990 89340
81214 81568
1678 1871
38140 38349
24740 24791
67102 67854
65046 66055
62473 62871
48717 48925
36824 37498
67150 67710
10942 11651
71429 71673
40726 41548
66903 67058
10312 10645
6950 7747
20311 21259
8292 8659
26621 27786
37759 37840
40765 41155
82820 83032
57447 58334
50384 51033
4181 4945
14995 15947
54905 55602
81853 81931
19294 19415
69187 69599
79019 79265
84914 85799
19700 19706
40081 40837
82783 82949
29977 30101
35272 35798
73646 74351
81460 81601
20433 20898
60372 60901
32050 32345
8425 8479
68617 68867
59315 60000
55843 56527
22291 22844
9551 9871
63297 63615
14312 14354
50833 52956
75526 76078
3974 4037
49573 49712
17527 18046
15762 16380
18383 19102
35362 35490
45508 45748
7547 8013
19034 19518
10097 10810
65083 65529
80169 80422
71049 72005
81933 82791
76919 77261
67066 67366
24112 24300
75133 75309
45351 46231
87852 88615
54775 55947
63240 63693
5425 5938
16540 17522
23214 23906
41145 42054
73970 74190
63939 63983
85161 85408
17843 18891
54753 55126
36505 37937
70454 70536
54709 55612
37249 37827
11355 11986
33242 33290
66937 67114
3129 3499
81467 82666
17711 18816
64232 65270
59787 59840
80320 80340
58808 59486
65191 65897
13574 14055
39617 39963
16093 16948
44396 45137
50324 51011
11679 12149
32692 32833
3069 3159
45950 46032
45698 46318
18666 19956
22819 24023
20499 20719
73203 73398
25639 26393
49739 50241
3269 3734
29030 29939
29435 29955
28076 28231
23114 23640
41095 41853
53023 53560
66751 66884
59497 60007
73418 73759
57055 57104
4587 4619
27676 28092
71093 71477
69803 69959
4784 5197
12917 13917
42994 43211
69941 70706
69862 70465
26880 27005
81079 81918
4239 4256
49327 49474
6067 7101
20788 21203
15866 16492
89096 2392
80244 80661
26108 26924
84479 84947
1560 1819
23505 24071
4950 5040
43245 43284
11099 11390
61551 61730
39327 40264
58360 58510
4471 4765
26197 26772
86258 87253
17117 18150
59595 59640
867 1868
71394 72564
63114 63978
11821 12298
77339 78000
56531 57613
61695 61896
36406 37183
36326 36728
73207 73630
46054 46067
29108 29385
52594 52928
20722 20877
10504 10580
57305 57351
48853 51298
49219 49543
62022 62113
17789 17922
17627 18115
30035 30642
18645 19335
26241 26390
69582 69672
47905 48992
82018 82022
7963 8043
51348 51607
8903 9355
8282 11911
47810 47881
82807 83240
36669 37662
36930 37004
37593 37941
88231 88426
39671 40306
18141 19069
31453 32346
1907 2599
6702 7016
21658 21880
81582 82388
43826 44581
76600 77476
5501 5987
25998 26160
58314 59243
26037 27264
84189 84459
64072 64800
68108 69032
32273 32783
53334 53530
15058 15709
31867 32420
35404 36577
46373 47062
40122 40908
39012 39561
51242 51466
34536 35002
83756 84210
60394 61212
4753 5022
57504 58316
51234 52164
67639 68850
33732 33951
16045 16560
50082 51501
86313 88024
22055 22379
61342 62110
62667 63126
17010 17058
29491 29751
46102 46205
60853 60882
11710 12425
62906 63621
49654 50034
24712 25440
88396 88884
16529 17030
27482 28557
14694 14987
82855 83004
69484 69952
50541 51656
44335 44479
29285 29305
10486 10599
81991 82697
30607 30917
16973 17500
24613 25344
14254 16489
21922 22724
38420 38948
8063 8704
45363 45668
66565 67211
48795 49191
59907 60870
42993 44089
61892 61920
81272 82097
31945 32610
26500 26916
69153 69790
4112 4124
23729 23730
18607 18649
3699 4174
14715 15511
2465 3778
68069 68732
84595 84772
47171 49339
67818 68116
20741 21252
78853 81547
88573 88969
29764 30418
61045 61344
9965 10058
47685 47753
68228 68295
2023 2439
37969 38337
29093 29713
22188 22825
12773 12895
73228 73304
36528 37034
43374 44301
76508 77679
49250 50260
6527 7608
11943 12322
10793 11316
16604 17333
51441 52240
23291 24684
1660 1951
29921 30224
849 1046
26338 26770
34962 36247
48452 49856
40727 41745
48741 49593
81766 82008
30563 30875
80272 80534
20538 20618
60377 61139
41772 41987
47191 48201
52374 53339
2514 2888
22987 23383
162 548
15658 16235
85565 87162
42880 43179
9957 11552
7927 8481
75740 75966
68065 69013
14181 14246
18881 19125
21564 22127
28553 28798
41901 42491
9172 9634
13426 13575
28420 28451
54339 55260
27762 27854
63107 63820
43882 44110
28918 28962
18684 19152
42944 43521
16632 17255
69411 69931
25894 26273
70980 71089
34405 34654
75855 77003
41690 41945
6771 6856
67242 67287
1649 1780
87449 87773
81762 81777
76636 77242
55975 56052
49416 49627
61680 62464
1214 1266
86158 86955
44231 44600
21712 22146
82119 83302
28984 29782
79846 80841
64260 64628
22024 22287
60344 61044
77939 78802
54740 55271
67345 67417
10715 11402
19753 20058
36082 36225
29712 30317
43822 44197
67739 68011
25176 25672
17652 17867
36971 37699
15555 16615
29143 29176
80207 80396
40352 40622
50417 51454
77762 78017
80463 80539
4054 4597
66679 67746
15938 16262
16375 17340
66776 67502
80491 80782
63533 64064
80181 80411
42036 42218
45852 46094
14728 15395
19962 20432
69962 70338
83442 83927
51705 52118
33559 34437
24597 24971
84117 84311
23607 23887
81786 82325
18533 18906
81356 81452
16702 16730
16888 16924
46226 46589
71052 71748
34638 35364
64607 65336
17682 18527
33842 34068
61587 62363
41990 42258
79537 80025
49284 49503
34545 35107
54177 54718
41858 42641
19676 20301
67219 67379
76030 76639
55159 55295
65244 65437
52068 52541
20986 21097
44274 44424
36162 37248
87850 88300
4211 5541
78903 79880
77658 78002
1922 2291
82694 82897
47175 48044
29040 29617
36851 37117
72178 72544
75762 76938
82920 84444
32200 33170
19861 20919
9275 10022
41818 42133
8138 8375
931 2166
63873 64252
14880 15418
81409 82294
68249 68482
12135 12828
26900 27764
89979 407
71243 72420
86608 87110
72949 73416
85823 85854
30393 30454
33408 33540
61343 62127
11890 12014
65415 66135
29843 30507
70370 71161
15013 15664
84113 85336
85414 86124
41621 41830
44452 44809
74745 75173
63673 63881
16082 16544
45103 45124
85097 85158
20196 20810
43105 43847
9800 10262
71807 72562
27010 27670
87999 88062
88482 88996
56822 56945
73320 76504
67815 71651
9391 9739
56299 56902
17808 18465
48396 49345
72882 72964
76033 76342
48220 49809
55546 56514
81968 82515
73495 73834
26605 26859
7164 7553
56685 56935
27495 28177
71616 72730
14748 14937
67741 67896
28247 28751
80190 80598
80529 81740
35701 35726
77058 77102
68004 68892
4649 4774
33541 33853
5624 6191
1764 3203
84400 85802
76288 76806
11014 11015
34814 35172
39742 40273
80227 80677
1315 2000
34239 34288
4973 5299
10328 10450
64265 64323
2623 3029
7708 8596
59928 60728
12908 13230
10946 11257
6739 7058
5893 7134
18327 18704
13558 13692
27522 27598
54927 55332
71417 72277
70834 71164
23732 24252
14664 14865
89460 335
86502 87181
87030 87047
41018 41314
30253 30711
16783 17465
25999 26636
77511 78293
80863 81244
34266 34803
67446 68155
79932 80930
60788 61765
25595 26433
78867 79233
67135 67950
19661 20345
37148 37430
12685 13484
19754 20487
5347 5778
29322 29777
40576 40857
73365 73816
62405 62965
9918 10937
27874 27944
35468 35554
21388 21685
61871 62436
34278 34479
73205 73586
74113 75261
56644 56861
51542 51648
74507 74757
32698 33281
15875 16362
54219 54961
17205 17598
44846 44926
89538 89675
46092 47067
60264 60450
23909 24220
18672 18978
54439 55223
53899 54330
55919 56989
22257 22717
40468 40515
34551 34582
52863 53570
40116 40575
45788 46124
75872 75995
58580 58984
35535 35799
85028 85479
4287 4474
1542 1712
81189 81617
89915 89978
40284 40715
13845 14649
19582 19865
40255 40831
41523 41633
2254 2937
66756 66837
15080 15390
69470 69907
68424 68466
87958 88519
20521 21067
53513 53726
70124 70140
78082 78195
24418 24969
11719 12075
71585 72206
48772 48949
724 1444
62679 62859
58113 59235
65180 65538
88278 88637
18245 18298
70756 71370
31234 32225
65231 66500
66958 67451
36703 37189
67222 67526
47900 48608
20207 20282
83791 85006
32446 32802
33160 34024
9471 10175
62700 62756
54524 54683
64082 64346
63155 63208
32048 32232
87622 87750
28313 28558
17585 18805
57569 58210
12558 12825
29029 29807
27657 28251
50995 51862
14571 15561
3945 3998
85571 85871
35401 35506
10082 10177
73628 73772
82357 82552
80644 81041
49871 50391
72008 73072
52531 53317
60417 61363
74499 74670
73515 74425
70340 70718
29097 29404
7148 7250
14038 14990
42359 43553
82730 82896
57177 58103
16017 16022
6027 7200
58601 59009
53227 53602
40135 40800
6676 7270
50024 50310
26568 26752
8720 8836
31089 31644
30982 31323
36782 37543
8560 9805
1148 1803
76948 77315
37116 37143
3548 5844
26707 27773
42097 42426
1167 1191
16944 17140
62645 62745
78462 78556
63908 64291
51608 53095
23823 24498
24419 24774
54808 55441
49731 50944
67652 69427
52179 52844
52798 52981
16836 17331
15948 16295
35463 35769
16108 16949
66355 66542
82987 83154
31378 32329
64934 65076
13354 13737
36054 36242
72202 73020
21850 22817
33837 34636
63481 63505
20494 20711
22515 23212
33848 34286
399 914
78927 79176
40292 41595
25668 25976
64245 64300
54599 55289
54750 54923
50190 50279
12013 12666
42535 42682
53161 54230
15582 16154
1055 1382
8516 8734
54412 54970
57417 57617
31533 31724
68115 68138
66992 67504
50381 50382
7763 9436
4827 4920
21413 21710
63962 64275
86764 87752
55208 55352
12942 13325
45123 46041
70856 71890
39498 39807
79253 79256
21065 21541
42716 42775
1632 1734
37439 38437
9087 9162
89568 89820
2208 2889
66599 66783
34544 34754
83063 83342
49425 49698
33769 33781
11074 12636
20957 21734
75690 76035
18796 18994
68883 70418
8893 9000
9927 10133
89158 89269
67900 68384
38555 38907
46283 46296
34560 35072
53947 54114
6594 6876
61593 62056
45723 45759
43536 44539
75337 75348
78281 78810
49395 49552
6716 6772
56594 56917
74186 74244
35966 36158
48021 49727
17620 17716
71840 72231
11605 12100
88809 89440
48451 48686
59407 59768
35993 36878
85975 86308
5394 5459
89881 34
37165 37875
18469 19470
73381 73403
73539 73591
71162 71985
41340 45497
49805 52096
34784 34824
41964 43127
25835 27617
55240 55370
70502 71051
74510 75076
61313 61966
72063 72375
21955 22047
61324 61591
40336 40484
43212 43346
78500 78503
70780 70826
51237 51438
267 308
81081 81463
15626 15779
46262 46512
55985 56485
48530 48683
20183 21193
38377 39295
25202 25240
19646 20375
88347 88892
25987 26235
25899 26797
79133 79536
13544 14275
77294 77971
10195 10744
65607 66167
3 749
62884 63110
63523 63966
51850 51892
83849 84597
43975 44120
4533 4563
23481 23556
22292 22374
36068 36610
13636 14047
6337 6717
78369 78676
36478 37197
50600 50621
18447 18863
56057 56630
57081 57455
5852 6295
75779 76109
65159 66019
17516 17651
79991 81357
27349 27370
77720 77789
83199 83530
75201 75270
57923 58959
85477 86074
4143 4351
44723 44992
10495 11117
68680 69070
86235 86542
20604 20806
61039 61378
66569 67281
8711 9364
82280 82644
48574 48697
15698 16165
84041 84604
86614 86618
22468 22854
70841 71425
45505 46075
60837 60970
34619 35928
75129 75245
23170 23847
49762 50840
32014 32138
77395 77842
70884 71838
62145 62855
116 740
9951 10781
43322 43557
37068 37290
62382 62784
67919 68123
37565 38191
1656 1995
85741 86654
50910 51329
57621 58222
22070 22123
57197 57353
83059 83458
8462 8574
84054 84936
34324 34890
10694 10853
42158 42533
77244 77702
70805 71342
15067 15530
25473 25807
65013 65317
9568 10218
16984 17152
49578 49738
78963 79545
46098 47143
15273 15603
19155 19384
75476 76261
71987 72443
30070 30104
34535 34687
81292 81982
73903 73967
38035 38808
7533 7991
59804 60225
623 686
55973 57136
69541 69589
75319 75342
21921 22485
60268 61035
61242 61284
41906 42095
65744 66319
14935 15258
50073 50120
41887 42288
38716 39330
80919 82195
49684 50331
37106 37196
85379 85968
43297 43318
81951 82037
62258 62697
69732 70395
87120 87759
80127 80883
57746 57777
41557 41867
83524 83697
66601 67209
45479 46295
6112 6961
36755 37199
57707 57771
59776 60252
42023 42275
72243 72792
27595 28426
31813 32768
22094 22712
9092 9174
1694 2775
20730 21840
85499 85807
26980 27055
46903 47190
33044 33071
9533 9573
40483 40882
62813 63511
40590 40869
41042 41712
15415 15852
61603 62121
66666 67185
27030 27677
80072 80820
18220 18230
11183 11814
26177 26706
74400 74428
83545 84460
66378 67566
50607 51178
56865 57610
78409 79033
83773 83998
18513 18737
58593 58747
34495 34595
63855 63923
43292 43509
81115 81630
85857 86806
6935 7779
50490 50662
59259 59996
77565 77626
12635 13810
30490 30959
71815 72719
27432 27550
36026 36466
48641 48809
7866 8364
25827 25926
65015 65296
7595 8141
68164 68270
51480 52173
85415 85919
3621 3772
68428 68699
18289 18841
21357 21656
19289 19678
68703 69309
24990 25457
34025 34790
49620 50253
25846 26123
55365 55594
14943 15446
54976 54985
86443 86596
74204 74491
80617 81052
61287 61698
20659 21481
21660 21682
38618 39404
61910 62340
27636 28578
68150 68440
4408 4877
72575 72924
18184 18518
89600 89999
17463 18008
87658 88397
85990 86366
89579 272
2545 3001
66200 66320
26052 26128
86340 86964
16668 17486
60391 61719
33942 34831
59432 60097
46601 47098
13082 13976
66364 67203
20088 20364
75209 75240
7154 8137
79530 80079
53597 54295
22711 22723
51553 52149
14139 14641
1000 1504
62516 62801
74289 75025
32644 33257
36706 36748
30175 30869
60460 60945
66633 67624
44681 44981
89984 289
48536 48567
39401 39429
42379 42554
21713 23703
15211 16032
4302 5168
47642 48217
47114 47536
77262 77459
84058 84165
10977 11120
12585 13005
46789 47145
57557 57688
18844 19017
8826 9186
71472 71518
62122 62696
50993 51335
31393 32020
68738 68968
76760 76994
22687 23104
13475 13724
59775 60206
53158 53552
78826 79048
4329 4783
67603 67704
64398 65073
64401 65209
82875 83475
15677 15931
76862 77143
52207 52996
78098 78694
25905 26479
47277 47660
59453 59658
46774 47352
47646 47862
25105 25478
52915 53624
45594 46099
64599 64813
17773 18050
78673 79086
21544 21584
31507 31729
74077 74196
46632 47793
80026 80224
64781 65856
56077 56393
50619 50968
44932 45105
40558 40811
32881 34799
79903 80131
61438 61701
8816 8819
89086 89689
20078 20476
4137 5165
32707 33340
32626 32930
17621 17857
34543 34896
35003 35937
10301 11218
29775 29937
1583 3207
25098 25310
44417 45328
61401 61942
47376 47582
88901 89425
38999 39469
43061 43653
83373 83875
88113 88486
51827 52979
53687 54082
68211 68399
57907 58162
58769 59492
51860 52333
72916 73748
980 1703
74099 75263
85542 85903
51429 52106
24872 25431
78169 78614
75947 76247
38747 39373
82492 82872
11554 11604
13068 13251
74241 74701
55419 56174
54257 55002
62872 63053
1111 1472
53048 53938
52856 53222
86635 87353
36444 37099
51259 51268
48953 49071
42539 42988
71553 71978
4025 5064
52725 53542
39673 40788
82557 82610
80494 80508
2489 2549
31135 31226
12150 12671
79507 79612
23405 23663
48357 49318
72985 74545
23391 24935
85163 85361
76538 76570
62665 62852
60973 61381
38970 39266
86277 87277
80031 80535
41362 41803
52394 53154
24639 24831
51871 52758
79617 79889
24786 26137
84468 84719
86951 87510
59941 60611
48797 48881
2261 2565
89894 89935
56807 57524
80654 80815
75962 76608
62414 62815
18990 19701
34235 34714
35542 35953
69633 69974
49116 49902
44222 44877
18528 19299
71 507
40642 40770
12161 12180
55846 56470
1918 2718
89309 89697
48418 49297
55013 55315
68985 69710
26068 26863
13013 13240
14843 15501
41028 41452
4823 5763
76547 76830
50983 51010
70097 71129
21862 21909
45071 45927
63326 64302
77065 77546
74504 74581
18335 18479
58509 59312
63709 63811
70610 70796
40248 40862
53242 53284
31948 32255
71897 72683
2703 3213
85086 85105
26058 26250
34279 34415
391 1599
40089 40447
10 14
40302 40964
40366 40989
20246 20297
70624 71694
26307 27467
51564 52131
1984 2125
64956 65250
30777 31100
58142 58218
5745 6674
11291 11726
48969 49032
33906 33952
10651 11852
87620 87841
34930 35451
50716 51205
33659 34067
16344 16704
4155 4303
58185 58460
22894 22991
56358 56545
61064 61636
18055 18328
5890 6814
78021 78393
29974 30881
16592 16680
65520 66785
55560 55590
75543 75877
51521 52766
13147 13602
86400 86788
32801 33253
67669 68081
18586 18913
15203 15855
58555 58969
60907 61524
68579 69259
848 1348
37720 38170
89550 89607
78390 79744
42492 43705
61717 62174
12893 12969
85102 85776
15186 15708
3858 3905
42786 43385
16331 16644
46715 47520
57335 57806
44293 44719
23365 24607
26027 26907
59476 60588
85213 86094
87274 88343
57886 58302
20041 20155
81610 81970
85546 86439
8633 9126
66079 66280
9371 9384
22513 22547
61883 62285
4963 5775
88890 89589
71157 71385
4604 5014
15920 16971
16794 17482
59863 60745
35281 35470
81620 82565
81697 81735
84615 84779
45813 45872
35730 37425
30534 30998
81358 81370
78074 78516
19411 20253
31283 31726
52922 53487
84758 84988
45132 45525
51264 51912
22780 22882
12184 12551
72376 72479
2440 2876
60182 60424
17834 18355
58790 58831
39387 39987
44009 44563
54773 54898
17900 18047
86994 87805
75426 76413
23346 23373
27703 27816
86976 87326
4572 5109
78284 79257
53045 53206
86175 86453
42947 47778
21338 22327
84172 84512
81 187
84742 85244
53915 54464
16804 16901
7454 7627
86832 87088
12 458
68096 69010
10974 12123
70031 71432
75656 76307
7566 7890
57008 57387
88777 89322
60596 60962
49085 49394
81147 81820
86223 86517
16894 17703
43889 44874
13163 14223
68958 69568
8342 9216
60895 61702
38801 39052
60002 60454
29633 30205
50567 51142
70457 71753
7175 9102
50371 50492
10951 11339
4483 5962
15085 15243
28805 29545
5504 5662
83362 84068
1385 1947
78381 78449
4923 5259
32299 32585
88549 89465
53975 54118
83222 83264
28079 28502
27999 28346
50895 51691
53322 53464
66361 67156
89852 274
77123 77536
56331 56833
84441 85462
86362 87349
22102 22584
64644 64945
87618 87747
35150 35503
79005 79682
34830 35247
89824 89961
31313 31482
59434 59463
2168 3604
9547 10461
55339 55773
72861 73343
42602 42763
44000 44062
18238 18344
10875 11035
18799 18832
26383 26816
19144 20304
40295 40945
37180 37532
13962 14566
41462 43343
31101 31195
27975 28580
51824 52571
53318 53514
88197 88725
76279 76343
33539 34176
73607 74070
36542 36718
58341 59326
17248 17654
48222 49387
89082 89549
30509 31208
23952 24379
47797 48183
48560 49157
78027 78161
47283 47977
6379 6512
13829 14695
32546 32640
74926 75700
82322 82624
83855 84464
44145 44237
64493 64683
9933 10163
51730 52261
32654 33100
25528 25584
85878 86008
77495 77710
85355 85793
81484 81839
41959 42286
15382 15454
5503 5513
58800 58977
11949 12040
89320 89706
25534 26148
63286 63338
86518 88104
51635 52095
47113 47514
55400 56285
64 384
53108 53333
73986 74224
51907 51920
45552 45939
44378 44722
28721 28922
60572 61431
61991 62587
83788 84405
87871 88022
75622 75671
59964 60216
62472 63259
39038 39666
52299 52921
5957 7009
88671 89523
22341 22375
75227 76049
35832 36872
23670 23804
59309 75198
21099 22147
5581 6998
67505 68535
88810 4588
56503 56851
65486 65803
89200 89212
49431 49462
73686 73777
60799 61063
2550 4198
35712 35828
81432 81504
73265 73640
71551 72388
20379 21212
73470 73576
55680 56300
2233 2727
65800 66123
19989 20261
38893 38901
62913 64175
78847 78973
46303 47051
60781 61711
38723 38946
7281 7571
58682 59021
5213 7652
45769 45938
2037 2264
82559 83454
62195 62530
32421 32605
47007 47827
60553 60703
22025 22827
83915 84715
14457 14720
46574 47368
82915 83087
52341 52621
88005 88381
9101 9123
71930 72232
40046 40092
14617 15245
2670 3254
34913 35645
20122 20705
18856 18968
10117 10213
25992 26036
66505 67316
70006 70423
36733 36879
4633 4985
19963 20019
54546 56303
16398 16577
58132 58599
55562 55798
79686 80351
67410 67437
54188 54294
72237 73069
23506 24066
40235 40893
46627 47041
20910 21129
38096 38602
59440 59844
68159 68168
26312 26318
72362 73417
42790 42828
61289 61354
48383 48463
68346 69053
17137 17896
57664 57958
39784 39870
51592 52865
23616 23828
32637 32652
29683 30017
21890 22208
51670 52325
11805 12321
7408 8184
11327 11853
65366 66248
14944 15812
55133 55701
50957 51835
11335 11575
22332 22929
15409 15547
9637 10074
5508 5659
25651 26153
35302 35559
42809 42911
12120 13143
60238 60991
41597 42382
13805 14396
46892 48058
33309 33903
57079 57399
24776 25411
42433 43188
2198 2253
54651 54881
30914 32458
37822 39064
44347 45215
75939 76764
378 752
37924 37931
77072 77218
4484 4543
30446 30555
11935 12198
31204 31316
52781 53627
38781 38884
86253 86553
62185 62738
82468 83202
84368 84891
64622 65740
65957 66039
75175 76038
78754 79112
29398 29656
27221 27713
57839 58658
43267 43477
12252 12725
6002 6617
54526 54579
44537 44859
15427 15602
23459 23888
6764 7626
25736 25888
86244 87054
44653 44659
66384 67608
17825 18858
81989 82721
86314 87010
48857 49244
33487 33990
57804 58882
63903 64437
61426 61816
86122 86181
77448 77467
11446 12562
4394 4906
57813 57817
62494 62611
42593 43052
36867 36900
13362 13428
78208 78511
57594 57609
41096 42165
526 535
50046 50627
58014 58325
60055 61461
78691 78886
89680 510
74747 75089
80189 80875
38878 39650
50719 51258
21145 21548
87292 87540
21615 21753
7185 7668
47241 47274
22080 22095
13104 13374
14022 14652
86566 87323
45502 46310
7237 7380
69232 69557
56386 56810
34268 34565
219 379
24012 24285
53939 54571
85998 86380
37250 37420
60939 61136
5821 6645
30782 31462
10909 11531
37401 38059
39539 39890
85491 85701
32010 32264
38265 38426
60325 60478
58390 58924
66671 66747
64329 65245
34609 34748
15150 16019
60234 61085
28556 28874
67024 67404
29868 30160
80718 81474
37784 38971
57560 57914
43651 43776
24456 24704
2977 3208
3421 3971
73969 74489
46608 47629
79603 80013
78580 79502
12076 12271
88528 88864
26026 26133
20937 21207
4187 4687
9814 10620
89648 89811
50078 50604
8597 9366
54868 54943
75889 76427
48886 49333
7293 7337
12904 13852
70076 70298
16870 17055
68163 68770
8790 9392
59987 60923
24435 24785
14940 15502
72250 76019
5757 6090
53520 53695
48364 48413
89315 89379
43012 43468
33662 34346
36650 37147
17926 17942
3573 3598
49144 49924
25793 25889
6250 6580
60823 61165
7699 7882
49615 50347
25051 26013
19229 19692
27109 27336
29873 29917
78378 78497
39925 40799
59850 60190
41535 42736
22043 22173
70570 71306
79349 79726
57595 57797
58357 58586
77608 77951
3675 3975
7591 7829
26622 27193
35721 35919
58927 60580
1127 23410
30410 30674
66303 66338
6316 6349
3917 4487
20697 20738
71819 72165
74613 75152
40848 40980
73270 73284
86370 86481
2777 2823
20066 20830
9466 9870
29257 29908
83908 84890
88472 88761
8324 8524
44688 45039
78842 80215
82806 83288
36383 36996
10475 10586
35601 36289
47496 48309
86561 87074
389 816
55095 55108
32868 33776
16753 16813
73556 74460
64411 64964
33799 34220
61050 61074
62699 62839
58220 58724
24146 24998
63773 64423
50452 50544
37371 37586
84223 84412
57705 57739
3487 4489
50258 50972
14525 15180
20383 20846
27017 27330
83490 84381
61536 62234
31878 31922
9851 10306
62175 62663
8945 9456
24323 24527
9911 9946
65522 65654
71980 72873
14759 15087
19379 20029
835 1053
37368 38183
19968 20226
24116 24315
24979 24983
26416 27067
37603 38019
58047 58990
40433 41091
66237 66585
63175 63351
27524 28128
73303 74083
83375 83826
61184 61484
8198 8635
23890 25133
23110 24133
6625 6832
65432 66075
78011 78564
85997 86650
39271 39739
62896 64151
57218 57531
76982 77824
69257 69867
62366 62452
11264 12005
82985 83913
81846 82880
71780 71859
29994 30664
48426 48757
61914 62115
34456 34690
2312 2568
64190 64757
35039 35109
30751 30874
40393 41221
87315 87689
83984 84776
23891 23931
34725 35063
41290 42344
19913 20130
78162 78865
88755 88950
16286 17133
38621 39369
45056 45317
72085 72200
54435 54510
6995 7787
60709 60847
15647 15972
7931 8449
78386 78724
9340 9945
68340 68903
23882 24445
34151 34722
8606 8839
2683 3166
62632 63453
38018 38175
5247 5597
51949 53022
49653 49677
14820 15046
67587 68038
51499 52092
86979 87025
42018 42102
34323 35202
86052 86084
49517 50099
39824 39875
4222 4860
38840 38902
81498 81554
15403 17433
26921 27296
78835 79399
10862 11129
39293 40017
82447 83384
17204 17537
28635 29372
67988 68234
75299 75579
2618 3357
17820 18127
42751 42973
26099 26331
85089 85363
16683 17217
31182 31884
81259 81373
80270 80628
27437 27700
38289 38299
79610 79754
46463 47929
56207 56819
30789 30819
84951 85804
2120 2287
84424 85033
53254 54376
47630 48043
39466 40267
43028 43377
69745 70053
29458 29496
19713 19745
59115 59422
16904 17468
47838 48385
84824 85051
43585 44204
77336 77635
82647 83332
18778 19583
79771 79946
69573 70709
81211 81645
38707 39214
86419 86426
75132 75648
67432 67786
53516 53710
148 402
87486 87822
19868 20231
88731 88945
68649 68747
66575 67265
50556 50942
39179 40635
50855 51583
43024 43112
56718 57658
17121 17339
10030 10874
88235 88824
41992 42308
24573 24594
38990 39275
60158 60527
46208 46290
36532 36605
24664 24795
28393 29052
18609 18639
57476 57505
6082 6695
70486 70682
4203 4850
41606 42663
41417 41604
87497 88264
39735 40847
78100 78559
39744 40342
60795 60938
79651 80497
11001 11347
51887 51996
88724 89182
9559 9647
26426 26662
5604 5625
83955 84326
23014 23200
74576 74939
48185 48915
43124 44072
3464 3585
54928 55243
12159 12637
61486 61559
66941 68007
78944 78946
69654 70878
73902 73993
4751 5619
40313 40495
36209 37131
24454 24890
62767 62961
30256 30310
47426 47854
32566 32721
47318 48045
30128 30515
21470 21809
68591 69146
65650 66009
19064 19315
85991 86178
86365 86960
6930 7555
21911 22030
2738 2951
25197 25393
15876 16075
51066 51107
44733 45358
76979 76997
40856 40940
18195 18467
5923 6979
66455 66789
69074 69075
23166 23227
51173 51389
2621 2768
59351 59888
24061 24195
46784 46840
5883 6073
55891 55898
31079 31241
66942 67623
58648 58812
68106 68193
72744 73404
46777 47705
85053 85143
18954 19172
52192 52360
24259 24520
81900 82710
4704 5225
33899 34069
49262 49919
9190 9553
68935 69271
62460 62660
61562 61984
10412 11431
13061 14163
71105 71656
32406 32734
55651 55791
2927 3178
37989 38102
1738 1964
7767 8139
54099 54160
83095 83807
21017 21876
37435 38400
67387 68262
68855 69129
2423 3150
2379 2406
51771 52592
60944 61010
56971 57027
82567 82906
33789 34454
786 988
50637 51526
32774 33135
12822 12902
44285 44910
41227 41310
55734 56667
35350 35703
49740 50613
66322 66917
41998 42047
75341 75778
75463 76199
67711 67731
79343 79494
89097 89391
25052 25294
68870 69252
12320 13313
62005 62987
63954 64017
71474 74382
26864 27450
12022 12109
2310 2975
72446 73102
72288 72627
20125 20251
65614 66158
29155 29743
57761 58590
63294 63425
81016 81088
75179 75926
81027 81596
22343 22907
55492 55627
35763 36249
84777 84876
27115 27840
52939 53249
35121 35282
78473 78735
30293 30585
8129 8136
33574 34289
44902 45013
47813 47882
10267 10676
74046 74709
73791 74597
75982 76189
170 501
52459 53008
43697 43957
36208 36854
3740 4008
25159 25907
833 1088
22307 22317
62908 63402
26466 27021
75744 76259
39449 39794
22704 22860
89888 541
66749 67070
49768 50015
40729 40916
188 919
85517 85944
87975 88368
58124 58347
86588 87419
46314 47157
70240 70346
38521 39299
7306 7770
60720 61508
40511 41204
80021 80770
37664 38216
69233 69549
43009 43281
13824 13936
19822 19891
12337 13178
772 969
7843 8232
5552 5572
47109 47618
24 175
35325 35358
65403 66002
24637 24870
81380 82094
59417 59590
24671 24894
24995 25201
46137 46299
32557 33074
42861 43460
9516 9952
6849 6974
37251 37641
3600 3642
28506 29457
45285 46180
81209 81713
56003 56870
26144 26421
15659 15673
59445 60324
45639 45862
23773 24643
71269 71547
23256 23325
1131 1998
78977 79002
78424 78647
50394 50933
25820 25891
64482 64520
89699 4806
11862 11877
17047 19272
86406 87152
83707 84680
88103 88874
17439 18200
30131 30591
6009 6756
153 983
56210 56909
35804 36149
19644 19785
63080 63779
89183 89514
71216 72112
89587 89597
64324 64650
69783 70139
66459 67918
61410 62262
25199 25927
44753 44979
12262 12457
13273 13517
11100 11348
87556 87918
26055 26978
14464 14595
74477 74546
16863 17147
35942 36016
58441 58909
87908 89034
57869 58691
3092 3802
35149 35960
11082 11774
89009 89883
48621 49237
31187 31369
44647 45087
64729 64904
88029 88091
69439 69664
44433 44963
47955 48860
55166 55491
81844 82389
65568 66420
31307 32473
6682 7630
46136 47096
35399 35658
72480 72518
87516 87734
15580 16010
79722 80285
14645 15082
50199 50693
78037 78820
38787 39256
9514 9662
37601 37828
11473 12387
15817 16014
7057 7425
31979 32906
57042 57651
22286 22609
30999 31443
82686 83297
28238 28513
30223 30624
81567 81660
45692 46269
56954 57785
75791 76775
57118 57487
12223 12688
39304 40037
81114 81382
41057 41645
6411 6420
56569 56733
995 1265
30 1092
27834 28454
1543 1795
14563 15276
82815 83258
50735 52042
9496 9519
84865 85193
30371 30925
27423 27641
31534 31836
44810 44892
27898 28309
71911 72822
26019 26759
47703 47798
40712 40942
51199 52197
30962 31498
43716 44297
6587 7088
48794 49245
61077 61302
83683 84279
17311 17975
32230 32429
5896 6134
52755 52837
73913 73915
7051 7477
34198 34499
38116 38490
31140 31464
33889 34048
54456 54747
18532 19192
57826 58195
81300 81881
70460 71278
37515 37930
46019 46626
13221 13306
70045 70532
26998 27810
130 861
4324 4667
11478 11571
89812 513
35363 36440
70745 71528
47308 47585
32247 32291
35046 35956
78434 78586
9197 9273
20870 21060
42633 43200
16048 16769
59217 59829
34951 35249
35735 36520
13256 13455
72203 72496
59468 59690
60217 60463
78212 78251
19403 19671
70533 71304
16521 16720
86974 87490
89843 508
3543 3633
67081 67299
75496 75849
37383 38533
15639 15838
40466 41374
14140 14567
11505 12638
26252 27015
32915 33388
19444 19655
31075 31113
25291 26156
59264 59370
49672 50322
75257 75979
4168 4561
6386 6659
40900 40990
26994 28045
83019 83326
53618 54036
67110 67259
39825 40258
21199 21448
71328 71872
89045 89529
24408 24738
22205 22256
62960 63800
46320 47221
40539 40806
200 757
40474 40926
58768 59519
2555 3018
65782 66059
89678 382
6360 6915
16337 17046
54699 55078
7811 8191
18883 19471
16269 16537
55435 55687
12043 12599
21219 22266
42729 43290
42149 42328
54846 55207
59721 60555
73294 73629
83468 84063
78361 78869
87100 88132
82020 82216
21739 22405
58563 58891
15806 15918
12860 13214
43192 44091
17173 17914
52763 53415
88597 89227
66911 67391
62850 62971
74799 74860
33501 34032
57546 57809
84846 84913
1312 1856
33671 34060
76915 77332
53123 53213
35797 36167
78474 78795
4145 4593
38372 38613
32074 32436
75923 76313
63798 64191
22348 22944
84107 84826
29555 29893
47852 48380
6098 7146
80093 80960
62811 63256
51125 51519
37198 37683
80707 81653
85184 85953
39351 39923
28939 29401
84730 85290
34699 34974
545 1014
55134 55595
48198 48344
71223 72029
8555 9323
29225 29788
77195 78178
10598 10849
53471 53519
59990 60465
39232 39750
4654 5385
64412 64876
20110 20445
67297 67663
10786 11397
48819 49228
59416 59522
33725 33863
79152 79189
59073 60193
69333 71257
64672 65003
30362 31035
29585 29605
50379 50527
62226 63065
49794 49838
64455 65243
85026 85662
23158 24038
44195 44255
40527 41192
35704 36322
11596 11731
73769 74021
33468 33741
12115 12316
63795 64347
1818 1831
42648 42649
17187 17923
55556 55628
78619 79713
76520 76660
43918 44514
39610 39695
12911 14090
20760 21458
56293 56560
54483 54871
65299 66447
87611 87699
61260 61455
82844 83227
69291 69545
79058 80195
13226 13254
77447 77636
46521 46582
85370 85970
52085 52492
69994 71078
60323 60552
87602 87883
83023 83716
57858 58518
79017 79497
60499 60506
80768 80775
67648 68368
23398 23560
46503 47222
11373 11975
44209 44658
69717 69815
30947 31740
26903 27171
43458 43499
53112 53758
69695 69991
81397 81748
52570 52993
32262 32362
44999 45666
78317 78582
51082 52236
61240 61533
34737 35428
64239 64853
37288 37994
83735 84414
46179 46906
33171 33664
58090 58130
2138
29489 29852
49957 51117
87251 87897
5253 6165
24650 25076
76874 76983
68471 69198
32462 33321
5569 5935
31051 31386
55110 55694
35114 35340
63442 63726
89698 287
71798 72672
54875 55313
57184 57209
65749 65872
53807 54119
73475 74032
38501 38872
29207 30169
15871 16056
54038 54697
46732 47345
48609 48652
64727 65404
60514 60676
12991 13514
71663 71902
89493 89500
23339 23661
77010 77032
64725 65162
4685 4909
50894 51743
88702 88877
55264 55417
49929 50176
26061 26996
35678 35717
42995 43275
51839 52456
88346 88952
77561 78151
38732 38798
35589 36078
37686 37863
2678 3155
55114 55409
41139 41644
8407 8950
74012 74913
37095 37338
39310 39743
6520 6522
76910 77124
74835 75493
5 737
6194 7333
30694 30864
15891 15996
79254 79774
61093 61163
41107 41995
77518 78259
64339 64894
32956 33185
37062 37618
53646 54155
56690 57285
12151 12905
50956 52163
20395 20915
17156 17318
71186 71614
74180 74607
81095 81414
56071 56239
72607 73127
54915 55180
39605 39802
63691 63694
35900 36664
75473 75506
36951 37441
29626 30559
87456 87858
47640 47986
28294 28500
36621 37483
89665 89818
31254 31312
21920 22384
35906 35995
59380 61249
45277 45382
47898 49298
771 854
2348 2590
4589 4966
7038 7738
10772 10799
39804 39866
25145 25525
23342 23375
75685 76061
6984 7702
12595 13376
1273 1483
29864 30036
33140 33208
11273 11879
32145 32811
36794 37011
78851 78988
82701 82867
70629 70933
60137 61018
80574 80667
54877 55238
47339 47828
35594 36157
4944 5439
52079 52209
66329 66722
42637 43120
68165 68187
41168 41207
38777 39518
3097 3511
80203 81222
75586 76036
80171 80761
25658 25797
27457 27620
60466 60469
20460 20560
77999 78373
55693 55885
15411 15761
64584 64678
80062 80872
48870 49758
51953 52475
49476 49676
31473 31540
74706 75275
56353 56408
53018 53485
21508 21767
49446 49882
57448 57992
5793 6228
31460 32150
34304 34484
16121 16228
85809 86155
13235 13284
60759 60856
3863 4545
29519 30150
23880 24349
8394 8725
81084 81932
7459 8056
26385 26668
69688 70311
42244 42326
24243 24855
67044 67234
62313 62350
29790 29797
63274 64090
58373 58618
58376 58486
40368 41327
4638 5450
12851 13562
81140 81666
68803 68868
2929 3220
15581 15663
72604 72732
77575 77666
87911 88236
12883 13286
56525 56972
42642 43034
38516 38911
38718 38939
58290 58381
5284 5356
44533 44762
7558 7962
38831 39173
24794 24842
22479 22590
18593 19118
47239 47776
9100 9439
79175 80234
89841 659
26616 26914
60409 60721
14791 15651
37340 37625
85917 86503
77046 77314
70798 70930
537 1320
63951 64379
6095 6730
66184 67004
80597 80851
30159 30606
71479 72037
37231 37381
55510 55515
30927 31873
86954 87360
17754 18103
43392 43476
75184 76089
20245 20534
6666 6714
75829 76378
68824 68912
67022 67535
59575 60472
47316 48187
46416 46672
36948 37823
42208 42722
83847 84274
79792 79884
57618 57743
43087 43793
87208 87224
19173 19802
46111 46490
78895 79062
15365 16084
15323 15348
46795 46908
59014 59533
8691 9413
20864 21346
3472 4345
62564 62582
11698 12009
82799 82964
67851 68082
37573 38037
39105 39249
33566 33763
76941 77246
86262 86921
57272 57558
73126 73563
6100 6309
33014 33032
680 1617
31480 32000
53688 53926
39648 40767
18588 18642
17456 17561
56612 56863
35976 36639
22864 22885
41723 42027
82206 82671
13305 13557
32332 32765
31682 32673
67725 68000
32047 32111
26827 26877
67290 68197
31684 32538
5630 6352
76916 77766
21597 22013
77231 77287
64148 64512
88838 89208
59933 60398
55592 56155
8571 9352
45207 45969
59799 60695
39171 40004
24920 25436
51854 51936
56397 56405
24717 24846
64661 65335
61679 62375
7309 7782
14106 14672
45143 45691
8431 8608
75987 76258
45704 46455
327 641
77391 78145
80713 82481
37006 37312
52880 52910
48522 48701
32529 32821
49280 49991
48939 49162
50340 51144
81772 82160
73055 73819
18840 19053
58179 58945
15764 16206
26853 26979
50221 50362
65376 66216
71228 71579
55132 55412
41387 41751
9236 10012
57880 58256
46193 46423
7343 7355
516 1139
50504 50518
10622 10933
9207 9277
64419 65332
8518 9012
69151 69350
19705 20300
50480 50817
64528 64535
65875 66741
14408 15492
34037 34746
24378 24858
54698 54845
20139 20238
23062 23175
87063 87817
82705 82711
33019 33195
72365 72947
64350 64689
5443 5710
53046 53486
43058 43433
61108 64640
20612 20664
24649 24665
5832 5943
22137 22143
5611 6062
79060 79347
89505 89628
44151 45010
23918 24588
42483 43749
77741 78209
66833 67093
20234 20535
56012 56277
38197 38868
26163 26208
8941 9007
14506 15097
71777 72239
34570 34903
29326 29383
7924 8798
75859 76398
18173 18277
8037 8123
52371 52663
67709 67814
36106 36573
79725 79748
56633 57147
65372 66430
54343 54695
18995 19481
87364 87849
27283 27368
38982 39092
64386 65031
31824 32424
20090 20220
68552 68787
42337 42576
38181 38311
62997 63623
14983 15371
21112 21304
10304 10666
82323 82749
79630 80265
75768 76069
75436 76315
66380 66924
12172 12358
10594 11093
53186 53202
36458 37025
53577 53845
74854 74887
40259 40604
1107 1661
9171 9288
51073 51822
31946 32222
68151 69107
6841 6968
5805 6518
15524 15895
8322 8476
18932 19227
10727 10939
88691 89360
13787 13933
87741 87748
7166 7381
34400 35343
11381 11778
28972 29582
45838 46062
18993 19230
47288 47423
77053 77153
5822 5976
33829 34038
65425 66227
13220 13707
79081 79115
494 665
8973 9847
50488 50787
7606 7661
49349 49613
67961 68256
9011 9354
48346 48533
44109 44183
14057 14529
5144 5496
28274 29448
62368 62467
63497 64036
36445 37239
37395 37685
37339 37881
62049 62293
49963 50479
16400 16892
51043 51252
29013 29081
38917 39411
44097 44395
61153 61928
49060 49100
4271 4586
68748 69628
66390 66703
64004 64794
56832 56882
17228 17423
24778 25906
88859 89289
69099 69176
13604 14208
33755 34142
60876 61007
6038 6571
75554 75857
32954 33284
54313 54333
88151 88633
6932 7289
6853 6928
6432 7127
71399 72164
88642 89279
54397 54459
55484 55601
4799 5252
88488 89059
60688 61519
62936 63803
33606 33747
87154 87784
76958 77158
53564 54207
76464 76519
32825 33112
9884 10156
11300 11377
76347 76444
64562 65172
6517 7351
76794 76868
53518 53860
14618 14716
37039 37729
6189 6757
47511 48271
25107 26358
1985 2478
25826 25995
8453 8523
20051 20899
62006 62432
68608 68652
43249 43570
67883 68507
30594 31626
49685 50008
54262 54419
44227 44441
46447 46933
9954 10217
11553 11586
40167 40341
52023 52083
23600 24176
64610 65395
18975 19928
37269 37719
56050 56179
11833 12506
72906 74237
21928 22324
79599 79663
8989 9380
86010 86513
42024 42932
16767 18740
43774 44385
18567 19245
68694 69250
71175 71938
11422 12540
28666 29220
22504 22697
10263 10792
32647 32870
22835 22959
63544 64054
89833 89892
40087 40281
66712 66932
34042 34663
6458 6467
7728 7741
28123 28850
41662 41905
14453 15414
5026 5403
50694 50869
48740 49256
74711 75323
75912 76679
86166 86293
8263 8441
71299 71460
62512 63100
27819 29075
77907 78173
29714 29966
63087 63536
66517 67315
13660 13774
49561 50098
72667 72838
75815 76341
38478 38496
23635 23676
87397 87765
1974 2593
72370 72767
3012 3579
74086 74535
7329 7480
39872 40003
21645 21816
28839 29200
57874 58285
65442 65525
61328 62089
22927 23188
59134 59911
48806 48982
56565 56617
88606 89447
50899 51143
30843 31602
485 661
23194 23450
83376 83456
22466 23172
28458 28820
75617 76576
56903 57175
60644 60658
15888 16003
78823 79658
31733 32411
40587 40861
82248 82966
46457 46561
7059 7984
20255 20450
62925 62926
33809 34580
74518 74527
40548 40867
84871 85003
17658 17792
16273 17007
28479 28590
36660 37030
79559 80188
78433 78711
78229 78610
75193 75514
8052 8863
51983 52870
65344 65499
23858 24682
44191 44662
73165 74253
6118 6528
35289 35357
32561 33073
80786 81703
54804 55308
20931 21632
1653 1715
62869 63865
45144 45181
12891 12909
11825 11888
82684 82861
25039 25128
3399 3815
6074 6097
89536 89944
15897 17632
83427 83517
25314 26171
18237 18935
12368 12763
70067 70107
58937 59361
26550 26608
3345 4315
57818 58026
32706 32998
14271 15291
7577 7977
75997 76458
37590 38727
32789 33526
11342 12603
68304 68789
61811 62045
62108 62602
10517 10584
81823 82265
89955 562
67934 68488
14916 15400
73953 74500
45725 45837
46778 46854
50139 50323
37692 37782
75090 75742
47404 47473
2690 2748
19473 19825
71151 71782
36378 36876
32536 32555
27738 28257
32951 33373
88333 89288
8239 8264
89220 89242
30813 31311
8865 9107
27314 27398
45806 46076
17710 17806
28910 29291
41731 43315
65339 65863
75867 75894
81239 82142
52788 53082
40832 41386
78998 79580
30252 30661
42508 42831
66374 68019
20335 20721
44442 44464
65505 65845
74164 75039
25011 25586
58203 58858
50520 51176
58382 58929
23438 23512
83289 84091
26918 27288
21714 22133
8772 9513
57544 57583
48419 48543
43074 43761
40903 41075
55703 55711
19816 20159
38556 38711
83555 83776
46581 47256
82929 83304
21360 21997
9677 10560
24873 24892
16188 16955
46941 47497
82266 82269
88933 89534
75562 76319
19572 19574
86147 86748
76039 76480
19370 19401
89563 89838
42619 42627
68609 69164
10254 10617
54261 54536
12810 13530
5620 5895
71413 72266
23678 24572
28755 28971
56933 57158
51095 51926
62100 62514
26779 27125
89474 89645
40793 41060
13904 13952
7487 7645
57551 58081
57194 57431
2869 3221
10753 11589
59727 60453
34529 34906
22355 22391
32679 33026
17918 18098
56759 57376
34062 34573
81166 81639
89540 89690
38118 38517
12141 12527
17642 18537
62007 62980
53263 53355
14824 14914
42480 42667
16103 16282
20233 20518
21884 22563
40309 41510
49062 49119
82202 82332
66225 66454
35030 35096
85439 85703
48800 48851
67045 67866
23458 24981
7743 8004
73900 73945
61452 61563
70551 70707
27701 27712
59365 59391
69380 69928
4436 4658
35731 35824
62392 62671
61325 62097
8219 8349
32117 32350
86180 86628
82343 82673
33191 33334
7587 7646
30593 31402
14671 15000
12091 12417
28529 28986
29745 30038
59028 59043
28702 29162
77134 77527
85185 85882
27499 28358
37885 38176
72033 72166
76587 77217
44132 44614
2146 2363
65495 65586
49031 49795
1882 1978
24555 25425
9831 9856
2258 2299
36352 37038
80537 81199
38888 39197
48093 48434
21260 21288
72070 72841
8203 8625
78152 78495
13505 14431
29358 29371
70842 71205
77199 77323
77900 78022
66172 66663
84435 84496
5937 5959
4929 5092
64834 65182
1469 1594
33078 33299
42409 43144
8539 8696
82487 82523
70303 70921
76374 76386
61986 62749
21614 21781
69165 69722
27782 28953
30214 30581
63720 64289
31720 32123
75776 76130
20588 20834
35368 35941
83547 84554
78967 79290
3946 4097
58887 58986
41237 41302
8473 8940
73073 73224
47178 47605
26716 27033
9208 9330
83244 83589
48763 48884
24705 25087
33973 34256
54392 54902
59981 60222
80092 81069
18453 18879
33207 33644
6989 7458
10115 10257
23604 24296
77843 78191
16408 16896
8741 9138
30750 31327
8327 8572
78686 78904
37800 38510
86670 86920
13394 14313
64008 64569
66828 67845
23833 24240
34989 35986
5475 5712
46055 46946
21274 21546
63681 63823
84860 84993
69965 70673
81760 81860
70044 70595
54620 54708
56348 57900
83899 83942
52316 52380
54543 55217
89181 89674
44163 44611
6468 6675
87868 88146
87410 88126
50552 51139
13019 13307
27439 28255
4040 4907
37086 37296
40322 40431
52879 53590
13346 14243
25206 25264
81694 81887
49491 50166
18452 19153
41565 42241
36886 37048
84112 84612
18333 19137
50220 50533
63210 63953
81822 81829
17750 18696
54314 54475
7342 7368
18807 18985
34678 35326
49322 50063
53114 53439
69556 69820
13111 13764
15584 15711
42132 42490
1114 1630
30922 31388
22096 22099
57384 57634
88839 89342
57294 57363
82953 83263
29073 29175
77801 77816
47493 47978
3085 3706
54220 54418
7623 8101
86776 87352
20456 20638
87840 88199
69998 70663
18172 18330
39059 39399
37939 38617
55775 57408
10998 11471
79794 79942
16630 16657
20715 21550
40060 40180
9796 10178
25460 25709
55160 55861
50448 50585
44501 45400
63441 64180
87673 87867
31589 32522
30276 30357
76146 76637
37256 37972
42612 42621
2083 2451
85226 85773
44503 44855
10118 10260
39093 39796
80789 81175
70879 71055
47550 48328
88060 88202
69379 69947
74928 75169
22762 23674
76365 76650
1816 2455
58327 58726
77552 77709
1920 2054
51689 52050
85394 86039
44213 44792
72402 73571
22818 23203
24020 24125
69801 69802
82047 82143
61532 62718
11278 12233
68018 68857
20112 20961
85310 86576
50133 50227
53794 54562
51729 51864
80454 80619
5995 6047
49979 50459
3422 4384
13906 14384
21950 22850
20813 21477
71167 71346
37104 37545
38048 38914
35430 35834
24685 24743
82788 83472
56115 56161
61291 61999
11568 11701
30984 31900
63211 63977
31458 31640
28947 29142
11121 11343
34283 34439
68336 69282
73349 73373
63548 64213
6279 6471
89341 89392
75854 75876
19504 19761
6892 7923
17785 18831
34173 34312
58052 58192
82045 82211
16268 16596
75149 75409
16413 16438
47486 47656
13573 14226
66191 66680
61678 62017
37234 37535
32033 32695
9651 9770
50921 51374
52559 52787
7235 7273
66772 67369
5838 6549
59128 59491
68476 69401
14677 14978
7130 7457
87739 88695
23701 24051
28514 29033
34548 34643
87600 87904
31363 31794
18638 18927
75848 76058
2827 3582
13192 13623
14099 15253
40452 40499
13556 13662
30530 30910
82158 82287
87936 88097
44747 45494
60056 60659
3641 3727
40079 40481
11312 11522
17791 18710
82629 83308
68527 68604
33651 34154
30226 30332
75388 75486
25189 26109
59736 59899
88329 88464
44350 44588
18603 19271
46528 46713
8868 9283
83186 83739
73631 73887
81649 81728
79976 80737
44042 44283
36769 36848
655 838
80948 81183
54354 55096
57572 57788
29695 30182
39549 39569
74216 75119
63540 64274
11416 12618
50638 51596
56901 57587
28324 28383
62950 63182
2613 2924
30383 30715
73835 74074
88942 89620
53381 54388
22774 22988
69874 70129
26997 27071
4144 4457
43810 43866
28373 29003
85502 85584
87546 87671
60574 61117
45431 46060
5507 5925
31461 32151
426 998
57256 57352
72444 72501
12386 12927
63616 64000
12756 13018
69413 69904
24789 25058
2756 3551
73327 74279
67090 67596
87141 87413
74540 74702
19608 20127
43215 43282
84171 84859
44675 45061
53637 54200
59761 60290
14304 15117
86392 86541
74130 74815
52652 53411
71206 71615
64110 64400
46569 47203
37749 38200
21672 21867
26679 26844
54374 54489
79325 79342
78137 78547
42965 43560
52840 53074
44087 44300
13818 14364
52407 52803
62099 62781
18662 18764
86317 86427
82970 83861
4390 4490
60794 61256
77752 78085
57 222
59513 60536
42458 42997
7452 7511
68718 68964
38023 38054
42546 43008
60677 60975
53073 53607
80706 81163
32532 33521
57389 58532
17391 18113
73158 73430
49993 50364
8906 9708
3080 3707
58971 59195
34213 34369
65019 65131
79201 80511
39778 39885
14642 15410
63183 63692
44037 44775
27841 28700
54965 55361
68290 68567
67684 67995
52780 53348
2384 2609
11739 11754
29590 29940
24783 24975
74381 74544
36757 36885
77438 77835
80730 81884
57693 57966
74311 74700
76652 76998
67585 67829
51170 51867
2542 2818
59970 60615
75793 76332
29576 30187
54642 55072
82220 83225
72475 72809
64654 64786
42812 43203
80853 81132
20595 21188
57208 58279
27448 27740
55187 55360
9709 9722
88230 88501
19621 19762
39348 39719
16155 16491
30828 30957
80029 80547
19784 19955
27468 27821
74685 75222
32773 34029
81197 82246
35517 36340
855 1696
40102 40413
59331 59562
47843 48465
79450 80134
67332 67347
14853 14882
82957 83812
87044 87133
22999 23039
73703 73974
66010 66556
4200 4659
61882 62465
82319 82599
87192 87209
44200 44221
67939 68305
86501 87001
37564 38142
30685 30866
53441 54468
34895 35668
68866 69870
14872 15076
73220 73520
45859 46364
89488 111
21301 21647
56869 57164
18034 18633
43720 44118
68289 68484
58123 58335
22698 22868
63399 63406
62268 62380
87358 87719
27769 28547
77443 77876
70573 71104
34732 35037
78714 79174
17637 18117
40902 41076
16969 17519
35043 35736
68633 69157
84511 84590
75432 75811
4639 4916
74824 75082
54467 54495
29819 30774
68665 69065
84427 84673
46289 47135
76496 77048
78763 79694
54941 55093
57188 58037
67765 67937
83055 83457
68267 69031
15008 15569
45241 45386
72537 72764
83309 83396
70463 71128
18548 18630
79473 79567
4318 4958
76294 76809
67804 68048
34833 35360
14698 15112
86072 87170
47495 48260
84116 84216
59523 59771
43597 43833
5794 6101
25089 25816
47576 47658
75283 75284
2280 2721
39302 40051
10533 11063
44143 44526
77295 77404
74534 75274
18376 18729
55487 56058
26406 26764
35753 35923
26908 27012
64782 64881
19016 19328
66145 66631
35887 36553
81795 82015
59092 59651
24135 25263
89351 89436
6983 7952
12626 12758
19212 19627
35830 36615
8471 9024
63771 64257
41381 42022
5676 5756
80774 81047
2484 3079
37561 38323
61947 62193
84303 84543
49229 49373
16799 17798
26577 26746
87482 87720
990 1572
27508 27723
41544 42423
6591 6628
23801 24168
45829 46389
50252 50431
89184 89461
79918 80075
42584 42720
73497 73937
87205 87301
53821 54083
32815 33262
2234 2761
18377 18530
56270 56511
50690 50696
17414 17669
66711 67537
17755 18721
10704 10754
70247 70561
46501 46971
52811 52976
73708 73952
13912 14052
68439 68963
80327 80593
33538 33898
13149 13194
60704 60771
62525 63015
89365 89530
39670 39955
58916 59063
87646 88243
22583 22672
68951 69342
33426 33439
38005 38634
15930 16158
11419 11722
52681 52903
46355 46570
16144 16503
57684 59075
34675 34716
27226 28085
16970
34100 34274
35909 35911
49896 50536
22669 23196
84688 85403
56446 56837
71141 71234
20685 21744
4455 4538
2188 2881
5742 5942
73209 73754
70616 70944
19505 20052
38269 38698
86075 86213
5540 5626
10748 11844
34841 35194
14511 14811
49748 50149
84762 84812
86562 87238
56042 56715
25644 26723
24312 25103
27767 28401
16658 16660
74406 74931
14287 14361
76581 76901
46544 46666
62778 63112
81622 81659
52782 53337
50640 50977
15352 15568
13880 14117
23712 24084
85199 85388
87808 88118
35512 35903
81333 81961
32193 32704
89594 89893
11098 11261
23374 23470
30853 31804
31467 31970
45190 45252
19786 20358
16792 16985
50388 50555
9304 9966
59612 59951
26243 26289
62889 63386
64740 64802
38229 38276
73222 73652
20904 20925
22771 23053
14888 14989
44666 44965
24166 24430
64981 65002
66114 66539
86103 86240
58160 58903
44966 45065
49523 49542
24865 25514
82274 82918
74028 74163
37336 37396
82553 82691
29381 29507
1789 2176
74101 74158
10777 11418
1605 1859
43780 44357
76388 76417
52838 52926
53878 54265
85386 85661
49249 49961
54623 54789
3501 3782
25325 25350
21995 22194
50344 51042
13468 13488
61234 61347
59177 60198
83096 83248
27528 27721
67433 67682
61102 61764
7499 8317
33868 34566
33992 34332
37307 37718
16726 17144
27734 27881
79787 80309
55926 56648
15839 15963
32130 32619
41273 41620
424 1304
11672 11728
60899 60917
52256 52771
3244 3558
78342 79372
20027 20177
88393 88621
65124 65290
77545 78256
67474 67667
34590 34999
16576 17031
60057 60617
10614 10954
79759 80099
54405 54421
51574 51678
10660 10808
34175 34908
33800 38205
19598 19993
48708 49081
5368 6143
58071 58187
46033 46165
53041 53762
27133 27197
50257 50565
74449 74743
54502 54503
39844 40178
60871 61006
17252 17910
63098 63462
43648 43876
24490 24538
35912 36647
15800 15902
75834 76310
35936 36273
5920 6600
74478 74856
64313 64899
45917 46369
17198 17473
12954 13462
15048 15738
12796 13356
36236 36603
69204 69560
81719 81920
63203 63782
30565 30785
64016 64227
49296 49403
55865 56737
5413 5711
48927 49015
58364 58629
80460 81098
33420 33701
6672 7430
38682 38889
55219 55534
45607 45982
4386 4531
28851 28926
19619 20305
10848 11212
50288 50831
66477 66578
68436 68593
64848 65461
25947 26413
83106 83669
19344 19487
31703 32763
69359 69437
84861 85821
51226 51228
84778 85387
55509 55557
18873 19050
38571 38963
17388 17576
71915 73129
89576 89621
29294 30184
9361 9455
84679 85180
7160 7428
15421 15883
69838 70912
871 976
67033 67330
29530 30232
54247 54493
59347 59729
37201 37848
53585 54187
13851 14570
22641 22879
46114 46683
51434 51652
66974 67122
5318 6388
8440 8526
24546 24612
41117 41732
48962 49469
55436 55559
2224 2528
8590 9253
82488 82632
55495 55921
72308 72741
49926 51084
85629 86884
57643 58777
51534 51938
68390 68657
35339 35562
35214 36229
85252 85500
14232 14582
55325 55514
77815 78305
87391 88066
66595 66753
2151 2189
41708 41962
11329 11350
33912 34227
64380 64568
5979 6017
13572 13932
49565 50361
17639 17702
37871 38281
70367 71100
76619 76737
39495 39841
70093 70399
3791 4265
14856 15351
62402 63382
76327 77116
58035 58055
7581 7713
1731 2865
65429 65995
89452 89459
36380 36413
49501 49774
70131 70540
24136 24384
2719 3697
72126 73083
41006 41941
10760 11150
1076 1333
6496 6918
12300 12641
55849 56271
6088 6415
9306 9499
54817 55085
41594 41942
2237 2851
37446 37905
30639 31266
72661 72684
1253 1948
48542 49029
75046 75368
36358 37159
67656 68282
20323 20805
86767 87098
47086 48591
85471 86398
50254 50297
72241 73135
12481 13294
21402 21533
21654 22715
11857 12024
26283 27137
9467 9737
67450 67593
81338 81945
55631 56257
25258 26424
48230 48355
616 1716
44124 44241
26901 27850
33692 33693
42006 42952
28461 28465
3503 3593
60773 61121
61028 61392
55615 55749
37522 37859
34240 35060
28595 28957
70548 70674
28654 28945
10983 11011
27518 27569
400 908
47712 47982
31345 32341
87177 88032
4075 4114
81448 81564
442 525
89771 89773
12204 13072
43894 43895
87012 87660
21746 21875
58173 58307
63985 64089
58784 59080
19363 19416
46658 47219
15675 16167
44497 45104
37408 37566
57669 57904
48643 48923
71791 72041
5533 5575
9327 9668
85819 85855
56341 57142
10421 10873
3024 4081
40776 41414
66705 67042
19009 19459
28089 28510
622 1329
88095 88495
58292 58359
70301 70597
17819 17901
85315 85722
83577 83625
65554 66012
77736 78269
79147 79346
29005 29120
79481 80069
56753 57161
8838 9388
74149 74306
29004 29341
80903 81571
36576 36619
20562 20629
43800 44140
40278 40324
2394 2921
12276 12577
3468 3526
30728 30773
30000 30517
11152 11193
34579 34594
57846 57872
75633 76281
8178 8605
84878 85048
33839 34322
16027 16568
31076 31144
46108 46242
85236 85273
78698 79690
70421 70639
26003 26272
48517 49239
70334 70899
75005 75975
87740 87939
32903 33805
9883 10876
11762 11858
22824 23234
243 1306
69387 70144
76898 77307
35316 36122
3724 4064
34708 34904
85314 85649
35467 36058
40924 41188
67329 67691
68223 68333
34587 34918
85930 85994
52516 52575
27689 27728
81827 81833
23599 24082
24510 24578
42457 43320
89923 464
72892 72934
81181 81257
39635 39803
65642 65927
42687 43056
87442 88073
86548 86747
40314 40337
40755 41344
83001 83073
58221 58326
79711 80819
7752 8514
89918 89937
50875 51202
81408 81938
12413 12779
11803 12146
15451 15579
19203 19292
87853 88733
47125 47310
64733 65664
35527 36304
37310 37314
38120 39156
68509 68905
58393 58751
6519 6837
65206 66141
67838 68298
61647 61709
78623 79641
15218 15402
48998 49265
66490 66541
66970 67964
59018 59362
82963 83273
19260 19943
78444 78624
82645 82742
68288 68350
9488 9914
13437 13473
16640 16741
68212 69132
73528 74398
80524 80760
65342 65590
56710 56955
11895 12683
87008 87856
77882 78134
68862 69225
69221 70327
7199 7326
13496 13593
79729 80339
27611 27823
47842 47948
53345 54087
13992 14933
8344 9182
9534 9542
40283 40435
43504 44106
7446 8459
3682 3876
41034 42065
7330 7714
12296 12478
38375 39098
59373 60130
75875 76120
6403 6578
28111 28176
21900 21915
33027 33580
43438 43972
76653 77037
37716 37883
67611 68010
56767 57227
12885 13637
24053 24208
9515 10089
24966 25536
32620 32634
55835 55882
41385 41851
77771 78315
59 964
54686 55266
38959 39636
52723 52975
52039 52276
82891 83219
2056 2096
51423 51669
81210 81398
27564 27666
25978 27086
72267 73334
31326 31742
15824 15964
67403 67745
21595 22057
88265 88604
4646 5027
78767 78776
9645 9653
86909 86982
67112 67407
29556 30228
52779 52812
27497 27811
30823 30834
41952 42094
37464 37900
24577 24601
16311 16451
11184 12439
69205 69495
59458 60112
72884 73223
75243 75523
47452 47508
62840 63451
51352 51436
12687 13337
2931 3200
20974 21506
75032 75350
58845 59323
24692 24832
43372 43740
20745 20928
67298 67907
40693 41043
2991 3664
27004 27369
51411 51539
5599 6119
32937 33255
3241 3410
26325 26510
4575 4862
47116 47254
43069 43114
21401 21573
51439 51612
66176 66395
16806 17304
39861 39912
57315 57388
36717 37002
47502 48263
1328 1746
52403 53012
26234 27243
52134 52406
32722 33485
62495 62862
61396 61753
83846 84743
63877 64063
32757 32827
620 1258
80107 80318
24182 24335
2903 2909
16132 16326
47604 47619
49067 49156
77856 78562
48289 49128
46483 46690
67368 68121
48926 49723
28933 29494
61907 61972
1667 2332
36335 36545
13160 13288
56821 57974
54997 55011
48277 48372
837 1295
36604 36661
12664 13122
65832 66421
64449 64870
23052 23180
33462 34216
5249 5314
41914 42180
67994 68967
85094 85159
5668 5905
50920 51690
61033 61615
56343 56406
82034 82052
82664 82692
51978 52345
42614 42877
76220 76245
45234 45388
56399 56893
55468 55523
44443 44682
72341 72456
56181 56879
22616 22788
9817 9818
55105 55154
73624 74299
10745 10980
74746 74982
55211 55837
82273 82339
61869 61936
20792 21159
26435 26553
22034 22480
43782 44320
40997 41495
52740 53128
48916 48929
34696 35115
29060 29198
2979 3490
43015 43390
43611 43683
12715 12826
17984 18728
26911 27024
312 439
44921 45018
59379 60346
16473 17247
75313 75431
49848 50261
57249 57289
89031 89564
60343 60785
28511 28891
19636 19642
42695 43075
69460 70207
73869 74194
74269 74761
80308 80499
43652 44065
33190 33536
82374 83385
39132 39679
21133 21998
82568 82959
40663 41719
69181 69214
76076 76875
51465 51666
54938 55410
47812 48447
51584 51928
472 1234
77063 77238
577 1099
30396 30688
56149 56379
20663 20943
51540 52760
74426 74516
87075 87809
39328 39668
23683 23942
18006 18759
2828 3235
45869 46210
18742 19214
37188 37501
84243 84894
47450 47490
78854 79790
19967 20424
72592 73437
63432 63711
28651 28843
82520 82521
47654 48311
30554 30635
63639 63677
35595 36175
14994 15317
16483 17487
54409 54720
70735 71467
32120 32464
82221 82351
57805 58543
6859 6864
70472 71211
10239 11136
33203 33621
73293 73664
69428 70213
22801 22808
29975 30320
68817 69779
34939 35295
49286 49950
20941 21624
72614 73063
33132 33318
27570 28017
33227 33261
244 316
69613 70420
51120 51631
81685 82050
76961 77584
41264 41678
80349 80406
45685 46149
13407 13487
66311 66352
46119 46201
11023 11242
60850 61084
22044 22828
81652 82397
86373 86753
51512 51963
47848 47960
14993 15719
66041 66396
59769 60281
39055 39267
78210 78340
56853 56973
14145 14221
26257 26339
31517 31799
13696 13920
26815 27014
68606 68952
34818 34853
9214 10110
64501 65401
41413 41570
9035 9232
11727 11978
26093 26131
15098 15641
25551 25949
58826 59424
5055 5105
75605 76209
73239 73650
53247 53461
61403 61598
38578 39185
70110 70156
22382 23156
20372 21001
64192 64511
51723 52422
32520 32910
18455 18726
52746 53150
87081
21832 21931
72198 72245
5451 5500
73410 73811
35097 35773
17421 17678
56147 57089
57680 58311
43548 43549
33752 34391
17448 17581
41323 42484
25075 25221
19133 20028
65545 66034
35618 36431
26091 26387
39837 40279
68872 68949
40557 40682
17493 17540
64095 64334
27456 27502
44427 44493
43940 44004
63519 63528
1970 2325
3253 4129
85262 85586
54153 54687
2019 2391
13474 13529
23825 24859
60858 61004
46977 47314
27865 28084
62531 62616
8320 8784
11832 12029
62990 63104
55055 55303
10802 10892
32517 32556
9580 9715
4072 4792
74307 74923
63021 63467
7008 7363
71250 71801
29996 30221
15712 16018
3124 3645
23415 23896
54413 54566
41999 42723
70211 70507
21350 21629
26152 26256
47257 47709
84404 85084
52885 52959
23453 23667
17684 17936
73229 73454
84536 84538
79212 79703
1850 1926
12943 13539
8026 8783
24362 24405
37555 37684
6150 6503
7527 7980
80891 81364
22346 22725
51087 51604
22298 22359
3164 3239
4917 5070
11025 11208
43217 43581
41827 42603
45407 45546
52804 53127
13429 14071
33557 33712
44449 44468
9582 9698
54906 55156
2722 3333
9363 9468
45417 45846
76177 76328
1235 1710
63759 63841
7538 7926
9286 9417
66503 66668
41064 41599
65057 66026
75905 76249
45574 46278
88262 88383
43111 43575
27379 27948
16126 16275
71989 72048
69644 69886
20390 20600
12080 12175
24719 25366
24767 24893
63917 64048
62328 63250
2830 3596
27540 28272
40149 40276
56803 57607
41083 41471
22120 22126
82334 82743
26939 27388
88401 88872
57472 57737
35689 35779
2437 2651
84531 84998
79142 79483
46612 46688
44048 44171
71706 71829
77277 79723
62972 63325
21750 22650
78504 79166
69550 69834
12648 13119
30105 30577
70691 70773
76845 76881
6996 7286
63096 63508
56118 56924
73216 73755
29318 29984
85229 85925
72851 73095
16069 16149
72316 72972
83260 83705
27068 27539
55988 56359
66558 66618
30630 31403
44505 44637
56197 56535
71502 71626
2749 2897
10339 10459
72969 73230
57052 57374
17337 17553
77768 77865
30665 30826
69774 70422
73003 73923
18700 19291
69581 69876
7821 8271
53397 53723
48913 49166
22990 23008
28669 28789
44828 44996
1976 1983
44017 44128
13682 13822
827 923
33021 33358
72240 72616
70335 70524
2860 3379
22884 22899
81680 81817
37098 37451
37909 38444
42252 42545
71463 71591
58650 58755
78887 78991
73196 73500
45491 45736
52251 52965
56398 56713
4798 5410
79618 80185
74963 75230
28305 28477
16758 17169
14581 14808
54332 54485
1261 2194
39388 39806
76889 77137
73066 73117
39033 39287
62204 62704
16255 17082
45923 46519
10619 11095
51901 51921
59765 60171
5553 5633
26595 27116
74888 75063
40850 41122
37991 38076
72387 73356
27157 27547
88767 89446
65038 65802
27371 27736
8951 9218
57236 57474
59571 59611
82536 83661
6801 6980
81806 81890
51980 52378
26031 26140
3289 4260
46870 47037
54102 54145
29950 30149
3392 4157
67277 67349
80238 80395
2461 3139
73051 73078
16447 16546
54045 54129
45384 45408
38994 39545
66678 67061
47466 47939
53234 53924
52682 52852
59111 59504
33470 33552
20858 21266
68348 68923
16280 16402
44656 44808
33039 33499
13109 13424
55233 55660
22006 22744
71561 72489
44934 44980
7502 7801
25086 25566
47305 47584
26711 26906
51192 51313
70402 70428
33296 33467
53645 54414
11052 11688
17360 17646
36079 36781
47320 47337
58961 59025
78671 78986
81275 81442
7079 7161
30650 31132
27338 27807
14119 14398
3732 4160
37661 37668
82418 82579
65573 65873
86041 86152
62782 63592
68369 68799
74344 74717
45232 46263
60987 61151
5502 6004
52502 52768
64692 65269
29657 29811
86488 87258
80756 81637
86539 87190
84484 84645
27552 28432
46025 46213
3169 3564
53661 54167
14374 14481
30181 30809
58099 58649
50731 51136
9854 9973
52819 53344
23071 24015
9370 9452
2913 3013
2025 2679
79236 79282
63044 63768
28968 29026
71665 72335
8870 8881
24694 24753
50710 51392
45023 45342
20680 21543
39467 39470
73351 73602
42834 43369
65364 66074
44342 45084
72471 72979
46402 46465
61531 61775
5251 5427
51220 51655
43018 43658
47207 47212
49927 49931
1040 1574
53711 53863
65540 65760
56791 57088
66532 66882
735 812
58547 59232
59400 59692
19347 20331
72865 73231
37284 37776
59099 60265
49916 50413
44916 44961
37059 37309
62545 62702
19394 19440
35456 36606
32914 32964
64393 65361
83204 83851
48984 49299
33955 34241
52130 52304
82871 83189
87594 87656
87579 87609
69976 70202
3374 3888
38434 38810
9789 10219
1618 2717
54876 55421
45130 45742
13157 13272
85650 85872
50776 51424
59402 60221
32363 32807
28068 29092
88607 88711
23323 24056
23348 23457
60860 61145
3436 3842
71787 72617
64970 65348
66296 66316
34234 34623
7431 7961
16270 16563
73472 73583
40125 40328
33436 33807
42580 42966
52751 53216
34552 34836
61504 62085
88798 88924
80607 81059
34133 34549
8689 9222
40863 41123
27061 27597
28970 29393
35922 36571
79082 79809
7238 7386
32248 32871
4016 4178
88150 88184
418 738
31934 32730
80117 80170
74669 75148
1925 1953
25803 25876
75420 75540
19624 20035
41303 41982
88484 88961
80399 80531
5511 5951
55452 55501
87536 88405
21853 21929
29009 29213
33663 34276
41481 42434
41519 41522
84248 84342
11838 11959
3753 4281
20348 20859
52578 52845
35813 36039
3088 3930
17175 17443
15503 15657
30414 30806
8677 8979
10405 10797
51890 52172
31060 31356
38097 38293
56185 56206
81049 81325
20713 21471
1758 1759
51897 52161
52761 52876
72760 73636
64394 64879
10337 10905
89845 89895
23508 24200
4217 4895
24089 24807
35031 35481
76872 77281
417 1058
3683 3759
67727 68528
73
54601 54689
43759 43771
47538 47885
74750 74767
25892 26255
86465 86906
58979 59211
69969 70250
83410 84066
41157 41433
852 1311
55001 55124
60579 60813
59554 60713
41086 41576
56779 56979
76536 76847
82829 83614
29967 30697
38847 39606
73615 73994
18688 19694
48098 48257
73446 73632
79514 79775
22330 22767
9835 10855
8023 8434
5534 5738
53668 54654
89470 89542
39720 39813
86126 86163
55500 55821
23955 24029
2413 3300
8599 11046
32118 32663
15840 16292
7628 8228
55462 55720
81002 81512
3758 4506
81145 81290
29703 30067
28652 29237
77632 77829
28894 29320
74264 74760
59425 59599
83341 83438
16752 16891
12989 13875
2728 3196
1787 2539
86862 87248
51941 52335
1778 2445
28214 28579
65862 66726
86913 87072
84043 84278
83271 83466
51650 51893
15392 15438
13625 13784
83935 84157
29248 30321
38239 38334
43174 43339
52554 53068
56010 56687
31784 32315
81561 81736
59415 59481
67723
5470 6158
68901 68927
50187 50205
20440 20879
14737 15314
23390 23920
60724 60894
79464 79863
84651 85076
85707 85900
52002 52354
71117 71293
12840 13532
10210 10558
37645 38331
67047 67631
16556 16820
58533 58810
87199
82594 82731
4621 5341
62941 63139
15608 15880
15354 15380
74393 74941
32115 32861
16574 16880
58736 58953
66147 66294
52883 53188
46862 47325
35136 35256
87538 87895
66704 67080
89235 89848
14292 14578
68966 69486
1300 1561
40068 40226
19322 20247
57291 57357
38985 39487
21270 22226
39065 39948
32770 33045
20095 20448
37756 38125
80358 80751
56465 56871
83404 83656
28408 28540
68934
62003 62610
34591 34968
16569 16883
61132 61771
15456 16194
48827 49122
84837 85509
42229 42403
84710 84918
46410 46533
77302 77308
83378 84038
590 754
34171 34338
17838 18257
75711 76275
84283 84338
16138 16383
21395 21570
20352 20522
57435 57856
33351 33798
15107 15303
54655 54853
27292 27621
75631 75976
77910 78544
28983 29099
59501 59608
28778 29562
25049 25118
51529 52372
25228 25751
24485 24652
41457 41561
58492 59319
66287 66349
16611 16612
5666 5998
62213 62599
11644 11792
30466 31068
33159 33392
49440 49463
615 937
89735 89770
51556 51898
36131 36328
18272 18775
76765 77197
83768 84292
33040 33178
60082 60261
61244 61418
8675 9302
1123 1544
26602 26912
32512 32788
2797 3312
2285 2637
46109 46531
44178 44304
19085 19178
48103 48952
30297 30382
76574 76896
62848 62954
65794 65797
79380 80237
74215 74805
40266 40319
72554 72723
69251 69537
2751 2766
50410 50647
53658 54360
77576 77593
22418 22625
84802 84819
16418 17177
4620 4694
68030 68388
46805 47541
23586 23634
51602 52004
19324 19743
8283 8658
2388 2715
82913 83052
86934 87295
43799 43959
38141 38491
77206 77498
89910 120
9822 9999
45524 45558
10838 10881
67738 67946
9445 9585
69017 69361
11265 11445
13120 13125
32896 33635
31829 31992
25401 26244
23240 23725
24143 25239
74583 75120
23593 23649
14137 14709
3611 3636
71497 71899
73927 74493
73221 73322
24914 25073
29793 29796
37611 38296
65488 65812
59179 59275
3344 4098
74846 75539
70121 70875
65500 66085
68281 68911
624 716
30166 30887
80151 80620
84224 84463
67270 67428
81967 82087
68624 68936
46988 47174
19168 19242
78155 78632
35494 35523
43503 43506
5023 5208
61756 61927
6053 6355
53110 53264
69292 70012
36833 37144
28348 28473
74672 75635
63323 63866
75334 76107
47981 48113
80362 80417
46391 46876
8949 9899
30766 31146
32690 32960
44192 44247
25912 25943
8409 9031
18966 18991
39114 39395
50237 50312
6078 6204
63767 63884
80673 80717
46261 46775
66743 66784
57207 57347
26637 27092
18722 18952
23812 24126
34061 34453
67992 68672
89017 89081
68986 69136
50493 50582
42428 42678
18727 19303
37627 38249
29533 29542
6732 6802
1302 1827
259 917
33956 34376
87448 87797
39740 39863
12677 12829
65215 65281
6061 6171
1670 2292
49510 49891
74748 75223
24317 24539
88593 88768
4300 4358
5354 5632
40234 40367
45163 45284
6115 6762
32650 32902
77365 77800
70059 70364
70326 71173
8637 9265
49671 49880
18549 19407
54648 54766
66887 67501
37020 37072
12090 12813
1767 2028
89378 89953
70903 71384
24025 24067
14331 14415
29907 30140
50186 50959
11675 12319
48541 49049
8315 8774
4336 4975
44597 45042
33224 33416
77463 78004
19366 19419
73922 74044
40054 40075
7412 7466
20213 20258
59656 59756
38564 39193
66411 66414
76980 77144
41506 41703
22200 22497
66660 67343
87920 88266
77060 77320
70705 71030
54521 54559
22488 23100
8367 9357
51717 52223
23592 24213
89108 89176
3962 4317
3805 4184
63974 64321
74957 75315
89359 89367
60867 61156
19982 20151
44512 44622
27627 27672
45072 45900
21567 21756
89939 518
74034 74096
70011 70152
41727 41816
20107 20496
86089 86281
49757 49852
29020 29156
15929 16997
88527 88893
56658 56671
50169 50339
29386 29420
70193 70599
88039 89012
31085 31123
26115 26181
69299 70065
79251 79327
53620 53816
8828 9528
1494 1815
35382 35552
45804 46218
14752 15044
53408 53455
77623 77884
10455 11297
2197 2249
8686 8757
68140 68190
39350 39715
71317 71450
27899 28260
76942 77159
42197 42451
67397 67486
69659 69823
21675 21775
46930 47022
50395 50711
28827 29055
12173 12771
60197 60329
29635 30269
39136 39667
45354 45506
46698 46763
16145 16260
62352 62806
82622 82965
16928 17350
5380 5617
69061 69316
72399 73393
79998 80017
16650 16762
27122 27216
10829 11494
89206 115
3976 4393
16959 16989
70555 71466
74462 74656
67993 68026
29047 29438
55907 56730
13447 13688
76397 76656
66744 66800
38369 38855
20966 21100
80294 80980
86957 87129
47470 48156
36818 36987
18811 18944
43565 44264
70569 70655
54196 54580
88577 89166
6860 7941
179 951
11880 11919
12975 13114
84867 85008
12948 13004
63847 63927
19252 19543
86283 86434
4248 4323
89815 89862
75050 75115
694 1423
46139 46154
59968 60786
57082 57211
71389 71537
5663 6094
43243 43836
87484 87571
85597 86329
84920 84990
5184 5720
69926 70795
80663 80994
44260 44333
20393 20791
129 275
4956 5590
3227 3619
35615 35859
86514 86660
33427 33948
1379 1814
14423 15036
22695 23420
76367 77111
29389 29483
10860 11875
79733 80413
11633 12097
48166 48294
20423 20689
25691 25740
24828 24930
24700 24723
10904 11500
48083 48603
52317 52490
79793 79798
31980 32045
85531 86021
81688 82000
44831 44900
40067 40643
44194 44444
61880 62243
49406 50163
84789 85710
30695 31097
65469 65600
63606 63875
71267 71794
47663 48179
3119 3739
4313 4591
28180 28392
62550 62967
55681 56334
73025 73362
86945 87104
6286 7139
59098 59664
57718 58080
89808 89853
88015 88432
8896 9440
17274 17277
59157 60017
48375 49198
67926 68050
25023 25276
479 1570
42884 43417
61632 61748
42770 42783
67053 67324
61303 61382
30081 30367
54384 54907
18692 19343
24960 25226
20406 21024
45443 45671
39155 39613
71414 72351
28371 28688
50633 51003
72040 72158
11018 11276
23877 24180
87665 87714
14594 14718
86464 86682
75006 75977
44250 45170
61609 62138
58011 58363
19918 20401
15142 15281
25142 25646
5256 5293
31066 31309
65471 65532
43690 44842
26051 26473
18777 18870
46753 46940
88414 88559
82597 82628
76053 76268
31202 31355
9860 10106
21947 22182
62927 63120
77931 78571
35351 35480
54179 54933
84130 84262
52966 53090
43352 44327
31413 31780
52082 52105
79495 79817
34193 34296
28617 28698
2048 2344
79260 79419
61002
46791 46838
33154 33884
70417 70751
51853 52109
84369 84729
24689 24696
62278 62650
71490 71680
52052 52655
19898 20264
48635 49066
16031 16174
78821 78928
84207 84409
16789 16826
20478 20930
74686 75197
41924 42033
2598 3306
17006 17325
80674 81142
15019 15302
12717 12899
8281 9139
69675 70333
80649 80921
46826 47090
51951 52320
38161 38775
5147 5392
70464 71246
8092 8161
12546 12592
55415 55806
80317 80582
64764 65412
70476 70770
29498 30444
67528 67664
66480 66890
89647 89887
78314 78575
13801 13984
46273 46348
48546 49121
4247 4979
31149 31222
56131 56283
3476 3576
46623 46706
86986 87257
20678 20822
77567 77973
43125 43437
64006 64077
7957 7997
6478 6660
29963 30302
34015 34203
65509 65912
74047 74384
34710 35233
6099 6321
56459
68172 68181
83973 84456
68830 68970
50770 51074
75553 76104
63251 63598
44003 44423
2449 2506
15057 16059
20656 20969
7482 8085
49308 49724
21064 21314
64357 64765
14152 15015
33168 33801
84383 84596
79577 79607
46593 47188
39461 40285
1205 1699
60826 61847
4176 4314
55710 55980
79024 79170
59665 59784
5206 5226
26215 26457
78913 79031
2893 3161
564 804
64013 64278
40545 40904
28542 28731
81029 81345
87411 87641
23643 23691
2303 3262
80228 80881
40948 41009
44437 44648
44111 44139
52202 52700
79039 79184
79178 79240
77606 77811
65503 65628
6839 7067
26499 26669
77610 78194
64824 65516
63893 64103
30812 31667
39475 39845
43608 43702
83074 83445
3121 3151
59089 60296
27906 28126
59189 59403
70528 71187
60411 60927
44295 45022
88290 88521
89765 89860
21076 21442
82877 83359
54946 54984
2262 2345
37052 37270
64585 65021
42512 42849
6761 6845
64825 65389
77412 77560
33066 33370
78981 79590
36387 36944
76175 76883
68711 68869
89730 89987
52931 53401
89573 385
6091 6252
84989 85194
40487 41438
82846 83255
88051 89060
66076 66568
6829 6954
59789 60448
40625 41154
43639 43756
88138 88160
22161 22427
57064 57094
64047 64462
6663 6893
20827 21227
80807 80846
58472 59061
42443 42595
78119 79057
8706 9718
45445 45549
85767 86028
51279 51972
77891 78053
6680 7382
11926 11958
49177 49538
60639 60737
47518 47726
38182 38415
81868 82131
58120 58676
86093 86107
22968 23337
21782 22411
28038 29102
48054 48291
50466 50513
40230 40462
50969 52100
83857 84072
59714 60034
47005 47432
25046 25934
67130 67377
38135 38627
57140 57183
74203 74497
45931 46344
19010 19667
6884 6919
75318 75406
21817 22247
13609 13644
37757 38021
54703 55394
18723 18763
69455 69857
80087 80772
7415
59985 60228
72078 72522
58713 58806
70658 70902
68541 69147
40340 40710
67893 68141
73654 74092
65420 65934
64907 65452
33581 34036
70739 71081
66312 66918
9724 9939
45160 45469
42561 43029
14136 14747
31194 31380
27220 27375
3443 4108
8966 9689
28317 28757
88508 89024
19467 20174
29773 30053
69516 70004
781 957
45286 45996
79042 79538
62836 62966
84137 84204
49790 50718
19639 19870
11742 12104
41263 41489
45962 46028
72189 72494
70133 70168
83660 83703
76001 76164
18470 18655
3400 3444
59627 59866
75389 75657
55739 56454
49127 49495
46998 47478
45990 46596
26611 26935
45495 45553
48498 48513
3854 4257
74218 74402
15544 15754
26497 26560
34656 34977
72673 72814
3880 4381
36719 37246
76182 76377
33582 33615
3960 4082
71143 71625
87426 88217
20743 21329
80565 80945
83035 83346
38248 38713
44349 44425
26755 26802
82067 82250
28781 29311
50144 50568
30939 31179
37763 38534
38686 38954
85201 85686
75567 75573
76879 77057
76924 77665
13781 14044
52279 52376
48365 49563
17833 17965
9128 9161
63707 63971
1979 2119
60567 61083
65090 65165
18888 19078
13014 13889
12663 13553
61099 61118
89122 89394
436 449
67499 67980
57350 57517
10578 10674
4119 4427
33000 33164
83333 83982
51785
10174 10462
26666 27282
27258 27298
2861 2872
34659 35089
69306 69447
12555 12812
22531 22543
22729 22769
11515 11587
68692 68757
58999 59015
29492 29927
23784 23819
44755 44804
13150 13501
310 944
51455 52189
4077 4709
3246 3768
63083 63454
1083 1945
24571 24636
39120 40783
18936 19528
910 1093
55406 55830
34871 35036
8007 8736
55497 56190
56898 57668
20004 20495
43511 44185
50901 51225
7218 7753
12750 12803
51639 51688
60273 60775
29475 29722
57748 58092
34572 35137
25031 25602
40525 41307
55098 55942
75913 76283
55532 55781
87344 87876
67932 67989
60674 60706
50872 51067
52210 52305
36009 36217
4291 4322
40889 40966
19273 19520
80964 81201
75556 75679
68467 68545
38469 38705
43628 44060
85588 85644
8070 8230
12479 13265
86017 86229
25984 26800
45830 45910
44908 44918
83051 83078
77474 77983
74073 74256
43166 43334
64521 64531
83596 83834
34554 34789
16506 16878
89816 490
32867 33064
12132 12288
9834 10865
83253 83754
36700 36893
38405 38436
24030 24839
7325 7912
12343 12490
42919 42960
87563 87744
66485 67438
42319 42850
77516 78706
60733 61135
57703 57860
58681 58992
35951 35984
13335 13531
70159 70239
53888 55173
15160 15332
26007 26116
82475 82584
68942 69565
61469 61538
28801 29380
33087 33966
38202 38333
36557 36835
72657 73189
13165 13601
28162 28536
55229 55288
46653 46710
42263 42608
14794 14857
40666 40968
47449 47453
87973 88194
20636 20746
19932 19938
82376 82637
45847 46001
46647 46894
19665 19720
62329 62762
75092 75234
2950 3010
72468 72664
61760 62476
62160 62219
82680 83011
47990 48392
10278 10804
13156 14108
26656 26881
60707 60757
62385 62443
50708 50813
63662 63942
53004 53061
18487 18945
28256 28904
25323 25535
53424 53706
30072 30676
28042 28197
61661 61968
88560 89116
84594 85025
67613 67649
78863 79038
27488 27668
20869 21027
30512 31128
48515 48639
61137 61371
32700 33055
8276 8494
42901 43067
37029 37313
56392 57206
39205 39353
73988 74333
74318 74395
69092 69597
33223 33489
54856 54894
20244 20511
49618 50392
69999 70208
13667 14558
74616 74843
21703 21721
27933 28057
47872 48195
76449
32884 33276
81299 81631
75150 75377
63191 63224
47972 48778
48736 49326
73338 73891
49009 49044
83347 83590
11230 12776
207 632
35725 36368
21736 21778
15833 15934
10365 11056
9326 9615
22087 22217
78794 79014
10639 11135
73610 73713
20219 21047
69078 69579
47912 48300
78883 79362
24033 24132
7298 7901
11547 12111
56490 56640
46199 46413
73290 74304
47267 47328
13167 13187
16523 16788
23029 23820
74841 75271
49398 49412
9682 10014
8155 8354
16153 16341
17166 17199
68953 69043
58816 59285
82727 83002
64559 64580
44088
55286 55939
70497 70498
6652 6684
41967 42009
57368 58031
39554 39570
81340 81723
57489 57949
64425 64613
89207 89355
53482 54109
58168 58956
74703 75028
2186 3115
35076 35252
43786 44033
50773 51196
47835 48334
11442 11504
66602 67705
1824 1854
29531 29595
13630 14165
32451 32590
64489 64611
83221 83527
24621 24779
69491 69796
7141 7437
84271 84626
25681 25917
63805 64364
60569 60825
85694 86359
62416 62532
83485 84110
30164 30495
51661 52535
43789 44147
70940 71019
70368 71007
29403 30083
50085 50152
61199 62294
22222 23102
38064 38528
17036 17481
65924 66249
79842 80757
337 1035
72300 72546
70359
56315 56340
42114 42187
15070 15699
69908 70232
46820 46960
668 670
7685 7960
38699
11512 12345
25001 25040
85432 85627
37499 37533
68584 69451
41181 42233
19077 19603
36447 36461
61623 61904
24955 25129
2329 2910
22928 23382
10925 11060
70895
18324 18685
73637 74019
36025 37044
74434 74942
17569 18085
73503 73905
9006 9359
26525 27483
19373 19500
18178 18244
29394 29919
43783 43790
55066 55528
30818 31255
60457 60873
75739 76217
64124 64139
58789 58855
42309 42887
89450 89806
54844 54926
7613 8316
66307 66591
2503 3171
27045 27446
51948 52158
27845 28509
45323 45663
40565 40639
65309 65566
69809 70005
74981 75080
77597 77821
55222 55854
74895 75065
61590 61850
25246 25896
70125 70518
60213 60292
87553 87588
61899 63612
74584 74622
16029 16259
70309 70477
77385 77598
34602 35341
38586 38909
1370 1433
78833 79286
61148 61369
27996 28014
5804 6020
7550 7704
51549 51715
50659 50826
9276 9846
69938 70043
43808 43886
22922 23127
6899 6999
37817 37874
11479 12073
11330 11669
89150 89328
68248 69047
72499 72837
63221 63850
15922 16242
49114 49390
22072 22639
3539 4133
65831 66746
53625 53698
22153 22540
44288 44654
4327 4540
82270 82420
63218 63708
66157 66224
68442 68648
88044 88298
15248 15428
68054 68504
56324 56826
5112 5130
57986 58145
69022 69113
68229 68491
2159 2177
57367 57734
61193 61195
1888 2315
18535 18557
54086 54778
52014 52489
55794 56659
66898 68014
46377 46817
7397 7584
38797 39414
84935 85358
10631 11379
73872 74334
63234 63304
39423 39641
23411 24107
69804 70203
33932 34305
17312 17316
74090 74708
55267 55280
63357 63413
45381 45575
48572 48751
8162 8180
33691 33817
52690 52729
2617 2942
35367 35448
25185 25377
57379 57640
73363 73569
81319 81733
58000 58085
83149 83896
70609 70701
51046 51442
49737 49833
50484 50782
85269 85433
51128 51638
85744 86220
6871 6911
8438 8740
46078 46371
30792 30850
82232 83131
18258 18284
49047 49353
37751 38171
63585 63868
24271 24332
12565 12857
21328 21583
55499 55797
85678 85842
57286 58054
75213 75597
67256 68176
63440 63588
55258 55889
30413 30450
76927 77251
36140 36429
80480 80798
64596 65109
81628 81765
8157 8208
43713 44212
19333 19641
82017 82090
35277 35464
21352 21557
81134 81194
35183 36075
69373 69706
46461 46629
5994
67490 68058
14593 14610
85258 85260
29193 30126
62625 62703
84158 84229
41502 41742
18386 18664
54391 54557
55655 55963
55699 56045
21459 21992
89188 89477
4843 4959
83893 84208
37671 37949
5003 5716
3868 4495
31395 32001
88468 88635
46853 47072
31434 31545
73600 73939
16256 17015
8310 8546
16317 17032
4387 4472
31015 31387
40282 40457
87228 87677
21960 21982
72531 73534
9155 9398
26135 26278
32108 32505
15721 15946
26248 26952
34197 34541
46319 47348
50522 51168
43806 43956
83691 84225
81709 81739
70027 70284
68820 68948
18229 18458
33372 33683
16381 16539
879 1010
44341 44569
24004 24324
84862 84963
83039 83231
1313 1596
1255 1645
87400 87803
32396 32785
53358 54007
17674 17869
4861 4941
63342 63372
44233 44549
34187 34584
58704 58908
52605 52805
35681 36172
1709 2219
26494 26508
41808 42523
17964 17981
15388 15977
38138 39116
45839 45865
29260 29408
12444 13105
77919 77937
78916 78953
10536 10547
28130 28682
82817 82926
6446 7165
65770 66509
75696 76010
85904 86207
56736 57065
12946 13001
7900 7922
52537 53011
71002 71275
66405 66471
41716 41724
55457 55928
38113 38709
27879 28134
4926 5056
67406 67443
48305 48318
127 660
10719 11313
83779 84620
71642 72290
40377 40426
81169 81565
28982 29149
31856 31863
67424 67489
88787 88788
6125 6442
84559 85176
80451 80589
21419 21939
36631 36716
24642 25331
35278 35412
28604 28737
67853 68373
18804 18898
86973
26992 27244
34840
45125
22361 22362
9124 9142
73345 73452
59616 60540
1598 1736
2794
89004 89264
78396 78770
44494 44790
35515 35967
16581 16884
350 782
34326 34533
13672 14033
34005 34106
74147 74472
54813 54862
71671 71944
79914 79928
9608 10003
8299 8362
78296 79161
15513 15595
34382 34885
39900 39950
54847 54999
28493 28806
22455 22957
84114 84718
41253 41474
69039 69334
10498 10521
7170 7353
65048 65537
68959 68991
87450 87619
57954 59225
66409 66677
1538 1646
64903 65400
68686 69268
60279 60778
44784 44869
51364 52417
75440 75733
27325 27382
73199 73464
63722 63969
85520 85950
20217
64648 65140
46100 46224
56307 56846
52357 52546
35034 35193
54166 54311
77941 77965
48645 49026
77935 78722
12310 13267
83658 83699
38168 38498
83412 83512
34923 35017
76878 77590
24620 25095
43119 43382
41563 41713
58367 58656
27603 27839
29413 29648
29201 29384
8925 9858
47895 47980
23304 23371
37580 37682
75366 75589
83778 84088
80676 81549
63525 63933
89874 701
70832 70864
40501 40665
39016 39419
81950 82003
55645 55790
62052 62132
12292 12922
33128 33313
28224 28606
73564
34230 34515
19431 19432
14606 15393
45798 45906
5660 5714
46585 46628
13238 13456
34345 34821
34222 34397
86692 87050
7593 8256
41518 42072
81497 81957
78206 78282
10123 10548
14775 15083
87980 88446
14855 15471
26678 27181
52673 52887
41508 41590
6894 7123
52291 52553
26526 26579
43294 43515
84096 84429
32149 32715
60834 61194
72745 73375
20119 20289
35766 35929
30008 30387
31056 31151
80854 80877
47467 47680
33483 33491
31274 31708
49152 49513
31877 31920
88269 88355
32776 33054
47558 47713
38425 38737
4614 5376
55568 55689
25932 26180
78120 78382
47193 47756
38194 38760
88272 88570
18036 18989
79867 80594
47117 48076
73075 73371
63993 64685
72581 73022
24295 24363
12537 12678
46696
22352 23302
85007 85251
69360 69539
56070 56542
75405 75604
62770 63163
53682 53930
2488 2674
82491 83232
31406 32155
46767 46877
23568 23872
62230
39940 40294
17401 17566
31059 31350
64221 64643
31972 32187
58792 58795
28613 29064
49207 49895
13752 14371
11920 12214
62633 63062
10132 11104
61648 61762
52945 53102
73056 73115
19479 19612
65902 65908
68341 68444
17668 18017
65501 65766
62334 62521
23908 24192
75165 75378
29503 29944
43726 43944
81195 81323
40522 40823
16197 17129
40714 40873
18904 19196
13504 14085
38589 39625
39434
65732 66696
62224 63321
48206 48409
62090 62428
48317 48471
36379 36579
33105 33287
81949 82469
85343 85786
35795 36279
86535 86712
57105 57495
42318 42544
38416 38508
19079 19929
40584 41239
27350 27351
16240
12088 12148
31318 31588
11634 11783
21382
77621 77785
86676 86824
17411 17616
30161 30206
12196 12200
61597 62000
3685 3943
26719 27364
36788 37154
30230 30880
45115 45749
31330 31341
23222 23498
77633 77737
46859 46914
76987 77024
37897 38237
49845 50506
83817 84302
67941 68093
39688
33888 34808
85220 85487
58881 59503
33472 33758
28316 28893
15166 15694
82431 82914
77174 77200
78764 79043
34523 34829
72524 72731
46979 47099
16710 17005
70876 70932
974 1726
7535 8051
20055 20881
84178 84333
296 463
50865 50890
47104 47353
41455 41476
4661 4794
35429 35631
49973 50906
75355 75499
4542 4576
80005 80842
236 398
28788 29006
73523 73926
16902 16916
76348 76524
87375 87535
5561 5768
69305 69510
48490 48979
68009 68080
34692 34781
80043 80175
53732 54564
38509 38865
27623 28430
47899 47916
3578 3915
10060 10184
14624 14788
59846 60330
23009 23704
65297 65481
88851 89985
75126 75949
57888 58144
2373 2912
6704 6972
61998 62105
54206 54266
37708 38582
68780 69186
65411 65750
35561 35705
77475 77760
9618 9670
1914 2160
29671 29823
8200 8467
17571 17810
47997 48023
22271 23063
4444 4468
45492 45760
23679 23941
39426 39558
84788 84892
34267 34662
76727 77537
21124 21889
43723 44141
41128 41470
50728 51312
28047 28179
7319 7471
31465 31768
18641 18833
24250 24709
33556 33675
17437 18422
69224 69249
31825 32122
81384 81858
5008 5061
3920 4134
27003 27561
42107 42413
8107 8311
72943 73226
16608
20118 20973
16230 17019
4728 5651
86873 87693
67549 67637
56513 56532
63244 63385
55787 56053
73740 74095
66570 67530
84752 84820
13457 13586
70608 70640
50583 51305
28288 28881
85087 85377
77728 78159
59699 60516
13436 14178
74558 75298
23341 23394
80510 80641
24114 24410
44773 45007
28332 28813
10360 10550
7498 7501
814 922
8581 8612
19135 19831
9435 9554
49607 50500
7842 8270
5412 5530
88681 88716
3722 4404
50722 51004
14600 14635
15250
1326 1352
15597 15787
83938 84385
49601 50072
55144 55586
39609 39787
86619 86730
40006 40407
61025 61529
65940 66042
61885 62200
43730 43830
2302 2346
78892 79136
84497 85088
32086 32904
27477 28245
89401 89518
69230 69526
25530
64762
33314 33363
38322 38402
50377 51393
31560 31687
64851 64996
81418
85211 85356
43274 43792
21898 22272
77263 77646
47390 47477
24085 24468
26504 26879
39974
45044 45961
13249 13282
40785 41203
74769 74917
83864 84249
42859 43032
57909 58405
6834 6924
84602 84974
47294 48032
72510 73285
1501 1550
42131 42774
85699 85736
7841 7935
62816 62817
88664 88973
25376 25415
37893 38024
22141 22871
65517 65524
16618 17044
64233 64348
63054 63132
89754 89956
47034 47428
88943 89196
23231 23762
46811 47131
55804 56158
64264 64427
77461 77644
87950 88143
83579 83996
80564 80609
49877 50416
71865 71949
78507
27592 27768
11674 12166
1626 2537
28837 29594
33386 33450
63410 63725
61703 62362
74735 75300
8992 9021
51025 51294
86270 86473
23959 24145
88017 88072
61588 61954
85123 85482
55200 55513
62680 63384
37908 38302
40927 41754
2908 3212
68118 68412
79338 79477
30758 30904
61032 62076
57915 58143
35897 36284
48703 49169
24469 24529
79841 79943
22595 22678
89908 647
87417 87425
539 987
17018 17572
19877 20946
74771 75774
38128 38637
6926 7044
60668 60719
163 363
36883 37706
44146 44286
85603 85671
12062 12508
6381 6602
25868 25915
24175 24373
45767 45967
19138 19610
59686 60848
42481 42507
89202 85
74737 75142
21155 21690
86022 86176
18247 18810
66450 67049
88720 89195
66351 66407
15269 15289
579 894
31755 32021
9001 9019
73081 73155
30477 30924
41785 42081
46702 46739
21285 21499
47820 48163
44273 44928
55461 55808
15578 15802
20050 20602
33797 34247
16622 17097
1528 1606
76882 77243
40955 41370
8335 8360
28390 28860
83670 84185
50366 50867
7416 7465
35802 36139
54607 54992
24119 24730
29110 29470
53058 53198
46867 47427
5628 6369
57543 57568
3616 4199
78469 78514
79225 79968
21358 21994
28322 29256
82995 83558
41947 42704
5321 5359
82101 82286
65345 65652
89629 301
47082 47168
8206 8792
79317 79529
72422 72498
86332 86758
42317 42354
27534 28091
57059 57507
48159 48290
61142 61239
81127 81298
89246 89804
7374 7528
39847 40172
41628 42972
2656 3274
36097 36897
41783 42026
71004 71252
66331 67194
16081 16373
5897 6331
31646 31757
88168 88365
17422 18031
53767 53832
64671 64722
12496 13417
3735 4656
41672 41784
69382 69667
47578 47826
22376 22677
10069 11044
56857 57385
41425 41488
2601 3003
25136 25200
77018 77040
18475 19265
47229 47732
30997 31835
23493 23845
78440 78761
8330 8525
56509 57231
12239
58898 58914
53450 53818
31012 31400
66728 66865
47405 48227
6498 6661
62901 63686
78949 79631
65363 65747
44411 44983
51646 52124
190 376
3811 4148
22408 22574
56326 56438
49968 50378
23118 23249
12287 13038
52638 52695
87282 87438
64491 64659
28133 28402
88392 88652
35756 36548
85808 89046
45588 45690
44736 44815
61734 62177
5650 5767
58245 58576
48326 48491
82513 82689
33786 33820
59017 59106
35066 35133
20831 21540
56263 56691
57278 57644
88180 88713
52857 53544
69624 70388
83381 83701
24275 24972
57062 57485
67378 67554
72977 73232
51843
58877 59508
57338 57603
67911 68549
49492 49594
9054 10336
51462 51544
43804 44173
26583 26692
6657 6705
19026 19609
85506 86064
74448 74687
28293 28434
36853 37405
21894 22507
26300 27451
71171 71276
10746 11588
3040 3764
67618 68302
35597 36084
37504 37811
63968 64399
8775 9053
81586 82043
86242 86433
15993 16078
56579 56643
47748 47750
19211 19591
62356 62386
71550 72043
30808 31965
43161 43402
4742 5370
77653 78436
75416 75683
82356 82426
12711 13094
58208 58246
38757 39317
81770 82463
21062 21363
88398 88765
73924 74146
61379 61958
89982 1150
36777
15952 16180
78164 78465
671 1067
20856 20942
87494 87779
86963 87007
10986 11202
19139 19206
48817 49104
15389 15954
41975 42028
23763 24059
10655 10913
75566 76028
55306 55539
83526 83611
62505 62681
46010 46796
19377 19571
26261 26284
13627 13863
28344 28561
77146 77257
4802 5493
5773 6122
25169 25277
76665 77577
68337 68456
72669 72785
67721 67743
72474 72948
88805 88994
9755 9926
53205 53869
26303 26874
13600 14256
45257 45818
65367 65599
19215 19516
74282 74635
52859 53143
29858 30062
66150 66193
38892 39280
72515 72685
79916 80433
46271 46444
68210 68454
26587 26826
56504 56564
13509 13687
55833 55946
20387 20426
56827 57383
77291 77591
64530 64548
36475 36550
34849
77309
11086 11987
46418 46631
88327 88530
50595 51523
89559 89633
31011 31120
37534 37544
34697 34742
18909 19238
6245 6448
88977 89229
7076 7110
87363 87373
51172 51212
12972
81297 81330
70681 70734
16349 16417
17299 17301
40312 40420
40080
59764 60110
25387 25791
88941 89233
58675 59412
62272 62652
22594 22971
27649 27669
31511 31981
87473 87924
42074 42248
31414 31463
70037 70066
22893 22921
65277 65593
21592 22396
44984 45787
53268 53979
27334 27601
39229 39306
71334 71710
627 1223
5796 5949
11652 11696
16557 16840
1015 1345
34379 34630
35687 36286
36264 36942
82940 83411
8840 8876
79105 79171
44008 44573
32307 32796
28823 29481
16619 17132
8377 9209
54769 54998
46772 47069
69690 69937
19495 19853
37078 37087
62437 62438
76804 77155
24504 24569
58619 59013
2227 3163
71075 71742
47323 47802
13971 14234
10066 10401
15763
67052 67339
27248 27490
86310 86850
18616 18665
1177 1221
60048 60320
66676 66897
24750 25559
47636 47637
79855 79895
53920 54168
30240 30471
1121 2085
27969 28165
46360 46548
48448 49002
83981 84183
57481 57916
30103 30690
78019 78523
88081 88703
14444 14452
63474 63667
89103 89565
15783 15791
47134 47622
63364 63431
60797 60805
21140 21596
4296 4335
2200 2294
42035 42254
61707 61867
72069 72527
25815 25977
75311 75569
45780 45975
4962 5038
15474
45188 45432
20189 20190
29670 29693
23716 24088
60327 60399
53286 53489
79067 79163
67782 68021
78845 79146
75909 76215
14300 14472
43949 44170
46925 47551
78505 78682
8348 8955
75900 76293
31435 31490
43304 43526
89467 89734
38758 39071
46911 46927
20006
89590 89960
52035
31122 31978
71726
3176 3284
46174 46606
45102 45536
65022 65393
22535 22685
61635 61842
33341 33576
37606 37732
29875 30358
44305 44521
56571 56770
63982 64433
58380 58525
35954 36121
83164 83401
11639 12232
10482 10767
51306 51970
1241 1287
39100 39359
30807 30937
55617 56000
53992 54302
24223 24716
74871 75902
17847 17907
57752 58201
53194 53539
61131 61700
83183 83185
21331 21362
65049 65377
42735 42870
59707 59932
88609 88995
68001 68529
40469 40614
76914 77464
66994 67512
82967
63444
62715 62830
51412 52034
28739 29860
38875 39096
50332 50602
41661 41919
52332 52404
58864 58942
84997 85095
18423 18516
62342
87463 87709
86198 86989
58720 58884
45327 45776
55924 56163
29105 29287
79012 79475
73612 73657
27754 27983
6978 7934
38745 39619
48910
19295 19513
14804 15230
58542 59245
50130 50309
54260 54488
19903 19945
68886 69133
59047 59236
71238 71408
86195 86516
44837 45733
5214 5913
30518 30717
55893 55977
12672 12814
1513 1525
7087 7169
65443 65580
48675 48780
61950 62390
50949 51399
6865 6958
86846 86914
63910 63980
18374 18652
87276 87384
63079 63565
77905 78856
71761 72342
11817 12744
59037 59060
61448 61576
55152 55530
88449 88750
12174
33654 33818
53505 54163
76088 76169
14427 15052
5904 6755
15251 15361
19539 20007
21332 21451
21969 22197
74523 74633
79604 79704
47334 47463
14787 15734
26507 26519
14979
16348 16442
47975 49172
54023 54060
53690 53691
57871 58320
61801 62555
61318 61350
83771 84220
41588 42176
64642 64664
58437 58994
73112 73136
17739 18176
23537 23579
26521 26946
74699 74969
35847 35857
72992 73333
9365 10229
76802 77107
20748 21267
2758 3222
77763 77839
45757 46004
33365 33561
6768 6840
52640 52708
28273 28636
66131 66630
16488 16692
68220 69109
28808 29239
32753 33181
53483 54516
32430 33025
37412 38423
43711 43809
88936 89722
88188 88536
49942 50368
13927 14801
42793 43022
6257 6465
36805
1477 1679
49038 49118
46505 47023
54670 55272
87787 88782
22228 22718
5673 6232
673 723
50687 51451
13067 14026
21558 21617
32976 32999
88362 89389
77183 77198
16515 16705
54344 54469
35492
83799 84064
71979
25939 26194
17803 18233
17851 17872
42040 42104
76314 76435
57268 57545
49061 49240
25666 26023
64827 64892
75162 75507
62135 62273
57301 57979
84175 84295
69440 69494
43845 43877
33507 34277
17349 17677
41889 42322
88492 88574
4430 4488
70155 70772
16587 17371
40222
84466 85072
69335 70058
32361 32398
47833 48039
1120 1250
83446 83541
73185 73672
14406 14777
35048 35222
71033 71326
45273 45571
52271 52470
67558 67764
48873 49086
1689 2260
32882 32944
40186 40262
53976 53993
57701 57961
35425 36073
53946 54141
19988 19992
89274 89363
45841 46610
38815 39634
2231 2256
21626 21631
13968 14003
44440 45030
46515 46648
22829 23086
70677 70840
29258 29632
31585 31791
77570 77925
1873 2128
33944 34258
47160 47816
25613 25650
72557 72926
86138 86457
62039 62148
60587 61150
77958 77975
481 504
25937 26431
15949 16063
14146 14560
75314 75528
89266 89448
14357 14507
76453 76945
27733 27812
26731 27408
51358 51515
3817 4738
78070 78204
63839 64159
19044 19423
61500 61913
47922 48549
31343 31551
3294 4125
61670 61853
45986 46639
40035 40549
14604 14852
89064 89278
50349 50577
51092 51254
50191
24997 25418
20212 20252
24287 24432
80477 80766
17719 17897
75803
7620 7877
85116 85167
6440 6592
83113 83268
25558 25746
52318 52527
47913 48148
32415 32437
2185
4360 4701
65381 65487
62851 62917
24238 24263
27347 27466
25697 25814
82944 83498
4903 4908
56256 56402
136 149
56798 56906
44270 44724
70873 71567
73018 73236
34721 35455
13899
27480 28395
76323 76710
50772 51015
85017 85362
48297 48441
57973 58873
3346 3518
9793 9798
33963 34793
49101 49133
15718 15846
23297 23515
3304 4033
20308 20493
55776 56246
75079 75495
26955 26999
20901 21650
40356 40839
60817 60862
8874 9221
31080 32042
68843 69033
43589 44477
59363 59557
73287 73693
64053 64561
15275 15320
86882 87570
40851 41170
9898 10503
19780
1573 2360
30933 31022
59384 60151
18750 19277
4361 4473
35662 36035
44624 44851
14019 14497
44751 44824
72818 73014
60872 60941
72990 73273
4758 5103
77366 77924
23093 23123
28102 28212
65029 65259
76626 77258
71315 71998
81550 81674
27252 27383
1799 1804
85655 85673
78187 78258
66235 66423
30344 30772
15223 15338
82174 82522
34083 34976
26878 27290
12284 12308
27352 27417
4888 5605
4356 4752
89439 89966
8611 9449
40810 41022
82293 82454
74261 74915
65637 66081
34629 34827
40659 41486
87475 87679
27143 27440
25561 25565
10457 10720
9317 9431
80258 80289
62858 63090
50616 50689
30055 30729
44652 45041
23002 23159
54430 54523
32016 32885
3913 4095
58429 58439
69725 69990
33002 33502
27642 27817
14966 15238
46912 47335
38186 38794
70082 70937
76488 77274
73781 74519
5156
1503 1610
34683 34995
33875 34040
29702 29842
10120 10154
61959 63331
35566 36185
78244 78455
21077 21181
79613 79615
23934 24039
21652 22555
29965 30007
79412
64789 64898
80053 80750
53038 53170
19464 20351
16287 16561
39191 39316
77149 77532
59857 60126
64195 64308
22756 22815
44683 44764
57815 58343
72823 72848
27462 28182
69050 69363
65236 65547
9441 10573
11124 11514
22998 23301
49268 50012
81540 81638
20762 20837
3742 3918
23124 23786
84313 85192
51605 51694
82027 82162
2554 2635
43471 44133
36018 36333
22270 22647
14315 14324
12193 12785
21932 21948
32179 32285
13970 14425
80147 80938
45681 45707
44901 44991
28055 28173
68101 68170
24333 24463
22701 22773
81391 81673
32927 33608
17680 17890
53533
55807 56044
57526 57676
39881 40229
58366 58368
44780 45195
69458 69505
17727 17950
57807 57902
34457 34640
33118 33444
8455 8588
35737 35910
39534 39596
25634 25721
4743 5059
43892 44329
70802 71106
5110 5346
17626 17638
51425
29759 30433
45271 45347
60356 60747
26613 27002
73715 74013
78325 78608
59488 59646
19652 20131
8488 8735
64230 64326
66084 66404
47434 47607
907 1578
4952 5432
22421 23199
7616 7915
56993
33728 34011
85868 86141
59662 60181
31674 32069
38251 38427
70559 70645
24184 24197
71751 71800
28738 28974
58270
1036
44570 44914
25358 26045
69897 70237
6036 6157
64108 64292
50469 50907
58931
30258 30611
65964 66670
40461 40628
59790 59809
47420 47676
41267 41718
82385 82849
3651 3729
15168 15980
25303 25443
82758 83050
35955 36400
8032 8151
38180 38382
60887 61047
81366 81716
17573 17982
27809 27897
81840 82071
52732 52843
52577 52609
23347
61736 62245
76606 77473
23993 24476
82577 82605
35243 35303
70409 70541
88525 88812
59466 59742
66662 67374
43592 43769
89975 38
61777 62103
75143 75413
62347 62964
80571 81188
40683 40698
61436 61708
25312 25489
66547 66713
17662 17873
86224 86320
72619 73420
42734 43000
20265 20500
20124 20508
46287 46584
36907 37400
62134 62471
82320 82478
6310
50623
85700 85742
65138 65227
75472 75513
6735 6898
32017 32026
79003 79440
77209 77362
30714 31092
1797 1901
54835 55079
63975 64806
29769 31014
40504 41270
76965 77069
22842 23164
36946 37111
14032 14239
23753 23802
52929 53528
5265 5978
15679 16127
64144 64453
62649 62685
63275 63568
49781 50168
49188
76759 76993
82188 82516
77337 78487
55363 55730
43717 44023
39154 39181
35640 36044
523 1181
82561 83262
60069 60251
18139 18466
49147
47561 48719
48674 48922
1612 1890
30877 31942
26044 26212
10501 10805
64445 64912
20412 21123
37768 37839
48535 48670
21240 21296
59274 59350
48232 48284
8246 8640
41852 42323
41014 41514
20314 21428
49700 49812
54234 54427
16950 17028
69421 69432
86871 87172
63780 64279
478 690
3324 3332
43990 44092
35983
54088 54105
47717 48518
21967 22211
81573 81896
41214 41879
66801 67733
72791 72981
30723 30836
18266 18896
76494 77105
10095 10314
88185 88524
73369 73578
58683 58843
57460 58020
65379 65515
19279 19404
11546 11682
24929
78645 78828
61659 61778
42082 42365
16387 17314
31709 31834
53724 54078
19795 19909
13632 13743
15550 15794
20702 20878
37976 38052
17378 17818
83348 83437
75516 75598
1124 1355
20592 20947
29303 29478
20042 20140
81832 81919
17272 17704
25037 25476
42163 42395
28884 29134
83941 84202
1136 1354
81320 81378
87726 88203
11456 11990
50571 51328
52218 52255
88506 89411
36830 36964
61616
61858 62054
79718 79897
13732 14341
81503 81742
17671 17874
4140 4350
39244 40127
77659 78536
34747 35070
46808 47128
4766 5261
79111 79594
73128 73289
40768 40779
41284 41324
73771
62992 63316
24947 25161
49897 50306
53172 53600
75678 75929
73949 74065
86323 87149
49475 49651
1016 1441
1298 1728
3603 3865
56797 56811
42624 43361
9274 9546
49484 49879
16444 16516
65846 66514
3634 4276
69170 69626
16479 16532
62279 62324
62197
19987 20085
22381 22710
2187
16520 16764
63366 63577
27041 27047
17649 17766
12371 12434
41986 42845
10807 10927
68389 68879
60106 60305
86557 87207
9809 9931
30790 31049
50044 50746
48051 48211
76543 76807
6470
21115
49150 49982
47293 47566
41551 41674
7097 7649
9505 9903
44997 45610
8628 9023
75477 75599
52680 53037
33006 33046
39572 39601
16009 16414
82056 82563
49126 49185
20162 20634
14658 15145
70907
63566 63956
45615 45689
38305 38332
32344 32797
10891 11211
26933
69520 70216
70307 70389
37837
69764 70713
31391 31432
22843 22942
49261 49402
59368 59429
45086 45248
39231
50411 50461
60102 60404
38752 39391
75066 75352
65697 66082
47469 48116
81518 81910
36144 36277
81906 82157
70142 71382
56911 57210
54410 54494
86282 86647
28415 28889
73218 73267
16065 16214
35084 35101
48340 48376
16882 16978
48286 48538
69530 69655
9241
3432 4084
36428
56745 56755
2686 3064
24091 24629
54016 54189
44591 44726
61467 62152
75884 76116
52302 52429
60804 61062
13065 13914
8339 9116
81898 82429
52495 52785
25767 25849
86738 87307
75745 76336
82029 82199
75688
85713 85863
31324 31630
34859
11039
1052 1458
22736 22796
64992 65305
80325 80934
25547
48997 49194
89299 89585
32099 32367
71670 72024
25445
47745
29810 29981
86937 87552
10140 10632
28140 28785
80067 80202
77612 78007
52882 53025
56885 57152
86071 86210
1806 1944
79276 79543
45501 45623
69220 69475
51615 52198
40000 40143
10270 11266
78232 78320
56354 56626
78890 78957
28555 28694
54519 54732
25685 25758
40059 40179
64208 64516
86463 86522
77904 78105
85375 85820
66228 66385
66245 66435
15118 15441
17552 17961
32226 33221
54713 54757
72284
3635 3849
11648 11764
45027 45090
54059 54120
25854 26011
1217 1597
43760 43772
48930 48964
27682 27724
54978 55398
60832 61231
63478 63479
34464 35090
15372 15546
87440 87528
31906 31963
68148 68316
55214 55648
86659 87184
14897 15461
54824 55212
56328 56339
28463 28586
39170 39201
63008 63146
3382 3413
61270 61658
26812 27048
14378 14863
783 1012
2747 3154
64973 65072
41369 41929
5455 5487
49907 50476
44939 45196
86843 86944
9082
76302 76561
25154 25287
24833 25110
59154 59622
8898
71124 71465
85585 85954
57512 57561
55199 55249
22290 22363
12314 12428
25173
59148 59527
88709 89142
44022 44129
56505
57592 57673
36575
64105 64140
70344 70703
48102 48196
81039 81598
54839 54996
80089 80182
20589 20700
40196 40303
59847 60455
39489 39675
14859 15324
75750 75916
44730 44772
16455 16536
26265 26344
18489 19389
43874 43890
77355 77791
64634
60254 60482
11751 12112
36159 36203
42676 42917
40338 40492
34451 34902
12094 12470
52669 52707
60332 60490
40432 40694
85297 85812
89135
80755 80759
78849 79219
77551 77914
74266
12770 13006
7404 7756
85285 85341
77301 77512
38485 38653
44172 44587
57925 58209
81785 82702
75731 76163
70708 70918
84169 84336
5161 5400
84548
205 349
53498 53727
9692 10168
61767 62012
84106 84411
4723 4781
78769 78938
83827 84237
73641 74003
49323 49527
57908 58653
58050 58664
65854 65893
37245 37255
65641 65691
30899 31290
41217
29597 29973
33876 34144
11897 12012
13612 14036
47251
74321 74501
55470 56008
81402 81952
73367 74494
24280 24326
51957 52267
54989 55608
44812
29308 29310
55873 55874
67002
17186 17517
53267 54148
72900 73182
31969 32629
25902 26047
87686 87735
31505 31562
88363 88438
85298 85760
56932 57007
11143 11540
86 150
68400 68753
87751 87938
6462 7406
88638 88682
28078 28244
79392 79993
84090 84364
48598 48804
47015 47924
21450 21662
43513 43547
44698 45114
83181 83210
17348 17911
84966 85537
64514 64553
52499 52547
47608 47681
68669 69697
15910 16254
33350 33516
71189 71377
68532 68675
53884 54829
22069 22184
6192 6396
59286 59470
84308 84352
13547 13710
55198 55255
60247 60590
34888 35077
45329 45729
38246 38778
87472 87816
56533 56637
2693 2935
86275 86353
4596 4780
51160 51452
56143 56472
66288
42541
1834 2029
73023
36377 36503
52770 52962
68639 69661
71482 71560
60271 60508
12579
71701 71779
43620 44489
37322 37352
62747 63177
45402 45768
55205 55261
80055 80591
82466 82538
23946 24751
70867 71733
75116 75549
42531 42737
41395 41537
25455 25507
83676 83830
37351 37637
24755 24775
9512 10127
36510 37207
42613 43491
53793 53983
41771 41812
80546 80879
86622 87174
71516 71762
56120 56265
483 734
65494 65703
56983 57295
42571 42754
4006
1037
89682
19593 19751
50423 50517
65948 66155
71066
43469 44078
27599 27745
64908 64952
31688 31913
88473 88846
57711 57757
65435 65670
36784 37060
30475
36645 36936
28776 28852
34526 35547
53566 53867
5518 5732
73584 73585
47947 48460
72831
20179 20532
87574 87861
24898 24945
45442 45531
30797 31321
1376 1677
36563 37022
25266 25388
89925 89991
66718 66822
81475 81757
89357 89406
40960 41146
12906 13425
46151
66323 66864
37162 37903
81818 82081
46380 46659
50003 50141
257 642
61271 61320
58725 58983
78308 78604
51807 52241
35166 35184
10375 10509
7797 8656
18252 18408
63396 63600
59022 59144
76124 76205
5574 5643
86477 86583
64818 64837
7462
43962 44915
78265 78501
83423 83884
53890 54472
51251 51353
59394 59545
8423 9188
19675 19971
33076 33473
68613 68631
32185 32731
32252 32270
64165 64244
79443 79672
46572 47019
46057 46361
37821 37934
4686 4884
56816 57101
67787 67925
355 465
27520
32920 33560
3091 3733
59937 60619
27988 28382
31636 31861
12485 12872
87953
49487 49796
73746 74023
13809 13811
36259 36359
81978 82084
14837 14988
6457 6900
65388 65490
69636 70117
4662 5195
44162 44422
5909 6480
2687 2811
58233 58612
42044 42510
83549 83591
43213 43241
40711 40876
26032
47112 47197
18861 19259
84378 84443
47451 48066
14180 14828
65251 65320
58997 59231
49441 49500
48002 48258
10837 11370
4270 4918
48492 48711
18892
37844 37886
48994 49190
23456 23628
30553 30964
35369 35477
42042 42152
29084 29086
9844 9872
40618 41035
66836 67218
968 1047
77972 78029
81056 81178
68124 68158
44586 45316
73313 73743
66977 67262
27498 28026
27765 27890
54587 54592
48559 48642
86823 86917
7036 7401
6229 6539
25663 25809
5271 5302
51599 52028
5313 5898
35067 35127
30118 30136
21290 21519
88784
32213 32331
7802 7950
45942 45964
57005 57404
81744 82135
86387 86530
43466 43667
67522 68037
35161 35192
75601
1988 2117
24563 24780
51289 51518
14665 14722
55653 56018
9624 10055
36734 37364
77651 78920
44734 45515
85593 85754
59083 59555
8469 8765
76899 77192
22592 22656
71321 71818
19965 20333
53664 54364
24111 24731
18501 19023
3014 3142
13 99
88932 89061
79595 80198
84682 84844
32977 33142
83067 83533
64620 64914
34568 34844
57318 57912
2558 2959
36287 36442
19587 19660
56226 56394
24502 24505
13916 14001
51137 51379
77169 77275
20790 20860
17365 17526
85015 85121
35577
42662 43230
5823 6736
74461 74528
55838
6504 6621
13576 13794
24079 24227
39165 39764
24963 25389
61001 61065
16965 17168
54049 54143
82583 82658
36837 36931
11386 11481
46898 47127
2846 3456
66179 66183
52937 53369
2699 2871
62998 63011
26667 26893
48285 48287
73435 73477
42402
42242 42572
28589 28888
39389 39630
79910 80907
75196 75226
77082 77104
45370 45514
17699 17799
22945 22967
4339 4612
45088 45220
12237 12615
61008 61128
22158 22193
66068 66201
80 252
8124 8886
30742 30799
33216 33245
7020 7936
81177 81288
7697 8444
18061 18142
10628 11247
45055 45745
51811 52205
12524 12703
89304 89737
57601 57989
10531 10612
1997 2390
31921 31988
19985 20376
51857
55080 55353
68906 68941
86485 86868
5315 5791
41767 42291
61292 61820
32298 32459
86697 87085
71803 72147
4673 4699
58915 58935
15666 16290
67221 67336
11614
21897 21963
68597 68806
64754 64787
79485 79960
60948 61103
23162
42519 42794
18208 18484
70521 70600
31736
65397
62549 62675
6406 6691
73690 73810
58088 58354
33115 33175
26973 27455
82154 82177
60924 61338
64850 65313
9810 9836
43064 43261
72701 73179
55254 55482
64951 65326
41895 41921
76723 76973
69452 69911
77340 77400
86306 86798
20420 20775
27574 27583
401 813
44964 45100
33905 34099
36842 37152
94 265
3497 3649
85231 85239
41976 42540
70073 70434
49236 49635
38543 39311
44556 44952
3109
27774
54104 54296
62515 62567
66330 66608
83757 83762
68533 68710
81593
86059 86063
54100 54193
60031 60881
34823 35438
72124 72433
69080 69219
68315 68629
19413 19664
47233
1351 2040
78804 78814
50888 50984
30994 31150
42560 42683
24806
29062
30066
33089
75258 75273
23406 23552
63526 63669
23770 23830
60196 60436
85993
70345 70475
49669 49673
84599 84873
67400 67491
57371
66605
35200 35583
38275 38864
31256 31265
19640 19852
79972 80163
46546 46554
42802 43897
9416
4433 4546
73031 73162
54633
31798
81028 81563
88984 89028
81851 82096
49258 49692
41931 42448
52346 52411
52643 53218
75127 75398
33 198
89095 89124
29467 29630
49554 49775
25338 25575
34695 35087
49898 50157
61566 61870
33005 33885
88978 89865
9765 10062
68559 68939
38252 38503
79544 79652
61069 61175
50931 51368
72432 72512
16933 16967
14815 14902
54181
82249 82272
25991 26217
37623 38367
39289 39396
13577 13713
86013 86146
71755 71813
63142 63198
24031 24372
35944 36201
81034 81251
47073 47133
42185 42350
66222 67041
38544 39056
43428 43633
7715 7824
31555 32400
70679 70732
42122 42749
58644 58698
36667 37477
22493 22823
84809 84874
64913 65075
2842 2868
71457 71564
31084 31263
6529 6677
34534 35393
16661 17162
12119 12210
39815
70380 71174
23899 24187
66688
66359
63295 63318
75954 76099
1744 1935
57329 58344
32545 32853
1939 1961
75328 75448
14285
79280 79634
79805 80191
7236 7254
87596 87984
18364 18392
23755 24560
9967
65001 65440
73458 73538
25479 25570
56900 57028
9482 9487
4845 5186
39607 40106
21167 21318
7982 8024
82023 82189
88241 88552
12110 12209
56722 56824
13490
26105 27147
33317 33322
66584 66681
40795 40870
1334 2182
60680 60978
75012 75952
3799 3980
61637 62250
86493 86796
37990 38272
24299 24396
51810 51935
13323 13404
72540 72625
17660 18011
73046 73308
60986 61187
66596 66634
33250 33549
84976 85145
1507 1711
88337
25715
10351 11209
62794 62892
4193 4719
29116 29315
72128 72317
11280
5220 5523
76373 76695
24763
47097 47461
69614 69634
8825 9068
75387 76393
19163 19318
68598
43650 43926
34937 34941
41746 41822
2560 3077
45449 45886
78736 78947
5703 6278
47784
79095 79601
66366 66375
14450 14460
43076 43104
9502 9820
71283 71688
61505 61857
25689 26220
11967 12588
69152 69376
56281 56781
76070 76222
63302 63319
45920 45991
89949 414
37834 37984
36909 37264
64235 64378
20880 20970
58462 58549
39019 39107
13849 14124
69160 69182
6313 6393
13874 13884
66266 66482
78148 78201
85974
17899
3081 3145
57968 58042
21488 21588
3710 3813
56221 56605
75967
29664
45881 46245
16378 17417
80876
4385 4419
87441 87443
72371 72374
78020 78250
3556 3658
76509 76730
15624 15743
15951 16110
47937 48443
3568 3639
29932 30005
23491 23542
18938 19209
53330 54159
59288 59766
5310 5421
43607 43788
64098 64181
8723 9497
50272 50781
33428
23190 23521
16406 16678
53347 53562
6744 7177
48737 48760
22782 22881
80771 80959
44795 45235
24999 25317
54774 55035
58242 58257
11156 11160
44174 44456
51802 52022
26845 27044
71401 71576
67729 67806
89285 89494
38676 38979
44483 44619
13690 13913
59120 59142
23095 23752
23919 23997
5816 5876
56742 57058
69346 69383
74847 74890
60108 60178
78188 78620
36750 36910
40892 41289
79289 79535
62211 63047
87621 88191
64817 65263
43905 43978
29570 30004
60023 60086
38092
85268 85579
26700 27087
63764 64249
40632 41248
28777 29471
79985 80022
22279 22518
64980 65190
20347 20356
58635
62263 62320
51165 51537
12463
31188 31229
84839 84925
81080 81187
65638 65988
33579 33780
61543 61604
31483 31803
52139 52151
45784 46053
16954 17356
67416 67636
24218 24666
2529 2855
16881 16925
51577 51847
14981 16057
25642 25756
5928 6385
11368 11785
27679 27706
66493 66808
59100 59865
13519 13897
67173 67396
8463 8550
60492 60626
83540 83782
55620 55725
66342
69088 69445
75582 75822
80780 81505
619 741
34555 34628
11067 11225
38119 38451
37343 37419
41613 41755
33565 33716
11071 11542
50127 50472
2164 2833
84524
39854 39915
20855 21156
7271 7914
42 246
32274 32936
25611 25961
17954 18224
22699 23239
54317 54466
21010 22078
19452 19512
39937 40516
83006 83417
43987 44235
43007 43234
53999 54373
77845 77859
1236 1392
11744 12004
18039 19001
21602 21689
1484 1833
31383 31424
84622 85265
70047 70358
66723 66899
15020 15979
20318 20530
28199 28215
31176 31632
83944 84162
27103 27327
16935
71253
68877 68916
59475 60065
10555 11169
77725 77751
53320 53674
14907 15089
50537 50863
16251 16316
3030 3407
6613 6673
23982 24437
33653 34336
29750 30308
20992 21137
60115 60157
1928 2147
88982 89085
86374 87009
16848 16939
83162 83234
14401
2076 2212
11768 12178
48694
50898 51377
76832 77071
63821 64388
51031 51072
83538 83898
7046 7155
16666 16707
41410 41734
88772 89094
15194 15436
32968 33023
55459 55481
46042 46216
86667 87183
37325 38156
22073 22299
56068 56188
31437
6443 6626
28574 28744
19420
86091 86322
26664 26796
65430 65821
51988 52233
51578 52182
1335 1825
84705 85431
33308 33512
80214 80239
51925
42725 43190
1897 2121
3132 3715
61237 61267
85743 85795
13669 13813
70188 70341
57391 58018
29980 30701
84310 84407
19478 19684
64457 64476
36723 37221
53256 53300
79614 80275
71212 71790
86831 86834
50576 50586
64947 65112
74103 74690
61926 61945
81156
64778 65135
15894 16152
19087 19126
24203
17334 17643
87477 87645
76698 77042
25911 26535
11740 11979
342 859
50661 50820
23055 23187
57520 57876
23340 23499
78653
68133 68481
20765 21143
28022 28347
70390 70424
70083 70278
71974 72071
8827 8916
85338 86504
27824 28680
80326 80554
63762 63829
86077 86154
70186 70377
25403 25424
27421 27438
18007 18097
14550 14693
53569 53745
46321 46537
38916
35173
23797 23914
64280 64811
29857 30172
13546 13567
29087 29186
2271 2314
17953
1156 1592
51796 52159
85890 85982
57798 58438
44595 45101
89204 89404
69772 69956
55826 56064
64957 65189
20661 21277
43454 43554
53841 54272
30811 31224
27604 27781
26016 26674
29252 29353
70531 70838
17130 17491
55753 56055
43673 43706
37056
46804 47071
47911 48406
67575 67869
18648 18949
681
68244 68274
79629 79987
72095 72274
63849
35656 35732
20403 20427
13336 13369
68618 68687
83281 83619
4188 4818
32067 32572
17729 17822
4099 4173
30106 30386
8962 9741
19917 20254
72004 72419
21937 22653
17290 17351
55117
64198 64641
66466 66519
44702
25284 25396
31649
67031 67244
12212 12297
53567 53614
68915 69272
73086 73159
70169 70392
66507 67168
57694 57770
23245
26545
66115 66467
79964 80200
6596 6816
63766 63804
17854 18030
69354 69638
23061 23111
9768 9877
84363 84388
59079 59102
86599 87346
54873
18542 18624
50425
55726 55984
27566 27985
60396 61094
45654
8393 8420
38735 38846
20344 20422
17696 17757
50134 50293
39290 39376
70601 70938
82854 83150
68404 68514
64338 64565
17731 17831
49279 49292
4161 4634
2681 3160
44431
33048 33129
72045 72116
75924 76151
48840 48845
31787 32093
58564 59565
54300 54545
66527 66928
58748 59359
86567 87529
4552 4837
10945 11459
88537 89230
64173 64295
73139 73243
33835 33976
52402 52468
88167 88617
89532 89731
81042 81074
43622 43680
23152 23236
68961
10072 10327
62236 62266
53730 53852
89402 89753
74502
34166
65195 65228
50304
54593 54656
31293 31353
65950 66108
38190
44101
76285 76528
22836 23026
6198 6280
76251 76450
27154 27344
75268 75360
67363 67574
11345 11609
67592 67734
80030 80236
51045 51100
67331 67469
41037 41668
215 415
67105 67282
78594 78697
31438 31869
28815 29387
38389 38542
59684 59978
1820 2006
9969 10076
73895 73983
30584 30725
13444 13578
39527 39574
52232 52242
8779 9005
85098 85209
3999 4618
23862 24264
48188 49221
64031 64343
41711 42038
9571 9599
46986
75060
23656 23744
34503
31748 31899
68930
46722 47009
7905 8050
23582 23738
78693
21085 21189
33645 33924
11302
20045 20060
69286
84447 84689
27655 28213
28903 29407
3226 3488
5705 5996
28342 28965
30306 30980
61940 62335
8017
52188 52289
44372 44590
58078 58157
4605 5405
73537
6500
44485 44716
44154 44160
45099 45260
20949
8035
51573 51884
63867 64539
58333 58385
1163 1557
87394 87506
18331 18430
19298 20166
76871 76937
17509 17664
86941
59256 59426
11435
63439 63534
5263 5622
48244 48422
51731 51849
61100 61269
18900 19588
86826 87614
27331 27486
64322 64600
76688 76745
68790
6291
44074
15591
32317 32387
61247 61699
46578 46869
59573 60183
59972 60186
6514 6962
85460 85641
3168 3286
42446
58767 58921
58004 58286
43486 43626
27162 27217
30640 30798
57073 57320
41806 41891
59143 59279
21429 21676
51077 51422
43517 43576
35529 35914
62034
27506 27805
81191
81960 82178
86018 86289
39582 40113
67206 67675
64978 65037
30218 30225
83116 83218
88826 88914
46633 46644
12035 12229
58137 58151
71416 72060
19814 19859
20373 20413
44854 45440
14847 15642
63014 63029
26831 26858
63761
32286 32348
19049 19121
45085
57202 57226
87014
29791
17116 17135
46727
15377 15599
34448 34498
30712 30795
4949 5431
10601 11170
18749 19261
8346 9152
13580 14480
62716 63164
33867 33985
80014 80541
50462 50509
52334 52964
8353 8439
23296 23361
68308 68401
21187 21954
87210
51243 51372
86709 86792
40983 41017
77514 77637
27750 28768
12116 12211
8309 8811
61188 61848
32013 32124
36127 36840
71184 72314
82412 82720
8563 8731
22993 23068
63188 63437
26875 26985
13320 13908
27377 27622
65098 65351
74168 74376
23925 24376
32636 32938
60931 61164
45075 45107
68094 68095
33085 33183
86452 86467
78214 78398
921 1140
2822 2895
40360 40529
41503
42282 42473
8920 9339
66134 66368
34393 34987
3620 3843
86183 86593
41331 41468
68090
34118 34146
9120 9385
44749 44853
62248 62553
66058
23381 23407
35565 36051
55578 55718
68499 68993
56984 57011
14822 14887
532 866
59890 60032
48712 48944
78482 79064
707 1396
58544 58955
70534 70572
22845 23007
32476 32961
14235 14428
61072 61357
48382 49205
64687 65121
5727 5751
26110 26972
255 649
2900
56288
80314 80397
3747 4221
82138
29037 29956
87593 87755
49709 49974
36266 36285
82416 82556
32693 32703
59096 59827
40949 41334
57682
54161 54411
47741 48038
25954 26321
88598 88649
68221 68451
31181 31375
68589 68634
60308 60473
72013 72188
743 823
19674
80793 81193
7679 8381
16229 16496
55941
24013 24338
27900 27957
11850 12205
15263 15405
81502 81551
22262 22461
56349 56467
55971 56048
79865 80805
9312 9433
67930 68769
27778
10636
23142 23441
59893 60062
44830
79054 79195
31394 32172
43542 43682
47226
40291 40907
84482 84609
83105 83108
65701 65896
87218 87545
54784 55092
65527 66077
85492 85705
12333 12693
48789 48974
18464
54596 54917
16648 16672
39323 39432
85721 85781
20894 21012
78435 78439
75623 76009
41130
50153
184
28659 28749
31532
60326 60390
63976 64044
78785 79320
75467 75578
37237 37455
36022 36152
27475 27686
60571 61383
69105 69194
2840 3006
35609 36198
23618 23630
3153 3321
81911 81954
374 570
38020 38149
2221 2322
71924 72140
66530
46130 46251
38806 39210
48108 48986
37734 38270
73122
55836 56512
70549 70741
84398 84929
25790 25847
61738 62491
56683 56765
46345 46617
76628 76761
83151 83152
74015
37787 37825
86444 86744
72311 72454
16519
1322 1393
52483 52611
73212 73699
4466 4566
30586
4934
6786 7320
30897 31218
31430 31777
87878
42629 43070
46459 46499
45357
89794 732
40612 40790
5623
18296 18432
20503
3597 3873
89177 89764
47088 47327
21139 21281
62307 62748
6647 6991
14713 14866
79164
54131
4771
35155 35332
87389 87520
3133 3175
26726
18678
24918 24943
24178 24721
22064 22134
43812 43977
12752 13310
22890 23070
67644 67767
40388 40440
15892 16222
51622
38992 39203
30456 30496
70195
30560
68345 68561
36493 36641
33937 34020
80826 80839
88744 88762
31389 31488
34442 34564
51477 51737
49380 49619
24433
48228 48313
5441 5726
53427 53494
5187 5391
79199 79434
79870
55656 56034
31495 31782
62023 62571
36774 36985
31244 31579
53053 53335
13478 13944
31989
37007 37090
41763 41835
49478 49767
62805 63284
83196 83286
71268 71437
7429 7460
77289 77354
9272 10549
81390
35279 35293
7422
68143
25324 25469
85727 85822
1957 2352
32084 32206
63387 63781
48367
56294 56445
89615 84
15991 16371
10389 11413
46317 46473
20794
76969 77029
68522 68666
53200 53225
53165
51630 51752
50079
41232 41319
79582 80177
19368
36252 36361
63472 63617
32873 33080
40205 40394
67107 68139
64174 64413
78931 79396
70989 71239
85614 85806
9479 9610
88144 88254
42313
24417 24550
35628 35638
45979 46247
54252 54393
55183 55956
68257 68627
5019 5269
25260 25398
27435 27469
18604 19596
15114 15264
9807 10290
8379 8878
22538 22775
26709 27343
40500 41069
28360 28944
59421 59456
48273
81517 81613
19924
44167 44529
87963 88030
17782 18088
80922 80976
10878 11405
35081 35419
77619 77631
28157
29522 29890
21919 22521
5741
65139 65196
663 728
52450 52520
71166
67037 67084
8492 8551
36534 37461
64541 64797
66178 66456
86780 86879
47526 47721
36957
7354 7453
20737 20975
4121 4549
70297 70747
65855 66103
30519 30580
25282 25754
66621 66855
64015 64083
8913 8922
41449 41640
80791 81315
7983 7992
37101 37470
87514 87544
26487 26848
32322 32530
13482 13730
20175 20325
66953 67295
77599 77820
33409 33597
51241 51842
75980
60503
35500 35572
43135 43461
57953 57993
26210 26804
43223 43335
76575 76598
20917 21109
12573 13585
8108 8766
65785
4292 4664
56383 57090
30281 30882
25884 26184
57085 57157
61223 61296
76954 77286
48496 48532
12593 13318
48661 48823
17744 17940
70506 70651
69058 69208
68539 68821
16527 16549
39563
66372 66417
78541 78569
79491 79801
60041 60175
43126 43418
52 432
40456 41179
68225
67791
22113 22537
71729 71756
68334 68782
45356
29056
22962 23182
65421 65446
12805 12861
53416 54244
71973 72383
18843 19181
34497 35146
33739 33841
911 1019
19450 19552
30343 30603
29710 30146
50691 50745
80748 80988
26162
74710
84579 84738
18929 18987
16877
70255 70271
72876
80487 80559
74738 74774
88297 88623
17283
76769 76771
65405 65620
81862 82109
84217 84241
11663 11868
33102 33342
2155 2179
8498 9073
79367 79952
45512 45578
4486 4603
74145 74232
16594
81434 81481
34677 35220
34206 34327
74377 74445
36129
5474 6533
36611 37093
11382 11533
12639 12886
5825 5842
85637 85682
52425 52726
375 725
3638 3704
89453 89545
84325 84493
6485 6774
8066 8247
63730 63856
62079 62217
68774 68832
26607 27169
63809 64743
2652
67990 68307
18571 18623
37423 37604
80892
8253
3894 4216
76912 76944
61921 61943
78760 79004
29778
29609 30021
41569 42126
74640
57445 57506
45754 45879
72559 72641
58463 58565
78432 79301
52225 52533
20104 20136
54513
52969
52853 52936
54224 54443
16677 17498
38395 38507
41747 41960
25180 25329
75447 75938
60879 61327
39782 40569
54748 54918
86844 86900
84136 84581
1975 2399
74882 75195
73097 73445
17146
13144
37127 37380
51664 51831
38279 38364
72980 73178
75093 75242
71521
70889 70915
73282 73336
38028 38219
48052 48164
64472 64552
10107
30032 30246
70209 70386
1971 2018
77932 78051
43529
33383 33423
86962 87195
76747 76749
71586 72119
17180 17213
3191 3525
76844 77282
30771 30938
8732 8853
51759 51918
18315 18372
81525 81612
18715 18755
2466
32592
60940 60997
76855 77094
11923 11992
35175 35378
3276 3941
9018 9027
22334 22377
21174
779
42430 42650
61525 61617
35874
19739
41842 41850
27708 28048
73617 73717
88946 88966
50160 50667
22467 22640
83358 83841
11551 11676
35132 35238
87040
48672 49289
71091 71935
79448 79949
42888 43221
56556 56663
73009 73423
28310 28435
43971 44108
88792
19186 19499
9982
58211 58589
17399 17558
42495 42644
40029 40118
15305 15373
88757 89090
20509 20857
21110 21176
25567
80916 81070
82812 82938
74549 74550
72939 73268
53635 53769
44897
89078
8665 8744
16851 17657
45464 45653
69715 70225
41543 41735
67001
54165 54226
74165 74798
51904 52178
84881 84986
74567 74642
72097 72477
77872 78116
10272 10341
25614 25708
1838 2898
17921 18500
84709 84747
38412 38474
75639 75668
72000 72123
23555 23581
23191 23310
42811 43551
600 887
75550 75837
50783 51338
31095
58556 59568
599 674
72703 72925
67755 67834
50843 51346
12432 12471
52799 53133
74733
44834
40871
71074 71202
41665 41706
36588 36980
24909 25170
50775 50924
52990 53228
8712 8803
51017 51788
20309 20584
43692 43743
49155 49321
58167 58273
67435 67640
38565 38701
52112
37646 38277
4312
53407
72805 73184
40396 40578
49836
61168
83025 83200
59431 59585
20651 21249
79912 80164
82010
61731 62081
30573 30702
17978 18118
57475
30827
3459 3524
5169 5685
20622 20863
80061
52144
23584 23793
47266 48218
69025 69066
36216
79127
79490 80208
1735
7823 7966
7195 7470
39935 40195
84804 85149
83730 83882
50355 50523
83496 83551
54721 55143
89171 89245
22277 22412
62577
35706 35715
74087 74167
12138 12734
70972 71249
50796 51813
81120 81269
74726 74762
34188 34263
1950 2458
2353 2495
45954 46338
39913 40158
66844 66885
25428 26279
23385 23961
38500
70821 70901
13250 13330
33202 33302
40296 40334
36920 37092
56859 56974
59671 60070
17424 17623
65916 66353
41081
53579
34137 34530
71420 71578
45269 45350
65094 65283
67633 68076
54652 54739
5697 5815
80634 80635
8575 8770
20418 20431
87157 87191
49164 49437
67551 67676
9447 9652
75704 76042
51859 52117
9985 10016
12383 12528
16044 16177
69587 69755
58409 58558
56587
29183 29205
37485
29624 29838
15364 15485
74603 74881
47028 47166
82079 82236
44238 44338
57802 57896
2771 2790
44530 44731
40764 40951
73508 73543
47438 47595
41085 41276
79561
54194 54201
24352 24451
36036
83124
54229 54268
53623 53662
52745 52947
53871 54058
70224 70276
50109 50265
32177 32178
34669 35110
39349 39962
83387 84105
5746 6110
75422 75968
79439 79554
28437 28836
41759
44096 44205
75458 75686
79669
56591 56884
71507 71557
33970
73060
20353 21330
44993
22308 22838
35790 35968
8028
63186 63201
77380 77470
21417 21562
72460 72642
54359
7048
24655 24765
58199 58346
2780 2836
76 597
30804 30824
89921 16
5163 5393
43271
83398 83509
73638 73670
9780 10348
89658 89933
12267
29405 29488
83601 83872
46707 46748
16412 16795
88198 88534
49956 50165
16688 17016
45332 45520
48658 49447
60188 60594
83128 83278
11041 11165
46306 46346
35755 36087
27416 27993
43537 43747
6863 6870
33779 33935
56576 56794
27916 27984
84009 84222
21439 21478
4804 4890
10559 10899
87931
83249 83340
87798 88317
84669 85568
21107 21627
48127 48158
53305 53368
10124 10378
53969 54276
85275 85366
18595 18882
16578
12523 12652
66113 66196
46637 46669
78876 79137
2201 2296
36443 36596
13324 13384
71784 71959
20515 20679
37277 37300
30547 31191
1625 1761
62825 62931
10846 10989
62221 62351
64231 64677
8801 8889
54238
24583 24978
56878 57083
67973 68072
5373
66350 66580
72099 72177
80380 80443
81946
79193 79532
72242 72671
39030 39113
52968 53576
75901 76333
6041 6619
14005 14229
18795
35775 35823
31475 31846
72815
69397 69535
13695 14691
7788 7839
20576 21046
9761 9788
61797 62117
87718 87964
47856 48011
72936 72959
68153 68387
40316 40398
36456 36727
12550 12634
52248 52382
22499 23010
80709 81075
42998 43117
56834 57328
64306 64345
19382 19438
13483
77840
17387 17760
70508
41249 41996
59516 59795
5456 5529
59164 59406
71127 71431
69716 69887
20995 21247
68352
9119 9700
62833
42273
6636 6740
84081
4401
62203 62654
69575 69909
60445 60559
23963 24150
10424
31839 32127
62759
19112 19688
75659
7210 7230
52521
24882 24961
35870 36103
25007 25615
46158 46161
44940 45083
86252 86478
59908
29107
65034 65081
39941
41088
16298 16531
20660 20755
13742 14295
27619 28323
61215 61334
42872
84660
65567 65923
26556
56154 56436
79852 80288
52056 52359
70744 70789
30870 31478
57933 58428
73514
84115 84256
23357 23538
2062 2077
17470 17512
44836 44839
32658 32812
76497 76513
52478
2457 2904
19439 19509
88866 88944
89048 89819
16171 16562
38335 38563
52057
43298 43519
67064 67338
65295 65507
1371 1629
17115 17582
62614 62621
59349
55389 55727
86191 86707
5305 5515
59263 59751
78955 79593
23047 23233
15978 16416
6282 6482
44787 44922
81205 81646
73855 73883
59165
88475
55367 55384
38207
60286 60354
44881 44970
618 792
50724 50764
77161 77184
17821 17973
77967 78290
89157 89353
17535
77272 77346
43423
5382 5424
26149 26459
3259 3559
58467
40582
14230 14241
49477 49816
24905 25186
39189 39257
74466
67830
16187 16195
8209 8859
43456 43497
16449
70511 70768
31447 31625
35846 35907
39959 40014
43115
28612
31317
53522 53525
6937 7078
9428 9816
9955 10023
86423
7507 7888
69344 69388
61365 61419
35181
51880
60821 61255
88925
17546 17615
89128 89218
59898 59938
79655 79951
15262 15696
71895 72135
36117 36182
81461 81624
72333 72363
43594 43844
11827 11830
74210 74632
73157
81640 81763
48957 49274
17273 18216
4120 4883
83431 83712
48727 49316
66210 66392
36196
89102
77118 77182
52582 52619
47993 48146
56997 57584
78170 78650
81994 82036
25862 26113
75001 75312
75371 75563
74905
8507
5090 5300
75810 76072
48799 49148
63443 63455
20823
13388 13542
12884 12918
81799 82876
69015 69399
5325
73465
5769 5984
54283 54318
59822
27855 27889
14249 14486
43815 43942
89750
88315 88404
12351 12352
34253 34262
34961 35080
48265 48442
25508 25654
22912 23168
73310 73468
58033 58213
24714 24835
71759 72057
9892 10039
55387 55576
62955 62970
53594 54019
64890 64979
55667 55957
58490 58566
60144 60209
55213 55335
45360
23416 24177
17108 17683
45674 45795
47400
71683 71689
72872 72988
29688 29723
48096 48484
80105 80120
10931 10970
21038 21310
28464 28622
65899 66470
71314
39644 39712
12213 12406
77833 77836
82642 83686
695 810
76873
9313
72786
85704 85749
89115
45048
62868 63812
53765 53960
13461 13783
85376 85516
55338 55442
49472 49608
35296 35306
77918 78133
85283 85912
64831 64932
15525 15571
19923 19990
8690 8802
29340 29499
32442 32709
89189 89832
33792
32018 32154
31048 31411
74483 74637
80256 80458
49515 49616
54369 54506
27413
28403 28832
36531
24871 25796
65660 66015
44310
83989 84273
59490 59579
56719 56842
33723
85692 85870
38042 38297
47942
83171 83459
31895 32132
43561 44029
38790 39184
53895 54009
13292 14007
84367 84422
84838 84915
38652 39139
54325 54382
756 1080
55712
69509 69814
67594
83874
4724 4967
54239 54538
46749 46943
17977 18211
64746
42974 43307
42367 42788
85162 85206
75203 75415
88284 88424
52960
62823 62853
3279 3315
16740 16775
73422
14017
18951 19030
63964 64142
9801 10224
43991 44541
79622 79971
53941 54037
81009 81404
19958 20350
76988 77133
72921 73045
2878 3061
86521 86681
45624
57781
65220 65331
80342 80346
46081 46168
66328 66462
798 903
36231 36342
44669
24489 24587
23160 23221
52977 53166
36709 36737
28675 28853
15032
16095
52940 53117
68542 68761
22178 22503
29926 30292
74111 74325
22132 22204
44634 44695
52265 52753
9096 9511
24745 25151
35962 36174
10988 11097
71280
18514 18713
47959 48068
29724 29884
87244 87559
66278 66406
62298 62310
85543
22169
31030 31050
51834 52203
56741 56808
18556 18876
57756 57893
71358
82440
5648
27924
26192 26259
43937 44015
57864 57922
63576 63713
76611 76995
51757 51982
12072 12350
25298 25397
50329 50626
52016 52206
21173 21364
28942 28966
25168
84953 85056
26046 26633
1576 1593
70844 71062
9556
31405 31719
65050 65680
89506 89728
53431 53598
4968 5006
27692
43796 43907
78310 78338
60925 60936
49171
5644
14064
56823 57092
53352 53681
73217 73337
78695 79246
59837 60352
30883 30929
10216 10250
83447
15022
4824
56708
30614 30633
39544 39546
22734 23058
10562 10575
34633 35035
46101 46518
53838 54027
6890
85170 85302
89942 192
48653 49182
84037 84655
16200 16638
35128 35129
13383 13387
71313 71478
44258 44679
64030 64101
362 731
56063 56316
57530 57624
87335 87705
33740
42290
76812 76834
52677 53145
22089 22573
68625 68874
51369
31874
50427
71997 72018
12642 12718
42986
82208 82305
84670
13078 13258
89432 89945
1305 1358
67873 68255
38090 38751
54821 54886
78257 78589
71828
70727 71149
21989
19090 19115
70147 70656
42724
30849
87249 87471
66656 67187
38379 38635
70280
56868 56926
11532 11799
12054 12628
65521 65543
76485 76530
78050 78055
72270 72345
76728 76895
7081 7227
1130 1341
50725 51005
21251 21530
33705 33840
42487
27324
19176 19213
79894 80002
52670 52733
2778 3093
86053 86098
76140 76510
49488 49550
70230 70257
67226 67557
54816 55089
79899 80536
6114 6323
78079 78918
71810 71886
77081
3117
25349 25554
85669 86379
15 49
13398 14233
89705 36
67931 68107
69280
71439 71843
78138 78202
73726
77070 77100
37598 37852
7956
33660 33960
64281 64723
9759 9804
6397
53908 53995
65473 65661
34413 34431
81458
30592
46176 46327
26467 26847
67426
54477 54807
58412 58465
62500
38897
56978 57155
50636 50752
89555 89577
40566 41215
31928
37151
7536
78272 78445
43053 43146
81451 81629
25135
15854 16276
76008 76709
22691 22694
76362 76567
56032 56434
65558 65844
62921
20017
27410 27556
8236 8343
1485 1490
82895
46034 46122
4405 4583
67975 68353
32766 32855
34795
11873 11942
46178 46277
65143 65816
2081 2098
6581 6765
31297 31328
80462 80825
26063 26330
78337 78669
59166
82438 82471
72651 72733
36889
87381
29022
52157 52221
29833
25597
65292 65489
42368 42557
7159 7348
30045
70808 70963
37476 37676
2367
11664 11812
44535
8413
22935
26624 26670
31910 32608
7435 7913
18669 19075
48595 48605
71475 71687
5880 5945
39321
68849 68875
52455 53230
12394 12749
86484 86665
39221 39381
9787
76054 76180
43541 43919
30361 30363
42017 42524
698 1380
21819 21930
10141 10347
73669
49508 49814
11655 12491
85435 85679
60505 60801
10157 10286
7243 7393
27079 27177
72389 72798
33824 34108
56714 56789
25919 26014
6903
49053
58468 58663
75062 75190
9727 9983
59831
71637 72488
22948 23654
25580 25792
10841 11144
49351
41526 41777
67864 67924
62510 62673
83513 84012
60769 61013
68592 68683
51562 51570
52065 52466
20086 20120
43059 43742
51814
59086 59091
87185 87270
69949 69961
68335 68520
24096 24127
50539
55259 55454
29877 30084
14502
66946 67842
84856 85724
34894 34971
47065 47206
11578 11615
62411 62431
36773 36994
46241 46334
82600
40419 40508
49928
14021 14161
43463 43520
58177 58522
21211 21356
44263 44388
10150 10240
50937 51022
18026 18575
33713 33802
18413 18459
32263 32453
489 515
75642 75653
87163
76512 77236
63938
52263 52462
68303 68437
78942
28528
51989 52370
73555 73880
78839 78882
80402 80479
2293 2447
67740 68619
15913 15956
66839 67015
70348 70378
49088 49161
64465 64508
4610 5071
65014 65145
47252 47447
13033 13259
85992 86046
24041 24325
84805
2165
31627 32029
40621 40872
61982 62233
44986 45433
66795 66830
71325
1339 1514
22261
76429 76734
12338
1624 1852
8363 8408
44434 44820
52769 52867
44886 45078
61733 61774
19170 19748
45605
16224 16227
86170 86219
36356 36754
34016 34425
86625
41695
50808 50909
76308 76627
69702
27016 27274
9679 9900
38739 38932
28639 28873
33215
66162 66731
66238 66295
2372
47458 47736
45832 46254
50415 50420
36760
37922
27000 27097
89072
12916 13015
35210 35255
79319 79616
44083
44665
83400 83759
37037 37295
30582
9672 9763
11062 11462
65746
71444 71454
37185 37215
25446
48908 49117
51446 51511
4051 4277
14539 14573
75394
38921
10943 11008
13951 14379
43260 43293
10897 11173
65602 65898
9372
14873 15072
3605
52484
45378 45395
12572
42628 42706
12247 12405
43073
69128
72833 72902
43447 43464
49457 49858
15966 16265
3661 3788
53273 53842
69691 69738
89572
87887 87900
41939 41961
71198 71577
65115 65197
60543 60585
67687
73118
34946 35025
14871 15078
70813 70909
50156
31242 31426
73822 73941
25913 26041
77410
31741
82526 83015
13537 13721
42548
77602 78118
48481 48744
63022 63060
55604 56517
1898 2132
31680 32161
36524 36657
56948
22439 22742
18427 18551
76136 76300
16352 16674
52984 53131
63583 63665
77757 77784
6584 6618
64007
79847 79981
77799 77885
66003
24154 24475
34343 34344
32477 32653
77377 77750
14311 14393
60702 60912
7232
87597
12504 12841
27273 27515
70558 71419
77328 77538
1025 1034
29069
46779 47093
71121 71178
64032 64164
32744
15541
23179 23479
73981 74154
14272 14673
72782 73421
77867 77994
58196 58435
59877 60153
85391 85768
45539 45715
11556 11703
49530
52875
2905 3523
71775 71931
76108 77483
67762 67868
13843 14097
2307 2354
30455 30552
1021 1216
51064 52015
967 1006
56956 57420
87697 87702
13513 13926
19625 19703
27860 27931
55892 55982
89708
65480 65571
10185 10542
41161
39547 39889
63133 63504
66425 66433
23079 23145
34009
77699 77700
11970 12044
43465
80736
77852 78271
55466 55540
79752 80020
86555 87114
36871 37081
49959 50031
41944 41949
87901
50876
36963 37187
18673 18969
88361 88569
62354 62683
26268 26724
57078 57149
54199 54208
675 742
7434 7474
6010 6161
5463 6019
82857
35537 35604
44220
28482 28763
76569 76590
21202 21354
55834 56739
59945 60060
44219
43754 43781
8466
29144 29191
13661
22192 22243
47777
39372 39402
23265 23413
14661 14909
77259 78101
30162
83793
84631
71730
40455 40655
71845 71932
79859 79986
9921 10070
36492
81753 81800
40688 40735
74319
49585
5990 6085
9629
68786 68793
19680
9002 9353
37305 37733
40567
4063 4096
18887
86947 87898
86416 86726
62847 62958
1747
42324 42335
45486 45669
83467 83800
14679 14910
69371 69488
55298 55402
58716
73090
81633 82226
26786 26793
30567 30739
65444 65583
45219 45303
58485
62326
68015
4834
13533 13614
73140 73250
12258
50721 51001
86249
46026 46115
82243 82514
74061 74628
32290 32675
61994 62296
87206
25288 25456
25016 25060
7565 7995
59596 59624
77021
17826 17871
53702 53795
71770
44025 44199
88771 88844
45808 45854
62478
88048 88332
19248 19519
23038 23138
40943
18739 18908
36392
30480 30671
56291
65798 65888
12281 12454
13848 13850
29552 29948
11253 11603
59758
65961 66107
16161 16191
12108 12225
74968
79099 79340
9936
87296 87409
67046 67456
2684 3026
3878 4453
18679 18698
77911
83040 83075
51394 51443
73292
27213 27333
25369 25643
35452 35479
26485 26580
10770 10832
84661 84761
5142 5867
13870 14048
67375 67713
67147 67249
67997 68240
69191
56760
1497 2421
43963 44262
50207 50330
60316 60994
54184
11491 11508
9268 9269
69459 69891
54004 54289
8835
78319 78328
6799 7361
27101
55456
5322 5418
844 898
61704 61978
37537 38562
33601 33710
22138 22722
65733 66533
14858 14869
25494 25497
82278 82524
36253 36462
30278 30516
51969 51997
6535 6537
54331 54627
35551 35582
25177 25235
29169 29177
83296
26400 26518
60642 61211
80144 80161
46616 46689
66926 67137
28864 28975
87275 87356
67737 68016
3386 3395
33845
7187
79947
25220 25318
47187 47192
54052
10241 10644
53243 53321
65783
49356 49424
25662
76818
5482
47744 47801
38825 39142
33268 33326
28930 29065
53887 53896
62317 62469
2665 2752
87498 87753
17142
84883 84917
78850 78960
38354
10180 10346
27117
73764 73813
29680 29752
74758 74781
51299
50318
23077 23096
3285 3869
21368 21803
64029 64066
75503 75575
42675 42685
3481 3536
88712
11392
58163
38388 38706
19266 19489
25983
76659
53916 53967
51057
59909
7862 7917
75494 75551
48302
30623
52200 52327
42412 42537
49577 49716
70920 71327
74230 74596
80684
55411 55624
25021 25165
18782
47966 48792
61213 61495
19615 20016
78334 79272
80036 80138
87338 87676
7074
63620 63887
13771 13937
50654 51032
31186 31253
71562
70075 70299
85280 85317
19564 19648
31121 31239
66401 66710
40184 40482
77526 77553
63688
81278
64219 64305
68566
12222
39319 39347
3368 3452
87268 88003
6609
78427
79124
55842
55522 56056
2580
30976
26949
20717 20976
52728
85323
28298
73277 73366
11303 11509
52366 52591
64282 64867
4479 4512
45399 45591
1577 1769
18342
8257
55058
83252
63262 63552
21462 21847
22792 23059
7080
61104
61348 61429
48324 48342
20565
8307 8726
87669 87995
82100 82396
54693 54781
12745 12842
16601
47807
31665 31815
45570
20840 20929
1459
67903 67921
63416
86250 86267
29528 29639
67882 68063
55916 56081
5963 5985
87383 87623
74268 74439
23510 23672
31287
76906 76955
8972
50646 50914
15222 15282
5955
61889
81676 82353
82318 82510
22101 22587
85423 85535
32565
10593 10668
2104 2419
70382 70394
36004
31894 31902
2649
70997 71109
44054
44947 45031
66990 66998
12445 12613
33453
26990 27038
40701
59110 59155
59023
87095 87155
73459 73506
35231 35250
81682 81909
76557 76722
56126 56763
37773 38036
21877
63420 63609
32078 32174
33034
164
40414
71635
45824 46072
70928 71333
53144 53269
57867
36766
79222 79375
75715 76012
53812 53964
46802 47720
14562 14831
26913 26950
40749
64050
28601
39645 39685
72978 73504
66829 67178
11084 11217
69514 69643
53985
86656 86718
42442
54897 54980
58614 58895
26661 26688
45590 45648
64873 65406
73364 73455
34912 34993
67266 67392
61051 61060
75705 75890
27064
30763 31017
77045 77163
74476 74485
18582 18999
13173
86068
89262 89370
60064 60288
71666
22076
28920 28998
59528 59552
45131 45308
85880 85952
60583
10764 11752
83107 83170
31844 31960
14404 14875
1993 2238
88694 88776
75757 76376
70575
19191 19392
68236
40293 40299
23285
8057 8073
3445 3510
22005 22035
83049
32859 32933
64893
83921 84553
30691 31468
74525 74594
49251
72493 72503
34056 34342
87365 87461
2154 2470
46931 47284
89958 211
41637
50447
36055
20472 20614
78186
21848 22028
25309 25336
14159
53477 53734
81116 81944
64713 64798
39947 40083
9235 9465
66376 66641
6525 6560
39677 40152
54884 54909
12436 12458
20342 20415
28088 28155
2995 3264
36756 36887
16663
61916
15050 15140
76986 77031
22527
59832 59901
36486
43660
3434 3590
19611
57766 58106
34189
62104
66968 67190
63165 63300
85864 86587
89038 89251
68156 68430
35431
70653 70791
48900
68841
1005
32465 32688
48306 48310
84754 84869
84031 84261
84711
58046
24407 24444
14519 14524
40052
40746 40771
15221 15460
78304 78371
87712 87721
61096 61470
7930 7948
85706 85785
29119 29279
57636 57659
11564 11665
22364 23132
77216 77260
51145 51148
811 1316
5809 5902
54812 54903
43090 43411
68908
35873 35950
48204 48229
45580 45650
17706
59720
4477 4493
16001 16054
4012
83083
31212 31409
49218 49428
88512 88770
45612
28786
7853 8048
43148
41810 41855
7932
9074 9165
55147 55708
71764 71898
35026
22536 22566
24641 24843
64466 64498
13768
4577
83247
1233
14534 14637
55014 55237
81369 81579
42088 42101
57036 57044
80262 80328
62050 62149
20200 20328
81825
67813 67954
37280 37321
82263
44445
23799 23926
66442 66574
3044 3127
76011 76121
54436
33547 33648
55677 55909
82151 82261
68702 68998
48724 49089
59743 60266
11307 11822
72331 72766
39020 39090
27470 27541
7805
52473 52496
84018 84372
82793 82818
24186 25036
38198 38310
18477 18614
77034
88589 88783
17154 17779
24209 24441
76897
86188 86230
30295 30315
29616 29728
46449
3507
61122 61144
82394
22387 22834
46824
35939 36188
49604 49663
50767 50916
41882 41917
87314 87513
18667 18957
85319
11048
86915
6866
81202 81350
35444
75297
39264 39340
29229 29234
76861 77052
25045 25148
27095 27857
26447 26722
7364 7395
67543 67577
85293 85303
45037
75202 75491
54742 54995
88797 89123
29059 29378
2479
31332 31492
56145 56187
89544 89639
49859 50615
65981 66215
32580
75625 75816
21646
54779 54890
12128 12279
44949 45310
19076
52171 52245
8059
39848
65944
17967 18445
2308
81405
53387
74119
84560 84722
72246
9620
43618 43634
23939 24090
2873 3112
88614 88748
80696
60884 61147
58 218
89338
36601 36968
24173 24758
12253 12453
76604 76686
49946 50113
4609 4894
59103
38631 38648
340
50338 50581
57369 57895
88900 89043
86668
48400 48469
7014 7261
16308 16325
63064 63113
59226 59254
65096 65166
11457
10135 10408
73186 73283
26337 26361
13116 13136
80956 81004
78278 78529
47992 48000
50229 50373
3660 4036
47880 48388
46619 46845
10474 10518
58667 58728
10576 10623
67091
46679 47036
39899
42482 42640
10057
56124
47849
38038
86286
20227 20276
39839 40757
45888 46322
52421 52598
23603
82912 83148
69607
33134
80999 81236
12968 13050
41066 41101
48279
35683 36100
13361 13373
45444 45613
62542
77039
74674
83010 83060
51491
4460 4492
34832 34869
45292
43060
46276 46311
4189 4266
45369
5916
29224 29263
4555 4688
18544
14150 14200
74211
51703 51776
54050
11016 11294
13170 13208
10665 11460
33640 33641
86287
25870 25901
18194 19003
73301
39957 40270
17096 17380
406 522
2870 3185
26673
80160 80243
74067
79373
69567
59054 59093
72840
82425 82434
27783 28143
12808 12903
56855
29329 29580
5506 5618
51229 51687
85430
82537
9850 9976
51197 51275
56559
60382 60410
77660 77810
21805 21901
16801 16846
27667 27905
48397
55395 55871
16986 17102
84845 84958
10281
45770
8854 8887
30973 31058
39757 39811
23695 23933
51587 51782
72508
24836
24726
39686
17489 17604
46044 46200
15529 15903
76668 76782
79006
1828
83637 83912
74105 74492
13466
54560
65535 65668
56169
25061 25280
40753
10228 10354
71527 71583
13481 13664
8901 9861
31982 32412
63852 64014
52797 53493
89972 151
37988
36001
13846 14281
89308
57825 57936
48137 48214
17474
58281
2275 2891
27760 27929
2079
37191 37353
42075
28960
81773
76161
82590 82785
18522
15478
88019
51885
59740 60075
15858 16137
34124 34651
56218 56452
36826 37054
56400 56856
75621 75755
50925 50974
28653 29001
2606 2835
17734
36643 36689
29855 29897
53250
8243 8267
22475 22634
53854
78147
29072
80252 80335
70636 70695
86360 86442
69775 69920
17520
75185 75238
51021 51047
34891
83047
21861 22304
57250 58399
42969 43093
30805 30894
18964 18988
7590 7612
47665 47755
53750
69522 69603
6817 6843
53253 53343
62146
59493
73966 74049
59147 59539
14998 15061
7443 7485
53492 54002
72582
29008
5166 5980
20236 20263
20529 21037
63678 63897
18866
43707 43746
18868 18959
77627 77831
250 544
85029 85166
41335
58584
18121
37080 37316
21513
38598 38697
61483 61909
44544 44817
6805 7125
2133
71027 71120
82290 82490
11220
88106
1742
78368
58836
79640 79742
42092
68865 68944
5932 6024
84972
75636
60421
88407 88873
39734 40026
16301
54434
27835 28012
4131 4359
5505
31449 31503
45540
1884 2103
88843 89159
27915 28073
14523 14580
79311 79329
65597 65623
77402
41968 42085
45009 45233
37114
85833
44703
30535
44609 44641
10618 10670
35041 35395
76503 76631
10374
70310
81679
75844 75847
36278 36316
47625 47673
36731 36843
88291 88848
67128 67540
10307 10317
40740
82948
54645
35486 35526
48649 48713
67082 67109
65289 65338
28849
78345
53083 53180
62994 63874
52138
24413
14046 14169
13460
53763
22728 23018
19653 19737
68421 68462
58475 58476
69768 70272
24548 24672
24072 24632
6 25
58450 58803
75695 75808
63156
21292
74401 74593
28470 28498
85763
48828 48903
66149
62629 62832
65419 65559
36694 36846
24416 24427
2574
29373 29406
73783
49690 49783
60891 61112
39157 39202
53160 53648
39918 39939
8397 9051
17418 17796
3673
50785 50789
75973 76154
57325 57405
21582 21691
61355 61361
22084
69925 69979
77414
75256 75484
59298 59324
63469 63696
25957
60892 60932
51069 51080
33024 33133
4964 4988
62157 62628
22754 23279
54555 54661
78579 78607
41183 41607
64481
49819 50135
21491 21511
33463 33595
76025 76101
80822 80868
8512 8654
47202 47769
22673 22918
72458
7060
27235 27394
40155 40672
42125 42141
5608
56092
82582 83698
76135
34528 35602
81987 82113
23401
79816
52295
42585 42615
60036 60348
64646 64715
79083 79701
4645 4914
28064
57019
17043 17157
48688 48692
72734 72859
78692 79313
83027 83036
47008 47144
11706 11840
21201
65663 65704
43744
43960 44113
77740 77822
10711 10929
35800 35895
80073 80122
79539 79904
1212 1394
37141 37261
74085
86925 86935
28816 28871
65985 66164
46750 47000
24198 24602
58356
60578
10652 10811
71906 72141
73491
58308 58458
26353 27262
20454 20462
46909 46916
72700 72774
38151 38261
77429 77847
77600 77670
69410 69457
44386 44400
60625
38225 38531
33901
8069 8882
13364 13410
87859
64488
27784 28003
16396
56079 56150
59176 59289
13763 13877
86632 86842
13452
70509 70590
72425 72755
65184 65222
45683 45765
83109
53311 53501
74557 74779
8164 8490
73498
88981
45152 45158
76869
81798 81988
62184 62434
18090 18502
37946 37975
15252 15397
31032 31247
47377
61758 61887
81607
7757
50155
10084 10196
70993
23980
59078 59150
56908
8045 8119
7344 7359
12359 12520
56636 56919
16304 16307
70513
10882 11078
57678 58002
57449 57490
84471 84608
28315
24686 24830
22196
75707 75781
17595 17614
12846
48237
43448 43523
4997 5032
61628 61751
61451 61665
9758 9829
66444 66536
88094 88342
70774
21545 21612
4267
50457
49695 49697
52744 53864
19441 19774
84451
50172 50326
22981
47524 47528
85832
23327
72301 72315
19300 19472
86972
29479 29500
14224 14462
48625 48798
56886 57339
42801 42805
47397 47544
68246 68324
57589
69188
47336 47359
73279 73442
27036 27120
22770 22776
63332 63449
25313 25590
16845 16908
69570
2659 2832
88166 88215
37996 38189
15307
29357 29631
54323 54802
85964 85978
73461 73609
2473 2571
31681
55181
74454
30341 30884
11497 12674
54921 55087
78252 78451
63296
78183
38779
73565
74446
59930 60258
63627 63632
70621
65877 66117
69788 70101
46312
33401
40318 40327
42267 42517
55622
79113
87234
84234 84547
69766 69824
30931 31027
39857 39892
85282
73347
45649 45680
54135 54156
21671
69210 69485
403
13911 13930
44805 44884
12900 13010
53071 53313
74084
13008 13107
39250 39508
24761 24840
3318
65922 66270
69692
85667
37361 37513
85443 86424
63580 63644
68505 68537
33177
48075
41658 41916
62301
21208
82049
21552 21799
71690 72504
45840 45941
46897 47070
41011 41360
39519
62922 63108
18473
12625 12675
78274
41180 41346
77013 77014
42862 43208
22303
36302 36365
66469 66700
70550 70613
79422
51930 52220
55740
83041 83274
59724
28637
34163 34194
73589
61783
15069
82204 82207
48832 48937
75449 75509
75927 76609
3574 3716
51597
65427 65552
78992 79331
696
84847 84910
72216 72573
66778 66894
16653
51557 51845
56899 57037
66807
15328
57114
57050
43860 44103
24425
11182 11244
17408 17641
41393
45226 45318
9454 9484
19883
12396 12722
33234 33283
45148 45154
60484
75864
13027
84636 84731
64207 64325
42968
85941 86142
22121 22389
89828 89902
81569
27139
71180 71797
71043 71140
71138
83453 83487
65963
31842 31917
33072 33092
35005 35131
72946 73190
11480
74554 74863
37539 37639
45629 45708
7510
38883 38960
76526 77152
33093
22152 22198
65329
58802
36420
16143 17139
39822 39860
41308 41396
86421
79249
48242 48253
44316 44907
84022 84480
73789
46534 46552
62241
62752 62792
77974 77995
56724 57274
43370
76613
69518 69605
66852 66996
23747 24169
80604 80745
38387 39230
12010 12042
71021 71135
14142
88077 88307
1292
76296 76318
19477 20281
6550 6620
59325
44383
65822 65841
77435
45098 45281
14182 14288
31 411
30419 30459
55064 55366
73376 73527
22683 22688
13702 14094
21644 21845
74342
83339 83483
33984 34348
626 721
43238
77248 77688
56060
3942 3984
86428
74016
80461 80937
3256
22068 22357
64426 64487
43738 43829
73817 73890
52658 52946
74858 74980
47844 48208
78666 78940
540 736
59659 60011
9491 9500
43729 43751
4320
2919 3002
50701 50797
3844
18390 18472
42224
18661
61439 61465
28147 28193
40476 40804
12101 12236
77036 77886
20178 20185
65211 65239
88643 88684
76081 76257
47138 47468
68565 68840
26022 26275
6049 6290
75141 75572
23550 23713
18541
61040 61089
86225 86685
41614 41787
6015 6304
77154 77421
19421 19690
54182 54366
4010 4437
63376 63660
56936 57041
24970 25112
36059 36488
65742 65754
25448
26224 26409
81519 81560
69719 69749
79341 79511
19949 19999
2612 3116
52660
58860 58904
44565 44577
32838
10099
26035 26173
55657 55782
79745 79879
51962 52298
30920 31007
82458 82498
35223 35266
45297 45326
59141 59161
21758
27615
70829 70861
39653 39967
26374
48037 48255
21083 21086
22333
46244 46991
83267 83717
88670 88769
27576 27888
63161
60385 61171
28006 28099
30752 30787
88023
43193
24528 24634
32790
87637
17215 17347
19157 19983
58049 58178
63539 63689
9790 9994
56847 57317
68056 68105
78113 78352
45509 46073
28223 28249
38680 38866
10423 10606
16570 16698
29321
1575 1590
79813 79888
65936 66035
30277 30504
60904
46013 46152
73440
67117 67160
82241 82282
52949 53040
30863
33943 34074
88882
46813 46849
39378
48943
46842 46879
86350 86559
68575 68706
19346
30451 30542
62095
41956
4776 4858
22063
66220 66422
7274 7366
33101
21796 21866
14588
71994
34407 34542
82592
85651 85867
45871 45873
62710 63019
14375
88789
67777 67971
11289
8252 8405
70977 70987
39147 39161
57167 57768
49567 49899
9069 9260
47388
62120
55020
18515
54251 54290
49780 50101
71884
57789
72412
15565 15668
45614
42505 42577
49456
30354
9448 9521
51702 51916
16355 16507
3864 3957
70128 70165
44852 44938
19111 19161
72780 72915
23641 23664
57260 57307
52644 52668
28727
3599 3625
36404 36448
45162
53935 54024
78550 78728
46527
16535
54675 55004
23795 24351
51651 51799
51336
77605 78075
64033
86633 86880
58539 58690
86385 86459
37035 37192
7043
43915
42796 43430
23614
65256 65454
59924
46061
64464
86763 86849
9676 9853
64336 64404
29936 30340
55541 55714
6022 6622
2333 2525
26369 26453
3821 4085
25881 26143
75673
80639 80778
85929 86020
13745
52795
37665
32188
49358 49592
14779 14792
81386 81395
84982 85099
44032 44296
71732
32501
4439 4449
68714 68922
49507
84194 84332
53951 54030
68273 68459
85451 85480
63243
37105
45994
56022
79562 79890
41824
83970
26559
41954
83532
78054 78339
58752 58960
70958 71061
74129 74221
53066
74833 75058
69987 70196
69726 70134
55746 55841
26169 26419
13510 13638
2393 2856
21949 22007
44435 44557
52176
67635 67770
6638 6649
84946
39169
66823
65491 66321
48959 48991
46643 46989
7167 7233
67906 68013
83844 84025
29274 29347
74005 74610
66983 67098
6606 6635
62041 62114
6345
18824 18825
48008 48088
14767
74532 74617
79589 79803
7311
15969 16074
50203
9710 9714
37602 37753
81492 82012
5371
9779
43998 44249
39160 39183
51272 51516
83511 83552
37334 37424
43493 43516
83895
24314 24604
80280 80590
66959
80685
29273
43577 43591
76647 76699
70578
54971
80008 80698
7138
5236 5340
43407 43410
59841 59862
43979 44511
67717 67793
19620
59793
18768
35757 35831
71433 71566
58918
18295 18396
64878 64967
64576
37591 38026
14329
47080 47236
77075 77691
87437 87643
36849 36870
52180 52518
77802 78129
55330 55373
49001
19884
56647 56665
70787 70983
22562 22747
19330 20049
29820 29909
24461 24477
38424 38829
28725 28762
7204 7248
27994 28153
40101
84133
66687
6576
18536
42373 42392
31669 31727
77825
50146 50351
40979 41189
73838
72108
71981
43668 43696
1674
41639
17460
49539 49589
23464 23627
13864 14683
48782 49059
63570 63582
25670 25682
6906 7054
78267 78268
79408 79833
75645 76516
86857 87180
62413
50350 50383
37398
57692
22159
29784 29856
22806
84362 84605
87812
3594
62212 62247
451
8971 9017
58436 58998
75843 75911
21468 21509
48990 49179
56553 56570
45325 45485
70975 71144
16313
68355 68468
55962 56462
50449 50971
69364 69453
84697
76282
32771 32863
58595 58717
89772 98
31417 31605
85731 86106
10468 10570
23719
56121
30294 30447
85075 85127
73052
37932 38050
72520
6145
28882 28917
81708
37785
86911 87033
57039 57400
9140
68100
3997 4061
50278
25295 25822
88058 88338
18426 18485
48890
61973
34811 34856
19994 20143
36692 37585
32666 32684
88605
36424 36612
81869 81930
43999
88919
73961
87799
29946 30540
31209
79861
48030 48386
62694
73599 73627
35050
330
12048
6790 7028
28103
52077 52309
59614 59619
4981 5191
17686 17720
81394 81457
57928 58455
67294
8096 8319
84356 84467
22866 22925
43258 43531
13503 13551
13367 13453
81355 81464
44797
23354 23958
22062 22238
54585 54690
87749 88255
63181 63254
53445 53630
10383 10769
7276
44041 44218
34929 35493
23084 23129
20923 21209
30266
65043
62586 62753
28689 28863
12286 12743
12720
56310
38974
67756
78873
48882 48950
34801 34864
32515 32562
59606
36417 36523
44277 45270
82358 82472
28754
83465 83636
65836
14936 15081
30945 31000
28135 28137
3429
72061 72090
58581
3084
12064 12179
86131
6273 6371
48582 48660
54322 54479
21968 22118
18130
4026 4919
10915
51315
23169 23251
68920 68925
47575
20138 21050
86720
24982
28056 28308
79767
18129 18214
83324
9299
58323
28379 28391
40041 40160
1784 2094
36625 36771
59396 59437
85548 85626
87519
3130 4100
72257
67127 67153
53359
69846 69898
41498 41730
50928 51049
43116 43145
17107
51071
53326 53327
46938 47012
47974 48475
20632
44957
2538 2668
6184
23651
77099
24568
53056
84755
20731 20835
43014
70822 70828
83795 84127
85714 86097
81510 82285
68612 68812
45855 45958
89471 89553
30852 30995
68945 69006
4435 4849
39597 39663
54097 54132
18001
20814 21101
31694 31717
81899 82780
35148 35180
67692 67794
67757 67775
19718 20047
40058
79390 79692
33925
66379
80802 80953
49821
58505 58951
87004 87235
15086
32143 32245
5433 5522
21609 21701
26146 26249
18378
73079 73276
22891 22960
7468 7601
84566
40209 40288
26069 26357
27491 27613
27284
44193
30589
38953 39124
48867 48872
66488 66920
64217 64349
4902
71984
37791 38301
31712 31903
36682 36729
52322
32305 32311
48247 48395
87612
15201 15401
20407
89922 147
72452 72763
69822 69995
51496 51507
60215
34148 34264
4452 4456
29647
36547 36600
22930 23048
82898
31821
76996 77068
45744
65065
80831
82074 82321
74796
11331
29954 30463
13112
8049
36228
47247 47319
8484
35509
61908 62215
7514 7701
21846 22010
69101 69349
45345 45592
65504 65530
59876 59889
60434 61019
83159 83464
14614 14757
76184
5388
12127
63268
70408 70458
18733 18820
15534 15619
48073 48160
2036
87565
51761
35945 36294
28576
17442 17564
65736 65764
52063 52170
29881
31911 32184
83172 83991
49325 49396
23455
81296 81329
7887
43020
72170 72623
73737
32577 32772
78922
67217 67268
16336 16681
65627 65657
3039 3099
69684 69757
17528 17801
45334 45586
44844
39672 40159
24973
24426 24453
15676 15735
30686 30775
49352
63670
38623
33415 33500
45915
6629 6667
59728 59731
55269
60012
28954 29019
5812 6586
61833
39453
10371
51433
59329
88460
62283
6558 6639
3057 3162
69884 70448
61425 61441
78719
86006
67609 67643
70287 70331
40846 40967
66426
57484 57581
60926 61046
13628
42954 42984
68623
51365
39392
21198
3120 3261
27191 27208
58068 58094
79252 79541
72366 72589
86620 86703
11947 12440
47459 47498
1706
26562
84003
27029 27632
45688
40724
57656 58665
60730 60966
63899 63913
61626
71165
43450 43558
52514
14075 15239
60681 61161
62333 62367
39886
20123 20170
13767
7999
45339 45424
78661 78768
34170 34395
54039 54040
28201 28253
74819 75121
80192 80284
20710
27032 27182
65683 65720
25083
42885
33504 33519
25517 25675
74777 75002
45135 45510
2015 2335
42728
46240 46354
30544
29430 29442
51154 51206
64001
84057 84704
57270 57470
56043
25731 26161
47815 47874
46873 46899
51134 51378
70939
24134 24397
25539
41558 41883
53875 54032
46406 46438
88855
57894
61003 61023
30329 30467
68914 69322
22477
30533
51398
2309 2424
30485 30631
37758 38153
28002 28033
81469 81529
3048 3072
76483
52791
1208 1272
43865
82222 82329
15468
58061
51954 52103
25297 25437
50333 50460
55505 55654
52102
13582
23783
66124
25157
39587
41115 41134
4764 4974
5701
43920 44182
26572
1151 1464
60100 60427
7303 7396
67310
24292 24421
4706
77245
42698 42747
62919
34214
45017 45052
21057
87825 87933
43232 43302
64804 64862
76044
89210
67460 67584
86520 86687
3412 4060
68149
72143 72145
30076 30137
76952 77162
19195
74496 74664
74820 74903
51915 52196
26415 26477
26145
37500
60199 60645
63965
10359 10689
74676 74914
55364
35085
42574
79472 79542
67157 67207
64856 65016
18138
49311
26775 26927
38460
5128 5215
7688 7845
19991
40741 41291
45576 45582
4337 4366
38628
68403 68577
10947
15450
80795 80799
77096
36817 37015
53093 53235
3509
47734 47825
27060 27304
10766 10806
40822 40937
57753 57848
10444 10449
42891 43202
36681 36933
60242
65714 66138
72615 72626
32198
69269 69279
503
67193 67205
59605 59879
47535 47588
688 699
46509
70510
31937 31957
41025 41110
42049 42077
1516
86086
51877 52066
72558 72709
71218 71338
31219
57898 57972
44528
22791
28593 28716
67271 67352
16731
19002 19233
20573
53866 53911
30250 30643
5777 5824
68402 68475
80241 80848
85140
57239
74052 74082
70951
71952 72106
65518
76970 77172
6128 6152
15105
70153
43879 43913
63575 63723
2401 3023
55429
71371
17459 17858
72133 72156
38671
43381
44165
26086 26127
17353 17412
15249 15267
37750 37981
67200
47290 47351
53303
66499 66755
53491 53499
36923 37497
49793
59913 60402
39690
12409
23399
84736
59869
3650 3666
58248 58432
27355 27426
54658 54792
10731
5324 5369
41341
1772 1800
65024 65158
88758 88886
39903 40128
24217 24322
23402 23414
39303 39522
19188 19218
19508 19523
81112
84827
35308 35335
48145 48431
17214 17385
78341 78545
34422
77742
84906
83103 83233
54755
24147
66205 66277
61557 61696
16551 16662
9046
82292 82301
73269
35413
76662 77129
45191 45416
50758 50778
46650 46684
78718
47976 48019
36561 36954
88947
29922 30031
19836 19941
89826
45503
65274 65284
83523
22670 22763
87357
53736
68844 68845
86418
33603
84678 84832
61309 61376
22501 22635
70683 70790
34650 34715
53677 53874
75628 75780
42838 42892
7469 7578
35793
72163 72272
60104
80668
27150 27199
10381
13489 13680
36671
25755
2940 2971
72303 72338
66892 67095
38348
64975 65033
52121 52375
81604 81634
15898
11948
8153 8202
54241 54285
65354 65358
14814 15003
16754
36597
62394 62479
56385 56540
15774 15801
53444 53656
30745 30768
37688 37945
68737
55027 55049
67872
74780
34109 34512
2804 2917
3924 3940
57843 58799
45753
20893
18769
17134 17212
73253 73296
81477 81913
82981
1195 1222
45786
21908 22218
48486
81485
33661
57591 57971
46592 46726
24593 24813
31196
14999
69674
43917 43927
61443
68902 69034
27229 27585
13241
82631 82653
51464 51525
5772
66247 66254
39944
8669 8771
419 614
43003
4254
23128 23186
3834 3935
54608 54800
63885
53199
2403
3853
43899
34459 34514
80369
21205
35538
20232 20340
68383
13861
43849 43871
13728
74185 74335
55632 56083
43177
29598 29707
31828
65658 65678
57496 57630
74989 75380
51568 51952
57977
35860
18441 18965
83576 83722
34614 35206
16092
81668 81678
89306 89497
83328
41140
6093 6469
63293 64163
39243
1749 2245
21593 21600
76777
69327
35496
14501 14586
24926 25091
37894
52262 52443
3728 3965
48557 48571
81999 82181
80664 80672
84872
38160
20065
76391 76498
45587 45651
78908 79027
83979 84024
45876 45959
88618
72982 73005
4476
61640 61874
1023 1050
58783 58870
81574
88172
27600
89136 89179
15615 15690
26697
74359 74383
31714
81626 81686
12392 12521
27329
4007 4065
9163 9434
41666 41756
74008
84588 84727
40620 40912
27922 28059
52912
18552
46651 46742
79330
22510 23085
22533 22803
33460 33466
39208 39338
78603 78657
64657
71554
45111 45414
29818
1274
32854 33612
2798 3101
74812 74929
18992 19524
63817
30170
45274 45409
25137 25738
34192
7996 8763
62605
60257
3845 3852
39082
56426 56450
67802
10325 10441
35511 35634
52989 53595
5115 5143
1647
48479
11328
68971
8745 8788
33099
23282 23409
40772 40821
1064 1344
41260 41435
60276
76382
21834
23316
20575 20739
50723 50788
14420 14515
63750
18135 18225
27660
55070 55162
33267 33748
35507 35876
12390 12404
51219 51276
51029 51406
9401 10268
46113 46673
16810 16835
78629 78838
86943 87328
60067
9115 10103
52646
75730 76218
82473
13938 14060
13480
14962
44876 45063
24732
81734 81764
7899 8008
14687 14890
84329 84380
31382 32007
49734 49949
55043 55312
45700 45782
29192 29283
11440 11465
21400 21761
22870
39776 40137
68992
35457 35532
83860 84182
33592 33673
57068
25871 25930
61627
82028 82055
26527 26701
26377 26388
66023 66293
36473
8957 8996
33971 33981
83631 83667
19686 19687
50891 50980
3420 3708
15322 15434
64604 64788
16909
49471
7849 7916
17253
50733
41098 41936
67944
69419
88948 88956
59570
60777 60868
71812 71826
20025
60379 60461
20249 20357
15100 15128
37289
67940 68104
76549
5535 5550
77790
17823 17941
10647 10690
55467 55944
42489 42518
69237
64915
2829 2999
21359 21493
10230
238 292
74138 74175
64547
72622 72829
40678 40987
7322
28229 28292
44381 44415
87835 87892
10782
9045
60370 60577
79668
53399 53456
32081 32091
85488 85526
57364 57410
14446 14778
87046 87193
84173
53460 53650
86307
47151 47264
60942 60974
55111 55390
65092 65106
35045 35126
45687
86157 86339
56872 56875
82797 83114
10755 10834
69826 70248
53827 53886
38049 38235
89140
38353 38461
3591 4005
29815 30129
3861 3988
53059
50836 50853
52076 52250
9157
80967 81073
77389 77408
40915
75430
73957 74091
24310 24817
46393
72740 72753
28431
20712 21045
70704 70812
89209 89232
36146 36446
32794
55886 55917
58966
16359 16389
20465 20482
10037 10200
65187
49512 49587
4754 4856
21667
21738 22036
88068 88729
76902
17723 18062
63267
13277
5498 5560
67318 67373
52777 53449
63119 63154
31759
56286 56332
10681
3406 3549
62513
43164 43459
72888 73103
16564 16849
5260
33939
11777 12059
70576 70715
29991 30014
78016 78058
66806 66872
30520 30626
5125 5179
18998
49537 49843
40133
5782 5845
79206 79237
7098
66727
50 67
57129
44769 45025
58535 58926
75455
78266
23956 23981
77556 77705
23811 23843
33616 33812
78639 78881
58934
4346 4578
66775
12552 12961
65533 65619
74647 74740
62242 62369
31264 31381
88876 88955
65737
41068 41332
25960 26102
60431 60696
39458 39622
19616 19827
24561
82307
70442
57035 57150
3167 3320
19169
15090 15092
48638 48770
21013
83166
55047 55106
56800
74336
22530 22597
46928
53451
72742 72928
6136 6287
19974
70245 70286
50531 50573
20582 20693
76697
15518 15527
21280
61482
59260 59269
32852 33282
11937 12001
77319 77347
88791 88926
19538 19556
10335 10364
23721
9766 9838
85371
86645
17029 17453
67718 67761
40472
40438 41127
25830 25872
71491 71519
13153 13213
64830 64983
11003
50228 50250
24214 24921
14215 14302
86149 86189
26139 26463
64997
26242 26408
61359
40206
66434 66588
19022 19558
53744 53817
45548
79576 79677
85277
13905
57502
73908 74247
21479 21483
21730 21899
34475
36690 36708
31542
815 984
85862 85877
81351 81379
57565 57593
994 1009
16505 16694
26010
78684
53366
62179
34646 34771
35927 35938
60085 60456
30814 30921
77398 77492
70179
16926 17053
54227
44638 44689
70302 70357
10298
44307
75338
89042 89141
83320
11077 11092
56015 56093
38159
56146 56305
63733 64276
44134
63624
23834
72484
56838 57013
51906
85797
4562 4745
82201 82242
82451
25909 26147
31657
56500
71514 71741
75555 75641
15457 15576
19840 19860
89092 89428
71073 71090
7655
80384 80505
1936 2021
68994
857 1062
9543 9665
75399
45203
72735 73071
78662 78716
17164
87912
49436
40791
56905
3776 3907
76172
89170 89395
84478 84693
30979
49998
67563
15853
38882
87465
6370 6433
63048 63353
41798
31786 31849
88726 89211
50742 51076
59340 59389
68871
39528 39858
12362
60705
87197 87504
69287 69506
80859 81107
49305
65648
55025 55235
58995 59172
26245 26782
26458 26465
29016
67429
75140 75367
33232 33315
35245 35263
83674 83924
30706 30800
39924
9859 9944
51187 51238
54223
71835
6308
41330 41426
64775
79984 80027
11555 11642
81921 82040
42362 42562
32060 32251
88306
68061
86861 87403
8359 8532
10724
63594 63751
63460 63717
48796 48846
15984 16025
52390 52457
77980 78005
68012
29399 29482
71587 71799
59667 59948
15271 15331
53675
7769 8077
42400 42542
79736 79765
87000 87137
57891 57990
24574 24699
82917 83145
53885 53991
40136
27867 27891
62775
43719 43731
67453
29242
69604 69666
18421
7525 7653
72265
10752
84203
30901 30966
32719
37935
19976
24086
11678 11846
4269
24369 24393
28118 28457
30666
88025 88139
50224 50611
11741
40608 40936
27308 27707
70755
72765 73029
14921
62182 62730
63934 64391
20911 20934
61901 61963
63493 63527
19878 19890
40644
88870 88992
28200
84724 84841
81131 81270
22949 23133
13469
7521 7554
29080 29171
26735 26846
18902 19036
23901
86556 86607
56205 56433
29206 29602
69497
51191 51437
57773
80874
84939
45849 45949
42833 42977
4839
75941 76409
41148 41280
61667 61769
15484 15497
5912 5968
17866 18134
9864
40348 40460
75958 76254
50622 50669
78239 78245
9701
75833 76266
75321 75404
53848 53891
39176 39308
40730
15847 15861
75613 75753
60513 60752
12137 12206
26585
81491
59988
60361 60629
89441
180
54246 54298
88861
82445
34693 34861
9309
70699 70737
56716
20048 20171
52424 52790
62256 62308
9749
44312 44390
11934
36334 36585
13946 14096
17976 18259
5157 5337
42427 42756
50784
51642 51939
352
82633
41753
44416
9237
4159 4209
85125 85604
44870
46740 46839
55965
49755 49799
9535
956
19063 19225
9971 10010
4309 4347
39729 39855
73921
25836
76962 77297
51472
36972
86165 86405
43354 43534
74245
59992
39493 39710
74813 74823
88773 89375
65694
24744 24762
63618 63651
6679 7011
5958 6003
17568 17895
87069
31365 31439
2614
25855 25958
76669
87313
19847 20015
78174
3353 3381
27827 27853
31494 31848
66325 66441
46682 46780
6741 6818
60035 60440
57715 57934
9541 9560
44958 44960
194 203
31063
42366 42387
2450
37432 37528
65044
60235 60620
26305
21725 21790
52534 52580
33286
5131
44046
77795 77858
53375 53396
28414 28447
59410 59446
28275 28300
9510 9617
15229
6302
82613 82617
20991 21321
53693
88785
29509
39383
1968
48065 48071
506 952
70246
73805 73934
63452 63857
75100 75205
69443 69563
67420
85030
30733
9009
61257
32288
15554
19857 19893
53132
12156
67518
57498 57547
13939
68312
89516 89790
37358 37456
5699 5719
13977 14248
65282 65615
78411 78540
34419
3401
13086 13127
49691
34972 35310
63589
56925
60756 60955
26873
15907 15925
39696 39749
88123 88261
29221 29281
28069
4417 4511
62235
87145 87250
18980 19124
69576
67229
38978
77085
89759
27339
64656 64808
15011 15491
42867 43206
32676
61397 61712
88760
41015
4846
61466
76440 77067
27560 27572
32483 32613
32356 32379
43838 43922
4107 4228
87613
16922
76743 76846
16388 16391
27732 27761
44843 45393
66832
64223
74509 74573
63522
58574 58654
1424 1858
6880
45896 46142
68846 69206
22314
30180 30369
7481 7520
89504 89541
21747
26515
2960
30662
22079 22588
15161 15191
43162
89906
39083
84825 85057
80913
57885
73323 73332
25063
81339
37923
47032 47054
18071
34575
51566
66151 66171
81341
65324
22955
53550
4219 4598
63891 64078
58910
74419 74541
1748 1751
29747 30458
56069 56367
35244 35354
9990
57309 57428
1429
67398 67409
64885 65728
46220
38438
32603
50040 50097
86507
48678
61799
4652 4660
36067
72393 72466
18004
48059
65909
68667
42635
59644 59670
73758
12622
15151 15152
88226 88313
6987 7047
36487 36581
54096 54176
26513 26841
23758 24113
34233 34335
33850 33866
87194 87243
47811 47822
80295 80398
6787 7114
33385 33394
50231
12028
41638 41871
79565 79770
54337 54444
85511 85971
20551
78355 78387
34796 35253
23025 23041
80954 81455
8169
1138
88710
23148
89385
82212 82821
23388 23558
56795 56850
84035 84334
9191 9402
66640 67143
51280
10356 10671
62420 62695
21081
11
8506 8580
42332
15715 16067
4380 5175
42453
82842
25245 25433
635 906
21278
51471 51565
17267 17398
89132 89164
85508
61558 61739
33389
57017
71172
67562
12495 12689
28878
48858
68641 69145
24651
4396
56151 56227
41
26159 26201
30886 30907
34383
22054
72779 72935
13945 13988
7634 7670
850
38455 38580
47208 47357
42726
61377 61384
54974
32531 32671
73389
81792 81877
69096
24366
15932 16776
74118 74174
13080 13308
62651
89277 89337
86666
27246
53383
66127 66137
10409
56474 56552
69832
68676 68709
26632 26653
85204 85266
33497
36880 37145
20773
63854
84180
22809
8284 8313
66654
31764 31935
57646 57786
58426 58471
30287
60802 60874
33081 33204
21783
12823
55426
33531 33591
33481 33535
8031
86939
86838
39876 40194
43543
58587
28596
78099 78106
26282
55464 55762
38033 38255
36312
2273
8250
55460 55508
56344 56423
48632
88153
33379
6264
307 331
22660
35143 35510
52830
71119 71181
84312 84426
62498
84980 85132
75206
23677
7765 7796
40838
38131
84408 84618
79974
59735 59774
48665
52524
49914 50115
69618 69660
13994
51330
29506
28149 28160
22577
59867 60016
36903
7920 7987
4328 4584
71322
74131
15617
8936 9016
31820
84019 84071
46480
27188
74979 75036
17974 18180
88248 88318
77639 77682
65565
41198
87204 87219
35260 35261
84055
49826 49888
4905 4942
73176 73197
24471 24788
39099 39233
26691 26993
68351
49295
65655 65880
55396 55548
21152 21399
72204 72211
40050 40231
86266
67680 67707
83736 83833
64668 64707
72192 72217
38844 38962
67370 67598
80267
29746 29753
31898
63393 63944
27100 27175
58978 59055
74553
73773 73977
57527 57559
10643 10682
2508
16169
51640 52090
73831 74011
41338 41436
35948 36290
34412
40436 40506
36799
25334 25438
8477
83300
12673 12751
75713
72173
23435 23866
37915 37942
10813 10877
79830
65724 65859
20181
89065 89080
23449
85115
73326
32535 32672
35410 35610
47232 47248
74853 74970
24367
14392
42879
64959 65028
59518 59613
72224 72297
68616 68654
86174
40380
34445 34474
86570 86580
83443 83603
78506 78524
74869 74965
89062 89114
68327 68642
32229 32241
59949 59953
36831
46230 46359
23892 24007
63185 63344
43708 43758
9561
58545 58608
21957 21986
83767
43785 43787
49702 49771
17488
15790 16274
30188
29484 29961
4518 4624
77049 77168
77345 77455
33715
64590
66736 66871
14066
41298 41625
41359 41472
84549
87168 87350
87468 87698
12568 12611
22517 22876
3891 3895
43422 43501
36017 36089
32548
28774
74865 74907
59311
79587
15652 15759
61577
47800
61924 62112
7473
27942
40140 40156
86160
70352
58043
24810 24826
45606
34553 34567
56613
86894 87060
67452 67521
73487
13246
52282
8767 9143
13931
59140
13727 13754
47554 47567
51527 51750
40513
76705 76717
57382 57604
54338
18096
36637 36677
29367
8016 8103
68023
67857 67956
58355
39505
13974 14214
26807
52810
71084 71365
1881 1967
25306 25652
45223
72421
55597 55750
58219
42405 42471
41233
82187
22657
52579 52642
71747 72052
41935
4819 5189
23587 23837
53649
69266 69273
79308 79378
16745
68110 68359
83766 83848
22969
14969
63270 63277
25198
31812
25006 25143
13032 13184
50704
38675
8748 8958
79061 79177
70542
39397 39746
65986
27955
54913
37584 37705
60943
6777
80618 80652
88016 88314
50580
7869 8289
39832 40249
19912 19927
3055
53928 54033
89778
52511 52555
54420 54679
27129 27211
49036
50605
3767 3797
23971
37235
84817
49609 49612
2422
61034 61082
42003 42172
35441
32335 32699
80367 81040
87896 87937
37916 37917
46332
57398
47516 47722
46335 46462
75111 76021
46202
26778
7614
3341
35125
38552 38604
19850 19901
55728 55966
19386 19422
5826 5856
50881
44090
43019 43427
18002 18032
54653
83493
44203
8873 8895
18683 18776
38951
49375 49639
44275 44457
23460
30975 31029
23306
70499 70567
4675 4690
23884 24130
70206
64088
20768 21091
69869
51350
24822
12130
26042
23396
63769 64074
11132
67100
36676
23788 23879
80886 80904
39640
81227
19146
36123
81874
20587
4739
19451 19569
40254
42916
40773
20808 20871
81993
89107 89325
75546 75583
40072 40703
87772 87869
65921
41287 41328
13002
62522 62929
85334 85467
79547 79608
46379
25130 25219
9212 9446
27255
24915
34982 35104
22258 22643
46969
54916 55016
24687
14317
17609
56704 57107
4930 4943
84449 84452
81421 81470
3830 3846
25327 25600
49885
41071 41077
61190
72100 72313
70329
36646
34897 35010
20666 20687
61288 61457
67759 67863
3011 3114
61110 61311
21015
6034 6142
5954 6031
59072 59194
32280 32392
76226 76263
3738 3765
41546
40667
4564 4793
45441
16945
51052
30960 31201
7903
48993
78122
75529
27813 27866
14405 14611
47917
7392 7394
7378 7529
49773
45466
23737
19408
15423
17281
43901
61178 61265
82441
77915 77996
54843
87366
89377 89512
25942 26183
3784 3966
11758
71660 71982
87615
89354
27069 27179
84555 84734
89567 89623
76405 76518
3972
82500 82585
60976
83869 83910
43939
65254 65513
83842 83894
2251
28999
71746
68137 68199
16700
35546 35635
48120 48251
46270
11661 11889
78512 78565
31442 31516
7567 7909
56661
64629
30043 30171
39929 39958
62321
49776 49881
30524
58358
6077 6121
78464 78709
51800 51960
86899
31959
25149
18166 18213
10036 10309
8421 8540
42823
25795
63150 63171
50202 50256
21294 21694
9193 9406
85188
16123
67597 67628
32741 32851
45307 45438
38776 38793
26551
44998 45016
3310
34465 34673
38475 38597
58982
85549
31823 31905
69041
3897
89913 18
58952 59003
43035 43072
53319
35916
53072 53086
52595 52608
51589 51695
66088
46297 46337
76756 76800
59138 59203
5861 6293
47958 48181
61143 61336
30675
18157
66867
87371
89052 89416
53589 53987
26542
80496
12897 14132
6905
79786
5414 5526
14466
17080
58414
53626
28019 28100
60291 60723
6967 7151
44012
89655 89692
47419 47422
62820 63238
48892
25265 25278
25759 25968
87806 87884
46613 46657
57204 57324
75424 75470
82708
61545 61589
31170
55287 55453
29061 29269
15481 15526
19834
17676
68184 68214
49238 49803
3973 3993
57927
41194 41297
68682
21740 22395
2483 2616
42190
34653 34761
59868 59942
38896 39117
88894
71011 71107
86412 86475
72485 72556
83353
55307
72550 72571
34884
14549
9376
31071
56290 56537
74680 74785
31881 32012
33265 33403
14789 14886
16853
26157 26311
46454
63476 63695
72079 72171
33632 34064
64120
26762
23893
23974 24680
87061 87171
88578 88674
56166
70779 70881
5653
48345 48420
2067 2442
30670 31531
21061 21075
24867
2644 2714
66132
18903
32340 32550
28909 29012
8094
36282
17885 18045
80307 80489
299 357
7092 7176
72647
42874
9219
9492
13185 13353
55904
35702
4995 5239
32234
85023
15029 15103
16772 16923
18192 18287
59162
38381 38459
24241
32284 32480
49629
59858 59906
30114 30163
27991 28095
46664
15872 15970
21973
67180 67201
50892 50927
22027 22431
7678
60471
49591
74490
24968
53164 53178
20132
70008 70098
29276 29306
60999
5445 5495
62092
39520 39697
27864 27882
48335 48814
48733 49414
29400
62563 63157
63411 63786
62603 63007
62928 62939
54760 54850
50216
55644 55767
20381 20601
16856
66230 66269
67819
76967
14409
1296
11643
35241
23534 23717
48587 48600
43042 43091
78391 78422
58954
18869
88119
21436
89732 89755
20497 20619
4147
69400 69689
83215
84094
87286
55983 56113
14968 15311
51409 51633
89897 89940
52834
64366
4625
75087 75146
13711 14210
60049
30262 30303
4175 4234
71877
56912
74144 74396
25420
29758
75429 75644
60345 60865
19120 19128
2321
5235
34199 34318
42856
87539
50491 50508
56524
64633 64652
37222 37271
52064 52294
85690
14634 14928
37713 37754
42189 42261
45405
8503 8589
89556 91
17070
31809
8809 8905
54785
51036
55065 55073
20063 20688
77232
47077
37680 37847
41938
78287 78294
56440 56447
33665 33928
3762 3793
9088
69353
66091
58240
12007 12145
30479
8781
68342 68432
35696 35711
15927 15967
85918
70290
15464 15479
79812
72670
21386
46861
53980
54065
74645 74665
48421 48594
24516
15983
33991
24675 24711
763 780
10068
64340 64344
62139 62189
36721
20852
77716 77779
9254
78071
70449
79379
14964 15162
19783 19856
3126
12369
2031
78089
26745 26922
78959 79376
74474 74755
83402 83531
37046 37202
20816 20902
73240 73401
89558
33703
80464
43183
2899
69841
41108
49509 49551
1809 1840
54274 54772
15710
15129
32023 32217
66557 66600
21692 21795
48129
60283
14263 14922
83811
65889 66146
42740
11433 11612
59753 59842
19143
42356 42866
65095
89751
58065 58072
22596 22600
75588
43858
74639
25648 25851
27225 27387
27795
9135 9429
43778
26672
83076 83220
11995 12144
71767
29887
65204 65492
53587 53743
19972 20096
12462
20818
6662
68120
65823
32457 32818
84528
16585
29018 29074
32908 33090
37
31573
66199
39700 39707
38440
63822
74884 75278
75908
74007
78044 78104
35979 36508
78042 78093
77226 77369
65439 65834
50372
1374 1500
69121 69155
35653 35720
70996
89662 89767
42732 42820
30274 30429
68713 68792
7 711
3215
71237
59524 59589
4715
19696
62787 63197
26430 26444
14436
73572
25301 25569
5344 5428
18566
40451
18111 18165
30764
46248 46412
32061 32296
83976
6780
26870 27102
71686 71739
35237
56378
63958
49822
69517
66948 66951
75853 76047
20312
33546 33680
9942 10164
34088
57072 57103
13046 13051
24473 24713
89186
77529
60637
56627 56769
56776
10926
84639 84648
15807 15868
26814 27110
46083
16667 16868
55158 55253
88730
83251
55930 56356
42943
37299
66040 66327
75187 75265
30978
78994 79314
86510 86766
83750 83815
36351
65185 65264
69714
60734 60762
53223
2968
14707
64766
14127 14189
9745 9889
21520 21637
30857 30944
34178
28405
53670
29222 29776
15350
8800 8877
64055 64690
9767 9794
70274
22977
8156
34487 34631
59755 59903
55026
59030 59356
82364 82436
59295
32895 33051
43510
88334
32294
68185
28951
31891 32097
65851
56108
66064
37233 37596
84494 84712
85611 85681
35398
74864 75091
47487
42110
24580
75629
81490
60096 60139
13676
20452
47094
79734 79751
81005
1132 1192
78900 79071
63597
28723
32674 32969
5818
34250 34366
19488 19788
74568 74578
25952
55437 55545
11667 11773
34759
43378
15039 15173
5058
68203 68213
29646
6706 6754
40164 40174
64093 64141
56360
75616
15693
70598 70719
14772 14860
80155 80174
61673
59117 59244
6057 6547
38645 39009
63230 63741
49580 49770
70222 70244
40706
68760
57427
40531 40829
17410
27209 27219
37546
4632 4703
33668
54121
11687 11720
13901
29431 29588
10368 10406
17938
42289 42470
33333 33418
58602
18895 19065
87298 87330
17894 17939
31134 31192
37895
59399 59467
71123 71231
89606 89625
76691 76784
82486 82499
10609
49610 49666
6127
88897 88916
4252
69103 69260
44330 44426
77922
56110 56481
83334
88345 88380
6219
11049
60624 60656
40860
39277 39361
34618 34798
55348 55697
26635 26644
46433 46445
78109 78366
73842
37583 37626
62543 63094
31807 32030
82179 82238
73408 73467
41354 41388
34605 34854
15935 16163
6782
17099
58896 59024
6464 6481
53883
27124
38346
7998
58818 58885
64065
78131 78275
24703 25026
4999
38782 38984
69036 69130
82019 82078
62136 62253
32935
55547
5075 5093
76176 76371
10627 10686
22058
33626 34063
24715
62209
25125
49063 49300
35964 36160
45159
24742 24757
33387
51340 51456
81152 81173
23097
33814 33961
49662
24336
24481 24508
13352 13769
83805 83863
69863 70001
3835 3838
37970
12216 12235
8464
66165 66315
33119
31344
34232
44567
71040
71783
89578 89739
87915 87942
51823 51955
85645 85790
4733 4740
19626 19796
26263 26695
18934
50650
10279
28787
56363 56981
23965
24946 24958
87880 88149
45
21343 21457
11550 11616
25082
72031 72428
75530 75646
67904 67983
41861 42021
70539 70736
35442 35648
76558
72931 73019
53502 53632
65809 66094
44823
89867 89938
82766
59039 59180
73163 73353
37397 37599
26130 26287
48933 49214
82752
34625
67776 67790
44322 44393
26852
72497
6135 6235
62274 62435
7423 7463
89693
60913
20021
30157
60240
73064 73070
57102 57467
65410
48233 48299
82618 82715
28254 28357
2626 2696
10816
4628 4636
86860
79907
831 946
43239 43596
38487
80864
13868
45324
73580 73694
83361
11951 12099
25679
76892 76900
16458
40534
67239
73881 73912
65786 65911
35418 35508
19683
34328
68091 68332
49008 49056
70685
13606
19
86205 86271
81819
53974 54020
46188
73346
39018
84888
79143 79405
68580 68637
33059
50477
23
35234 35389
15926 16192
50574
78081
56515
33199 33212
56168
62658
57951 58114
13579 13973
67119 67210
51660
9934 9984
2729
77167
24532
57095
89513 89595
11892 12002
48063
34936 35091
43983 43989
1249
23223
1361
12732 12739
87345
51445 51721
8908 9004
78110
23848
72993
62453 62533
74431
61741 61939
85092 85136
8218
88852
53475 53517
56563
54770 54872
84961 84969
10291
88020 88258
51686
89718
64758 64920
33201
87606
69465
82345 82373
57280 57365
15487 15701
61875
88335
38327
3376 3448
34315 34378
80847
83809 83993
62636
56961 56996
12374 12412
62457 62482
57582 57695
72076
10733
40992
46764 46851
14876
24021 24045
79869
56761 56790
11287
77055
7671
34794 34847
34299 34603
58345
71613 71887
72890
16448 16534
38317
87247
45550
57514
51625
15500 15528
86793 87035
17182 17279
82698 82707
50538 50572
42031
22686 23326
46266 46357
5276
29454 29495
66413 66458
63003 63125
29280 29356
15750
43811 43814
86177 86610
52650 53118
80128 80206
70880
14598
58705 58850
65929
32312 32357
66683 66691
65359 65414
43893
82053 82203
14681
2375 2523
61975
12820
43180 43247
864
57181
18317
54379
4058
8166
19164
55302 55427
51738
11336
10973 11154
80148 80223
56200
5193
61297
83961
2611
68338
87875
9404
20429
38330
47598 47610
57128
3316 3570
5397
89187
71636 71822
66273 66443
21253 21377
13351
42192 42385
38690
52566 52584
50596
54482 54499
57873
26658 26740
60418 60438
61174
38535
57465 57542
55525
1384 1435
71545 71594
52848 52851
44547 44554
37568
25203 25307
55228
29109 29154
69374
74561 74627
23912
48461 48564
3463
53720
76041 76447
45372
48295 48404
39409
39591 39626
39938
64869 65200
47682
35406
88483 88641
68415 68452
3632 3839
82117 82166
52323 52472
11076
27719 27737
12564
9328
20556
2364 2526
74030 74063
22443 22447
46470 46482
15232 15368
49572
7255
89223
33325
14629 14654
69211
66298 66377
19886 20024
10603
1755
46580
10608
68933 68962
18144
28804 28993
58501 58735
49310 49329
84716 85233
62397 62493
6042 6163
3617 3630
10211 10277
40091 40220
72226
63418 63500
13633
31245
6254 6259
6244
87424
1768
83687
35882
68113 68180
47818
3442
65498 65596
46091
50535 50610
27903 27997
38714
3484
65937
14322 14809
75819
22478
18124
74059
55702 55822
72750
1460
76337 76442
7093
38396 38413
34788 34848
21752
69648
52290
87112
87239 87476
66344 66446
69828
68519 68739
869
68086 68276
56688
4569 4936
67763 68219
89014 89161
76828
39480
50526
41250
54077
34255
79187
84442
5148 5301
5677
57940 57998
74265 74551
20972 21326
66163 66180
4557
83155 83177
14476
87767
75802
31608
54267 54539
52597 53017
55444 55665
20361
44279
60244 60293
72 437
65900 65931
66788 66995
78234
49241
39008 39049
27904
82823 82866
9081 9164
80691
67481
133 159
83355 83610
69711
6722 6767
63906
20438
81221 81336
15613
1672
68189 68278
74136
10713
36989
37042
66664 66870
39326
62999
19874 19944
26601 26626
62674 62930
14656
83642 83651
88038 88125
86856 86859
2305 2501
12335 13123
30186 30211
43279
85311 85425
47775
39828 39846
3787 4245
21246 21271
79079 79486
72201 72516
37283
89661 89717
12833 12996
20865 20889
19253
89525 89641
2875 2969
57513 57917
16429
58498 58592
11557 11686
87802 87828
82782
23722 23778
86885
72566 72588
25985
12422 12466
65793 65926
34880 34965
21575
20202 20216
86425 86436
63195 63214
7111 7509
54777
31471
6689
5631 5657
48581 48758
63276 63488
71125 71572
70865
60287
5642 5686
59808 59819
78403
5603
20142
87610
33252 33304
7832
23006 23012
20640
45893
46260 46350
39859 39873
54786
83906
35472 35598
76787
69600 69708
56209
73935 73951
41153 41208
613
34033 34191
28063
73141
9206 9244
15447 15459
59854 60531
32065 32090
9961
32277
51616
70426 70462
50170
70801
78530 78668
41497 41541
81544 81576
19142
87725 87729
33375
69864 69948
50489
57931 57941
15420 15429
60708
41513 41691
56786 56852
28285 28291
4017 4055
23427 23432
53919 54017
5761
58759 58766
33057 33065
16584
34652
70625
56046 56059
25975
37491
77425 77609
19101
89445 89464
58115
66534
22281 22373
62731 62758
40437
83081
72390
75269
67875
46280
76492
54668 54678
19205 19255
21311 21414
12882
34381 34516
73911 73918
74017 74100
16821
85932 86026
87917 88012
69957
47 97
36507
47406
61595 61687
64408 64555
64500
18731 18774
1499 1732
71070
70642
81969 82042
1232 1556
63407 63429
34008
56249
6040
51735
10323
63189
37366 37503
57679 57723
79118 79374
61932
62688 63225
14862
15171 15179
47560
83449
73329
66907
77020
845
23907 23923
70956
55488
55802 56035
39198 39272
28425 28611
59168
54044 54076
76338
28667
44542
19793
66902 67086
36265 36341
22369
66672
75693 75763
75224 75255
88064
4669 4684
24149
80254 80312
59216 59222
7053 7153
54055
29848
32792 32800
17170 17580
51683 51734
36759
78175
25381 25875
87223 87388
20646 20704
61424
63445
80518
65581 65645
7358 7399
15697
38284
64801 64836
31348 31397
82924 82979
66845
46511 46513
84148 84836
22401
69201
44429 44655
82620 82735
82916
54014
72535
68638 68644
13054 13074
59308 59444
89781
89792
18093 18106
11693
72470 72486
37725 38174
85169
32183 32236
35821
37926
66424 66529
48573
66825 67075
74275
63948
38993 39023
30990
65285
89130
48634 48774
65108 65198
80179
70017 70102
35997 36011
62880
22009
12865
54602
77349 77583
14134
49922
24645
77895 78277
61946
40257
10087
24948 24996
49886
67828
83144 83156
14799
70504 70520
85920 85984
62687
7245
53981
54512 54605
14260 14347
67243 67283
49042 49045
57355
24851 24956
61634
24884
16818 16905
77676
76262 76321
27614 27885
77030
73400 73531
74181
59010
45737
45823 46049
37577
35211 35337
46890
32549
69817 69945
64946
45721
12939
23680 23878
16226
88639 88667
75434
71910
12217 12277
78573
40032
33197 34013
70804
64647 64658
68973
35809 35920
57266
61185 61279
65811
38638 38639
40387
59302 59334
53575 54113
74475 74512
67642 67666
25351
11238 11492
88895 88907
54572 54761
4760 4881
71575
37552 37678
72563
56775
13113
15988
47407
15804 16130
63559 63739
33525 33614
54351
18241
48410 48428
19201
29195
26617
41779
71536
10741 10759
30300 30543
82796 82822
38766
58100
3232
12399
25056
67753
36180
49820
50997
75660
75
75689
69296 69357
69799 70072
27436
76026 76269
5606 5655
44339 44481
69943
87639
8935 8938
49136 49175
23181 23264
73973 73987
42421 42658
2091
32371 32609
26683 26780
14963
31528
14368 14395
67069 67085
35064
32106
48013 48186
58416
75709
85456
48909 49072
10725 10779
73747 73784
79470
45002 45192
3478 3587
27901
32642
8602 8603
89423
52009 52274
2057
86895 87131
50446
1154
24772
89294 89424
6624
43609
20296
80506 80781
11180 11421
49943
52515 52710
36040
83646 83700
45766
28349
84070
64341
45474 45631
45596
25296
69529
33518
37728
72772
70614 70797
56520
12031 12053
46565 46635
50510
15141
54882 54937
24479
37388 37752
57360
56880 56937
27755 27756
12587 12602
13365
12269 12378
53014
58729
29036 29131
1655
10050
29587 29674
37850
41528 41555
2396 2398
82106
72891 72913
15012
1204 1317
78408 78784
10410 10467
48219
11114
47819
33918
5950
20257 20303
4882
80812
23192
26850
8867 9052
86276
35327
55894
84085 84196
23528
23705
26089 26227
35765
31907 31985
1184
135
55084 55125
41397 41458
3027 3036
84745 84901
70467 70483
37236
53733 53803
15137
67807
32544
60697 60741
74363
37944
26176
45892
48685 48747
64930 65056
32055
52679
60753
13329
34966
70501
20978
71605 71641
57957
48018
13566
85308
88124
51356 51459
51668 51679
46514
60946 61232
67225 67278
76200 76230
31099 31126
35665
17787 17969
88487
13210
45199
31335 31358
30570 30967
85496
28367 28406
27384 27624
22839 22873
89362 89383
11007 11423
32460 32754
54125
79429
83448 83507
89
52444
87636 88043
67458 67617
78404
16903
88273
64638
37711
64258
3156 3268
17877
3451 3461
8390 8624
23636 23682
34358 34424
53666
54115 54240
68734
40817 40931
85666 85858
54394 54530
87786 87838
19702 19815
35160
62562 62809
7804 7817
68762
15241 15298
22082
28429 28605
2512
14521
44574
24922 25043
9099
75701 75792
18907
4821
43943
76071 76206
69167
16102 16107
37712
56499
29774
56072
24770
77986
74337 74343
1635
11818
59745
81058 81108
65828
88673 88700
42903
12746 12792
24576
11548
81641
4426
47733 48131
37950 38124
51383 52069
11451
17681 17708
68856
60487
88811
40477
42803 43045
29414
57924 58155
78077
56492 56518
15994
50821
54920 55015
75767 75807
57892
37742 37762
14760 14849
19777
26685 26888
9483 9586
57563 57755
33883
80507 80629
87587 87633
65067 65199
87369 87624
81594 81689
70087 70328
47123
27269 27648
7621 7657
71434
47840
81212 81253
16646 16964
40497 40733
45448 45453
25429 25459
28359 28396
55869 56410
52258 52631
68157 68322
73705 73745
65768 65864
3189
74741
34125
19497
12087
58430
71261
37184 37356
79944
37174 37841
55443 55485
77229
2059
41447 41533
25550
38583 38710
30616 30767
36390
29415 29675
7857 7895
9148 9151
6033
62861 62863
87021 87124
78674 78788
18282 18352
63134
88917
15213 15467
789
72191
17109
73678 73680
81669 81866
22392
21286 21306
27780 27902
11789
49529
50108
18131 18306
53586
26476 26765
74212
2862
67341 67454
29564 29572
21042
82005
1611
76384
14128
25162
85141 85183
3219
74367
79875
83229
42398 42564
58841
48074
15516
59587
75088
7780
29465
74286 74361
9242
58879
9989 10242
22130 22166
59313 60073
61080
44771 44781
12330
62288 62306
69879
65975 66062
83321 83429
73596
83690 83755
27424
88436 88520
6541 6653
66022
58007 58013
4948
46407
45511
78598
87865 87943
31189
48180 48223
48878 48951
39149 39278
49004 49014
41223 41242
1415
23045 23060
57821 57849
79499 79724
81416 81430
81291
77870
8964
24018 24065
86214
82205
89609
30803
10476 10778
57740
6357
80911 81284
50074 50086
89511 89802
47358 47429
44387 44486
15901 16028
5638 5649
36864 37220
80926
9848
41144
51736
19369 19372
23429
9962 9978
73466 73502
72436
19673
3173 3216
83905 84129
22895
31577
86847 87231
47617
36904 36917
82257
61676 61728
14240
30829 31031
51636 51772
33772
34047 34103
42472
571
86035 86085
766
44878 44903
31885
41832
3409 3458
30233
84960 85174
51947
34156 34167
2594 2736
79516
6797 7150
83890
7897
66857
69756
88069 88583
44912
38927
41549 41579
81865 81929
24616 24917
46944 47002
52049 52229
22109
77564
53000
74386
34563
19717 19869
31308
86673
16146
89215 89256
18476 18646
50483 50658
59598
32710
17263 17607
6697 6749
54349 54425
72002
7203 7262
89899
17667
52129 52308
15536 15741
36271 36589
61109 61181
21210 21421
9377
63513 63837
16654
36802 36869
66875
85126 85160
46917 47061
17748
23525 23540
80472
40742
39137 39187
10149
52896
21303
72086 72091
8193 8244
19973
15136 15278
60563 61020
88657
891 1038
71308
38804
15504
26964 27128
7707
47238 47344
87711
37387
24155 24286
26260
58500 58659
89224
26364
49977
77285
58005 58012
66689 66796
3592
71508 71624
43159
63111
71598
32196
59558 59676
11233 11245
52889
8610
40737
4635 4651
42121
4057
27361 27441
22117 22131
4171
25696
21605 21683
55283 55418
59813
64515 64558
5789
9678 9819
15510 15627
768 851
64632
17665
82670
63861 63871
20339 20380
88980
55979
69390 69391
5919 5991
81223
53220 53312
26402
69477
67809 67914
36859
45567 45618
80085
34842
7144 7158
70490 70553
85849
74625
13403
37648
48192
84235 84421
68742
76067
8520
81008
69467
67029 67034
42752
72645 72885
31713 31838
22910
18744
42004
57004
87049 87079
32880
24144 24327
76133
71256
66950
21698 21962
76664 76864
70201 70226
20987 21041
28216
4825 4844
3607 3610
40615
76793 76810
89168
33686 33699
51888 51924
59881 60749
49632 49634
5159 5360
77630
76976
31843
34729 34992
69024 69042
52351 52731
881
59669 59806
71227
19531
45626
41913
85913
44583
75078 75370
82518
24207
72038
79626 79721
32171
40496
18222
1178 1220
61464 61550
78047
18189
86222
62995 63035
13047 13124
47724 48115
48885 49174
57764 57834
63135
53203
87138
28780
7544
72120
33895
71148 71486
13656 13954
42087 42179
40015
80702
18928
41406 42211
4668 4678
52373
75330 75384
4167
88277 88339
7491 7618
70323
5311 5378
63368
21475
63888 64075
69339
12234
60522
52686
40389
67038
28821
67279 67285
20291
73767
31178
29010
31446
61263 61471
41333
79414 79451
46586
54831 54957
33975
22630 22735
33872 34035
10526
11138 11139
17003 17114
36234 36418
35626 35787
30120 30122
50884 50918
41582
27775 27982
53534 53622
2559
36895
49213
80387
12249 12418
14894 15101
38906 39050
5889
86121 86206
46363
14696
46222 46238
26452 26638
65778 65879
85634 85826
2692
38015 38210
76043 76056
75128
15552 15605
37765 37845
32343 32513
72677
77208 77397
44319 44353
84658 84677
10019 10033
11755
59706
3903 4286
73093 74128
30242
20566 20568
33182
23734
79010
59158
84822 84950
7907
29584 29705
89637
83452 83564
35518 35666
53292 53443
70990
86897 86919
63233 63307
8474
57751 57754
10756 10789
57772 57793
30778 30855
82719 83098
5490 5640
34647 34703
66997
61987 62078
10941 10978
19029
1478
59027
14424 14587
9422
53820
83312 83327
83629 83657
14220
77352 77399
7751 7833
19736
3043 3355
65036 65111
75590
41401 41430
69079
48281
24459
80011 80119
30859 31659
73786 73798
47213
31246
85811 85926
16610
61191
30381 30407
10510 10911
15797 15968
51056
36047
50065
65748 65850
28196 28250
52796
74470
73616
43057 43079
36388 36389
75619 76074
84720
86476
13348
80645
71511 71534
52626
30073 30538
47869
83638
51614
36746
50217 50432
14946 15027
23376 23422
48788 48850
59563 59754
84577
8345 8374
46540
1474
75304 75385
62556
7251 7284
58417 58443
79103 79155
38898
53134
1247
52800 52806
46754
51940 52086
5613 5680
22004
86572
26468 26491
35641
69199
73036
43525
10466 10480
53692 53712
1874
89180 89185
41839
12575 12762
53641
40112
33724 34072
15452
28548
9498 9517
31571
44615
78783 78859
86273 86298
34507
26299
87857 87979
6731
66168
62331 62384
77807 77889
3149 3361
80242 80276
8752
4210 4534
15765
22323
87974
71255
21239 21393
47556
49715
46071
69910 69946
25601
4536 4689
50558 50578
52730 52736
80866
49730
4028
61079 61101
68254
42777 42795
19066
34095
71750 71772
18297
44454
88557 88611
89457 89472
77754 77817
14684
48140
273
50089 50136
11102 11111
39363
4162
46751
88133 88309
17458 17543
85083
67571
86226
81677
50211
14123
20586
67254 67269
23709
77434 77540
67694 67696
65148
51777
25903 25959
17891 17948
1849 2244
80803
86116 86136
41710
8567
40412
67673
61182 61200
34357 34367
70526
81375
29885
62477 62689
50941 50982
56251
2032 2033
67552
43044 43308
61761 61814
28936 29049
67909
55227 55277
6694
9061
10361 10386
16854
64594 64735
62154 62314
31039 31154
4497
39146 39305
27049 27166
46904 46950
23286 23372
8029
80306
32052
87220
33111 33117
52829 52877
29826 29862
50226 50292
57163
8994 9169
61463
50243
77535 77877
50519
2306 2498
32716 32817
50625 50705
36915
15280 15482
10255 10414
13064
1170 1215
45250
33618
41586 41616
19336 19383
58624
38121
38344 38352
73582
45778
49710 49718
76219
89398 89508
74140 74375
3181 3403
33777
41211 41265
69584
20449
36109
63389
56785
46349
66071
12631 12847
81014
18143 18293
88544
24819 25013
46195 46291
23902 23940
44217
36410
70922
50904 50939
11411 11815
56820
82996 83054
71029
51647
9538
13895
39995
82960 83017
87854 87872
41245 41268
47527
59455
1548 1568
441 497
1639 1680
28050
23463
58027 58044
45589
22463
37788 38283
29469
50678
6064 6069
46255
52436
12103 12143
2055
56268
32297 32349
63869 64018
21244
7689 7703
56516
16085
8601
77903 77940
66290 66299
84498
33225
18859 19046
16244 16291
48847
4842
82025
55075
7724
71881
8347
42755
48938
42765 42967
41079 41114
47779
30569
10949 11027
72193 72251
32319 32441
53872 53950
44746 44942
25030 25656
1648 1889
45209 45278
75953 76700
29532 29591
12251 12373
36239 36393
63840
32358 32718
58772 58785
34745 34765
42668 42730
83668
82384 82423
72077
44095 44534
80747 80835
51794 51882
44492
70664
64901
36402
2266 2301
62640
81812
61427
86192 86215
27380 27590
85090 85114
23772 23822
65910 66036
89444
89691
85494
45070
21177 21313
71968 72083
79938
75612
2074 2171
38374 38404
47433 47501
13890 14112
66229 66598
44428 44592
13228
67258
28399 28460
28795 28822
29804
16300
11323
81743
28410 28709
9773
39953 40005
36409
2444 2504
23444
82968 82977
47081 47103
66642 66720
5811
61726 61784
69166 69262
6262 6266
84446
46376
87105
10134
9932
89117
19907 19977
32417 32668
47649 47690
31582
84517 84902
29658
39464
2324 2414
2941
44031 44352
35534 35612
7290
79649
68047 68073
1189 1203
45136 45184
73258
22859
85865 85933
39439
59258 59374
47749
5185
86194 86257
7940
43400 43429
20056
72598 72601
76238
23476
70088
64076 64100
16575 16739
5765
72411
70268
10872 10993
87452 87567
40219 40311
74677 74991
82342
32035
49415 49660
9707 9764
62269 62419
75951 76147
23057 23241
19670 19842
84578 84725
20329 20533
77687
10729 10821
82427
49438 49452
74226 74515
28028
67068
60009
51488
44047
30856 30895
42705 43037
84753
66465 66954
81756 81778
26631
42134
77249 77317
30268 30399
70523 70617
71395 71435
29969
73733 73736
24279
25509 25604
22115 22125
19426 19476
33307 33413
23739
19666
32098 32186
77015
44579 44598
81831 82031
37767
65810
44770 44860
52841 53511
4786
81420
37652 37951
82368 82387
24536
40445 40897
80969 81089
2452
78808 78885
36346
49670 49763
1263 1364
43362 43462
294
72075
19332 19348
10344 10373
9947 10008
33067
77278 77313
88359 88412
2938
58723 59282
50236 50560
4049 4076
29277
49766
40995
68740
34418 34421
29915 29997
44384
29487
66603
1373
9555
84544
43092 43098
313
27393 27471
87119
39443
59247
84403
86671
71824 71920
65340
76207
206 460
40142
60647
80972
31767 32062
54728
62098 62129
19140 19200
70482
74018
40884 40988
33329
49369 49423
66332
76887
33238
72495
11870
81908
64248 64626
288 339
19767
42005
15299
79602 79807
33097 33620
22692
14755
42127
50779 50805
79800 79814
44650
44136 44229
82998 83101
42708
45033
84924
16395
73854
25579
13164 13619
49850 49864
89963
15159 15172
88953 89125
6401
32121
21555
11579
87630
71958 72014
26898
36804 37023
12976
55774
83097
85465
11781
26750
30445 30546
54603
71541
4343 4354
49272
57450 57459
20365 20368
87355
80989 80996
88800
88078
67754 67788
21094
70794
49312 49332
69378 69493
38742
86061 86135
52625 52994
17679 17736
85224 85504
33366
65130 65194
52540 52684
84864
27130 27132
57413 57462
47326
76141 76252
66790 66963
37997 38017
12998 13055
53229 53612
63553 63724
85695 85892
76014
87703 87766
81824
36999
433 482
10026
36642
53111 53121
29989
32418 32612
80034
21771
52574
69490 69723
62349 62454
73479
63549
23817
88301
41391
16886 17436
6427 6917
26532
65569
9748
16889
79120
13491 13515
89670
6449 6511
16368
33094 33244
80693
34767
33152
29180
14619 14878
81702
6642
60307
21287 21404
32537
83605
79469 79598
43483
31087
13915
8782
44509
17040
10529
66343
54498 54558
20384
7582 7792
24431
46329
56598 56606
43310 43906
59719
84265
76772
84562 84780
77311
12052
34858 34998
3071 3089
58062 58067
62080 62109
84610
78240 78384
31291 31428
73894 73904
68534
55852
56528
15570
71650 71754
34956
33323
16212
57724 58152
70632
66524
26747
27939 27986
5080
60441 60451
83000 83021
11453 11461
41496
14615
73037
34132
61937 62021
16715
7745
24131 24206
60844
22772
50200
11134
68885
13629
22684 22804
67272
57117 57168
51817
53551 53779
25735
53237
45771 45918
17898
53721 53772
26938
34546
47794
76984
45116
33721
41477
778
70837
70995 71025
43693
36866 36874
72694
51085 51161
86486 86538
58227 58394
27270
67923
76287 76663
29653 29738
67204 67250
38547 38558
20079
58957
89252 89263
527
83556 83624
46744 47039
11363
17210
5177 5212
6334
84205 84227
30710
39119
85801 85829
21893
16796
67172 67388
52413
43321 43333
88079
71717
80985 80987
39779
77502
8554
20709 21007
82460
73299 73324
52387 52431
81861
55951
15564
12203
17084
72373
54696
45507
88067
89083
40098 40402
55061 55683
29517
42330 42361
30891 30969
14122
79080
69244
69056 69071
39451 39761
45581
71108 71188
65882
28166 28226
44673
79018 79148
18109 18153
66515
45468
43900
35300
75873
55216
76726 76762
69478
10658 10702
74658
76267
73618
46523 46536
17306
53495
37168
29374 29480
57332
36554
47675 47692
75638
39769
86305
28411
19613 19764
25760
65979 65989
55839 55925
31161
78528 78593
42904 42926
74559
5584
64944
75438
74830 74872
59702 60138
61846
87096
39405 39555
17622
67671 67885
69663 69731
51184 51351
79648 79779
26956 26995
40991 41292
49765 50028
38584
18847 18849
58234
53497 53639
49746 50045
54496 54617
87083 87158
14741
22450 22690
51290 51309
82404 82461
49285
22311
18414
48366
74602 74868
82939 82950
54203
72653 72811
41261 41281
54935
54424
10646 10743
57014
88433
81162
46458
77269 77310
10728 10922
18325 18382
89105
21579 21677
15217
12606
68443
8234
75769
29650
2246
30409
49925 50068
81588
20043
77987 78135
88296
36283
42559 42670
18019
27659
7675
64199
6460 6559
69468 69503
50025
29345
88453
18720 18818
46063 46494
76004
78552 78567
42488
41019
78414
27358
42906 43399
43026 43027
18584 18643
28704 28912
84244 84263
40896 41163
52792
40019 40458
16620
84011
29971 30041
18054 18079
37548
13435
8456
33163 33196
50019
1844 2060
61718 61744
2781
55331
31206
1357 1422
10310 10653
27249
65045
39721 39880
30244
11984 12098
72196 72209
31333
28
7417 7483
37173 37241
52973
78312
64760
83125
50675
11974 12056
78933
47613
41149
26861
2277 2402
42772
68419
54859 54895
82147 82153
32899
10740
21461 21673
23482
46992
15586
3042
85879 85884
40835 40923
39628 39777
39986
17551
45621
14402
13622
33396
9993 10049
12983
29845
74944
47403
53823 53858
44791 44871
43490 43556
73433 73473
49598 49844
39933 40053
60300
73968 74123
24303
41352
68531
61026 61091
69547
21367 21505
43670 43704
31599
3537 3777
41262
75694 75828
81922
82827
43881
46307
38625 38655
89748 89871
10332
64327
50321 50439
79063 79085
88693
46043
32071
73457 73579
38670
87926
18415 18456
17054 17120
29468 29654
61400 61488
81396
67353
22285 22340
84692
59777
33172
14744
6092
6166
59341 59885
75027
75154 75204
12375
6692
17373
42500
36693
4595
37301 37403
17262
87664
23583 23647
71769 71776
21391
21641 21813
66484
30069
88142 88427
15548
21704
71831 71940
51932 52003
53697 53752
50145
3989
40805
85922 86288
72285 72357
45933
10649
60027 60109
34979 35053
32759 32845
15419
84020
4202
66593 66750
6005 6071
58672 58834
67938 68068
13463 13471
83180 83285
63613
73463 73489
48099 48162
6006
50512
50598 50639
61114
48576
39385
49981
28120
89044
35414
2008
2409
21073
7597
56676
73938 73956
20981
30689
75174
18854
62754
63226
81313
71087
57564
24099
47235
52297 52315
54079
56273
42352 42607
44872
37687
42032 42064
39579
84533
52501 52576
66901 67028
38704 38771
65369
77145 77160
83684
42340 42449
27837
55102
55104 55171
59451 59529
1254
33524
62216
52269 52395
19241 19243
748
65790
21032
38874 39051
27875 28207
65234 65286
29199 29330
70786
13999
89886
89652 89788
1122 1134
1923
10902 11031
5528
39540 39852
73192 73195
18416
75809
59209 59276
25564 25619
56588 56609
48462 48555
84849 84938
2462
76950
52614 53274
5298 5483
47961 48352
46021
3104
13665
64303
51450
42935 43210
30176
40062 40138
75856
66651
25236
72449
63129
50748
75155 75221
37855 38040
34606
6303 6353
15165
84486
4841
70095 70127
37877 37913
12797
52911
78966
45551
62948
41589
66397
53089
41151
11834 11841
84587
23467 23612
67304 67320
75842
3217 3242
75160
612
40479 40564
64588 64838
33679 34147
56194 56280
48550
46237
7885
13189
10635 10664
77181 77241
28530 28544
84145
13081 13271
44732
18122 18162
78332
36245 36255
52461
68960
22740
30208
25631 25687
7018
16310
28311 28361
54375
38900
21224
34676
18668 18699
74274 74323
61868
67202
37244
62044
56717 56849
71905 72067
45296 45419
11501
64537 64627
19025
84583 84895
23602 23619
27684
14394
47791
83907
47173 47313
8653 8682
2788
68974
22727
56555
66192
58753
38263 38313
85606
3953
46668 46686
42742 42808
67929 68146
73710 73931
1481 1683
88478 88567
80368
48100 48147
24121 24270
69434 69471
74983 74985
20580 20703
19319 19351
11809 11954
858 1001
30867 31067
46431 46471
4887
68195
76563
72560
80975
72262
71133
45891 46014
27940
36371
3921
49264
66128
25279
66479 66523
2203
79995
89468
30465 30628
77344
86907 86933
64109
62557
70961
19969
4101
565 630
55003
10765
66562
76638
47372 47373
21522
23609 23724
9578
38857 39086
11952 12093
36241
15440
69724
56780
84606
65053
40145
61391 61447
67899
23915 24232
17184 17396
31455
82648
39076 39101
11269 11341
85182 85189
55789
59338
86331 86679
46118 46185
84808
67013
66133
69362
6424
66957 67000
64556
43831 43861
24556
89598 89694
70372
102 247
34828
50398 50499
8483 8594
43138 43165
59705
50010
64368
61674 61995
20113 20729
82057
19340
65514
48893
78508 78611
82542
6607
24104 24118
81076
35708 35758
50143
78678 78786
366
19096
82448
47119
69929 69960
20681
10887 10964
20490
18104 18107
78535
36261
32593
29130 29153
46110 46131
28421
7959 8054
5228 5283
24219
59131 59136
63494 63514
7099 7147
69507
65710
77090
69791 69798
5192
60214 60376
85207 85383
58448
83818 83877
66275
13326 13370
46166
83284 83363
7201 7542
47867
34910 34916
77316
10952
32784 32839
2834
79656
23771
24737
86818
8986
17189 17452
56047 56114
49087
49571 49631
60592
22060 22284
66061
830
29317
32997
64665
75103
5430 5457
35204
3850 3961
22638 22696
34355
66218
44240 44267
45678 45712
43485
80810
76849
48960
61411 61489
75294
67976 68132
76467 76490
45630 45646
64474
27460
43440
65820
13634
16504
71919
42791
80482
29622
48476
3822
27265 27345
32808
87976 88052
85959
28484
38768 39424
14391
89352 89630
24460 24467
48822 48935
52507
28615
68913 69048
63162
52665 52671
2304 2338
71260 71307
41915
46945 47056
83965 84135
35576 35617
87839
11968
85684
78806
37066
55800
89283
6023
61140
66104
27285
60061
24691 24725
13405
39879
26930
10362
16150
60439
73661
46023 46029
60350
12323 12469
57981
81478 82114
24406
47365 47652
55244 55403
5207 5343
13943 13989
9480
39829
62642 62920
56635
26213
70668 70678
38964
36080
11290 11425
64533 64587
41209
35998
11320
87150 87166
48663
1931
9941
12581
89119
52307
42598 42647
72467
39920
5862 6109
61502 61599
37067
44360
70720 70941
62842 62949
17161 17431
12818
60949
46597
11164 11199
33095
79819
12058 12113
80902 81001
52815
55121 55195
81813 81830
82690 82951
37551 37892
13639
4440
58268
22822
43923 44079
47412 47454
89019 89025
69508
86511
36902 37121
76204 76392
10634
58295
13893
63052 63152
80683
281 760
78925
28775
47126 47214
52339 52396
47876 47909
55940
27945
21033
3909 4062
42680 42827
20193 20198
12866
21707
33455
55310 55475
45211
45261
34719 34736
34210 34249
17505
27414
62837 63130
49317
42684
84821
81895
78576
18191 18397
66622
38561
71006 71013
5601 5641
32943
44268
87186
20654
1094
7448
1363 1631
8650 8679
7838
65996
67313
77004
45081
12557
47349 47350
68791
34294
26121 26172
4867
13720
31267
11874
28616 28685
71177 71192
40082 40207
1319 1451
58851
62526 62547
51304
28865 28876
5878
55130
47771 47957
42813 42991
65006 65144
70397
3062
8727 8847
11999
72199
58001
60964 61052
32038
35330 35387
1103 1160
52321
41554 41641
51129
64118
9389
6413 6630
22394
67050
2561
35925
1246
29410
80226 80250
44063 44105
26012
82281 82316
1301
86995 87073
21431
73476 73566
78954
68555 68576
86590
62570 62619
34053
80572
29928
69340
55803 55969
17211 17293
54849
11463 11495
26456
6348 6450
38320
32819 32972
24954 25723
9783 9937
83719
28476
36401 36555
67478
71719
48203 48373
41478 41596
79937
50096
85392
48802
10791
11317
55820 55870
20064
52636
23548
8643
35877
54649
49744
5447 5615
81427 81439
48423 48506
46563 46913
76614
29755 29900
35890 35970
69668
70432 70591
59834
84314 84387
15756 15793
52362
60388 60651
36295
68910
39024 39058
6322 6335
49743
13280
28015
66274
49883 49996
48480
18264
65806
22255
50370
57697
54423 54447
44466
22851
53837
16012 16199
16742
88279 88360
19288 19341
70669
41775 41778
62336
14089
81226 81295
24635 24693
67822
58944
80375 80430
81246
15321
14257 14306
27746
61979 62060
69196
64888 64889
14449
1934
53231 53246
19105 19210
9291
37807 37857
10245
26059
37292
27174 27485
52166
75525
83480 83586
60371
68946
27651
69882 69944
36244
36020 36199
32107 32215
22135
85364
47706
69989
1449 1489
26372 26536
37731 37860
58643
21892
9570
53105
21794 21826
85400
44709
82616 82656
15792 15850
45149
394
28526
70141 70241
22371 22378
55577 55669
89602 89617
42269 42270
25050
14068 14076
4732
66724
33551 33771
18436 18547
44525
2300
22963 23072
46559 46718
79524
47964 47965
74577
42278
8848
11640
84617
56451
77604
70631 70675
27431 27513
37888
24622 24663
51894
60497 60718
42846
69351 69622
61301 61514
76235
1563 1698
15723
24097 24161
17062 17302
959
15272 15609
83132
12060 12160
87823 87836
75568 75649
44482
89898 89951
55471 55722
71282
17707
68293
55668
73797
15096
3479
23445 23570
15153 15202
58135 58404
67327 67465
61078 61111
10932
12799 13037
85168
45805
10959
74852
33760 33770
19946
24657
67626
8143
16005 16042
47242 47280
31303 31481
31506 31584
66286 66439
197
5888
50032
13314
45038
74102
71285
3584 3687
15260
22738
44618 44737
58131 58207
54604 54763
7225
51359 51460
85999 86019
77923 78006
30177
11447
42646
30389 30488
23011 23091
55588
43081 43254
83522
9970
14491 14496
1530 1752
11021
56952
60961
70611
37063 37124
77818 77871
16748
34468
22732 22934
19537
79570 79592
75615 75691
31967
34410 34901
29067 29146
9527
57346 57645
17584
77383 77417
74271
3667
7617
14729 14733
8104
62573
35593 35659
70888
84926 84983
32109 32275
31595
51012 51034
29894 29957
51494
20994
8159
72860 72920
39602 39618
16141 16201
66841
1739
55029
27104 27223
87888 88026
51105
58190
77222
66489 66526
25190
84748
78866
26460
8445
6598
57453 57706
67531
9667 9744
33447
66934 67030
29979 30074
21772 21830
24513
3528 3575
72397 72561
38357
33411
67586 67646
71096
53240 53278
43414
36732
28343 28573
23359
49077
9909
89885
86118
23998
55346
70905 71542
82569 82586
28691
40298
9712
47669 47770
83931 84122
32214 32254
18302 18340
56890
181
4068
40055 40357
66436
25019 25041
44646
15254
51314
38339 38384
78689
16182
13215
42159
8666 8739
56536
38696 38943
29599
23745
81311 81314
8538 8553
59814
16382
86389 86415
83820 83853
80301
53809 53835
83618 83718
47999
10256
47847
59759 59838
77949
43340
38109 38300
75964 75992
72843
45807 45845
55684
32208 32257
81174 81403
41966 42091
82919
55483
15133
37777
51055
81305 81318
80732
66528
26960
14063
21229 21309
20491 20577
86330 86337
33880
11887 11955
47149
47260
24034
72167 72382
38127
75561
53032 53547
16721 16963
19019 19193
40815 41125
2358 2417
38549 38809
56021
41618
82910
2161
63446
77755 77803
66347
72144
49050
42372 42454
214 543
47803
78520
986
79333
17259 17742
11091 11176
66748
43379
19427 19436
7951
36838 37016
52530
32831
51993
57021
49419 49434
79501
83136
23150 23178
8003
69207
59833 59922
17203
5817 5967
10525
86540 86546
33405 33494
36741
28368 28610
63988
69171
56669
86694 86754
58495
32635
59954
26129
29768 29821
1879
55737 55923
54993 55630
81400 81410
66159
26904
1845
17511 17629
47553 47763
61866
64009
41399
1717 1765
49986 50175
45701
86790
25692
64028 64288
72453
54931
7880
72162
76820
59535 59709
71712 71749
6540 6548
66478 66522
89154
43579
43342 43348
38715 38789
11859
7517
46794
6579
80143
28378 28575
38940
29299
74455 74564
6555 6921
57228
78962
57196
48599
5001
32737 32787
45628 45966
79435 79468
74876
65771 65840
1877
87214
74487
42320
67599 67685
5737
5725
42222
15933 16047
36374 36552
72081
81401 81548
59609
31336 31457
59812
39282 39444
61878 62016
66653
31119
20349
18373
22766
11277
74250
32051
29419
15169 15297
88047
87509
59067
13621
890 975
43572 43700
84231
30264
82141
85254
42066
86723
45880
2195
18146 18398
26856
74389 74570
1969 2229
32573
10394
74667
41612
69082 69326
58186
12644
55685
8223
39557
69583 69593
30983
7727 7837
31272 31322
64182
82868
21706 21709
19984 20071
28278 28284
88429 88555
59700
54312
16319
55759
88220 88480
9520
58017 58172
18262 18280
88775
15593 15771
80041 80167
59284
20061
61651
25171
60021 60103
26645 26749
36967
84455
87367
7799 7874
15864 15900
62810
42636
20223 20225
23292
70151
64112
77717
15476 15520
80364 80408
65604
35926 35935
80166
40320
35548
73146 73147
37987 38105
70146 70177
17927
20031 20158
51881 52029
47552
67693
53508 53671
53251
58041
76456
52603 52615
1913
42232 42327
56175
40938 41074
85630 85748
63330
31590
11690
44024
46962
62959
15953 16113
53719
48705 48732
1480 1658
74752
53753 54111
88779
86942 87169
28083 28188
61650 61691
39894 39896
9231 9322
79525 79552
63117 63194
62459
24630
27123
21599 21601
18018
60969 61012
84773
55463
74945 75285
27328
74653 74817
27605
52435
55862
60863
23951 24076
19525
67011 67360
6248 6255
68733 68752
1171 1465
174 223
63242
6021 6177
16232 16296
2632 2657
8671
40583
37100
79452
79432
27281
31286 31320
40070 40339
18629 18719
53182
3087
65257
50802
70473
86574 86597
81015 81019
37870
53448 53643
66111
20002 20147
14845
69317
12553
72210 72487
63816 63862
22601
64609 64645
72146
65659
2546 2556
74513
39097 39158
50385
9239
29115
86015
50055 50230
63057
60784 60819
79636 79730
7828
71023 71351
61251
26118
25347
35943 36414
87109
9974 10021
52331
14465
17131 17235
14954
60433 60488
69008 69046
59108
25207
79877 79923
36482 36535
32426 32475
1532 1586
13521
5345 5422
73818
45752 45940
73227 73419
50587 50614
51473
39621
916
24965
22351
26523
63836
39538
2492
84855 84863
8426 8448
27293 27332
30871 31055
73562
85253
29028
61119 61333
10280 10334
51081 51093
68358 68420
73039 73076
10194
29644
48477 48528
46694 46741
47122
33768 33791
50124 50244
2173
52900
51493 51500
53480
51724
18921
72175 72281
56228 56381
20467 20523
58964 59124
59443 59480
73567 73673
86771
22826
74878
66761 66793
46192 46236
87432
18734 19055
29978 29998
25421
32180
50859
86858
26006 26062
58734
84570 84654
23978
56134 56135
15537
18015 18219
19091 19150
71412
42175
16862
65253 65275
50643
3204 3311
48540
51533
63263
10730 10867
2947
70048
86345 86554
73167 73272
80273
78513
33761 33907
87899
47391
38700
81157 81556
83729 83758
79457 79560
24809
35825
19301
67627
82276 82299
86912
18962 19071
58474
25434
6246
78889 78987
24814 24866
8358
46532 46600
4828 4865
29251
56208
46259 46293
19041 19141
72225
11985
42214 42260
51662
36822 36990
70833
72881
38081
78076 78264
4513 4642
84396 84489
26214 26292
65526
19599
87914
58965 58985
44366
38615 38748
55138
9284
81897 81940
75216
33162 33166
83133
89475 89613
38649 38736
79109
88090
36327 36613
2792 2973
48323
7971
1452
83368 83595
56723
30088
62305 62377
25093
23116
8495
23838
46891
19951
818
57725
21598
33886
5924
444
75960 75972
24512
84952
84319 84366
15301
75718 75741
18977
57087
62885 63038
37793
35856 35883
40448 40654
14846
65023 65035
50406 50409
16100 16595
35815
8976 9150
73485 73494
15896
56754 57056
84192 84206
10990
89758
64749 64937
62300 62447
31061
39021
61624
87505
81046 81271
34339 34538
24977 24989
43498 43567
23345
11697 11759
84591
11582 11749
88476
25617
8089 8216
70450
13700
2190
88082 88130
1439
22209
14961
79363
2011
37509 37769
23278
63298
65587
9495
29368
14107 14131
2892
87804 88107
77406 77592
73488
19550
63682
35338
84198
3336
58482
84981
48014
23370
53893
38152
76128
64874
74626
61951 61965
47893
67238
19725
78939
31783 31924
67781 67817
2051
77486 77504
85934 86011
11196 11482
25823 25841
23328
3684 3711
88517
20009
35013
34097
34101 34105
72418 72438
20761
10859
8300
32261
49068 49302
19589
38661 38741
555
57221
85728
11177 11200
69303 69492
74010 74064
34084
89793
10572 10574
61955
22239 22250
39182
38480
1512
28191 28202
23596
62299
7806 7861
6718 6971
45218 45254
73011 73057
24782
79962 80354
81155 81200
87577
7449
17220
46761
32354
53030
86004 86042
39922
63501
51751
75772 75796
63427 63433
87582
11443 11496
70516
43140 43403
30151
27802
23798
15430
43319
25707 25752
82555
74430
29271 29272
58483 58616
49418 49679
48304 48520
43004 43017
68441
60369
67357 67434
28662 28733
29066 29088
2799 2922
5849
18839
57403
72378 72587
17446 17471
58129
1902 1959
4629
84495
71623
13940
38636
24511 24515
37812
50239
54490
31639
985
85100 85165
67615 67700
11668 11787
75372
62102
65974
22490 22586
57123 57199
6375 6409
78811
7263
52440
87789
216
23250 23284
15181 15197
83380
11240 11255
12935
34743
28681
13766 13858
52073
71606 71648
41869
10043 10269
11224
4372
77444
56825
42195
23585
31314
8213
76244 76304
38703
37519 37747
23436 23447
69248
52280
24625
31477
53281 53738
5964
77299 77372
3712
54438
85654 85771
86420 86579
35158
46315
63997 64043
154
76162 76225
58718
26584
9906
84793 84848
25010
16124
23462 23509
62763
23083 23109
21284 21423
14166
70968 71224
11334
51714
46936
57600 57808
1723 1782
42225
8295 8437
63219 63261
53739
18827
39324
40801 41036
45172 45321
55369
86704 86768
16541
30217
1048 1095
56864
63619
76229
9091
88228 88263
45368 45411
32860 33056
40108
62783 62791
51832 51909
20918 20939
86030 86204
17743 18108
17067 17163
37120
38006
65407
72174
12667 12778
55479 55582
87418 87493
64783
82700 82762
83777 83822
65273
80679 81022
51676
48869
55585
80287
29290 29501
67629
23477 23742
10151 10247
89725
53067
35807
86489 86750
9609 9632
28449
69140
65687 65762
66437
12420
86496
21518
72955
55899
55596
76966
23073
73689 73734
29910
43151
16464 16567
36919
37047
6934
34090
40114 40165
11420 11641
52586
77642 77656
36888
196 495
45702 45861
37365
1987
82564
80246 80299
36010 36125
5407 5409
12015 12304
16550 16839
70662 70686
26736
12036
60782
14938 15073
53722
20845
73407
59641 60321
10017
15796
33217 33278
46038
57903
17557 17617
4608
64024 64150
15391
80894
20867 21195
52750
12876 12881
19098 19149
13806
78727 78818
2341
43666 43842
89635 89762
88551 88628
57525 57932
23232 23262
83329
18853 19020
17794
36952
7858
3369
39294 39296
75130 75186
65751
17034
38039 38075
85577
78254
22666 22705
37070 37176
1453
65456 65577
43606
59364 59395
20230 20283
33398
7744 7819
58077
32031
14495
79179 79197
69676
38312 38316
89276 89419
73406 73512
11847
26598
84700 84717
21702 21810
33127
4414 4470
25628
71495
85988
85270 85380
8391 8429
52211
38839 38950
123 139
14027 14212
35930
84255
73985
1963
10863
3736
16652 16689
54066 54084
72268 72279
14255
19933
72220
28232
5297 5326
88129 88182
52135
18850
87031
72736
87713
68422
67449
55760
14389
87130
48844
21220 21517
19257
29828
1011 1089
5270 5319
22526 22610
9076 9134
31180 31250
57708
47440 47510
72168
87731
17159
25261
8616 8629
40489 40523
39374
7975
20442 20549
13624
76595
16617 16871
14129 14191
4615
7809
71568 71678
65118 65160
8880
29613 29655
29324
43367 43480
72304
35108
32598
48095 48132
43355 43364
50727 50996
51514 51531
62186 62187
66521
8410 8442
8648
37378
22529
19546
80044 80136
45611
44863 45092
81159
18620
48521
63280 63287
89259
87928
65330
12533 12640
1137
21005
67413 67523
49453
31003 31006
78636
65322
61720
5122 5282
75662
41632
54255 54355
32958 33031
82116 82129
55170
6484
10152 10167
45436
37178
25115 25232
14829 14892
44807
51726 51764
31731
49854 50050
88759
70676 70799
84785
75333
20473
19395
46524 46621
7662 7692
65966
52340 52377
66655
59578
18663
66780 66809
14711 14766
50818
35810 35934
88076
13402
65304 65408
81248 81360
72636 72796
3937
7643 7721
78425
82268 82621
89552
60077
66738
45247
54803
45676 45853
78681
38773 38799
54782
83213 83270
67758
45110
56061
23209
88324
20068 20084
18209 18569
49255 49426
15199 15259
42377 42511
31541
4227
72330 72513
38579 38784
67073
39415 39642
37053 37203
76002 76271
56119
13201
1367 1461
22039 22263
15819
56854
46825
60831
21088 21096
20649
5947 5969
25521 25730
74765 74814
72053
84132
47446
21839 21864
59034
8042 8331
71655
2042
35331
13063
10569 10588
77684
26968
60334
13497
28219
31425
78367
19812
10411
75170 75376
40568 40758
44692 44898
30673
6475
85074
16407 16693
1403 1404
82833
53663 53708
16932
20591
13035
85541 85622
45521 45619
72549 72693
39704
31746
83521 83546
12580 12609
83265
47973
80374
61180
20115
65829
76822 76841
35164
54370
32190 32470
37876 37899
52821 52972
79653
1893 1927
33609
33298
5853 5870
65175 65346
34356
3136
753 777
63940
86651 86677
6842
21625
80086
68425
25698
87151
37155
78870
31279
50269 50307
57409
18760
44278 44315
15093
63299 63377
30001 30100
79186
46265
12653
27473
39394
22150
86218
36263
28796
36797 36806
70028 70164
85063 85171
39298
59500
80997
70291
7041
36675
16068
77019 77108
47557
28887
78771 78888
15731 16033
85677 85852
58757
67798
51783 52397
59441
35171 36032
42843
4811 4904
68463
42397
81317
15649 15655
86719 86996
71176
53824 53861
9815 9890
40071 40315
83578
16351 16392
3299 3335
63911 63918
49806 49837
36640 36691
34341 34359
17322
17675
49753
36796
39971
75124 75153
85668
81974
23001
50562 50665
17011 17076
88722
34782 35040
42773
85489 85750
31349
44550
49444
37644
68650 68723
47050 47115
11695
30174
77585 77693
20952
70413
67797 67867
11705
38666
81774 81810
69591
72702 72793
78717
85905 85924
29883
60019
58516 58646
72847
81559
12401
31360
45306
77204 77324
37836 37906
76523 76597
74704
71094
83721
16976
56650
80636 80813
16493
48526
704
52581
65114
31148
17737
86990
1074 1143
70552
51091
14363
32804 32809
42696
73252
74537
29204
27066 27105
34506
88323
32856
1172 1196
86319
3457
51050 51078
58666 58731
14442
3238
31476
14261 14412
64189
2762
70760
40131
53555
56237
1673 1760
62424
29608 29643
926
18878
69519 69703
88708 88753
27758
74987
22620
8081
53239 53262
79191 79356
79553 79573
63215 63266
15646
8959
36699 37672
68448
19187
13892 13961
40744 40894
34882 34984
84100
16272 16288
13878
26599
24676
56568
52391
43976
74976
85639
36394
42631
52181
50030 50039
22649
10607
11918 11969
21561
42217
34466 34681
80103
20817
48338 48435
71332
28423
37789
41185
28442
59314
454 712
86760
5137
16004 16049
69819
5116
8862 8912
17275
471 693
42930
26253
50114
50017 50122
49579
61312
44545
69001 69007
15183
53978
12171
35767
74437
55815
19960
76930 76936
60809
77849
23917
33259
62643 62744
67910
40343
67747
83080
7132
88513
52651 53136
13083
248
46441 46590
82723 82732
42375
37829
5808
20141 20394
69983 70077
68798
5843
35855
21106
14553
20832
49674 49708
33828
39791 39812
52589
34511
80616 80703
48584
78546
61253
88193 88218
87635
61983 62010
81990 82139
67126
74611
66964
34562
20996
75396
18356 18357
20983 21148
48539 48565
26824
11866
22528
72234
20647
14710 14797
24450
23392
28008
68111
38326 38410
62463 62548
77451 77573
36810 36836
44705
46383 46425
1519
2970 2990
44661
85223 85247
27239 27311
70859
29543 29596
18199 18248
8749
56403 56595
5999 6124
4775 4822
69127 69314
76673 76819
69142
67197 67232
27276 27320
37921
26054 26301
74139
52778 53009
43859 43995
69807 69830
75364 75482
77363
2065
76559
21512 21621
88794 88829
68647 68688
89571
54840 54951
33220
25447
61710
7826
3187 3275
37110 37179
33902
36720
13815
40410 40722
36452
3547 3637
1813 1821
50697 50756
53173 53283
62647 62766
16760
49519
75818
33892
78685
68524 68573
75497
36455 36624
30940
15805
62502
80946
5077
59963
87909
77092
33959 34184
28190
67514 67573
14984 15265
41156
7929
689 895
62244
49407
20842 20854
62691
48833
82392
39956
78868
54242
16553
86171 86364
71097 71116
25335 25337
42672 42798
19643
35248 35385
33498
7970
19770
62735 62845
76770
75584
77979
68292 68296
6332
48874
9133
82933 83029
12852
62733
87090
39760
59057
13179
40844
20310
7783
57635
58271
69239
58481
63084
11344
50140
63630
25581
36023
85046 85147
18823
49273
47512
59088
38108 38144
68553 68611
72950 72975
10161
37556 37620
13560
81849 82163
78937
32089
85869
41760
51181 51270
15099
51127 51175
27083
69810
5375 5395
78526 78613
16893
89962
8325 8326
72754
74897
57033 57043
12165 12191
36498
633
31037
72055
28163
66923
45620
31990
26492 26537
24014 24057
84784
40332
68043 68117
17492
38870
53031 53033
45517
39061
33846
84996
37045 37074
57091 57130
63561 63605
9071
35140
35499
52044 52191
32694
71970 72080
73942 74177
20971
37872
37103 37172
20005
61567
17628
45289 45353
1152 1589
88451
13719
84922
29473
83501
85246
61803
46829 47120
40589 40613
75879
23434 23580
19455
25993 26174
58550
87032
60
46530
31227
31102
65646
78622
70916 70954
41169 41228
38221
8981 9030
47182
15904
60052 60208
51950 51981
27967
64158
85407 85653
84001 84118
47609 47879
78249
69839 69922
51094
64269
41792
83307 83344
88949
31083
60673 60816
56313 56355
71590
66859 66862
75057 75381
682
74874 74997
7731 8010
18771
60548 60735
89599
48101
3070 3195
78762
14483
80410
21098 21149
31444
4986
13222
33107
52319 52324
62426
74950
83588
2072
57269
36476
40762 41038
88970
70962 70967
36622
12255 12311
13986 14185
42234
72344
21648
4009
26206
34679 34709
29770
62055 62071
24584
7336
24337 24350
37505
70243 70474
74919 75022
73175
13198
82511
1524
32883 33086
75164
14231 14386
62162 62406
58112 58194
59967
40301
52998
69794
29767 29878
43627
68238
46400
5636 5800
5708 5781
48236
2343 2475
17045 17061
80837 80869
76655
71736 71752
57824
72219
41492 41542
20502
18826 18875
26392
60758 60878
49801
41229
12336
10738
16039 16090
71926 71995
25806
87558
62461
23865
78428
7331
30404
39819 39833
85156
9065
2725 2901
71814
76651 76657
38195 38257
59238
60524
1075
8220 8268
43997
62220
84663
69627 69683
31594
88728 88740
10815 10820
63245 63248
69792
75403
88631
72895
84644
81705
29832 29905
13819 13866
45821
34316 34353
37630
36014
18939
45632 45640
42255
30346 30483
58263
60507
51754
87910
81417 81511
12219
9525
30296 30324
38199
20280
18553 18589
87093 87116
37156
23577
39412 39646
33647
31377
39500 39516
89612
32219
68530
85521
18635 18976
3337 3352
43170 43220
21510
24904 24916
204
38476 38524
81480 81513
57831 57857
87325 87415
73561
83188
80493 80504
61415
12733 12816
75591 75596
26270
77952
63184 63260
52187
79633
26944
47908
58674
68895 68919
71369 71722
68928
86274 86324
34774 34786
29452
69641
53653 53659
45057 45117
12526
15704
10155
56712
5364
37887
73145 73247
43603 43632
80549 80631
33584 33600
88187
59465
32233
10869
57801 57850
13091
34762
64069
38032
70227 70263
52827 52891
62358
57120 57154
62644
56430 56487
32126 32227
36978
58032
60363
5588 5594
4094 4115
33356
14439 14455
26332
42118 42139
29298
38532
37128
1085
47491 47555
36077
42530
65722 65723
32764
27558
65017
43167 43168
33495
1886
89891 89994
7695
79581
1559
81207 81293
2930 3019
3397 3517
33542
63610
9725
81438
22388
72756 72962
29968 30098
22400 22434
42279 42401
32756 32795
16264
66410
25842
44309 44450
30198
63031 63041
13296 13332
74310
50561
33422
25979
51323 51341
77136
59496
11694
18520
54638
63704 63719
20873
15198
45584
9897
43240
48777 48781
64025 64051
64705
41072
63499
61819
58034
38273
32057
7115
5365 5491
9742 9775
62059
30263 30288
4152
5961
75250 75425
57964 58182
86031
50635
2149
43573
54834
74134
6111
4727
31592 31944
86285 86342
55052
11340
35888 36024
74995
74183
42792 42898
58640
51343 51396
86724
51774
58776 58805
20001
55359
33989 34320
56183 56543
54047
34368 34427
39840
11034
38091
24077 24092
45895
73898 73982
72605 72777
44123
40909
52808 52823
14657
83760 83825
40920
445
71668 71684
24137
19461 19614
73691
1033
69950 70003
87531
21213
84230
46755
56086
44299 44475
37402
1243
44181 44410
65876
86623 86698
27685
10624
74910 74938
70337
16463
23033
85898
20774
53007 53039
44685
34862 35022
23969 24058
60311
6311
88440
88204 88229
77465
28488
88422 88431
79487 79738
25069
28495
51070 51121
69861
77970
40593
51395
5798
4046 4090
38506 38512
8513
44369
53735
6914
6016
27616 27630
29150
31940
33562
59419
88276
5164
61652 61662
50295 50346
28728 28809
71962 72022
30380
18632
32327
53718
89272
30234 30235
64135 64149
74624 74794
31153
39755 39770
25655
27822
10826 10854
35777
21342 21425
11000
72656
32724 32782
50839 50854
81585
6970
44313 44344
124
54879
80033 80080
27521 27663
88295
58121
41814 41843
70289
20574
58484
12037
27517 27527
13322 13340
9305
81025 81068
88227
86105
77582 77732
10221
15945
70294
171 225
86721
73241
82145
59008
24389 24499
29007 29041
14568
34430
6869
78766
8694 8742
26103 26218
63824
73858
89777 89903
67078 67186
11753
62506
79326 79466
50698
19805
79676 79901
52539 52548
48749 48776
72687
23281
2534 2653
39783
88849 89214
56156
631 927
6354
47530 47539
37755
54213
74719 74749
63521
30123
61428
269
13729 13797
52328 52525
3825 3855
86081
45755 45792
46822 46830
59904 59917
53275
37743 38240
12561
41461 41741
81425 81572
64510
39060 39081
56549
72854
67661
84564
88807 88837
240 429
3623
40
5652 5674
23220
75836
31238
84236
64439
54170 54301
62751 62768
10382 10488
33629
70500 70647
58897
33940
59715
37293
10691
39151 39180
79360
44616
40702 40759
35742 35820
61097 61127
33493
85274
15310
76654 76795
65647
77445
21130
47442
28077 28139
10206
34385
55018
59895 59927
40217 40232
57054
82051 82146
85986
45133
15336
89273
7275 7352
11026
77805 77855
31890
43313
6479
19048
3417
50932 50999
78330
666 692
50438
8111
12730
46366 46496
59202
80675
41739
5509
89380 89407
12147 12186
65546 65579
49319 49422
67431
77982
66649 66694
79484 79563
49721
80123 80146
33029 33036
42256 42268
73857
17052
13799
20455 20558
17751
23688
16140
59307
66961
85664 85745
18393 18497
39164
73098
8011
20953
2024 2215
30003 30048
74141 74281
61782 61911
55565
16353
25475
54716 54827
74999 75010
35553
40117 40190
70376 70381
39039 39072
24877 24985
78247
30537 30568
10034 10205
75552
71197
79284
49792 49804
40088 40094
66367
24368 24404
15625
82757
80525 80552
88793 88854
32950
49624
51331
19171 19180
50695 50738
47668 47890
84933 85068
5176
74909
21003 21114
31248 31260
79382
27892 27936
83977 84002
50481 50579
64154
84341
62831
39882
24302
85711
22438
62227
28927 28932
47836 47919
77205 77237
20485
31672
41512 41515
62661
81927
29865 29911
38619 38660
76457
27801 27831
21961 21987
45912 45973
16659
45633 45825
80373 80435
7700
72332 72417
57119
42478
48450
84392
64852 64911
61779
21581
28634
74188 74189
33754
84374
51020
74807
53554
8804
40814
69308
5579
82169 82213
5881 5972
85476
59934
86797
39969 40027
17955 17960
75988
34641
89749
32279 32347
22144 22210
67870
20799
43994
19845
8489 8529
87507 87508
17945 17946
87923
80051
88152
60006
9198
5145 5209
33729
15054
26071
22199
23380 23714
50871 50897
7549 7562
46353
17209
34802
47084
41790
40985 41131
28271 28438
61412
59635
2958
22059 22092
67333
68795 68834
3532 3612
74089
1876
73113
24202 24216
8272
69873
77685
74440
54958 54981
37447
74673
55662
30121
70870
36397
10585 10591
88575 88579
4019
7492 7730
69746
44559 44584
32448
28879
3270
40100
70671
60829
13409
10330 10345
24321
40183 40211
41305
78591
40045
61705
75518 75677
50188 50530
67548 67681
60763
58677
27189 27289
46352
32872
28370 28503
29138
38267 38355
12509
59383
487
18543 18756
41679 41707
35536 35690
36499 36516
18493
14680
450 607
61227 61389
23176
69913
44019 44021
48973 49093
52445 52463
75794 75861
68784 68810
26317
16786
65
72713 72800
31115
62372
42922
50375 50407
76791 76838
17294
44742
8698
74526 74614
65027
25733
88590
13385
41322 41407
26064
81445
49534 49546
13415
34778
46035 46082
15601 15644
9663
67634 67660
41899
17608
42169
83598
83126
44943
19468 19685
62345 62546
77371
65752
15505 15506
44620 44632
263 277
3248
54396
13704
66428
67252
60877
15958
75229
37331
86582 86629
45043
84186
57503 57580
34986
8630
67497
70194 70258
74273
16879 16915
88349 88367
29610
86696 86779
73960
52385 52471
35842 35866
7163 7178
67074
76139
45364
28948
71999
45875
36008
76478 76741
35290
8982
1495
63408
83374
5828 5864
68511
10997
48384 48704
26698 26876
20948
56987
44371 44398
79660 79683
36148 36223
51806
65280
4851
89668 89684
44056
51153
26412
3774
78176 78406
70484 71092
20248
52045 52143
68744
44935
57918 57930
19350 19601
58427 58478
66607
70894 70943
52855
47269
36421
17338
83566 83584
43931
33879
38641
52641
56254
80112 80125
43040
25485
84419 84492
34756
40161 40204
73245
67308 67498
43317
66440
76778
32949 33037
56557
78222
22706
70723
66067
42342 42349
12780
57585
86741
8418 8424
54517 54532
3301
60984
9270
5807
80394
81237
22632
56689 56756
59538
78223 78309
29569
53961
86038
3255
9390 9581
69122
79479 79517
75454 75480
14104
4392 4448
31539 31721
29346
86743
35408
87549
58634
81347 81558
47875
33878
22498
1487 1518
49857
24183 24188
18631 18851
19267
27367 27386
34165
2207
77098
39639
44906
67362 67441
85447
46776 46787
25527
54486
13738
1517 1567
62726
10404
67245
15960 15975
16166
64188
3836
44080
39162
35788
15645
35521
12830
64160 64226
6435
57217
56269
37003
2993
62309
11058
15656
36150 36237
41053
19358 19367
13828
49232
7118
63498 63721
71883
70261 70265
39366
61275 61335
9469
1102 1193
79948
27952
9008 9026
46675
63747
61895
41364
2782 2844
22090
31723
77890 77893
17484 17510
88739 88802
81747 81878
81472 81494
40600 40619
51858
1129
84487 84508
85555
50255 50275
59042
44474
25665
17829 18149
88678
221
1665
73787 73796
72660
27596 27846
33022
59880
19258 19305
1024 1063
1164 1199
19184
60005 60030
24261
18789
85582
44491
72405
39088 39235
57111
46015 46123
75043
18353
18512
66398
15941
36546
52653
56921
82411
21925
77393
48888
53034 53044
35497
15714 15829
51489
78968 79040
80681
34822
75680
5358
5573 5577
2757 2776
88960 89010
40043
51339
16559
54280
69119 69200
8130 8173
85876
42694
14042
39190
33998
35321 35323
8332 8351
33613 33694
47417
81608
62487
31169
23937
64712 64720
14148 14154
67655
40151
62536
5489 5536
25449
66046
55828
32324
10322
84284
79433
41793 41820
5190 5241
89163
33239 33260
62118
51674 51684
48664
27818
77201
86901 87148
87916
73013
67440 67542
14686 14749
26586 26660
3545
75451 75489
21289
39433
49367 49408
4240 4364
47743 47790
39850
63520
80428
80286 80381
64203
59944 60018
17542
12901 12933
2965
82086
6265
13270
57171 57292
45602 45751
11426
13360
72711
73704
79449
66239
55901
66909 66915
81488
42243 42315
6510
61295
61173
25856
57237
27537
3662
52678
65450 65519
38659
3364 3506
12957
20744
305
48348
8764
86509
5025
48706
31774
5465
59666
74662 74899
85128 85357
1081 1091
52043
76353 76394
36587 36633
44340 44356
29846
27168 27295
87903
902 939
42568
25787
86228 86231
63705
22241
47633
66371
81217
53932 53963
9857
11927
762
74436
39448
48511 48575
71874
77023 77089
88111
6400
86573
65700
41877 41963
61038
85420
13131 13316
88452 88599
5272
66452 66468
25025
28517
52021
60566 60717
13499
82713
87601
5199
80917
69030
40782 41044
36630
44472
36331 36562
48761
20228
10137
37324
72134
32116
16342
53822
58794 58833
84281 84297
74562
47674 47715
26528 26671
16403 16629
60738
78656 78837
16747
68378
43857
64684
20853
83623 83633
71954 71960
31081 31104
85142
11932
25179
12535 12547
60255
43278
29540
12421 12443
47398
23690
85859 85899
37902 37912
26335
18069 18082
7182 7222
88545 88624
24823 25124
86399
14705
88588
74582
235
32552
50657
41991
47303
14280
24953 25131
51654
77292
2435 2551
27127
17693 17694
6183 6211
67427
38080 38107
89451
1580 1727
4020
44987 45054
30439
12590
55137 55234
68989
40395 40415
82804
76311 76361
39077
12712
22219 22235
44774
75051
57193
1539 1846
35980
37640
8974
48742
7221 7239
73763
89707
50671
67958 68134
9263
47967
22671
70589
9015 9114
58930 59181
26087 26238
73706 73871
7879
47155 47287
78121 78132
41673
62624
26650
50847
28560
81262
58791 58883
61477
86455
83688
58097
47330
45566
77220
17721 17913
2075
85490
21787 21991
12187 12313
58890
42137 42194
65249
58615
59206
59011 59249
56830
60150
86932
18794 18822
39831
56929 56949
44034 44077
7988
38473
10500
65767
6831
1237 1368
39856
78923 78926
55046
14632 14663
20633
64094
71349 71451
52337
70680 70923
59450
10582
19722
44405 44496
53840 54018
15227
83314
5417
22896 22906
39172 39341
56127
78045 78156
45245
156 253
61458
6803 6820
11929
276
26600
72578
35044
82954
42745
17089
15633
35314
37615
65949
7405
18659 18806
21657 21742
80076
83987
20121 20157
50521 50624
52612
1669 1829
68863
60367 60401
82667
19361
79796
25483 25486
46558
53364
62597
87022
79123
46760
7365
57141 57160
17056 17125
22880
22883
68059
16386
32985 33009
84945 84979
24799 24821
26947
53574
43033
29669
10232 10319
59036 59090
59957
33706
81662 81700
31673 31788
89267
78213 78226
88840
18227 18336
7852
56664
16642
21248
88013
60447
67358 67457
33806
29524 29550
21434 21620
32375
5063 5065
86411
18431
40033
80885 80952
73120
73757
47331 47367
87420 87435
65004
41930
60053 60121
53403
34392 34434
32850
62451 62511
20206 20299
16874
17600 17756
38933 39040
79029 79078
83866 83904
85240
21454
14952 14953
29388
71885
17064 17088
74298
54878
86499
20099 20150
45106
28065 28148
51991
87379 87628
63595
44744 44778
85404
75814
574
14925 15006
11516
9348
11666 11756
79182 79324
65643
48128
16181 16237
12979
45897
70783 70830
36027 36165
11271 11301
10287 10303
19321
69840 69866
82971
21469
37150
56866
26502
3644 3690
49817 50029
59704 59711
11028
37200 37209
45989 46170
41524
31653 31811
78323 78324
57321
72646
56829
39910 40123
23412
78898
78577
19190
62802
32397
72577
49521
33684
38217
65011
84575 84770
52266
60947
50204
54448
72640 72680
84569
80817 80843
13188
19541 19672
52097
52831
29642
9341 9374
44599 44707
11033
30247 30364
35894
45814
2753
28369 28385
47059
62539 62720
12163
46171
72084
75746
60568 60716
65134
55169
58009
42506
17596
38945 38988
64431
15498
66765
7814
10052 10065
44317
29354
64886
56306
39472
2997 3065
70092
57425 57438
82244
58553 58568
2587
63783 63860
89926
81973
74170 74459
25182
61492 61510
28115
19900
14835
12155
31574 31619
75936 75991
43674
70185 70330
78860
55574
78374 78394
46112
7045
16481
17747
86309
21473
64197
3041 3281
63748
88110
71213
57254
5570
75852
43941 44005
86067
13076 13186
78063
27459
60766 60814
13102
73679 73687
4741 4757
17544
14050
78819
56835
9369
51405 51428
7493
77479 77756
8110 8144
63103 63222
58689 58710
65178 65497
15842
62728 62742
42920
16857 16865
47048
38848
85374
88929 88963
18083
11189
82340 82422
57203 57247
25749
73731 73739
31705 31800
88806
47347
15341 15477
76860
28246 28283
77796 77947
44687
32040
48848
49173 49223
10073 10094
13132
15063
72318
5797
82787 82850
38746
76040
20479
40586 40595
44555 44568
83933 83983
25004
775
10071
51325 51513
38341 38394
31854
30334 30522
11994
83269 83280
10264
57534
18156
62888
79843
31289 31500
1018
39809 39814
23765
61981
10425
47258 47312
60191
10296
43802
13290 13492
26566 26641
35167 35174
52634 52654
30801
35454
4602
82073
65192
35000 35123
47384
39288 39413
12461
52439
67839
2603 2605
19442 19521
9131
47969
42177
45331
62578
11263
32803 32942
10864
70955
86601
84751 84813
42371
38143
72476 72637
55383 55408
40268
2847
24358 24377
33851
74312
15214 15300
49644
82085
23874 23875
70412 70433
87496
58567
19223 19296
43248
78830
67769
36187
21460 21480
8038
20829
74569 74572
42840 43065
52874
78189
31493
75423 75542
73354
16981
43395
64494 64499
8298 8337
48716 48720
24567
31489
21
33174
63878 63916
69018
33079 33124
26730
66742
88885
88698
29754
34269
77883
61793 61849
9769 9963
4726
18190
37282 37294
32990
82459 82549
69933
70039
53360
52165
14286
36724
13620 13753
26462
37205
55245 55350
2066
9562 9602
79815 79834
86451
71941
30835
10698
89205
84163
34458 34720
14508
44458
44888
1101
69330
35764 35771
40349
20077 20097
76462
33120
13135 13302
50882 50951
23207
65827
80533
24331 24482
13412
64974
30272
37549
76918 77006
62979
32080
35550
23639 23736
50119
7955 8095
48902
70295
26771
21261
80113
83995
79980 80084
12772 12965
59732 59757
59281 59316
83042 83062
34022
52701
49913 49935
28471
67970
16037 16215
58889 58912
23842
73210
40480
71862 71917
8260
561
35675
8022 8039
34014
28418
28066
40553
21926 22056
34816
43953
73200 73331
80485 80495
2667 2698
4004
76223 76255
31082
55292 55305
4201 4231
10025
81530
3826
453
35134
57048
30913
49779
17892
36260 36319
38233 38238
13902 14072
52504
35309 35440
61130 61549
74601 74681
650 706
26376 26378
45864 45976
7855 7892
26543
21223
27941
73879 73925
47141
8369
37262 37442
56164
28736
27354 27366
71771 71841
58546 58627
84491
81413
60212
10563 10568
69003 69337
47522 47579
29307
82687
66518
22105 22164
78347
53966 54073
65801
89952
80836 80882
60435
55342
62400 62423
42804 42989
68461 68494
19447
78621
63421 63590
20908 20940
40473 40546
55190 55191
54700
72122 72212
75059
75147
12701 12783
69635 69696
28913
2241
9750
84525 84767
70762 70815
74935
28301 28330
39145 39217
36338
52228
79216 79304
85946 85949
1894 1956
61475 61555
69632
75658
82507
71330 71339
87771 87843
21999 22019
52967 53077
27970
50071
8543 8592
24752 24896
8642
71179 71226
71453 71481
19224
15716 15758
77452
87091 87347
54631 54798
10984
79102
66047 66120
37739
59925 60022
83525
62946
67846
58095 58128
54480
71848
37014
64819
2763
73439
1100
53351
4539
89287
17644
43311
52026
11030 11081
88714
58673 58775
86437
69608
58205
52363
72023 72064
10544
84573
74503
64550 64575
73744 73829
982
72291
19072
31538
50206
23277
27185
47273 47341
76093 76119
50838
2608
25364 25552
77388
25333
83780
10002 10007
23698 23723
3669 3688
47620
55709 55908
46667 46786
79044 79188
31512
49459
73989 74172
16940
2448
82219 82223
85643
2915 3015
71134
32717
51484
81656 81664
15706
21166 21237
20603
27516
5100
76454
42469
14726
1688 1718
26534 26591
58451
85915 85973
50734
59687
8060 8109
84299
46788
9141 9176
26646
37569
36793
70672 70754
31472 31520
29076
70024 70136
17935
66491
18926 19060
50283
69977 70036
58991
1725
72834
49381
88219
11232
17342 17402
66289 66354
21492
19899
70913 70971
62061 62073
41411
76670 76776
13443
88474
32435 32490
47910
79646 79822
16980 17194
32352
30183 30373
39949
30265
64864
36626 36725
21361
52719 52739
21857
78401
64255 64299
75826 75898
71015 71071
16089
67880 68055
85996
17761
82362 82483
7135
9375
33098 33306
17060
64420
53882
2480 2583
6646
28869 28956
37514
9042 9294
63671
28469
38740
37167
73263
52199
80348
80194
82946 83111
45493 45637
2070
54582 54735
51510 51567
89548
1028 1069
33590
53084 53119
41705
27142
63567
2063
62440
25188
38100
28897 28898
83428
60698
27536
37635 37643
84436 84448
1571 1588
83663
61547 61605
45519
20525
37428 37468
24348
72352 72413
49309 49328
39400
43474 43546
61503
12066 12134
7424
8147
66451
264 266
311 315
65651
42298 42422
17998 18185
11709 11748
78809
19738
13569
55028 55120
79825 80240
82443
76905
1256
16675
54825 54973
61743
29359
67121
56746
53509
39109
31678
28221
80606
77976
17709
2395
9205
33038
53365 53391
36501 36521
38086 38088
21160
78429
6117 6314
70217
19390
72749
74332
43063 43102
3925
71331
80740
82882
15688 15827
54389
46134
70522
36628
54939 54967
47162 47215
13448
51985 52017
15773 15843
74668
86381
86470
21134
31142 31220
65167 65203
89041 89049
25637 25737
78983 79070
70660 70717
17503
22040 22474
14487
21716 21774
49951
10391
56777
71601 71715
26368 26570
30353
55551
2434 2460
56628 56642
48659 48769
65353 65528
25946
20839
33656 33718
23504
41132
40610 40671
53420
13252
11650
34622
19910 20003
55309
2283 2284
10063
6072 6206
51382
64935
6846
49747
88388
51263
52637 52767
75508
54838
56186
40887
12764
73181 73260
72483
13432 13804
84749
43985
47628 47659
45029
2323 2380
39732
18024
80004
62527 62760
39975 40378
67361 67411
57248 57322
62943
6993
1864 2009
73151
51765 51791
19662 19719
55989
33773
40946 41094
80052 80100
66360
56028
10478
66212 66381
73010 73107
12997
73940
9996
22191
4196
89462
33228 33338
86890
52012
6404
5973
72003
31722
25363
33743 33753
9948
34411
54395
13798
82566
27397 27474
32981 33015
84393
63170
53826 53859
17300 17309
84973 84975
47224
9772 9833
50989 51106
4863
71679
52113 52348
8450 8493
46895
68819
82150 82170
44895
23173 23213
34834 34838
84103
64748
32736 32847
74450
19145
48691
51098
46328 46422
44321
45820
19515
48034 48272
35673
36653
8933
74759
71248
48898 49024
18960
36509 36556
61786 61802
12077 12085
13789 13826
27787
30075
41484
76893 76903
33153
36324
70249
3889 4235
78057 78142
59215
76921 76974
32892
71366 71493
19922
67582 67595
50857
61360
35841 35880
10825
79050
63278
71233
74106 74108
3954
22350 22465
22994
47167 47195
15799
25053
29538
62466
15319
22459
69652
71599 71649
76632
24816
8517
37228
85243
65433
3969 4024
88471 88533
80436 80481
41350
14512 14628
68208
32325 32339
1004
45739
20011
19882 19954
41685 41709
26117 26202
10032 10044
77334 77382
55056
64926
89327
43973
6487
28543
37919
67043
31739 31819
12656
53563
57395
23475 23591
28444
34672 34792
74880
88707 88732
2948
68349
22112
19453
46863 46999
56247
46491
82869
28416
71825
19866
78454
84912
42444
81264
37567
37163
81006
2157
84305
29859 29871
23082
88341
89318
40427
39087
75464
66889 67144
71354 71504
1421 1437
8645 8707
13066 13234
83140 83242
79139
30908
48904
52287
18801
7181 7242
66719
24545 24559
46056 46298
76831
47903 47994
59673 59873
5024 5194
72006
8548
30513 30514
31158
72256
6779 6938
51803 52018
75783 75886
21885
72871
19100
25935
7023
178
44119
41626
66559 66701
25649 25695
15292
89714
8743 8919
10742
2737
36200
35212
60105 60168
16478
58322
85221
27093
78177
49102 49110
36595 36623
21878 21917
73180
21674
46387
39997 40002
88366 88420
13283
35789 35865
69586
63424 63475
27877
72836 72870
52247 52273
63814
36908 37041
13790
476
35991 36066
57868
25743
82811
86603
37285 37510
84138 84294
32211
12016
68614 68678
89332
73361
67183
72679
72298 72339
18694 18730
3847
38658 38843
44198 44261
6508
2883 2936
34496
18617
58610 58765
25362
28286
22979
87649 87675
87491
82365
27971 28081
75086 75435
26905
40494 40510
51868 51937
70256
67012
32541
23894
15167
76149
38651 38656
64582
17037
63830
42296 42307
88373
62496 62508
50498
53496 53771
67436 67444
84992 85263
57174 57205
42839
8135 8181
52647
64414
36288
44179 44236
72631
18956 19081
33249 33441
87781 87800
9215
11270
36761 36792
6728
9845 9919
54098
47295 47333
20724 20725
77500
75236
52237
60685
6612
40592
56084 56098
38321
40657 40721
88584
17376
30359 30437
41460
67591
67196
65041 65070
53971
83486 83528
54271
45694 45842
54457 54500
88080
70238
26216
19526 19563
5565
87187
12821
79824
56768
87469 87485
69813 69843
82470
15442 15507
24204 24258
54051 54056
25138
48615
29459 29477
45705
42924
64392 64424
14492 14607
49518
53633
82754
33735 33762
54887
59019
52506 52544
24388
49055 49216
76856
50249
62893 62984
35728 35781
29166 29184
58828 59033
4253 4279
61372
89485
71024
11896
3460
28243 28312
8225
65951
10352 10397
49231 49283
20844
83287
16875
61067
75893
35851 35879
62497
50076 50495
62914
49151 49154
52108
89738
15189
37171
74104
4000
81797 81888
74563
68547
358
8750
6089
17219
45622
16995
20000
40963 40974
61014 61058
86109 86153
19837
62096
59597
85215
38260 38546
40745
76599
81609
70060 70126
59594
2602
73340 73370
11389
80962
42485 42527
63308 63355
19437 19507
24728
82072
86397
65561 65629
11608
30010 30018
21604 21829
31918
30347 30348
4278 4371
70825
2746
54245
79141 79183
73800
69720 69734
14633
6164 6172
27535 27793
3197
73030
33569 33577
16040
31504 31580
9399
47581 47702
76780 76803
55764
58738
74621
10355
43324
50095
14082 14316
23648
67670
30138
31618 31629
41847 41958
78751
36367 36551
35446
27949
52675
20686 20749
9830
49643
72182
33633
11262
31025
57735
18594 18602
25380
17086
66707 66779
13502 13599
1932
82716
38288
51421 51474
10358
23260
10774
12183
78911 78932
10431 10613
26710 26717
86080 86202
68497
29158 29187
24047 24093
22612 22680
57879 57901
31752
63825
38254
43599 43630
26574
50798
7904
39435
50053
22982
49331 49451
57216 57222
80445 80470
63643 63656
41874 41983
63027
39054
53151 53195
66335
37929 38072
68891 68897
79185 79196
81377 81393
57261
83958
76591
67376 67393
36655
24291 24422
42871 42936
41343
41049 41104
25741
53707
8140
6338 6554
16189
64570
66207
64463 64592
16209 16428
34519
58200
45523 45543
42611 42703
42878
87763 87778
82070 82194
76667
12728
23777
61506
31814
86791
25778 25893
47499 47504
64330
32388 32395
37382
63638
70974
50004 50075
83897
76646 76649
24798
32733
85605
70929
21390 21397
15724
22220 22648
83934
78026
82718 82794
9605 9630
76050 76143
40346 40347
33121
32506 32601
84046
25094
6737
4680 4730
81363 81389
45703 45779
35719
21622
14874
48586 48602
15695
34797
59119 59132
75624 75637
58243
72473
60152
64706 64739
17101
13375
69235 69325
488 551
2216
20848 20868
48197
50606
42551
4293 4294
79621 79654
27057 27075
46809 46841
83367
38811
55050
59884 59892
66202 66265
51551 51579
55903
57655 57709
2600
79168
45709 45716
48753
64988 64991
72970
66520
81995
4556
31929
43487 43584
45398
5127
29054
80468
24098
16590
26002
80723 80991
8064
8814 8850
10238 10274
77305
50358 50396
49025
11181
13207
56455
27559 27923
45799
89931
52871
12719
37780 37805
5074 5219
35616 35697
8762
3170
35380
81243
6320
44838
41315 41698
84320
54116 54180
66203 66279
44059
19712
2521 2610
83246
31230
19397
47949
8154
8831 8841
82152
24592
28572
81943
30127 30196
4462 4525
40669
9395
65208
63687
5124
48955 48966
11267 11286
40110
2575
20728
41927
80538
16956 16987
89561
68506 68518
18203
44840 44905
60888
81789 81815
6724
32664 32781
54759 54762
65808
53233
4940
36303 36347
43149 43229
27025
21389
31392
68978
71302
26359
14678
21256 21276
78248
16087
61897 61902
65315
78426
14201 14245
83702 83765
22765
31745
67884 67888
13523 13568
85676
35375
47783 47920
29135
88780
88463
78112
89875
63081
42934 42980
61925
27943
20224 20229
8475 8542
32696
3859 3893
3378
64767
49984
1541
29792
35374
83241
40514 40690
52259 52272
49022 49129
42370
39320 39407
78453
64099 64155
19094
9619
14397 14533
62596
29152
47074
86940
39227
63810 64200
19136 19393
46573
13708 13756
82978
42712
73766
17726
38812
33339 33349
12686
27381
2926
54340
68314 68318
8122
20695 20770
45330 45390
73622
87847
21192 21348
33122
47170
52944
19533
74248
16738
29123 29145
59237
83138 83175
34615 34739
83393
63648
66050
32425 32452
61107
78088
18920 18924
169
34860
85014 85020
88676 88835
87262
55881 55943
54640
85572 85590
71381 71386
31675
66513
47529
54639 54685
26375 26489
2597
16245 16347
66594 66616
15463
7294
69217
44244 44257
4611
32864
70659
81597
27204 27253
20954
16778 16914
62659 62701
51190
65300
65791
20105 20149
83094
71291 71452
54460
59803
32826
61409 61422
4682
300
63901
59405
16372
63922
22831 22857
24140 24274
86634 86684
53990
51495
35055 35189
13518
81600 81699
41809
6306
46419 46427
19018
37629
18114
68301
37506
2497
37170
33288 33345
40596
72327 72343
25088
38446
44704 44739
89001 89110
77587
13357
15001
53798 53877
65176
37536 37600
62686
23546
38826
43569
11251
4813
2410 2588
1098
51103 51171
25175
39240
71319
41201
76445
72738
22297
65125
52217
82245
50195
56369 56477
4377 4445
1252
44959
23419
19575
34212
39883
62275
9930
36627
11295
24888
69077
16422 16462
89333 89343
84307
82982 83058
82308 82495
38383
59959
10994
596
32948 32966
16616 16746
19930
88836
14602
81045
11513 11526
5454
86736
49741 49915
71476
10836
77864
68628 68643
48282
21773
29906
8911
83206
20828
38592 38772
23105
11157
27305
35198
648 662
82911
82626
70339 70391
9038
81506
68881 68888
79437
50747
81139 81249
52556
19592
65653
13281
88485 88734
15431
47220
28122
42198 42343
87408
73558 73574
60750 60951
43142
35271
18955
71975
23263
11151 11185
30080
59677
146 158
59600
84376
66173 66208
5874
61602 61747
36262
3714
68708
27950
2857
4817
58740
473
50609
4855 4915
57390
53307 53336
60285
2116 2282
26472
17943
48060 48064
47079 47415
35083
36210
58235 58238
30682
72721
74875
45470
28071
25005
49870 49905
44190 44206
12403
23790
30961 31054
9658
12878
49337 49378
20539 20553
68380 68465
4123 4163
24951 24986
17430
39523
89876
53558
42357
87905 87981
52738
10493 10695
14219 14351
83630
60732
61864 62130
89687
66008
76320 76426
48963 49143
24615
65711
21023
35051 35157
73762
58821 58835
87768 87815
29232
4192
28550
77749 77764
11388 11396
54634 54659
55549 55621
40965
15680 15686
73309
36250
6382 6402
70220
68984 69027
13757
16330 16485
61962
2510
42462
45661
49742
34726 34769
51902
33360
16525
22336 22464
87788 88173
42008
40463
59655
81543
34698
2427
39285
58150 58188
17450 17529
85540 85732
61322 61364
4103
52458
16943
84897
20701
74227 74255
11009
47150
31916
71214
22629
38886 38913
67448
8747 8753
18889
79091
70850 70869
30681 30793
17499
41254
8238
66206
83315
35487
38969
53423
36629
21416 21535
42450
13657 13759
68224
53716
61694
27938
65709
51879
48429
3288 3305
59851
27727 27757
63032
44086
4961
25808
70410 70525
75761
27267
65314
39652
72866
20436
82264
12698
17670 17956
19038
40185
77191
797
33896 33897
7947
85237
20287
84948 84965
6981
58520 58577
55670 55864
85418 85510
38087
12303
88008
30588
3910 3951
80193 80263
85117
45936
64307 64429
45217 45231
71861
88085
2998 3051
28829
34432
32438
13987
8579
121 195
43798
30949 30951
43675
43737
6965
3020
67699 67847
42697
54574
10955
42897
25659
80797 80821
32705
56129 56159
53457
88585 88594
4676 4725
21000
33689
8207
72424 72445
11953
14043
75784 75919
48835 48856
44438 44680
76098
17181
5048
10443
73449 73625
7760
14227
85218
14377
78746
4127
10893
11855 11885
70886
19585
71217
74339
53244
59255
63785 63930
35619
45157 45268
71592
66031
56109 56335
28546
69694
52623
41382
82296 82591
51956 52177
82191
59366
48839
37210
12956
15881
18761 18860
7013
57911
29866
46432
25210
23228
50376
56054 56073
63765
86781 86872
10395
5545 5549
35228
81998
31955 32054
54801 54908
15540
63545
11517
86164
24784
10824
62740 62873
49405
78617
64068
11848 11910
38166
78803 78948
85316 85335
49547 49617
37642 37722
43559
23496
39830
77378
5383
31233
893 973
51911
61630 61745
37853
62734 62741
60648
27245
63013
44748
19534
4109 4111
39976
57780
45435 45446
26923
71421
77186 77187
72481
48812 48841
9558
59874
37956
54626 54635
46836
48343
12913 12986
42688
62786
57704
56215 56298
63622
62814 62841
63148
16431
86254
54127 54198
88444
52055
4070
28618
42643
77253
23472 23529
83406 83561
68979
9463
81077 81086
79296
31352
48261
69902 69992
30506
28240
55527
8328
23741
10329
71512 71609
11326
74906
62750 62776
2334 2433
21802
4255
37319 37349
5762 5911
84853
49505
51856
76848
88418
37010
66021 66065
89626
16129 16250
43133
22565
15567
11828
15856 15887
79954 79979
26539 26561
25747
32256
21980
50991 51030
48389 48502
14158
84033
7497 7506
63034
4922 4983
6339
13963
62214
63979
68839
82398 82456
89331
57046
23685
26029
72933
8678
71288 71379
25810
39664
15353
23617
80274 80330
36422 36471
83573
78627 78628
79975 80023
76156
63347
71353
55663 55682
11061
17179
8182 8278
33151 33156
20643 20800
60295
13397
57774
77223 77300
61601 61622
57302
84889
84759
61571
65591
3492
10075 10108
42816 42999
17461
81219
1529 1569
76085
765
67385
71010 71039
24579
58907 58932
77758
82722
29218
32039
29888
27652
18360 18410
534
10962 11020
38608 38646
79221
60869
34006 34114
49267 49445
45718
25781
820 874
56088
3017
44346
28752 28784
25319 25408
75123
5974
16218 16322
33687 33764
2129 2156
86640
12560
37693
80009 80037
85217
63734 63796
10519
61877
40802 40813
86984 87043
28468 28486
81094 81109
9029
21095 21105
85071 85245
88326 88441
35505
48377
43853
44880
35124 35195
74751
15551
87543
41788
3749
75267 75335
69242 69313
87495
55788
17475
45913
5088
26101
40743 41073
17959 18027
75171
12003
34738 34773
58801
5688
64505 64615
492 595
20912
31689 31690
50464
10648
30608
89221
88370
9881
70068
33821
43006 43094
7541
42142 42162
7967
15728
10376
66412
35599
31909
83129
4264
59114 59207
65310
74371
59012
4535 4644
4763
67659
39633
64286
66271 66292
65727 65757
26687
88145
24035
73152 73360
36257
41725 41770
57434
64619 64701
4864 5287
19823
28772
35889 36012
23524
44711 44750
43992
44380
63042
3713 3717
41974 42205
26790
6806 6810
59305
43827
71118
83460
66564
7810 7969
82958
84259
16058
24681
9956
73291
75018 75151
65904 65915
52383
35359
54586 54600
82574 82657
89137 89175
82297
30301
8632
82494
18014
75504 75565
82137
61582
46716 46758
47362
83350
81599 81603
21504 21515
23960 24055
3995 4035
18867
19821
86908
34954 34969
3622
83245 83432
29106
25484 25549
76048
57765
57575
76725
13020 13021
23507 23514
64169
30896 30954
85910
81767 81805
59433 59473
56429
87037
24660 24695
71265
44564 44594
84964
31319 31339
80746 80758
23564
52835
1427
44936
65357 65470
16791
75281 75400
2789 2838
70554 70584
73870
84469
67248 67288
77189
11607
8993 9013
65857
37914 37953
22075
82724 82770
42824
34138
50334
81675 81732
45309
55433 55705
31136 31281
24883 24974
75485
10703 10709
48080
73474
32777 32799
80156
28001
18405
34174
3561
44451
44601
82943
56014 56033
72185
30091 30092
51248 51282
9481
34787
89317
46783
3919
28985
74394
82233
46479 46504
53788
9473 9584
20075
12020
83740 83751
12848
82038
49206 49372
80970
33529
3522
59029 59085
84814
29566 29592
62462
52741
2039
76959
61238
83794
583
66037
31993
47935
36042 36043
39112 39247
39592 39612
11598
63283
43587
68311
34050
18444
24052
40153
34574
28440 28582
79637
21119 21179
47602
62337 62339
40503
13740
49884
31072
69647
81203
33871 34023
12700
30028
67662
63661
19542
11087
73667 73696
36177 36256
85111
55752
23673
11659 11660
12047
39692 39698
802
4290
8646
82941
22840
85530
19978
44660
27160
35301 35305
27206
86378
85726
41347
17467
36841
75361
10669
74488
36808
15215
73387
64450 64534
5155
46847 46919
26056
53137
49823 49840
35801
78834
2511
39972
37404
63199
68596 68662
58277 58312
45664
76406 76459
55890
4241 4259
64301
74357
35722
33382
71462
63757
74958
73518 73557
59360 59408
18511
82773
55355 55455
70710
14314 14326
16128
33419
82934
58773
48215
36666 36767
42860
82496
88352
50285
79777 79797
62396
70982
42096
72034
49220 49324
88554
13433
70282
78415 78446
5555 5557
6463
6297
45312 45336
87306 87316
89950 89989
37636
86007 86150
46929
15193
58264
36559
821
21983
58477
17934 17947
71546
79157
83005
722
48558
7234
30622
77280
85948 86005
68449
19645 19656
56510 56554
71612
74391
4298
22861
46738
51449
23633
28811
24167 24318
27776
61806 61835
56144
43109
16757
19056
26451
40171 40198
89780 89856
82728
76953 77011
7444
79828
28641
78092 78167
56444 56529
32063
81794
36861
60076
6815 7085
58348
63989
7062 7082
72864 72944
54205
2069
37803
82234
37610
63178 63209
18041
11314
87211 87304
20106
44362
37879
78840
69968
64353
29173
3964
25515
67541
22542 22578
51504
71361
85981
2477
74399
27238
85146 85200
87121
28756
71426 71430
75823 76358
29573
84195
18967
34486
22556
71580
54896
30024
63937
12931
76079
32399
39983 40009
42461 42521
88889
72824 72828
43121
77142
6217
67547
62877
9137
16919 16930
74783
12318
57515
9178 9192
9842
60477 60510
89741 89801
45956
71012
26628
5724 5827
84252
59257
69143 69192
5537
11549
22886
85545 85550
36539
9146
71939 72026
17631
54637
82512
79705 79714
82693
33235
68299
36005 36045
51697 51698
28824 28841
69900
11565 11649
44177
20397 20474
49167
20979 20997
4083 4104
13555 13596
50428 50529
21496
46985
67017
33915
76411 76430
16744 16931
48545 48578
62807
75752
2214
89051
42987
14093 14130
1682
75669 75710
20321
34493
63071
43872
73716 73719
78658 78703
14205 14279
79772
59929
29786
89560
40275
38351
78990
87527
12154 12241
14825 14842
51590
57975
80662 80754
31298
75237
6050
43435 43452
53171
69435
41295
86255 86303
88971
80319
23565
49357 49531
80587
87956
38541
67996
48887 48905
50965 50978
30443
51344
59449
4613
88176
62267
32443
28225
39111
7684 7706
64616
74795
76190
3569 3748
43088
61560
19659
51742
49393
13891 14013
86023
35423
43256
85592
549
14541 14735
72302
5352
7974
41953
11414
36382
58096 58101
68144
81542 81583
2785 2849
9650 9693
10833 11112
60224
560 637
67039
55856
49705
26296
74836
58274 58310
34043
25292 25444
23208
5411
28905
86466
37657
76588
50945 50966
44756 44757
83127
35863
49012
78227
81516
65303
79312
8680
25574 25661
76113
23151
56608
31023
54647
52809
81515
70351
89830
66787 66858
35671
48266
59267
65983 66369
83602 83632
10596 10625
17713
67720
28000 28013
12285 12312
39842 39891
81727
3785 3792
16733
61315
61544 61611
59694
6883
68586 68607
81422
66060
5607
84199 84258
22795 22830
17249
26936
56891 56965
71768
36638
32621
15670
61453
11519 11576
81779 81837
78046 78203
70693
60274 60310
46234
2017
29953
39478
88510 88566
78015
43404 43424
32002
51965
59592 59628
32623 32656
80137 80211
32829
6405
38928 39010
7272
64266 64418
67751 67784
68603 68626
38895 38918
59744
31597 31668
76758 76814
6237 6275
40505
74443 74520
22370 22372
22853
35567
16625
88951
11560
36274
59931
17024 17098
9913
72541 72595
8821
7632
35549 35556
56586
42853
25710 25745
57602
47360 47402
48151
7559
13137 13139
70360 70429
1509
8400 8416
32004 32112
47183 47234
49334
89492 89569
60430
22091
67841
86643
48948
63560
75594
7953
21975
57414
26588
30780 30879
83858 83859
29663 29704
72907 72960
65119
63790
68980
69982
82932
32351
40372 40384
45073
87479
78521
88688
72839
59388
74695
48525
28642
12427
2767
10737
54358 54431
21394 21403
64630
52393 52448
38494
71540
84298
58949 59112
82790
13541
29847
71277
14551
55553 55593
43185
54390
18711
53984
78822
11186 11252
16497 16500
73202 73204
19782
55439
76395 76521
78494 78531
67525
20273
8275
58091 58181
5230
38899
36142 36189
45930
6438
14900 14903
64131
49435 49486
3538
49726
73932
40886
11905
11906
21466
9826 9827
34919 34934
84257 84355
47083
49359
40864
13454 13616
56896
8019 8097
15383 15453
13223 13304
60586 60607
36071 36102
62793
82530 82550
66944
47991
11793 11928
65217
32427 32489
89676 89840
87401
89169
63928 64091
53865
63635 63744
24934
20498 20628
30654
88568 88645
47087 47100
71735
73067
26618
61715
74934 74937
58159
57689
35584
52905 52955
85304 85368
29757 29837
34766
49432
67124 67131
52564
36927
81146
86199
2114
70236
13760
48754
50554
26988
87135 87178
2235 2242
73318
61430
7976
69758
16975 17141
36439
55246
6196
41531
63657
74358
27112
30405
64021 64060
59020
63832 63959
37431
72862 72886
34724 34870
82064
85708
7551
17122
4032 4207
17881
23155 23201
1980
43687 43714
89834
18223 18301
53761 53777
39893
57003
14528 14625
42937 43128
27156
74387
59581
75585 75600
65078 65084
19888
42586 42617
54746
75483 75490
3375 3482
88746
62208
43467 43494
40550
79160
14133 14186
31177
86182
5052
14141 14268
60649
45480 45487
61472 61499
89454
80828 80884
71458 71645
65097
54470
77892 77933
22179 22212
35458 35495
19634
54110 54142
86938 87038
85287
89013
51204
8697 8722
30061 30102
65384
12849 12854
72218
40855
8411
28289 28306
32027
37137
43970 44098
15786 15890
43083
14016
38832 38938
21040 21254
7898
15131
2848
86959
21594 21718
71832
27020
64702
49246
85472 85493
35600
60532
50852
1173
88743
22576
6977
59224
11933
37809
37481
59521
21763
38471 38538
66973
18784
59798
89667
36301
2047
74220
76515 76696
15047
20847 20874
60591 60650
13761
5091
59588
48589 48610
39504
29316 29331
9625
9721 9855
29678
84905
48875 49041
17223 17242
5610
89281
81493
82643
3527
71667
27306
59969 60098
55422 55450
31257
31792
46040
11171
55007
13396 13446
82430
13554
12347
34162 34293
53013
59820
2887
11539
5860 5918
80729
55529
14919
56016
6505
11909
30322
80577 80601
48139
19268 19338
33291
31513
79403
80592 80626
89638 89685
75756 75817
46206
17308
66092
73522
53376
56242
13289
68907
75189
58939 58987
8088
67280
60493
88622
43338
61254
840 981
68160
59428
59685 59725
35571
13950
55811
39069
19961
76940 77084
13278
23818
12804 12831
18152
49466 49483
68215
19313
60638
74867 74924
78329
9868
80376
23889
18538
36862
67982 68046
29427 29444
74506
31749 31756
76202 76240
59610 59661
88169
13389
55875 56080
28625 28657
17524 17591
60337
75235 75478
72287
57510 57608
34731
14803
52942
60389
89747 89784
65715
80621 80710
82539
33476
47623
34155
50367 50465
28417
48644 48654
33674
4544
45118 45164
1955
40692 40760
56950
22051 22470
4969
31964
70966
86358
27977 28010
43242 43276
26589
71287
20608 20625
76105
46719 46730
60641
22797
59971
62444
20819
58573 58712
75533
49751
10835 10936
44480
49732 49733
52818
34921
34476
87575 87629
17800
33865
32988
715
12645
23268
51586
58760 58840
76783 76824
48650
39716
39737
48693
82099
54504
66548
59910
24008
23108
53361
45319 45434
44006
18809 18958
15236
17208 17241
70986
78996
19510
51760 51886
54440
37326
66045
87652
10407 10413
62785
41238
33954
30270
34588
70712
66842
89654
81801
66659 66769
85082
51420
68525
46934
34450
61332
48510
25765 25845
41875 41994
82639
23139 23193
60423 60534
30791 30909
73451
69500 69611
73950
35924
12978
60230 60248
2349
12757
28164
58237
58251 58294
24919 24923
87691
66706 66798
55629 55633
76624
28187
86382
15051
3038 3108
62534
28321 28419
31620 31651
8692 8700
4237
62119
58967
45980 46030
73251 73259
44894
63036
56977 57060
72984
42299
35776
28234 28263
80165 80216
23849
75732
15120
4110
73004
21686
21307
62422
7010 7075
5971 6030
49945
26623
38184
26329 26517
64958 65009
3172 3188
88162
32909
27059
39542
68899
6129 6377
37071
46850 46907
29918
15739
12601
85507
88532
75692
74599
55972
41054 41138
77722
38734
53167 53252
52630
85658
66189 66253
11429
59293
39377 39473
13990
76640
75365
72591
85307 85522
2016
20279
14913
88238
45477
64732
18871
3755
48354 48359
26314
45430 45498
2625
62051
51851 52078
18345
87502 87603
18680 18812
85528
87967
51910 51922
11622 11715
69393 69429
3990 4013
14669 14818
20985
54569
33367
44686
85557
81255
15024 15068
62153 62155
57468
43253
80488
32586 32614
51297
21135
43181
14087
48370 48408
56580
6721
18338 18486
20809
44735
15359
41356
69442
29874
51384
21004
67151
78790 78832
80361
47092
26702
42334
12782 13103
47906 47940
74033
38685
27880
66025 66072
66582
31129
11371
2907
12257
57965
24392
45696 45726
1207
53088
16591 16628
12543
79316
12275 12290
40363 40428
35661 35760
2596
51284
11119 11128
68685
83257 83420
20542 20616
28058
19097
69480 69525
56099
46983
85059
27683
32316 32527
35700
24070 24158
39125
8496 8591
53813 53914
78796
58499
21638 21715
80920
63967
44326
57687
56230
21180 21347
66717
61434
6703
39766
43252 43265
66373
2319
84643
86644
58444
76556 76560
35533
29665
37540
39262
31983 32019
50566
59770
56747
12713
67163
50181 50234
48027 48029
63646
11713 11816
5046
26590
554
5084
72253
30110
57994
32032 32046
57191
39810 39843
48288
81996
8080 8176
11543 11600
6193
44552 44617
28445
81528
45556
50525
58693
17382 17506
56703 56771
30254
20624 20635
79302
50424
44531 44538
88408 88455
28268
82386
7602
18490 18708
64835
40636 40719
64443 64571
61390
8582
71933
81915
48743
58008
67301 67380
9863
80927
38744
55101
2817
52381 52419
82380
1144
17610
17291
412
84616
48750 48762
87681
8655
60107
46086 46225
28374
84293 84344
51756
56828
30564
22849
40057
72585
35885 35992
31572 31660
69168 69256
3102
24447
32834
75110
41876
66382 66389
60071 60176
76356 76436
43031 43039
6060 6199
62672
13543
15059
73483
53147
83266 83331
52243
25657
68182
81863
89255
76289
24365
42764
87801
45934
19409
76084
4805
85070 85133
7557
76431
17124 17237
29527 29593
34126 34260
26290
16257
81696
85738
60008
62581
33982
73096 73119
21760
83971
34402
83956
83679
86078
87551
62410
42014 42093
9057
1314
33847
17171 17202
89742 89768
86203
65612 65713
37918
36310 36405
3483
81321
56198 56312
51711
82746 82859
24530 24537
56424
5440
14945
83208 83352
46281 46326
11268
82417
22252
22548
22
49222
15575 15729
29902
50786
54910 55071
4195
83928
4
47385
71983
40124
44794
25441
79119
53271
67351 67445
1790
83599 83641
63063
32056
62066
43645 43669
40201
20708 20747
59233 59306
78517
71341 71345
24457
70924
33913
17545
67948 68074
87312
9975
6745 6789
48607
31876
73999
9415 9518
3290
20714
25607
38196 38431
31683
82218
51027
40825 40845
28051 28125
16913 16920
44955
71725
64875
56969
81883
82378
4332
24355
76148 76227
51693
65141
49344
60304 60342
69431 69646
54377
40192 40271
71532
56743
28428
43051
86355 86710
27401
81130
20133
42700 43068
63506
79453
10485 10552
58962
58780
15437
20945
60993 60998
83277
27763
56616
46087 46106
87076 87089
8396
30406
30311 30313
32934 32975
79438 79447
76385 76399
29210
79757 79766
56171 56182
70626 70728
61935
88928
46399
42956
15021
56604
40631 40676
18204
56441 56483
16026
70698
19158
5831
24462 24524
62887
87045
79358
4848
49699
49146
61763
11617 11716
55301
45908
40962
52428
65784 65861
47540
30693
44436
86033
45977
46258 46368
59198
89226
60091
20453
4796
13309
48141
78917
66537
64216
57415
12497 12499
38536
9252 9523
89348 89515
73659
69087
12740 12767
79749
34200 34202
4344
34866
57076
54454
25451
72336
862
35881
4641
66457 66512
74246
79826 79929
36093
83876
18817
79691
89997
85556
49830
75699
20851
88087
70947 70981
58166 58183
24553
87126
49570
71873
71847
88516 88518
2966
68161
88374
60836
15335 15398
22919 23210
28895 28919
48243
62907
84078
64602 64736
84916
70758 70775
81976
47198
55294
69265 69276
76977
33303
60303
49524
72130 72151
76629
3184 3209
34905
84462
77946 78111
18320
85438 85457
28168 28261
53583 53741
27848 27928
64152 64171
25003 25108
49450 49575
12608
3339
22615 22623
53561
63055
79673
86045
17270
68066
67459 67544
24273
32874
25924
8457 8505
19000 19073
88677 88913
33649
32540
89302 89324
73701 73828
74076
27687
37399 37434
39334 39568
3105 3186
51267
37346 37527
59065 59118
70849
16441 16475
79743
50419 50434
52116
40542
70984 71022
54590
86469
7978
21539
28387 28519
60179
45127
40350
24334
26868
23935
55506
23121
31479 31497
67583
52453
21613
69423 69554
16305
11085
55445 55706
25085 25096
43767
10914
32301
87934 87961
1332
38358 38514
38000
24123 24316
35258
39501 39728
55878
5803 5884
53078 53092
51873
35349
63802
75961
12737 12809
65676
27266
5429 5517
56216
31043
23532 23626
11017
59683 59689
40228
1676
53293 53315
48041
13298
49729
17624
70130 70148
7622 7881
15923
69970
51740
76469
11673
34531
49260 49350
29766 29825
78301 78480
16727
19914
57265
79706
82736 82809
76746 76839
55570
84337
85574
31991
52498
46453
16460
84272
58089
35345 35473
87412
22500 22560
12836
64700
35733
70635
78243 78253
54934
10535
29558
6113
9704
77827 77873
14807
56233
14719
59372
30862
68800
23789 23867
61856
78578
30889
51593
12554
28830 28867
81126 81234
34608 34612
33016
36013 36083
29352 29375
69513 69524
71340
8365
71215
2356 2365
54348
5786
82873
6137
4924 4939
23611
51628
21233 21243
6523 6552
12021
26088 26096
68479
29057 29147
12824
43218
63412 63419
71031
71279 71445
25463
33402 33567
6910
80323 80344
2041
82088 82093
86916
29486 29563
87099
67848
42153 42164
19818
12011 12017
76097
47985
44909 44953
77898 77920
10908 11123
24423 24549
13982 14049
47268
36101
59469
74201 74287
62899 62924
16781
30837
82576
62648
29133
15094 15147
65061
50219
6201 6301
62238 62415
23622 23767
23313 23324
4832 4869
84084
61614 61683
84384 84476
36656
3296 3298
22539
72817
66492 66540
87111
23465
87059 87077
7625
89070
7592
80734
17533 17634
27118
23004
87429 87541
23996 24074
22110
58551
853
44677
50201 50380
76145 76173
48700 48790
41182
12843
46398
63876
69741
41235
19921
28707 28713
17770 17776
71300
37386 37389
75215
28184
64696
32378 32523
22619
51404
86117
59413
6763
36363
5232
38827 38849
8557 8688
54869 54919
21138
62942
20613 20641
14636
60297 60335
75004
8293 8312
15283
42807
81984
35904 36028
71244
6907 6985
46009
80514 80558
52125
10231
30618
25140
24342
14422
48036
60653
86402
161 242
70273 70304
81730
14699
84529 84567
77578 77601
52477 52482
43496
74243
6795
57732
32978
43100 43152
67167
29335
43791
3447 3471
10187 10192
20447
22966
4126
33819
51641 51659
29898 29970
26714
18038
19285
41689
54551 54563
51959
19032
80291 80302
52358 52400
82570
57418 57419
17150 17265
65047
53669
11570
2579 2595
54133
50184
85729
7822
36634 36744
82989 83110
63797
75291
36494 36514
43295 43296
38401
30059
18003
55717 55823
59137 59174
19147
60419 60468
18175
57394
2113 2278
1796
34600 34657
58411
14454
63774
26854 26872
12487 12512
82886
3571
20644
65885
72326 72409
69559
73608
71793 71805
88274
55265 55273
20988
16812
34055
42929
59459 59484
3672
43380 43508
22083
73620
57877
28877
10597 10657
19567 19657
67108 67146
25033 25044
20766
69302
76110 76326
12228
18005
24117
67213 67216
71168 71182
42964
42245
78040 78125
84472 84502
37193
55375 55474
18942
25784 25801
4478
50018 50057
34621
16890
40646 40660
87616 87775
43947 43967
776 794
83963 84034
37373
30974 31002
51182 51214
67132
63176
32607
41556 41631
29958
41593
1943 1954
38071
28492
8132
75548
62519 62598
26448
8812
10416
36465
83174
63187
38863
57444
66551 66576
65743
53538
14349
67783
61146
85587 85633
7384 7451
59358 59414
19353
48807 48813
52826 52923
23967 24115
2654
58148
58844
5906
87146
11946
21589
72247
21068
8027
25703
59939 59991
70733
72066 72215
68767
66044
56709 56772
84757 84783
14111
720 899
77091
84842 84942
48500
39234
45429
33857 34081
14627
60020
82781 82894
56195
48016 48047
3689 3760
88120
11930
51402
11894
5933 5953
2795 2864
2622 2764
48001
32576 32587
13840
35853
82480
9623
39514
51595 51812
11137
45476
65731
71896
84515 84633
9117
72152
64146
21665
19740
21687 21827
83974 84125
5758
32528
38350 38363
60211
84764
53478
38029
65163
70936
56049
49363
63863 64127
76925
44280 44290
85248
46145
4582
68655 68772
11395 11399
22940
62018
55932
26647
11704 11797
22794 23027
61776 61780
55961
32095
75603
8106
53277
74184
32028 32044
572
9147
80899
40910
25242 25392
18519 18534
70094
24278 24340
21669
4789 4871
53257
48585 48624
68084
66614 66684
88465
41801
46701
46922
8125 8145
58750
44715
66545
58228
84401
36922 37043
80671
67984 68071
51211
38511 38614
70319 70336
84128
7269
79872
9686
75158
28494
36672
45826
11038
61300
84245
1225
31103
89880
53412 53418
80520
48745
43077 43131
66080
86968
61059
27433
87966
23785
23275 23360
26506
84505
62866
52464
77041
81500
62579 62589
35657 35714
50271
22385
35119 35179
88477 88542
12914
17359
37992
22231
36678
22020 22086
32485 32606
23642
69896
29228
74055 74062
28670
32738
34403
33206 33305
1921 1946
77115 77140
65913
31558
47759 47871
51189
45833
55401
78236 78307
87863
78921 79076
81706
64145
7964 8001
954
57935
25352 25526
28980 29025
87517
72121
82054
45636
13854 13918
13747
63586
9063 9067
53972 54031
61805 62019
67516
72795 72797
73603 73666
85766
64823
32414 32419
46002
18852 19042
41024
46088
35151
16358 16453
2340 2430
48854
27512
27503
66972
81577
10445 10477
40375
8717
52314
75558
54035 54063
61076
58480 58493
54299
12760
48084
5308
71266
37140
20597
62951
32929
32100
67576 67835
85660 85680
26017
65005
1202
86786
12324 12328
15108
11298
80465 80490
34044 34070
16793
70646
73824 73830
82870
15809
1174
5223 5316
42721
68673 68807
20144
44759
3469
73990 74024
19151
54591
44758 44814
56234 56575
77064
78765
71866
37525
64002 64073
17345
89716
56322
67089
54231
59914
81859
30839 30865
89321
40579
28303
85225 85272
50474
7943
56458
55304
86047
56497 56600
27788
9655
46488
509
78902
1762
59989
60090 60187
85962
23266
85927
73997 74031
53308
74035
68873 68882
42762
39684
7217
62295
65026
80341
8388 8433
16299
25606
78584 78696
71352
39805
89869
61677
78909 78979
75674 75714
13479
62656
81266
63075
12429 12459
57200
26917
52793 52866
58456
58421
34879 34955
10448
44607
77086
8082 8102
85267
17749 17930
19232 19275
38975
4954 5010
18388 18494
8436
67953
51104 51123
14418
1773
10223
65391
33890
35049 35078
11963
5695 5739
39901 39952
27586
52517 52629
85010
37169
8663
68909 68965
31889
60561
58452
29214
45415 45467
70890
47615 47650
23927
21527 21607
31124
40885
49860 49875
23757 23803
58440
76736 76821
79298 79406
58383 58392
52505
79710
64035 64041
47672
73274 73298
24215
24912 25009
71199
53332
18160 18329
55948
61845
79727 79747
48667
89399
56815 56843
64483
5488
41483
68900 68987
75687 75738
75922
4379
69984
28189 28192
64517 64545
7734
32760
45541
56100 56184
23897 23900
15604 15713
62067
81635 81642
20648 20653
82503 82890
54643
17630
62804
43360
63180 63306
64795
13025
58878
30529
81153 81216
30390
65868
11106
66259
72956 73033
54112 54211
21586
5929 6039
29787
10511
84546
47707
27373
87929
78030
32509
31958
66938 66962
52772 52849
83224
13459
52398
15585
89520
87027
84875
30968
42249
8641 8705
9929 9997
34846 34920
86870
32503
6952 7022
9598
62723
37651
65511
24019
38185
51606
6493
51917
70845
55729
40652
59354
14738
24244
27065 27399
17323
34046 34051
89601 89651
80141
32876
80935 80977
16080 16172
66985
86653
68854
70781
75541
79707
9486
69856
9893
56337
81433
41972
10626
61629
39447 39494
37073
40203 40385
37820
42345 42429
57077
85798 85824
2252
45166
88692
12696
3808
8012
40786
52167 52216
35990
20998 21022
59227
31795 32075
25123 25332
30621
82852 82865
89603 89656
66886
18583
1260
27099
70777 70807
37448
65374
82651 82678
63341
69254 69293
47020
86246
230
62490
88357
7120
43532
25941 25994
28683
18228 18235
67833
33131
59401 59411
51699 51767
53138
15772
67947
87372
6531
66399
73675
29760
43434
28844 28875
10935
1142
46196
24211
59828
11831
54662
19604 19650
25367 25432
36343
22662
11158 11168
63963 64057
19433
82853
4039 4048
5468
65622 65656
82004
63273 63291
30684
14383 14399
36586
57308
52093 52212
21680
30663
38881 38957
74480 74530
85961 86032
82256 82302
86853
6207
2026
50755
45403
89920 89947
82508 82619
9320
31662
32922 32925
21053
75251
7508 7583
41422 41424
87730 87830
21762 21841
80047
76446
5106
15296 15318
12455 12542
2791
55480
71539
44858
73802 73840
72386
81437
54232
76817 76842
48178
49342
6154
87562
57482
68252
19741
63093
1847 1885
34757
1106
89040 89109
36789
27081
20734
12655
78549
65416
37069
85967 86069
35186
34889
72010
30762
31850
28710 28745
37160
145
54151
72490
15465
10677
22003
85764 85853
38218
24864
26794
35415
1268
14985
28067 28107
78965
46442
1240
23950
58083
1650
54108
27134
41010
1554
21440 21498
15326 15327
86612 86772
51784
38079
24564
42717 42780
29849 29901
52765
38465
68826 68884
89775 89787
59882
34952 35020
42520 42591
69402
74352 74421
74952
10166 10181
32141
14029 14228
989
88268
16511
26663 26803
23759 23781
58645
26389 26396
34735
57596 57726
65054 65069
61823 61843
23269 23276
33666 33685
28394 28441
43864
15629
51503
88428 88439
30599
76369
63581
57146
13642
85814
44455 44487
24293 24429
36460 36467
7522
42264
12364
16297 16318
83064 83139
11299
82060
27479 27510
85299
87036
83514 83626
44678 44848
3302
20488 20489
55076
56361
48241
81724
83537
66980
56631 56651
55063
78915
16749
20764
55736 55844
48424
70425 70512
38574
19502
17151
40239
28106 28117
14000
2586 2655
82156
41937 42227
75515
19496
38345
69750
37026
26581 26754
54819
5982 6007
4041
6307
26315 26327
47547
17797
24420
47762
23681
9575
15566
3896 4151
85424
38814
50445
85203
89420 89509
17364
2716
24735
38530
77477 77501
83414
86261 86292
71016
27240 27341
59355
67402
36154
15990
27759 27792
68411
103 105
4415 4517
13472
48759
22522 22567
4508
16603
38187
54888 54889
23185 23353
6488 6507
14591
54401
6181
87733
25205
63070 63204
4214 4232
39643
89345 89388
71077 71209
36537
67159
19506 19511
7109
6715
17285
76274
13097 13101
71063 71147
35586
71423 71515
28840
35032
73735
46557 46680
44207 44298
88237
89178 89222
37815
51905
4870 4876
16639 16643
28158 28178
1929
29159 29182
48698
62408
72611 72699
18177
29411
43768
67510
65869 65918
3118 3237
59262
12452
13085
88281
25834 25874
41133
9808
25274
19547
60657 60687
69880
82837
87796
78894
21655
78231
1616 1623
69729 69906
39483
37123
28407
4601 4693
77735 77744
39462
64370
30050
25516
23044
80290
14977
68808
68280
60353 60395
78792
81117 81287
30846
2118
42001
73425
60243 60249
50599
34686
42992
18930
81348 81388
17441
61207
31258 31294
42970
63058 63169
7490
76171
53945
10491 10785
28835
12030
84014
3958 4027
88479
58306 58420
64805
13686 13929
53094 53097
49788
49400
50985 51039
24792
77214 77273
42012
56735
2787
64942 64985
10324
1200
58670 58680
10705
14949
80844
65788
27951
21183
22207
11333
1757
54663
26885
15531
27404
60694
7179 7241
11216 11274
4285 4289
39215 39454
16588
73388
3358 3390
86119
62188
45863
58842 59001
48668
67383
7496
82121 82165
60162 60241
41368 41375
32841
6939 7012
70026
49253 49490
57775
28335 28389
52401 52465
8593
50740
61824
12293 12346
26196
26811
35498
10556 10661
60272
73480
31173 31190
52494
42353
55566
41463
68136
86680 86686
16938
31193
86830
83954
31117 31198
46467
85331
14171 14173
73170
80656 80731
74267 74524
71618 71661
69645
28481 28505
18128 18181
63736 63844
75053
81240
6825
14469 14577
30916
22661 22811
51861
50042
68191
1412
63257 63322
59253
55552
7776
43924
47853 47870
16627
16131 16156
45887 46080
69312
80130
27968 28049
22784
520 591
56836 56873
9243 9334
50777
85227
85596
49694
59915
37638
36453
71745
27980
32302
5521
34364
37783 37862
2090
51509 51535
59007
53099 53168
42669 42759
37746
79883
63485
89642
23699 23836
7256
9085 9098
7638
64136
74388
72967
39431 39455
38329
80992 81383
23728
1185 1257
72155
64675
52685
54612
35058
36674
57921
85421
36730 36770
64900
62592
52991
48566 48568
55374 55424
4204
70661
80157
59935
3513
57942
2821
44743
41617
26111 26240
22892 22924
51775
53389
11057
48616
35145
1059
14868 14908
77792
37764
41700 41728
6066 6080
41454
416
32659 32810
79708
3473
78103
39973
70931 70999
88174
88918
23367
71526
30541
83878
6324 6389
19021
55536
80126
12363 12384
84343
43712
30756 30783
13839
84666
79034 79041
57639
42068
30019
9729
31445
8806
79643
34215 34298
71344 71364
30190
43492
54210
6963
77413 77491
87212 87287
19532
57134
5087
88790
69446
66029
81215 81261
35516 35555
81651 81671
39365
88902 89091
75219
28647
39168
28532 28571
70049 70052
48816
10553
61575
17788
57031
27046
54706 54756
61515 61523
59173
18531
39224 39260
58423 58454
66571
77131 77335
5731 5830
2765
76083 76100
35353
40777
78205 78246
42057
29711 29730
75891
31410
15134
69060
53965 53977
26862
75182
50644
62956 62988
86985
79670
76633
61258
77499
60595 60911
72728
89992
7015
43656 43679
27711
12051
43664
61056 61116
34963
74648
68842
30395 30503
18057
23439 23484
61724
30462
42193
2567
20152 20156
69657 69678
69844
35215
69449
69892
87393 87503
77432 77441
77773
35973
60800
45658
37595
54249
22760 22821
77130
81258
34481
51444
65147
39255 39375
89236
19302
89346 89358
41432
56858
37835 37864
88443
50934
59710
56262
88832
81959
70113
68725
31676
87946
64710 64807
21722
77224
49665 49693
54725 54828
933
74290 74412
3823 3860
21681
4900
30427
40358
47635 47795
9600
47517
29604
30090 30189
9501 9601
20682
76541 76552
48046
32444
59615
55382 55397
63088 63099
16225 16302
44153 44239
48970
29215
70162
71620
26795
33530
79365
83028
24253
61810
7681
78299
31604
37715
85212
57362 57423
86233
10638
14585
0
68646 68717
39869
47464
35975 36021
21851
21051
68319
43672
5398 5426
89282 89326
68969
81429 81584
32440 32468
282
46674
48801 48958
21984
17416 17420
32484
35544 35623
37614 37619
45315
1628
77901 78083
86482
86056 86238
22074 22151
47814
77466
3857 4042
70096
13583
27966
19445
27140 27145
8917 9266
52627
81816
25753 25800
64744
60754
19734
2650 2669
7117
61507
12898
69049
1176 1186
29083
25839
68283
56913
78901
7362 7387
51558
87927
47045
3426
89368 89412
59223
22952 22996
79421 79436
18437 18446
48482 48514
769
14505
65087 65133
85886
2339
20316
72355 72401
9181 9189
31656
11707
26486
69705
67653 67750
35434
26104
49137 49195
71581 71607
60893 60950
75363 75524
3508
79761
6179
23088
85607
268
25299 25442
56582 56583
19855
47369
3745
18290
55231
22294
88353
12670
4707 4748
13814 13885
46172
16621 16712
9504
25271
42178 42215
84756 84851
19584
10418 10426
75581 75587
17432
34777
21663
78207
43357
69417
461 484
63629
69893
50692
37679 37738
70242
29023 29082
521
16607
27263
68704
14289
41837 41900
69218
20861 20905
73350 73405
58284
32758
31552
17123
10430 10432
20706
8150 8366
30040 30082
1119 1128
52412
17200
67116
55393
25285
8386
80007
84433 84453
27631 27650
15746 15782
56876
14682 14762
56910 56982
82403
85717
25166
27878
20606
18158
31028
48666
63945
83557
57967 58010
47587
29
59900
35474 35513
88267
81190
82383
9201 9225
88372
61476 61485
36062
52941
20544
8537
36649
37701
9917
10866
41881
80178
71498
70896 70979
28701
79407 79505
83482
25711
12102
38788
1522
33431
302
5379
69577 69580
86663 86746
18918
2607
32407
56831
40430 40465
89720
5044
79087 79107
77325
82973
4106 4138
2783
22403
37745 37802
3427
21822 21865
29337
30526 30600
38126 38167
15778 15816
83372
8376
42080
88033
30338
7029
58313
68937
43590
85599
48349
35875 35933
88390 88450
57457
26310
58880
29089
6239 6281
81168
182
41789
25813
71155 71195
84228
87246 87342
32862 32901
15126 15188
33861
78570
66101
46103
1651
29079
40680
58379
33682
47716
9426 9548
1061
70641
13949 14051
69875 70046
23418
48889 48989
58714 58797
75034
73499
47525
41353 41355
25838
66136
6873
57995 58087
85573
56673
88108
29761 29840
25365 25583
86855 87139
68729
52231
2769
29409
87422
6784
5158
35908
30648
69100 69222
13089
35949
87644
24722
63092
70743 70753
63388 63414
44919
21006
16343 16365
14365 14438
40684
486
9423
50214 50270
54621
67959
37880
87855 87882
34500 34537
64381
13733 13791
44399 44460
279
88636 88651
67538 67550
60914
17327
75024
27429
33765 33843
47140
1169
23986 24049
49789
79728
86980
19309
51836 52024
5095
48154
14901 14906
32762
72509
12859
4113 4154
70697
33930 34003
47688 47806
10285
13663
85610
9362
55140
13758
17666 17692
3856
47590
41121
57032 57113
20984 21087
3225 3251
80060 80162
3899 3904
20134
45238
60661
52987
57047
9282
81233 81343
81720 81721
41834
56387
25385
44117
69298 69341
52649 52689
51363
15308
59186 59250
57137 57252
79864 80142
6597 6643
7390
67292 67312
74263
41202
77524 77675
56351
74305
34635
76592
13359
74729
60560
60518 60603
2582
14346
66100
3959 4029
11089
22276 22358
59825 59855
63206
1293
53619
3829 3833
35052
81657 81784
69787
69733
60967
14342
74517
83391
36875 36977
72565
106 306
68498
16771
76661 76666
75131
77127 77190
54218
20783
70846 71409
63924
12704
22858
32980 32994
39651
72101
87225
46107 46132
7409 7515
39025 39041
66905 66945
27661
69055
34768 34813
77714
29661
27496 27519
12774
13168
64438
28950 28991
70892 70950
33264
35965 36176
52147
89015
75033
53651
8067
76248 76290
36947
17705
80097
21537
24249
48079
76786 76851
39084 39115
39506 39562
7194 7335
74397
3384
51096
41965
41940
84552
41243
8651
5837
16513
73674
88395
83117 83163
45645
84120 84191
64310
26582
67302
50280 50296
37622
77557
22877
61900
85567
62171
76055 76066
9089
12594
11322 11346
40747
74456
69761 69793
8009
30145 30152
53129 53149
46602
44036
82669
10122
55938
79909 79978
65294
60089
33945
44245
12620
42274
23687
23824
80588
26498
610
71888
77431
84991
43964
31622
48855
9552
22157 22214
21447 21500
37488
79364 79417
13099
14447 14451
20242
36221
79504 79551
14904 14971
71406
79259
66448
7712
500
3978
16718
39580 39586
88808
77719
23283
79110 79138
46331
60630
32266 32309
70404
23492
9044
33438
50511
36114
53295 53388
42116 42120
26404 26488
69916 70054
68320
20676
40376 40416
81000 81060
84585
43604
50158
12789
85337
71795
58527 58529
40392
9245 9247
50083
86828
3566 3647
53606
44002
37795
803
65321
66284
39029
9875
51218
79838
25064
71786
8308
9972 10088
11210
44368 44379
83608 83666
3453
62232
34685 34706
47200
69336
55431
26136 26204
10400 10402
34261
89973 26
58530 58571
5329 5348
32207
37806
2071 2086
28570
25641
35221
70580 70627
16951
25594 25612
68217 68271
50794 50905
22305 22322
34085 34211
8858
83727
13712
6068 6107
21938
4409
70283
89020
70385
4836 4840
83153 83235
7872
22659
26742 26808
21914 21965
9588
67702
43194
18442
36056 36143
31805 31952
51732 51815
28793
4003
42910
40157
73793
21695
73077
47621
76863
68179
68775
39103
57015
11364 11374
10464
86742
86403
9730 9753
20221
65726 65894
40441 40588
44421
45387
58719 58737
1700
86532
1175
2181
47156 47161
84365 84389
63050 63174
20013
31415
9403
62963
9823
26450
26578
4996 5015
86296
78699
79906 79936
1289
55998
45003
25512
31216
79007 79098
42597 42713
12974
84485
19704
74661
74619 74698
21058
79200
12929 13057
5244 5334
71574
85689
31296
35288
64374 64436
85441 85474
54505
62569
42626 42701
83775 83999
13597 13626
66856 66877
20683
89336
53354
86695
2850
42098
43550
45714 45758
17236
29872
7666
85440
81836
4382
28608 28624
62106
74787
38004
41150 41205
54094
15512
31509 31593
59749 59752
2755 2796
6312
6933 6966
33696
14589
21443
20038 20168
53115
31654
32708 32727
36582
20561
20101
20486
45404
50940 50952
88459
43196
9876
47589 47788
24394
14612
6852
51102
34540
16020 16041
26308 26334
56302
15077
85538
8544
57567 57622
37889
34416
79224
13571
47066
19728
23543 23576
14081 14084
37649 37669
8900
2532
40260
27159
49555
52836
23480 23527
82509
33893
53069
2570
51987
26080
83911 84181
69243 69328
52666 52734
57638
6105 6258
38513
346
33734
26548
47823
3929
74418 74441
55404 55465
12025 12049
23511
27322
11375
46676 46729
54541
37675
81423 81655
72448
71410
74857 74866
31841 31868
38070
63447
59084
30002
88117 88206
18164
12944
68570
79213
41859 41863
87016 87042
80414
12875
73106 73173
10944 11142
15744 15768
45585 45660
676
84005
55372
576 606
54942
54710 54864
75993 76126
64202
8558
80640
49839
68188 68287
28264 28318
45945
82039 82046
25928
5634
83843
49969
370
37450
56368
25416
58700
73827
2199
46902 46923
74949
65772
304
9258 9420
19208
20599
56990 57049
60250
31172
71914 72020
30724
86272
11229 11308
47370
84850
33139
69981 70062
37570 37575
36751 36780
19995
35827
8478 8721
5868
70318 70320
5992 6176
3347 3348
65718
83816
30716
46670 46815
64312
57084 57116
62093 62142
38114
4585 4592
53210
66078
51492 51626
72849
64331
6395 6445
24402
57549 57731
87674 87723
17812
6678 6738
1600
69842 69890
77866 77875
9290 9318
64567
75764 76077
74579 74591
5736 5795
5104
20165 20195
30491
28282
31091
62084
29132 29151
13658 13683
73339
31423
55184
63141
54025
16456
29261
45903
54531
63886
49468 49511
64237
53927 53943
71809 71996
71449
88979 88998
19887
81170
8937
56998
67805 67905
47249 47309
38708
8079
71383
40241
80420
26336 26343
39731 39773
24414
15399
65792
24294 24455
83643 83769
32857
31165 31213
41258
65952 66097
54977
26094 26182
584 608
66754
60519
53207 53537
41903 41933
37710 37726
76481
33052
63045
78441
41218 41283
53894
9400
85888
22321
19746 19915
76381
5121 5151
53052 53109
59626
81692
19771 19820
50478
25452 25568
11993
47409 47416
78228
77230
82363
74998
65086 65089
69487
50026 50137
10078 10138
60194
35365 35439
44325 44354
54070
12680
43341 43436
29912
15825 15917
82572 82608
28043
53035 53050
26429
27023
28259
55044 55153
55182
11246
9628
44904
42842
26934
37541 37557
50774
67999
24309
80695
29334 29342
80856
84771
47289
23204 23315
19086
13957 13993
14764
84232
42588 42620
60129
67515
14844
68237
38835 38876
64390 64446
62064
29157
13788
40950
14211
87041
19710
46587
33996 34017
45305
21465
49953
16996 17033
7338
50061
85779
81053 81085
16106
6366
4275
3705
12766
56682
18168
31147
33125
13969 14025
50426 50468
59219
14160
50603 50634
89098
77322
297 372
89813 89976
81376
35751
54346
32926 32991
41693 41800
11776
82489 82504
53435
75798
13592
60373 60374
59974
37592
64635
20355
602 678
36113
37153
33058
21387 21396
12389
44803
32992 33189
85152
65959
82962
65725 65765
72961 72994
82161 82200
45995
53219 53258
34116
77022 77095
82595
74079
66820
7370 7447
5262
57392 57441
88646
11747
38987
29292
12694
69850 69860
8892
68381
1362 1418
43136
80032
14458
27578 27594
63650 63685
2978
43054 43139
86756
66056
35144 35239
71428 71468
62788
61770
45943
28220
26836
41602 41687
78740 78773
70942
67463
168
26437
53791
2502
20471
72269
67394
23624 23646
7610 7651
6994
64845
15489
38684
86143 86151
80429 80502
49965 50117
63676 63788
12661
31486
44649
28531
21441
88075
48954
88469
71802
20098
4938 4984
64496 64730
71743
27664
40543
74925
36474
17556
53421 53523
58318 58351
2265 2381
68395
63012 63145
22936 22965
87019
6857
11584
30261 30291
4616
9220
50116
1224 1269
31537 31561
21611 21628
86212
89946
53404
3424
69759 69812
24812
85427
40084 40166
59839
74652
4976
84251
36434
43834
26195 26555
33412
13242
31064
34371 34386
80132
13685
79190
2411 2415
60486
26860
10403
54164
3233
69739
26817
14806
40898
14861
87745
75276
67289
44779
55097
79695
58996
89890 89967
56930
46955
37861
76623
57009
61009 61066
47436
47537 47573
79741 79866
56550 56614
10399
63668 63728
36891 37000
27039 27056
50450
39714
13195 13205
2374 2404
79162
57717
23831
60066
22964 23037
40526 40581
28673
84632
89703
43605
71595
71034
28857
21426 21437
19578
1869
9419
25853
6627
85325
58606 58732
26544 26773
28142 28156
53282
50080
53085
46341
59649
57361
68174
63510
28563
1327 1401
71065 71137
50301
34394
66976
79264 79306
19577 19635
76850
48117
58507
77284
46526
55638
20354
6026 6035
32146 32162
89912
2707
35716 35805
80066
71270 71296
43982 44058
83090
14474
53103
51018 51060
11924 11940
21888
77927
41769
76676 76711
77293
64777
4759
73132
73143
66762 66791
9121
69777
17579
77112
55082 55185
49687
43663 43691
7307 7316
87631 87692
73724
83916
46792 46887
7639 7717
72807
52639 52688
11788
11629
35639
42466 42536
7240
68032
21895
23408
20468
58146
6874
21844
50591
33622
62445
28353
82424
53189 53197
74469
57179
45343
60040 60093
83994
2925 2943
13595
64751
77415
34404
9295
10214
58287
61837
22404
55407
41162 41351
77488 77708
3923
88223
45774
23541
8121
343
68661
30655 30669
15707 15826
1603 1613
37778
9217
80333
12589
87237
12806 12834
78457
11172
54053
27932
66560
41567
43588 43614
47934
2318 2337
64218
73551 73590
88207 88328
7414 7467
62727 62878
50955
58226
75940
55929
83873
86706 86896
31851
48768
50303 50315
88659
11594
68731 68743
62058
73799
66516 66646
15998
58609 58892
29581
47513
15121 15261
44752
20262 20284
50832
42212
77640
60928
39946
12176
86965 87071
6760
84787
80908
72440 72543
9458
2474 2543
77219
918
66873
30501 30587
23693
31166
73032 73059
60977
84477
67220
53204 53215
23650
20520 20552
2819 2826
38452
6564
47710 47714
45984
58511
71731
28588
30238
13044
39057
34182
72491
49528 49645
21670
33222 33297
59986
47275 47285
81592
73001 73007
56292
14532 14555
78286
14297
66098 66187
9279
32711
86351
55795
11214
26737
4117 4136
63487
61672
67120
50246
58193 58250
16421
21639
88417
86447
33011 33030
88586
74837
74329
87874
54362
11338 11360
60886
44605 44663
85916
24165
15514
30946
60437
35094
29869
64296
68788
16543
73271
63793
51763
16817
2643 2773
55048
81324 81359
7026
18560
85289 85428
46517
41318 41329
57411 57426
65603 65616
49735
56802
47666
44144
35629 35649
40245
9522 9583
14305 14382
86327
43745
74966 75031
83243
55458 55518
57647
40300
87890 87925
25916
15026 15139
42138 42151
11712 11802
71723 71788
52632 52747
28537
7162 7214
41860
33084
29951
38001
46759
58102 58258
19632
36155
78009 78107
36349
51407
56013
65930 65968
51672
21055 21066
75077
14407
41490 41642
26097
42493
47110 47209
45279 45428
30415
42355 42418
24172 24298
76312
40685
64315 64375
27011
1634 1687
67169
86615
23876
69331 69366
20980
7848 7906
34815 34927
74889
26943
7278
53224
8199 8274
65917
71058
66895
39543
26769 26891
78039
79398 79415
18845
51207
26422
71955
6848 6896
40370
24170
88906 88927
9964 9998
49346
43416
8565 8584
12408 12660
28792
75207
24860
62289
59152 59220
11991
54671
1057
5770
52704
26818
41516
58165
6690 6725
15033
83617
3866
71647
54733
17636
43828 43880
31554
32372 32434
63477 63792
28668
53831
8817
84434 84437
41288
51375
27917
39441
12920
72369
15722
51388 51413
11989
10246
34179
81250
625
58225
4105
7265
24727
69502
59810 59947
17951
43489 43631
65422
50741 50830
37320
5863
6120
27533
47421
8329 8402
39533
12632
73261
24395 24436
51973
48679
25702
55062
65557 65679
43846
56078
63249 63271
22502 22637
85784 85818
20391 20400
13052
80753
80765 80767
10537
67891 67895
39603 39669
72937
77861
23273
2988
84382
21312
68329 68417
68087 68142
25717 25783
30425
44977 45150
7297
79566 79811
28890
36580
37227
58749
55296
408 475
15384
7561
26569
29090 29165
69202
31650
42257 42383
27643
55038
16897
78470
22947 22992
23024 23043
52986 53100
86717 86785
65058
52824
78233
43825
17714
23130 23154
2141
65575
70350 70356
51725
55664
11349 11385
10295
14080 14126
74793 74885
79719 79720
16036
68831
13666 13694
34505
53998 54008
51644
57652 57686
48512 48548
74892
17397
39600
51249 51271
16713
12919
26482
23205
53773 53819
15620 15700
76167
49075
16002
53122 53139
88037
31036 31044
4014
78906
44166
10630 10722
21828
16811
6565 6608
88246
27164 27203
74051
69531
44566
69935
45293
56963
38981
70535 70545
78417 78602
11356 11369
84563 84650
86185
43671
35501
69247
12131 12136
75806
82210
52386
35575 35654
73984
21378
79204 79255
44697 44699
77523
79131
78919 79026
85061
17009
17879
17254 17289
2193 2272
38022
2779
22283
14366
13830
56431
10784
84000 84053
18151
59049 59101
44254 44259
52661
36783
60331 60338
6809
28958
45909 46022
25057 25062
80998
11977
81399
14238
77351 77403
34257
76015
8333 8352
57451 57466
75347
60426 60480
66767
20787 20807
24818 24937
47730
9657 9661
60669
57642
65291 65390
38484
40236 40286
81711
40708 40736
9607
38338
45816
82115
4526
58214 58232
36325
5160 5306
76658
72681
2342
51891
76589
40144
21976 22061
4574
54837
60806
74288
35522
39279
58197
39532 39595
71193
6340 6358
53183
71492
28740
5146
88259
59058
48862
6330
26983
36472 36479
46243 46249
43868
30992
1318 1366
34942
21165
67823 67836
65617
40012
7312 7371
14514 14530
7798
45361
13865
27523 27589
56006
54575 54588
30400 30408
3938
39503 39661
7439
74447
61669 61750
5119
62962 63037
54473
31078
21236
68330
55486
85989
61781
32971
77812
87661
76931
21014 21016
56377
18517
67133 67165
74505
27445
42857
68041
77774
29920
63143 63239
63898
68543 68601
86127
7299
12887
48414 48493
60727 60803
9300
64933 64963
41635 41676
7867
30133
19809
51318 51327
61592 61600
36330 36464
59650 59668
65323
40475 40491
83345
11733
31765
88911 88923
59371
36311 36348
56319
87576 87666
83377 83481
4957
54139
33417
37216 37230
36949 37158
41981
29899 29941
6364
46486
13540 13615
32945
14203 14264
12261 12339
88539
13069
17691
81681
57984
74679
40304
42034 42100
2217 2228
33793
41443
13934
77255
71264
23443 23448
6526
47025
13888
84833
46204 46302
41671
22440 22452
114
26821
35693 35741
14269
58695
18440 18460
19088
30481 30493
24487
33374
25962
72941
23662
71535
38852
39337 39422
63456 63458
44253
35718 35768
25209
20469 20480
74438
82360
41459
60981
64566 64579
21231
81279 81307
66803 66846
85416 85505
30861
28046
25300 25357
53323 53452
21122 21164
48829
23442 23500
21200 21257
21380
9122
81627 81768
1117
18078
6990 7021
41757 41761
71870
10145
21970
50088 50159
48171
35029
26395 26427
80230
84830
84267 84432
43096
12584 12692
71716
73511
73554
26919
51198
19006
75287
69845 69852
11325
43421
72065 72254
51417
232 239
65478
43257
50138
65477
50277 50403
64816 64861
86128
24391
41080 41141
16038
68605
18574
85937 85945
80091
5009 5062
40696 40700
37374
69097
20993
2152
39914
48894
25788
69086
69398
71796
9451
69712
83160
89543 89649
63998 64027
7786
17361
46793
77256 77265
64452
13133
41650
89296
78757
37304
61352
80305 80365
73529
11518
3182 3206
348
41669
72213 72312
36776
38712 38756
28258
37001
62729
62330
27612 27718
72222
39911
43368 43406
83053
8796
3743
13947
27418
79025
7698
13303
65605
40103
35024
27639
14597 14621
47315
79227 79404
2007
22995
41032
31077 31108
87332
70593
70665
71709
65787
53378
75519
21804
69026
71335
23003
70269 70275
18693 18695
15127
4428
65887
10969
39785
41030
6429 6459
60142
56968
8687
43832
22622
76690
59381
83311 83422
5479
75017
25289
86833
79169
43350
1264
42384
58901 59105
29348 29433
2426
18675
57187 57190
66160
28116
50759
85045 85103
14918 14931
7229 7260
31966
15195 15244
30822 30868
29687 29727
710 839
12988
88382 88391
78732
29612
23957
66702 66708
31871
68192 68222
62978
5801
60581
68131
38154
21128
83250
24769
24777 24878
25464
6283
6616 6640
81106
23916
15177
29749 29771
6711
7105
83082
28490
41948 42067
46957 47004
48339
41737
50827
62062
61788
63515 63569
11837 11842
56122
75634
80077
25132 25229
76466 76545
78097
54940
85077
89421
19484
2049 2136
53879 53892
39936
33537
52618
48416 48547
62343
56222 56267
71455 71487
11502 11525
20239
54043 54171
42776
71531
75865 76131
51009 51016
13036
56297
42599
65807
36095 36104
67077
67808
35603
44471
30528
76585
17718
46065
86446
68822 68853
82848 82878
64577
82326
76236 76246
19035
41070
11950 12096
25933 26030
67668
22898
80220
52162
64538
53580
32085 32125
57310 57491
53148
57716
42549 42659
42616
80337
53667
86536
57366
4352
40099
9438
71032
2100 2250
34287
61368
23452 23497
15628
89634
78793
46844
21572
87202 87273
84099
85485
1657
62719
82776
71808
11590
42117 42135
24849 24932
55637
32428
71977
57488
52995
54453 54641
89173
68705
56095 56106
57779
88959
60160 60180
50062
69747
35530
89323
82741
87993
51706
25920 26095
51522 51546
23177 23218
75734
24748
40007
72472
63095
29779
51582
83653
45665
45599
35710
1581
39702
75353
56734
40812 40875
72769 72784
5936
72547 72668
28096 28110
82541
72329
55959 55990
27735
52195
41196
32911 32931
8733
85825
71889
77493 77586
65556
8055
75305 75390
34231
68515
26411 26445
18260 18285
3380
53839 53850
75308
68125 68126
75521
65874
32129 32131
14740 14898
30873
87160 87226
44432 44447
13748 13807
74548 74552
77638
13297
56592
62346 62554
21071
15803
72207
36275 36329
46186
34658 34668
27964
3546 3663
34680
61310
11153
35869
37554
52864
23768 23774
17554
17230 17298
12465 12468
25339 25368
84741
14113
85043
50656
10545
69436
69456 69569
2515
52303 52326
24800
48174
47711 47747
33738
8356
4091
85616 85697
16800 16807
42779
48899
38944 38986
17909 17924
45006 45074
43935 43945
60083
31933
77727 77783
25544
56001
25014
10188 10207
24032
74369
21495
16830 16887
41560
12317
50182 50183
81327
27717 27722
63483
8133 8167
38371 38441
4965
1533
40064
10629
74996 75139
19952
1166
30441
10539
83569
38965 39011
19881
25215
73088
3052
46430 46448
19380
69760
43863
44502
55148
14690
64133 64185
69782 69821
60554
62975
27607
84474 84523
10372
87932 87948
30934
4516
68500 68681
84015 84177
12519
24346
87654
20652
61029
31001 31107
64502 64589
9536 9590
16777
49711
76062
72068 72094
28581
32308
72971
4594
17949
31401
74001
19492
72088 72104
58303 58304
49862
35111
896
67008
20964 21002
23944
84391
62912
78971
75136
65589
2770 2784
33060
45224
13138
27144 27183
81857
47850
8695 8715
70721
19897 19911
85940 85963
33116
22422
48069
25732
40536 40597
677 826
81471
81546
89138 89216
56778
45189
43207 43228
56629 56649
82295
35621
4960 5028
89839 89904
13152
74883
19402 19424
47246
4665
30647 30659
89036
76203
11808
67933 67943
65835
42761 42768
30928
20723
67726
57432
7875 7944
4994
13300
42661
18051
10975
21882
338 467
46935
78680
67447
1801
60163
2209
45168
4011 4182
29451
51224
36747 36896
72696
39223
75663
61542 61565
71363 71376
2389
15573
77110
46362 46374
79028 79032
3135 3144
83259
81971
86417 86529
48793
86492
46604
65102 65216
5787
79321
67920 68089
15040
47562
44176 44291
69835
512 582
17972
64253
27340
78261
82229 82335
85652
6947
38368 38376
66966
45108
33553
37427
53948
4515
50354
20772
24720
49338 49464
14381 14459
7136 7296
81344 81387
25828
47767 47864
88868
85065
25944
21815
82464 82655
31008
29360
85902
83620
77724
55591 55607
6398
18970
28031
74346
23530 23571
5981 6008
50436
22973
25591
10308 10326
72845 72880
68557
729
41050
13894
6664 6681
24361
83824 83903
40918
17836 17840
25782
36332
43539
23397
14750
81128
38819 38837
43432
71067
38818
35650 35685
30502
58413
12952
21349
37243 37252
72638 72678
29309 29437
51755
10204
64832 64919
40580
40594
26083
71622 71629
8914
54511
9732
70914
10458
23254
45555
47296
39268 39352
79151
76194
40126
89928
66139
23966
12936
80058
52446
44889
50557
63461 63484
51748
17697
77945
52842
82546
47430 47444
12158
2493
70855 70883
22190 22306
86534 86544
29197
60633
55813 56030
2467 2507
37032
52860 52881
62389
64328 64421
69883
30365
84593 84733
27493
7398
38557
34325
56655 56721
32088 32163
9885 9920
18773
44694
76489 76703
22417 22432
62609 62646
76389 76580
69038
32630 32632
82984
39332
53212
23295
63947
85866
6931 7017
82446
13062 13193
514
25936
18380 18406
16410
38858 38961
66308
24729 24736
6233 6240
64469
32973
53700
26258 26280
25578 25585
71682
39390
88344
8559
51141
80313 80416
42605
40107
88817
66152
31302
56782 56844
13853
46316
49034 49043
69625 69682
77141
49621
40976
48805
38603 38691
58876
57671
12381
5448
43514 43640
33465
13224
23080 23184
55700
11190
72770
70375
55328
51944 52062
52536 52607
29164 29226
22786
86391 86495
71459
48123
7771
20062
75881
86239 86245
78737
18429
31613
64872
8210 8280
51685
47043 47044
65179
37582
38177
84877
45069 45097
19493
71839
2106 2220
55816
1565
50348
5037
24952
57115
84534
80627 80648
39013
69538 69658
65690
87672
6461
3882 3898
46920 46956
68112
42896
73415
78744
53615
25523
15622
56347
66861
82725
40104
28267
49057 49138
41946
39706
72042
44412
87512
40934
32072
52904 52924
10663 10672
71907 71928
44657
6943
42711
52185 52204
57980
85365
73545
46855 46959
55847 55896
41928
29148
80356
89466
19014
58814
75517 75527
50263
79955
84309 84330
58278
25818 25832
79773
59763 59811
55858
61090 61159
73380
55478
89356 89384
62705
68376
10420
6751
59574
67892 68035
77306 77326
27633 27714
14118 14195
84291
25970
6698 6824
37484
19061
55785
68374
65883
33293 33346
43908
47951 47968
14199 14251
5750
88059
78008
34917
1383
81914 82062
59297
68130
62357
80530 80543
24305 24480
34547
66339 66620
71438
25092
31526
18461
1547
87232
62323
71830
58127 58191
59946
80783 80796
20563 20623
3287 3504
24677
56453
73138
11115
65171
29548
53921
18651
79871
11593
66226
89129 89213
5045 5057
19417 19428
67264
31276
24880
83476
53437
30476
67728
3271 3307
19876
43398
36060 36065
74845
67113
54191
60099
41500
16858
55992 55996
8020
5665
34705
35334 35381
19239
27094
86564
56375 56401
75072 75083
23042
30215
43932
8458
80459
53746
47677 47708
10823
85000
4166
68502
78102
79315
16013
79685 79700
53298
88672
24269
7096
88921
27742
71471
1690
80556 80581
79229 79262
37112
9110 9129
65349 65496
25972 25974
12391
13924
50441
63573
44798
46800
22487
67768
62623
79885 79892
8242 8355
9233 9408
47664
34401 34408
78929 78984
24284
79557
2127
73909
25461
79285
81303 81308
22748
34018
47153
63564 63626
85875 85883
69562 69698
63870
29547
27577
49696
78618
11670
86675
2824 2944
81180 81238
31452
50021
73720
52572
6086
65402
34924
9414 9508
30094
89361
22571 22599
14484
34034
21036 21127
62653
27720 27747
30089 30134
88908
78024
80800
74254
60845
33277 33336
44334
47941 48006
61808
43246
87454
64229
3454 3486
5480 5485
32139
30360
46522
64877
46510
35838
36235
48333 48394
78907
51345 51440
42311 42312
7619
4391 4403
76403
81164
83675 83728
7537
85914
38489
9896
70184
58871 58923
10366
41084 41143
66813 66906
1073
40422
33995
54117
66949
73882 73888
59936
68339
76985
48695 48699
34374
54841 54855
14653
77252
26000
62676
40574
47662 47757
32267
57148
55324
86657
7310
25316 25343
80421
6770
88006
34785
20116 20203
17599 17612
32156
36894
68564 68724
9262 9311
1039
24766
19766
22598
2355
6588 6593
88632
10831
28325 28341
62027
84176
84254
68194
23840
36190
73597
30337
82372
15406
2035 2038
80473
14468 14569
46816 46828
19966
33859
1267
66190
47387 47413
49379
8758 8793
35443 35644
88156 88157
53898 53956
63834 63851
39991 40020
78651
25630 25719
68003
31116 31197
64153
79129
47626 47760
88613 88675
54147
17889 17994
17860 18016
56204
10011
6044
27896
8820
74069
17014
42147
3659
27316
22240
8171
57660 57762
89381
41768 41791
36355
69610
39393
43813 43887
7219
69284 69352
34807
44150 44223
2407
44112
23853
68517
8294
4431
53834
89977
27873
54870 54988
1030
41230 41236
49227
76792 76904
77164 77171
32092
59648
60192 60205
48268 48278
19364
58107
60744
40602 40609
20585 20598
70694 70767
79114 79134
77401
27926
44561
960
48553 48669
75754
9118
60535
32752
9160 9173
46404 46414
41848
82840
51063 51131
2955
45412
57745
44495
57713
89798 89837
60546 60556
49178
83945
85353
27428 27453
30397 30615
48831
71857 71967
85295 85395
2463
87062
31496
15815 15870
54185
9688 9774
25882
14121
22654
5629
85613
88181
3056
78750 78756
24341 24448
86014
25667
65128
47172
83726 83749
56258
119
13879
79840
89066
2710 2723
50601
59127
37920
18068 18086
81578
60700 60715
47962
74994
17888
87548
20081 20089
82069
32326
22071 22081
18105
22274
76615
33486
34875
12140 12182
84706
80088 80108
9938
30539
52545
49713
46068 46097
42915
10726
2004
7086 7168
50011
51200
21141 21154
88115 88183
73820
19551 19566
63703
13909 13923
12657
14164 14216
67519
74355
28817
82006
57070
27277
53338 53362
79996
82352
16850 16917
78641 78655
37884 37901
6102
83575
26941
33316 33361
68067
16962 17026
1486 1502
10757
14250
71503 71584
69356
25328
38783 38805
22682 22820
49800 49851
45905
23094 23119
5086
83613 83664
55786 55949
50828
40607
88308
45169
41786
54183
88406
37213
82444
74838
62580
37954 37995
64212 64220
70862 70926
32391 32404
85198
35102
50524
17042
67672 67736
59891
88164
46016
11195
33677
9711
31753
61216
51209 51236
79584
20841
14320
61154 61157
6804
14758
56245 56255
89037
26401
32393 32405
65707
31647 31658
35265
49972 50174
948
70470
47592
80542
27210
15004 15132
9671
40323 40409
7283
29319
50429
5865
35394 35432
56101 56162
1420
13871 13980
50093
48836 48864
22223
36858
14353 14355
29021
86829 86949
57727 57741
37265 37524
79243 79288
44082
87764
38761
6384
27222
35465
17313
5683
77373
57539
75522
24185
60515
32798
76421
62165
21717
38813
49564
25762
24507 24509
42250
50051
38179
7575
3553
30290 30298
47926 47927
80614
69499
51386
50709
64179
56814 57106
31093
76213
5466
55391
34700
6567
5585
27291 27299
60838 60846
59386 59393
19716
63859
45348
9056
8222
38594 38630
41923
81966 82132
83169
70819
67076 67136
83671
54861
19349 19449
46116
21831 21837
6292
75101
34077 34079
12220 12309
11311
49680
10534
18503
78561
62593
77739
83192 83195
58028
76568 76605
24100
60393
34272 34314
77368
15689 15736
1865 1991
67506
39767 39793
23905
37489
68510 68516
63217
62170
28952
50167 50233
16597 16696
48464
4514 4553
70034
47679
3140
22469 22557
48035 48090
36300
71418
7065
5694
35405
67418
38347
30391
61314
36764
73008 73244
84121 84124
89719 89844
35016
65325 65333
46156
13825 13942
85861 85887
68569
17268
84327
76852
64256
40018
48556 48633
80995
41175
50588
51326 51334
78418
47471 47533
17111
28794
17020 17118
78157
25034
45657 45746
17824
26932 26961
82457 82476
12105 12226
51538
1438 1466
10800
56421 56428
2428
54952
52059
5471
67981 68070
12482
9267
66714
683
16699
85139
2914 2932
77707
8504
38593
21082
64691 64717
72159
87462 87632
67509 67632
9
13808
50688 50736
51576
83562
22846
13910
33873 33927
20849
74615
19435
72059
34637
72292
78664
24124
15458
36120 36126
13344 13422
34027 34092
45970
30231 30255
61399
65271 65428
31609 31686
52268 52293
8160
329
18457
11567
20182
16266
70738
79881
72910
53673 53797
44985 44990
75359
72576 72590
75462 75468
49811
12095
53386 53434
82824 82835
11477
11258
66799
19197
54960 54968
43701 43703
43555 43566
49798 49829
34760
32231 32269
78419
8025 8044
50225
1496
74022
28664 28686
12863
47861
50761
87427
21649
41667
65386
31109
25359
8789
13395
16415
54597 54822
89484 89546
41300
80074
10696
12367 12385
22472
57516 57521
22259
44306
48784 48897
60500
6084
14330
45197 45213
70571
18311
43358 43449
48048 48057
3892 3916
18626 18636
61527
47577
86186
2628 2636
55008
15379
17832
49975 50002
80168
4721
41467
87092
25048
38192 38228
44
69425 69476
64847 64895
76437 76472
45797
77830
30536
1198
86863
44585
43405
52048
54461
6351
85179
3291 3325
66989
5245
42369 42575
39153 39274
86728 86801
71617
11235
58865
32714
33855
29772 29830
2688
33456 33563
9874
86325 86422
80015
13216 13244
19545 19549
27300
38539
55083
48207 48250
1836 1851
49336
524 587
85481 85618
59830 59852
7800
78633 78638
87982
33974
68487
54186 54235
44414 44490
58854
87376
79709
80566
42681
2754
22280
33933
38657
531
15549 15563
15315
46575 46725
71948
75797
70157
82044
61517
74705
12726
49583 49595
32182
82893
69934 69954
89864 89919
66699
14337 14400
6216
18075
13260 13334
57769 57812
50118 50151
61675
67604 67607
25772 25873
50559
89030
23871 23938
76583 76622
81980
16477
60760 60864
50846 50873
22561
51804
14339
34601 34607
28892
48398
48891
26049 26053
83143
4891
4674
19104
8609
65302
76909 76920
54259 54263
25068 25150
88109
80603
85134 85148
32575
10054
76648
83369
11528
39362
31635
49750 49761
3877
42265 42271
80622
15376
50856 50870
38824
9660
87336
69118 69150
1615 1705
88747 88898
58625
62572
21487
67849
39874
35591
60776
10417
65553
37581 37674
11618 11677
71900
31361 31370
54158
35484
39245 39276
29516 29523
58583
71368
80078
81065
89113
6317
23779
72658
87215 87256
7056
23994
70606
32836 32849
54714
87769
41135
88610
6557
78969
58863
43595
80028
31565
65105
54363
36000
41527 41538
46439
56623 56670
9293
65689
60684
22053 22106
45731 45747
25248
8915
22224 22289
40571 40577
77594
40840
24644 24647
44672
28627
87297
27565
49224
28296
10212 10252
51295
35613
33362 33544
73295 73302
44603 44710
17502
9040
43103 43132
64113
55115 55123
7615
9072 9075
59385
11391 11469
74718
2662 2664
28870
41509
11434 11488
15936
82393
80906
84665
77446 77510
16942 16958
74608
88034 88121
26871 26926
32500
37453
42407 42496
63596
64384
61339 61406
6916 6922
88763 88842
85385 85402
15965
14540
32683
43770 43843
5120 5135
26107
27230
63700
58521 58524
81137
29227
65010 65039
78961 79077
81148 81218
43807 43930
71200
52310 52476
74629
32401
1051
64752 64780
39623
8561
14870 14915
12977
89393
54321 54356
68034 68098
10921 10972
59994 60161
6589 6611
46963
37804 37882
39042 39089
84683
52992
48687
41697 41780
67274
86813
85155
24199
62957
49210 49235
83789 83862
76208
34000
11507
9545
32677
22046
54953
68764 68835
61030 61106
43306
64887
75937
34078
27796
226
57281
50889
3110
83887
74127
14023
75487
59230
26281
85656 85691
3493 3520
53184 53287
24054
21768 21806
8929
74782 74804
80811 80867
27396
58056
29443
16701
61440 61534
24191
60407
35379 35388
86211 86297
67166
38995 39031
45011
78402
12068
6708 6948
86101
51332
14062 14086
11916 12026
33997
42420
73782 73848
64906 64938
41378
70904
53638
57133 57166
5735 5806
9058
41833 41840
33292
4648
69574
79401 79461
78263
4172
32104 32160
13610
52038 52074
19772
5012
64593
52716
26531
3695
3514
45205
62057 62094
48648
75845
89145 89155
55449
28719
20199
86256
20933
3365
60464
21814 21933
40090
70374
82907 82988
73246
83902 83926
55033
68253
56439
16051 16190
55819 55868
42235
27972
83850
28436
75292
32843
35267
29735
70349
60122 60132
24078
13371
40077 40109
17466
72897
54422 54576
9685 9705
4150 4218
86630
45275
35344
14359 14433
88369
42601
87707
79832 79905
15404 15515
20053
65181
69407
66511
42456 42547
56085
31679
67055 67099
12930
51261
59785
62507
53476
69651
20466
59821
63754
505
8894
20294
47785
4242
14932
15828
19790
71422
41634 41677
47204
80658 80788
48673
29601
21497 21502
40022 40030
32224
17319
34094
80281
79512
7224
27514
21190
36168
71571
67879
53506
22807
18788
4412
34471
770 832
20932
40044
39318 39723
1549
59478
71484
27121
12380
45222
37036
52522
86565
72261
3934
78905
59845
80833
36118 36119
17428
70293
9987
44439 44578
87057
83621
60640
79760
45295
72354 72380
6752 6800
65448
69540
30604
68243
87399
3701
27930 27959
80647
13121
28466
68651
72919
41649
53800
49139 49145
1388
59602 59657
59561
61714
6410 6428
31648
3179
79394
43794
74620
23517
49018 49023
23644
52828
66118
44720 44728
76428
5268
21563
70235 70260
89914
87907
23702
78781 78800
86892
26734
79231
31951
10331
76763
26373
87446
28599
62552
82284 82303
43235
8065
16404 16411
16094
42314
5993
4491
4720 4731
27111
3655
82729
31822
25114
45644
36308
9537 9540
63374
45478
82002
66174 66231
66538
30561
25311
3411
78438
63690
74081
55349
42078
60403 60443
89943
82237 82277
43066 43089
14110
58349 58431
28161
10275
62504
7711 7755
24825
33448
72908
18498 18577
25990
18803
44968 44976
88457
37714 37798
74960
49040
48216
67056
72361 72395
75725 75743
17178
81693
57767 57855
55141
65884 65945
24308
22956
22088
1776
85995
87156
65152 65287
7949 8000
7000 7024
65080
34642
4226
16157
23140
18736
74536
82847
11691
76866 76908
77384
55950 55954
5286
13772
80149
30474
51037
86563
54437
72348
16833
59135
16117 16136
351 397
17075
49276 49291
45313
45237
60598 60655
60425 60528
33443
13349 13441
5952
37385
50223
6688
6241
60660
3927
87581 87595
67865 67890
47035 47137
36030
16186 16196
35852 35871
12605
62474
30680 30760
17451
79696
53994
25106 25164
39005 39026
19134
34150
85344 85461
74192 74225
43527
85038
47052
57883
40533
83761 83764
8380
8291 8382
89709 89715
67780 68005
33130
41103
39682 39888
37691
25216
28628
73662 73698
11998 12126
62252
21011
84843
57430
9922
82750
21737
70596
37927
33751
39942
16709
60959
20555 20559
36147 36181
79578
31399 31556
38043
41782
63926
17004 17050
28060 28070
46189
12706 12708
46708 46768
15703
5066 5082
32660
57316
55756
69463
47727
32778
50335 50365
63124
86875
43571 43578
73431
21785
34204
45147
70007 70084
22496
54692
85463
88742
12518 12536
58361
6390
68751 68827
49051
24710
31137
70416
30204
80950
82283 82331
63073
1455 1471
88655 88697
19797
25255
25120
22456
28658 28735
21576
68880 68931
29719
81023 81136
73490
46918
61859
70441
1365
65293
12505
1510 1511
13183
67871
72451
84246 84423
24046
85002 85052
35103
56308 56317
13148 13196
13229
46095
10895 10900
58598
32380 32389
66922
72036
81304
18984
70633
78897 79052
12433 12446
55519
89430
40061
42855
70332
20669 20784
61285 61306
57956 57997
68632
35311 35324
8399
28767
58342 58378
39269 39270
14972 15062
78041
38016 38103
41445 41539
74277 74302
80110
33440 33730
4910
17989 18095
44975 44988
41540
35978
57719
17286
84611
39567
8047 8179
70848
71356
22953
36772
7683
50938
76712 76789
52452 52593
31987
6426
67182
77966
81771
85734
22302
85446
59461 59489
80965
41437 41473
69858
60233
45560
84017 84219
75611
35
303 309
63235 63236
44763
24356
25829 25878
18412 18419
22951
81316
75055 75105
51262
83786
3205
38922
46625
88214
67985
61197
46724 46770
23049 23115
88687
85109
61217 61329
25059
24246 24449
24446 24483
35004
7762
26371 26391
17514
7664
55521
45266
46978 47030
41111
72098 72138
77778
74638
1206
40121 40247
46640
19806
68783
48503
41736
5274
69709
42610
34140
63301 63369
36558
49966
3328 3396
40922
73598
88481
53780
66838 66863
56027
13274 13331
77521
86652 86674
49675
2986
77991
961
31422
60462 60565
49606 49611
12086
12775 12838
50014
89604
42502
83612
66306
35898 35940
49098
20209
17073
88804
72347
83282
50620 50632
21028
66627
62795
58276
3477 3489
66931
32840
73377 73493
3837
80083
14296 14298
78936
78302
73821 73878
85062
87813
26627
62341
53394
68171
36153 36206
4185 4197
43107
30923
56416
40797
53419
80624
75751
6545
86705
774
23598
33575
7106
61370 61402
75427
8533
25155
41380 41448
18521 18559
33587
74423 74587
62983
71350
84807 84882
29578
9995
25712
19080
705
85238 85300
73901 73933
89344 89539
12230 12291
88940
20241 20459
45533 45572
31826
35695
59902
201 233
35329
13838 13856
1506 1602
39984 40049
75640 75652
49165 49180
86848 86864
75682
60088
51028
13219
82350
30309
19970 20033
78864
44061
53474
9828
77318
69512 69515
45091
67401
87710
69144
14115
43071
79693
22721
17155 17269
32551 32567
72569
36373 36423
18278
55005
32786
50542
66792
10982
56323
8086
33934 33978
42689 42738
87070
8939
74646 74689
25706
3214
11296
45452
8730
63509
36684
71677
66910
64267
60218
43870
25116 25252
34473
59663 59708
60542
13106 13209
71298
17912 17944
58588
18628 18766
5309
37772
28333 28355
13024 13028
23417
35740
64606
67468
24585 24628
68950 69000
72650
40361
18610
84676
80932
42431
38414
43272
67831
10783 10817
31306
43689 43695
8805 8897
10960
4785 4812
50673
11198
50405
63314
75369
48590
74435
56959 57165
57126 57201
23076
70468
22310
47531
47774
4102
85452
42797 42815
70285 70347
6383
33593
69138 69241
19337
20022
72299 72307
78288 78297
56437
24598 24599
23486
9097
7815 7876
50038
2297 2311
15349
33435
46595 46599
28591
39741 39775
19935
72180
58093 58122
8 79
87922
58721 58741
76738 76788
1701 1708
39194
53363
67922
9539
70431 70478
14040
17048
86371 86377
37516
71878
48730
71951
21798
67161
48212
68147
49335
7500 7505
5473 5478
34229
37974
70355 70387
49181 49233
9211
38361
62164
89929
6895
69106
5072
70308 70324
50129 50171
63358
32639 32726
26298
80596
74973
87793
16929
7624
44269
72403
27587 27646
75882
28381
88316
37617
78725
75325
33053
80279
72973
32041
23535
24928
58491
65962 66001
8005
34513 34667
77513
48363
65976 65977
47102 47132
31270 31368
19107 19167
46880
71569
53929 53931
31977 32024
13563
50443 50540
57396
8983
61572 61692
89847 89983
72918
19013
50809
73319
59299
53799 53802
40493
89829 89851
23606 23675
61259
17893
455
88131
58457 58585
83870
72725
57180 57185
72999
77696
19769
20330
43154
7563
48213 48254
36344 36436
17830
54929
5721
49120
75212
33854 33921
78646
84250
11732
58401
74331 74354
31139
46211 46250
43961
57313
75592 75608
69972 70013
51805
11558 11645
30113
80873
11766
7223
50001
3058
16231
32386 32394
39659
89300
47597 47627
9037 9090
12244
58434 58512
19668 19699
66956
42953
84674
25519
53481
76495
28758 28924
48126
152
53135
26423 26567
19360
72117
54308 54326
32921
85339
8871
6807
57599 57623
85730
13128 13162
15448
17804 17816
84954
1949 1986
35377
67175 67260
51727 51798
19862 19892
37965
10237 10276
45697
82831
35027
27227
70556 70649
43201
16530
1079 1096
1279
25603 25625
14576
25330
80889
51818
88437
75722
1536
57878 57884
9457 9461
50849
50922
1521
25599
75379
37832
68833
35317
53747 53756
65373
73198
44887 44950
88689
71046
78539 78551
9167
82190 82215
27420 27422
54791 54796
83772 83798
21268 21365
17884
22273
49460
21842 21902
67241
913
73397
76299
50763
57616
28487
59567 59577
15157
22916
19352 19465
14613 14640
51260
43928
58557
11219
68469
56597 56666
37770
71693 71707
33214 33240
46476
22664
56839 56907
78554 78558
3794
20343 20404
42578
73385 73412
13827
12791 12845
54402
62446 62483
28375
16151 16184
16911
19466
7207 7280
12260
62033
86070
87252 87433
19008
63495
72107
68809
35417
25956
86490
11010
57477
61055
59965 60024
81602 81701
42059 42084
33804
61138 61225
74157 74171
65268
10610 10650
32488 32498
43283 43329
39797
76578
81242
57440 57570
39530 39553
69177
27152
39980 39990
12264
30243
61933 61985
27680
60084
47569 47572
5404
25487 25572
29339 29364
7268
35558
74297
8338
70354
40732 40792
61341
29293 29463
21410 21485
32165
10718
70919 70960
47255
1666 1724
46538
26436
8607
33200 33213
65091 65164
44040
71312 71343
23864 23977
74916 75045
33794 33832
39001
20843
42199 42219
37096
42553
50988 51023
9639
80071
76616
58410
69004 69094
83167
7720 7739
71817
61261 61274
48734 48775
54947
41055
64822 64841
43986 44011
72050 72103
59068
51376 51387
39364 39384
53063 53064
16593
63311 63378
32043
64960
81093 81111
67140 67164
51435
44013
89408 89429
49091
76922 76943
4501
22878
67255 67348
60582
33068 33082
2135
64688
52174
15330 15343
21843
82107
82714
2989 2996
68017 68024
76351
70414
38966
27321 27363
35348
46183
26959
53901
54217
87386
58699
9738
85881
64403 64563
20382 20405
27035 27042
10484 10507
25967
5713
43966 44030
86613
28541
17234
35723 35734
23655
56414
84470 84568
58963
5702 5715
12019
46093 46125
28663
64314 64360
11996 12023
50823 50912
57615 57700
74730
38403
51469
63537 63558
69240
47218 47279
89075 89284
43130 43141
81787
51088
65123
9977
82375 82381
49064
46146 46198
12571
33184 33211
45884 45901
82133
8427
6230 6247
38672
16312
9716 9717
16221
85569
82641
29972 30025
89526
72707
80048 80152
7925
48489
13734
44081
54335
38749 38765
79446
69473
20346 20369
23659 23666
1835
32618 32627
51945
85108 85151
25244
65082
61894
8412 8480
31340
1020 1105
9771 9792
62591
70565 70579
70689
41989
10189
47868
35299
65120
65042
84101
86326
45067
76565
25965
74943
60375
20293 20313
15347 15386
50753
61179
36226 36258
41252 41294
20516 20567
39307
62281
26352
68938 69014
31762 31947
14781 14812
80560 80595
48912
81687 81710
23423
16293
35651 35691
33708
48226 48240
44187
53694 53699
49429
7705
36823
18073
66302 66309
14194
62916
12559 12619
15212
8556
56995 57124
36863
8923 8927
83492
78033 78108
68264
51532
29851 29999
56675 56711
56130
56506
46070
70453 70488
35390 35391
86375
66063
36533
40333 40401
84519
52277 52392
61490
39474
11191
42946
16008 16035
26883
42918
2169
61277
83962
29853 29882
21482
27007
29985
84277
5670
48081
19454
19113 19175
11646
27155 27163
29275
18276 18291
234 262
73125 73225
11581 11602
31418
58933
13699
89291 89293
81225
71038 71059
22457
69318 69332
46564
12649
73281 73321
78739 78778
39420
46660 46661
85956
62140 62144
34280
52512
69367
54547
86346
85326
78086
17188
47378 47515
85675
26122
53370
31617
64670 64674
37311 37345
62894
74479 74508
84695
6197
30845
36997 37018
21724 21754
24661
83715
48980
50247
27671
31357
23898
54417
74379
88850 88879
6644
10762 10773
44701 44754
78831
55569
75479
16983
27876
73861 73964
21184 21226
13516
88466
59835 59886
76046 76051
70149
43237 43250
70405 70436
11207
64122
57970 57978
5476
42186
64456 64625
25988 26021
36982
69343
39919
66819
15279
76833
46046
60712
73116 73149
79047
51780 51781
53236
20958 20965
86349 86394
26649
37801
80838
27201
34113
86878
27806 27893
45679 45693
78805
25119 25195
19535
45066
21705
47033
8930 9032
68726 68861
47841
12447 12449
16554
38150 38211
7407
23293
73559 73573
72455
49427
12500
31299
8952
59145 59149
27542
53021
12729
38841
23075 23099
8061
17685
44196 44228
86929
32265
28409
37134
32210
41611 41681
49226
20890
34990
71644
89988
9636
57345 57402
86578
81462 81590
50806
65994
22445
61948 61997
15889
26065 26077
49917
1346
13366
75946 75950
39560
77726
19293
6412 6513
3113
61373
63760 63864
72221
22551
41821 41864
87580
75310
59163
84816
56336
53836
82952 82991
81337
53392 53400
6637
10316
81204
7749
41491
7389 7440
78970
18313
47583
66628 66650
40919
88796 88831
39624
30093
86898
16841
77734
24754
61818
19844
16249 16283
43586
77419
71318
85191 85228
43016 43030
61689
82442
19758
61535
12202
54688 54726
55161
6796 6923
84790 84893
80705 80741
2043
66876
40677
8794 8815
24984
54666
40025
75547
13096
33157 33173
87605
64385 64448
25272
10551 10621
41052
35972
20803
25158
75593
20989 21026
6436
41464
31096
29219
64242
54594
70514
47693
34592
5437 5519
8684 8716
87395
35822 35836
44094 44157
54577 54610
569
47476
80728
85725 85770
34494 34525
61832
60155
278
63017 63039
22939
22248 22296
19682
80724
52952
63496
18040
89726
71235 71272
76438 76443
31725
45860
13765
75414 75500
84095
47946 47989
15340
51483
70752
89253
86606 86648
3462
85958
87647
76594
26703
11521
82275
10311 10429
25520
24162 24272
18745 18762
59045
59999
29050 29104
53870
44868
60042 60044
33969
81138
229
59601
34282
2882
40224
54428
11178
3032 3131
14674
86050 86088
16119 16142
55999 56023
21308
58076
44202 44234
56388
5150
36360
72775
86208
79202
18971 18982
57452
20215
38644
72396
71400
27167 27257
75326
5004
19607 19623
2974
20572
7552
45858 45978
41087
46300 46594
27678
85047
73513 73525
85333 85360
74 78
37211 37308
6214 6231
4500 4537
3498
72009
13876
53844
14536
55643 55661
86082
36386 36470
79287 79292
86083
81791 81882
58988 59082
56638
29196 29231
1116 1168
54028
88096
84637 84656
82625 82748
20475
79740 79820
66348
88371 88423
59304
15304
24385
41212 41226
70731
11222 11305
56264
85578
36191
40486
68269
77507 77515
83597
17625
25022
63077 63105
46502
5278 5362
1675
84978
1866 1887
72228 72255
48971
61621 61663
86733
86581 86598
27135
6727
38842
51385
48454
51285 51292
16366
46487
64969
74313
65609 65758
25097 25102
42945
41257 41277
55067
81048
26857
251
26696
26474 26516
9257 9410
47548
51627 51681
85780
57240 57342
16021
68640
46395
68558 68621
51968
87196
73496
20541
74009 74036
40803
38274
67792
60496 60511
13339 13391
8083 8105
71781
54149 54212
4179
21532
83828
47040 47042
65684
60118 60245
59076
18963
62986 62989
10051 10116
76739
72953 73035
75531 75610
54074
43916
57131
41337
76372
78630
36673
70868 70882
4946
41504
55167 55206
12307
80424
61656
48524 48527
15600
33310
76059
18576 18579
69851
12684 12790
21910
88375 88435
12107
34460
65063
73481
13110 13140
38559
11804
76630
33678
35285
60616
62311 62319
75453 75571
32300
13175 13301
17303 17329
58975
28790 28819
62025
17127
55493 55538
24544
48050
1190
59251
52532 52563
12400 12423
72609 72630
75910 75934
27828
85055
80315
50027
74763
78443 78458
84522 84557
25503 25555
62338
36940
44608 44690
23608
89305
54124
74451
78660 78702
66665
51548
66969
60058 60123
19247
55502 55542
34080
23854 23869
4663 4716
64989
63777
87445
26929 26951
58727
58579
83796
56365 56476
37511 37518
61917 61919
16708 16737
51575
84440
55299
61246
82155
44891
41376 41416
8240
2712
61727
9902
6785 6882
63450
11647 11708
37866
31832
57944
84786
43137 43182
29982 29987
72856 72927
23708 23794
35371
64397
18923
8419
3389
9756
65493
47475
5336
45965
83885
67405 67412
46121 46160
74228 74235
20821
83038
40939
6542 6551
65953 65970
45490
45004
18081 18179
51722
58239
41097
75246 75374
86716 86740
10845
55099
72932 73016
82738
57290
9321
72426 72536
46951
69609 69642
48405 48440
74432
18391 18420
46274
77956
49141
45579 45598
53679 53684
30185
32486
42310 42394
22793
46475
80720
48138
43502
26751
4443
37028
35168
5030
44867 44873
56951
5051
14006
71053
87487
3308 3343
60557 60622
14434
2178 2281
76551 76553
23117
38115 38133
55799
26882
39954
86196
14031
86449 86577
33397 33558
73837
64271
85195 85257
38286 38294
42538 42657
28127 28237
77944
31962
80412
59499
72606
53201
89148
74365
8146
62875
53792
82740 82772
16369
31695 31700
35294
47437 47507
27476 27555
47091 47111
57889
28080 28124
19414
53409 53428
85733
29262
9224 9360
36491 36496
26417
20371
79973
37335
17672 17769
73965
43948
48111
42589 42666
36538
85735
8799 8808
89846 89863
37177
37659
78038 78061
70973
36372
12802
26505
41660
61326
83886
13190
7605
22702
24773
24902 25029
20581 20615
73156
6483
4400
59126
64026
47657
86090
14193
37406 37437
17547
43803
45947
21009
16606
71041
46507 46624
89797 89799
44621
21048
43043
80743
53907 53912
88399
58140
62286
36511 36618
59268 59390
7112 7231
66170
85772
8846 8934
69527
43613 43661
45656
85698 85762
82884
85398
51163
68776
80806
87423
54452
3761
74324
61092
40674
54462
50412
85013
56748
16061 16109
62757 62796
34763
27563
58540
82030
49035
44911 44948
13773
21264 21275
57619
17392
7377
15671
40177 40189
55333
88002
34319
51415 51467
63428 63464
61873
51432
2509
82370
12691
43722 43819
85202
80205
52892 52930
54169 54243
17593
59712
62270
47950 47953
80232 80248
59995
46443
85091
55021
83178
69735 69754
77497 77544
39816
74481 74522
61541
27419
66816
80650
80721 80762
70843 70851
14470 14490
39820 39921
64080
18371
80135
68051
3323 3414
61996
84074
37486
83677
69104
7077
44920
61512
41501
87182 87233
25789 25824
60851
4878
62291
39838
2890
1007
42061
26761 26774
52270 52296
39450 39460
18092
29571
4750 4770
55155 55218
64962
12074
31866 31975
37329
53940 54144
37119
12995
36141 36163
63337 63468
65508
17041
1826 1875
24036
14177
82235
8576
85389 85449
62612
60113
14742
17508
6133 6148
33510 33669
35682
51995 51998
40662 40774
29561
67688
75117
80550
6997
67578
842
35009 35019
20955 20959
14959
80942 81003
21514
32643 32665
54830
33737 33744
4158
55490
65137 65173
39943
14045
42710 42757
25356
60971
28233
73790
89316
34688
67949
22746
85583
81758
17165 17287
29325
38551
5977
15841
38687 38796
64858
41444 41466
9803
40986
18368
55652 55678
26690
44461
63642 63649
21344
33219
61546 61573
54279 54304
10220 10226
57842
74693
1904
54048 54054
86474
85069 85164
17035
80311
69197
81750
73341
81745
35588 35669
54029
86312
79732 79755
41873
9443
43214
49263
15834
27013
58079
3263
7650 7672
33860
37973
843 880
14526
20887
85828
39932
74666
83370 83451
52702
7694
58787 58823
42679 42957
86585
86440
5267 5361
2581
57870
51231
80070
32655
73409
23311
32283
35023
66140 66143
84735
7287
35262 35268
17633
48347
79194 79205
72930
31200
73507
74150
17548
74636
73386
1013 1054
35596
65371
82534
18802 18829
26962
84667
64814 64828
22546
73047
11845 11867
17153 17278
71082 71258
57844 57865
28145
50979
84458
64461
85693
19456
42826
33069
18797
50189
67020 67067
69594
62583
35450
34991 34994
6170
78753 78779
19405
55757 55853
59006
57548
76635
43662
81228 81285
11045
33833
3613
77809
14475
56677
57380 57386
84008
5556
30749 30788
7939
29816
46064
33808 33822
33711
75841 75892
35315
78043
22031
74533
41878 41969
72283 72305
51232
49388 49430
44589 44593
66463 66486
51227
70218 70229
85455
32622
71201 71203
83256
71357
35525 35670
1604 1636
72358
28034
39254
39345
59367
63383 63404
74825
63340
25399
38203 38215
28862 28929
31215
80801
44358
46603
30195
3053
37867
17768
19931
2400
77333 77375
69888
68755
86102 86113
78430
13043 13048
63794
35491
37771
64193 64209
57744
14660 15056
44527
42787 42979
37232 37240
69650
44363
56065
89249
77997 78001
76448
77984 78200
27461
69629
74993
70171 70212
23692
80377
57919
72392 72447
57429
57271
48636
19759 19813
46949
86604 86639
53062
15607
34160
8860
50655
3083
57067
10749 10776
18599
17647
74932
58051
43038 43046
18917 18948
17246 17341
386
62399 62601
89035
36617
31429 31459
31883
53353
76400
55763
62063
3067
45472 45483
691 703
57996
1454
7094
17321
14706
69141 69209
81031
47559
87971
31802
69134
63232
12784
35686 35744
19763
27378
71271
31130
8285
52488
80944
75254
44043 44130
49911 49954
85631
28021 28054
66011 66066
1110 1118
79215
5338 5367
10992
46752
70021 70023
36396
1942
42693
20796
76178
89727
64941
75614 75698
14670
24226 24277
27391 27452
6271 6453
12858 12912
36809 36834
75874
71552
30015 30052
83856 83920
62277
59221 59246
39355
3624 3692
59438
20779
22753
34201
43264
83071
11380 11545
67799
27979
79756
56787
78731
80050
32166 32209
85445
71208
30955
31564 31569
63574
23766 23856
16427
65706 65903
87002
69131 69189
36192
5672 5698
1792 1808
66979 67148
52657
41701
69102
83436 83489
73390
82271
72519 72586
50594 50608
16393 16394
69903
37444
26269 26288
67484 67507
10520
68057 68122
71744 71806
47979 48003
57001
60072 60131
14222
67886
27791
56970
5939 5997
54214 54236
1440
16118
84701 84781
64785 64809
42041
72047
67703 67795
34485
16631 16636
76701
80431
49893 49908
19355
89495
66393
13181
74592 74803
67979
73774 73841
4955
16910 17001
33331
35159
76359
11597 11621
73976 73998
43233
53703
49159 49189
30280
24493
68207 68209
62183 62228
86999
41002
20742
64116
51024 51083
30421 30422
60635
41971
83388
49202
50440
24364
24654
29238
49903
61876
61362
12388
17027
71549
55958
44100
11105
25556 25605
18677
13381 13500
52568 52573
89147 89303
89270
9641
47425
38234
46474 46535
43209
714
32524
84417
30636
37666
29392
19749
82999
64544
37094
76291
25187
53830
23387
55765
35901 35989
60341
38522
15899
82535
48682 48684
37268
48765 48791
70379
74236 74242
85527 85608
11108
5054
51320
23502 23561
84131
74109 74115
21093
45249
39763
76370
86268 86299
13538 13594
77542 77563
82661
58647
42522
86179 86201
79521
33088
1360
1445
13959 13997
28674
11042
25113
57950
58352
81718
16501 16508
61404
884
8946
25413
79893 79915
81392
22745
27279
53296
1290
7531
37838
25636
54328
7253
77005
65104
32939 32965
52369
6851 6953
70446
16294
74390 74495
12529 12534
49096
86383
4523 4600
14813
67009
78117
63729
19792
37737 37744
64247
21800 21811
60380 60405
11883
82921
42301
87842
17455
63131 63423
54570
17091
55128
22162 22167
8944
61167 61192
67536
54567
30227 30229
86688
49667 49706
38833
26345
49039
74020 74116
38991 39017
53764
68152 68175
24106
29140
42181 42223
23349 23362
75104
43884 43929
80345
62529
10979
85306
56523
7883
25065
77290
42184
11730
44498 44522
137 220
7246
81621
60666
14157
75452
3512
46117 46126
13886
9894
52927 52999
51643
16998
14009
19841
42486
85320
70687
86133
83499
64059
43122
621
18140
21282 21305
81876
40556
36943
35816
36350
12894
66185 66255
31231 31232
62800 62803
74442 74521
38924
28297
47089 47159
47217 47230
11321
20362
2397
64293
61337
6524
72523 72620
61706
86491
889 892
18780
2248
9337 9387
58105 58189
42753 42927
84685
8118
62743 62765
68092
9103 9106
71929
45882
53909
13239
13762
24080
79463
20292
39699
81845
31519 31546
23113
405
5752 5839
13831 13859
43681 43763
14934
86683
3890
51975
44224
40720 40763
79416 79430
57282
46882
15545
17362
57991
79297 79332
67355
36037 36069
5097 5123
74764 74788
46194 46279
71559 71664
30683
8371 8372
35433
71827
38725 38821
430
16439 16472
49560
26610
76174
34226
81483
22253
64966
75054
42829
76292 76470
30838 30848
87006 87013
925
84774
54175
84416
57633
13739 13820
17856 17875
80081
86248
23478 23487
53616
64621 64666
56116 56153
31522
42259
87530
42339 42404
67503
62376
61442
29799
20180
62387 62427
82209
59679 59691
45998 46008
58641
24925 25002
80578
22759
22681
31583 31586
43175 43176
31013 31057
33920
22107
70650
81149
30165 30307
74623
807
84335
6553
57010 57025
8114
69973
62260 62302
80111
80068
31300 31373
8341
49978 50013
16605 16671
9887
24320
58494 58623
74571
36038
82124
49548 49625
7658
54963
78846 78875
4735
18433 18435
83022
35118
9747 9821
15522
34868
4180
69964
58283 58415
7432 7523
45971
2196
60671
7690
32381
85612 85670
7722
41733 41740
46721
1810
29453
75000
5126 5172
68362 68409
71229
462
35411
69161
14334
14489
78498 78542
64023
68343 68426
53808
53683
27870
48808
16000
75830
7494
17243
947
77926 78115
63603
10489
43173
40664 40713
66387
26179
7108
18234
51624
48062
21432
22264
79860
50400 50503
74000
64272
78522
89640
88233
25341
17555
44392
5600
47321 47338
80266
45932
71403 71501
49078
51002
85442
2226
73568
33834
11784
88634 88648
17793
33988
55045
38245 38247
51520
69278
20750 20782
10434
24484 24497
48067
88001
28023
3031
56484
79789
45376
55100
61331
29718
32633 32649
62821
55783
78220
54767
75345 75397
79753 79799
40170
14135
46614 46620
51852
49985
35471
70315
70988
8265 8277
72747
32628
72722 72739
51621 51623
65774 65849
83804
25018
8709
80824
1271 1308
88581
26286
24387
16289
60312
75789 75846
28855 28901
38298 38418
56601
7103
67473
8600
24787 24804
24533
58371
17366
15234
81309
47686
1187
16494
25929 25986
72844
76732
45544
14299
18546
82688
89740
46547
20514
50653
65942
12676
9418
78139 78217
43637 43644
23697
65992
20673
51180
35011
19391
9010
60910 60954
75824
17758
28508
78782
61071
49248
65463
83012 83115
23756
14659
41234 41321
54458
71937 72153
2158
64128
2697 2711
12994 13017
63738
85789
76195
80861 80896
24967
18657 18687
34898
10439 10564
74697
51934
7288 7291
5988
36513
28538 28609
52070
13287
30139
27699
21640
80218 80222
62692
89077
7066
87831 88189
56999
5740 5834
17870
61725
25859
25955
59201
70215
72526
75395
59853 59859
41521
77472
85951
33141 33145
36680
20626
29716
38650 38729
5363 5442
49411
89153
48391
22001
37955
66154
58016 58019
38838
58974
50048
4194
61037
79597 79611
47943 47945
66336
62891 62944
89487 89533
61340
79509 79645
71698
1349 1375
64601
404
73560 73592
10554
54606
46699
86840 86883
54492
2505
85501 85514
11450
32258 32259
4378
85909 85939
53266 53304
72223
66554
65436
19768
71095
78349
47988
77704 77838
26748 26781
44158
73348 73526
14259 14265
34195 34208
5578
24060
7369
6012
4524
54192
84108
36905
28352
73843 73849
42516
21820
46874
8855
1990 1992
64121
62915 63000
64703
8975
74453
1162
58888
35197 35203
19942
88021
71219
82317
65447 65458
34435 34449
51111
11378
33083
5020 5043
89786
53731
35169 35218
61316 61432
51701
29245
56720
22122
23056
28640
23206
24590
1277
73943
11393 11467
88582
24390
70219
63970
49754
28771
45504 45516
42414
2553
21526
57728
74894 74927
60589
85985
66908 66927
67101
49997
70959 71001
34501 34620
25383
66971 67032
33270
85817
4288
83018 83043
75970 75971
37896
54481
20825
34617
72249
52784
16768 16816
81729
76210 76295
85837 85889
70427
80567 80569
59894
78654 78672
57536
19527 19711
44073 44093
39336
19833
13075
79016 79154
30719
77683 77761
24443
87870
16999
11159 11162
87996
22260
65886
59560 59566
51122
7902
64058
35814
67511 67730
80984
48009 48015
73177
86066
87989
86845
9464
26689
78068
27829 27830
71901
69740
81176
53003
2481
75085
37547
21945 22067
19339 19398
42293
5210
10456
8314 8334
11535
21297
84082 84093
13236
78999
29938
11065 11174
83030 83254
59824
73533
35652
78395 78397
84184
9988
34242 34350
88867 88883
54173
17765 17780
53294 53373
72179 72227
82575
6601
751
54140
67534
27444
14247
26728 27034
87728 87756
37808
43545
78165 78192
83570
74816
71804
75537 75665
41349 41366
73441
51728
45216 45288
46900
28265
82437
37317 37337
55851
78679 78715
61016 61048
14098
52486
15287
48721
42325
57819
30950
54012 54013
27681
88288 88389
77442
33624
22386 22414
50936
30521 30525
61834 61841
69685
60134
183
48865 48907
84818
89456
23625 23669
55859 55860
20564
52416
88803
35014
15432 15486
31249
83774
18359
86221
54003
37061 37076
28856
45180
70816 70817
37278
41186
56572
61186
8395
45529
60413
22017
65040
27236 27275
85647
9703 9713
74511
44546
49192 49204
13378
74413
30202
62036 62068
40421
14650 14708
35074
20631
60474 60517
82529 82532
15470
17656
85348 85406
52676 52757
80401 80418
47506
54723
14054
32456
52031
10024 10064
70949
7958
84520
48606
36519 36583
5520
44403
67060 67088
59169 59185
76463
15832
21070
74347 74373
76880 76890
37856
73893
81447 81450
80978
73995
74684
6373
64855
23715
56547 56593
4465
16968
249
44633
8621 8627
34556
17863
38626
1837
69264
16774 16805
78801 78912
48417 48483
62617
69639
77017
53280
37958 38030
57861
22423 22458
10888
9654
73211
1659
75375
54064 54150
46460 46551
40630
73517
21218
51013 51035
87532
30460
89286
66473
74586
34111
76286
73876 73963
59040
35355
88447
51680
57827 57836
73723 73826
30906 30918
85154
67811 67860
48826 48988
62938
76407
11823
51866
73788
58021
79106
3037
12781 12844
35466 35545
1434
43574
23336
36050
58506
38224
37139
82186 82227
79492 79523
85755 85758
71232
64624 64686
36912 36953
78492 78525
29323 29513
29439 29497
65117
41688
11146 11179
4355
50757
89405 89422
77390
53545
34948 34967
86352 86414
28959
79945 79958
27434
29376
77147
59133
40199 40223
74072 74206
17013
87066
34610
56883
81796
80711
47225
70040
37133
79839
36685
48920 48921
63909
47834 47857
56259
15562
38443 38481
19752
63315
39297
88766
10673
14058 14095
36665 36743
13776 13948
16808
10171
16907
78743 78752
63457
48656
84275
68599
76234 76325
40824
30430
19919
59123
50404
26892
43801
18689 18735
38702
5342 5349
8174
17577 17752
75471 75532
53340 53390
56619 56622
56252
12869
12607 12624
86236
89427
67040
80186
25490
82258
65018 65055
64096 64106
36845
46636 46655
42419 42494
82485 82580
24853
89779
7560
46663
19362
73471
22319
5840
62503
4874
88212
30046
64351 64358
41246
51130 51223
53611
60262
41979 42002
71297
88686 88778
52275
47699
68385 68433
89879 89882
48764
27146
43001
38600
4655
85187
13009
24083 24103
55766
55952
78300
86802
556
62181 62207
24746 24756
26365 26386
73300 73394
48786
61809
44864
80386
8502
5492 5544
52718
54793
38266 38287
74041
69323 69347
54959
22946
27914
25811 25812
84481
69020 69035
81443
14800
4640 4681
56456 56469
1239
8755
81714
41530 41545
71737
5047 5081
23022
81647
189
3063
82225 82315
1779
77549
58631
32133 32249
47210
4308
12727
34645 34655
58502
10540
7726
32306
88764
8165
35896 35902
14676
40391 40446
77043
71142 71310
65398
70435
32276
20667
50052 50054
44488 44562
48972 48978
62083 62159
27920
73825
77649
9325
43715
4059 4071
40905 41008
60742 60751
78555
55640
71069
30989
78372
11872 11881
70991
443 511
55
43820 43841
32087
2627
4299 4319
25518
5944
41880
49878 49894
60576 60593
30013
23911
13605
58626 58661
55934
15344
7660
77701
67748 67752
54275
5000
22679 22730
40961
20621
59427 59505
44465
52336
77615
62827 62860
1733 1775
26820 26896
65582
69115
72248 72282
56939
28534 28569
31693
1704
70108
83881 83947
31143
57306
69953 69963
86197 86259
76022
55723
89234
82777
18402
59280 59283
48191
17839 17868
39999
56342 56409
19012
41286
5332
16751
23344 23395
50238
31235 31273
19485
86881 86953
62835
28847
62292
17193 17232
42073 42109
17038
62141
26142
25794
30977 30987
52583
72148
3967
80941
33096
63237
30155
89686
43386
68701 68722
70071
40173
12033
46384 46392
56632 56744
87970
36307
19957 19996
40794
10321
28269 28279
79145
63415
11907 11945
83301
878
25406
76330 76363
31379
38477
80059 80063
15277
5704 5755
80739 80804
5099
86841 86888
76785
35153
89616
87761 87790
37633 37681
78096
40944
74954
72465
70009
59713 59734
35147
25869
68331 68397
4872
27458
48378
1841 1883
62470
20046
3183
19052
10637
1553 1595
17852 17855
37363 37459
55994
73414 73532
30596
45992
65126 65193
59229 59332
4375
39129
11819
89854 89993
19244 19251
126
67335
40687
8947
2078
72139
34964
7629
72482
49473
16723
85512
1537 1545
29212 29265
6048
2577
64618
61276 61282
59139
82737
54297 54353
88411
83228
62657 62708
83506 83635
83868
58746
68230 68286
58758
10880 10968
39143
70035 70086
9285
58254 58265
56697 56728
8321
80383
28377
75041 75052
59531
86361
88330
82753
82519
15789
48626 48629
8754 8786
52698
50399 50545
36230
5749
84535 84542
89496
46169
12970
54611
50105
54357
50006
64810
60256
19681
48296
70198
36003
44924
23623
29691 29725
33312
42609
54256 54258
23019
36958 36974
5766 5785
144 157
1798
54172
34145
49553 49588
17613 17717
12153
26138
32984 33013
1262 1381
30810
950
62237 62284
37082 37089
32602
80726
40640 40641
22579 22603
4464 4499
44937
52907
76016
18504
20505
77038 77088
66943 66960
51278
41109
11051 11073
36679
31600
10384
59762
2172
85242 85261
13108
79294
5013
77268
27407 27443
20611
47787
7064 7122
38926
38419
15064
72195
41210
77396
78588 78634
60349
56923
36495
53490
79458 79540
41384
40561
23816
63984
61742 61827
40624
28643 28692
52168
11865
79684 79731
22862 22888
83900
89329 89330
1389
28648 28672
45738
81010 81091
31624
40290
51719
75035
63801
16360
89073
47683
8968
82410 82435
37391 37414
54771
27077 27085
2351
72435
4637
20891
30119
36722 36742
52917
85979
85110
40828 40895
44974
33424
44729 44738
4164
51068 51090
38807 38845
42514 42529
39908 39968
6210
88878
11315 11353
6104
66475
66498
77428 77440
82662
51992
790
54316
28814 28838
38820
64061
53770 53806
12650
47799
44216
33554
8549 8615
86432 86531
15687
31285
51086
4261 4340
26291 26313
30392
17811
22042
1743 1756
69871 69899
16600
68860
4886
5320
20677
79153
37613
6269 6298
73896
3783 3949
16706
24452
51112 51203
65240
3668
22789
32631 32682
5562 5776
89197 89198
79715
51855 51927
46175
25647
47460
51808
66552
69596
62475
47013 47017
62560 62600
39238
43048
42632
89827 89842
41934
55150
73460
28320
71758
56407
16476
19320
85067 85080
51984 52054
22675
7644
57034
82795
84769
73722 73801
45179
13084
18997
18765
37797
30192
42569
20718
15798
70527
57625
36892 36901
69967 70025
21333 21353
43875 43938
28248 28252
14975 14992
25980 26039
75998 76034
2431
75056 75138
8761
37670
13261
4560
64383 64430
48053 48055
83223
80532 80561
58400
85628
59471
32907
35988
46953 46958
71842
3674
86458 86471
17659
43147
37571
39638
65570
87142
81903 81956
34733
40627
64759 64820
85513
31880
68377
68538
63417
34082
23378 23440
134
73094
52737
63925
32390
11004
86291
25024
42592
22183 22189
70547
3202
69064 69114
51265
27575
74580
52186
67967
89219
37579
46980
89100
38433
12348 12393
45874
67977
63473 63507
65675
75488
1839
25160
24360
84069 84076
75839 75858
40958
59739
38523
5366
82399
15146
59849
3405
69274
61791
44636 44671
8177
60428
77520 77569
26763
15560
31155
24374
12958
29416 29466
21786
4045
39589 39608
1113
61964 61988
3572
13857 13903
56213
11811 11843
48276
37925
35996 36033
17640
76479 76493
80580
41813
29565 29579
27192
57508 57577
88548
75412
67600 67678
77828 77869
74317
36973
61243
15333
47465
48767 48830
76228
66880
38693
61416
22986
53540 53573
50421
88282
36357
75921 75942
52190 52208
14116
81044
40605
61095
36092 36094
4541
76117
61903
27779
69630
6568 6572
78365 78448
52820
22171 22265
71608 71633
24201
59512 59584
38110 38172
1562
51427
88056 88057
16803
82904
3657
55931
39725
88558 88563
66805 66810
18361 18385
34135
4116 4128
12000
2368
16847
2088 2097
23144 23224
1551
33482
44107 44114
63471
25510 25524
38214
11746 11779
49970
89006
14174
54361
49938 49971
52807
10683 10761
75827
40833 40859
63205
87818
78592
63697
41367 41405
69811
59564
54041
66999 67035
28093
22544
84640
66638 66652
23403 23421
51470 51486
65965
61583
41652 41663
34254
31164
51008
52894
23553 23638
6808
42526
86096
75887
9238
68495
2001 2053
54863 55059
53715 53757
69011
36353 36403
55567
6925 6949
48165 48190
77533
60092
85468
77674 77678
44517 44576
284
25821
77073 77177
81021 81043
22014
67170
31543 31633
27990 28009
41021
20938
61992
4807
3107 3137
77589 77661
8769
4547
7488
371
85016
26475
86783
65665 65682
80512
61851
87668
6544 6570
43685
72629
6794 6909
2705
60861 60885
78219
28690
64309 64373
23518 23660
76773 76885
74694
19654 19756
84151 84155
63336
20690
57562
30099 30219
16016 16096
5250
55291 55297
38013
29190
53159 53185
22312 22339
54966 54983
80940
25900
2885
86334
17763 17775
61366
14701
1719
18267
7795
62910
25391
7184
79934
3009
8461
67588 67590
20753
13780
28266
18743 18753
60269
13779
24501
3789
43500 43533
71593
68427
28562
37597
57230 57235
76742
60866 60889
6973
58464 58514
81781 81807
4691 4697
77806
44670
27084
16006
83742
1508 1526
75782
43552 43600
29668
61214
82058
10996
73553
34839
42316
64070
44394
82172
76387
37376
88663
79591
6556
59532
43965 43996
84740
63770 63813
26603 26609
83455 83583
6655
23632
89443 89480
43363
24517
33077
63068 63074
14996
17962
11851
25342
20862
4321 4333
69481
27463
21327
63935 63990
57782
58822 58837
33914
76018
28520 28564
57372
85672 85803
15119
86787 86978
24889
23288
47297 47324
24313
82778
48028
58350
44208
68241
39068
26349
65062
84111 84150
15490
69304
75421
50851
50132
87271 87322
3494
26098
19281
26191 26232
28159 28211
13832
7247
52000 52019
62365 62381
23298
19986
19084
30550
6013 6188
44829 44930
20074
54106
5784 5872
1707
70529
39486
55906 55918
4066
459
84324 84358
17403
23910
69753 69825
1397
51475
29424
12437
66291
60533
86431
69769
3366
17071
2330
76487
7784
34031 34185
1905
2676
49140
4650
16450
48509
57233 57243
13964
63999
9347
6836 6936
84285
80898 80973
34438
57000 57071
83680
72714
50714
57297
3618
1426 1428
46212
69912
3963 3970
28791
25222 25224
48024
58770 58813
80210
81411 81431
21873
86169
40645
50960
16787 16809
19517 19529
10109
12265 12280
58707
28679
14700
38188
62812
78976
77548
64977
71324
19889
11293
14370
26090 26120
71610
78230 78242
72534
82805
33670 33813
84213
6329
23490
60906
11903
1899
76334
29127 29211
28915
16555
32176
39598
72572
35947 35961
87860
76571 76610
80016
45935
4993
85980
22018
25181 25217
30424
6759
56096
860 941
40256
88717 88818
46264
65833
85309
39758
71734
8290
64745
46336
27953
58386 58389
25281
88158
74908
18060
22931
47148
81953
79318
87680
29379 29447
32447 32508
85539 85594
44252 44289
30079
78211
59474
89084
50814
86123 86130
68261 68323
35872 35891
65424
11324
87310
9589 9621
43216
85518 85562
28195
73692
44644
35069 35139
41165 41206
13677 13681
3273
35563
7813
46309 46340
85796 85838
32646
41403
2540
27054
9776
36366 36391
43351 43373
33785
34483 34489
82214
5140
82905
40544
63896
6862
57182 57373
27675
14559
6813
39
77350 77374
75331
56867
53176
76185 76221
19316
58039 58111
18834 18961
56220
82892
54305
37654
48087
44845
88503
70137
76677
59748
41269 41434
62622 62684
89836 89868
40243
79015 79046
23031
16050 16062
15473
51054
5034
69730 69742
69923
3106
66219
71396 71411
36918
69713 69765
3423 3480
69588
88786
34978 35001
47431
53314
18568
589
26229
31766
24848 24868
86087
35187
13584
32891 32924
41647
14601 14688
48270
82899
6561
13440
79203
8963 8978
40399
83901
87717 87762
18983
86902
20836 20950
19695
13549
72046 72056
63556
3095
82075 82089
4767 4773
86545 86595
76708 76724
39367 39418
88083
89859
7641
65110
45455 45459
58109
42408
81875
34684
87696 87845
15867
87331
67065
55964 56075
26739
58023
84143
32725
1754
70197 70262
50681
59292 59321
86713 86803
67697
59897 60074
64119
51524
46342 46421
7314 7367
38968
40038
64771
11013
24181
31939 31941
25522 25542
16243
74291
83383
83785 83814
62374
87321 87351
6149 6174
85475 85525
23069 23101
77139
48883
41608
84823 84829
37814
41970
67382
52604 52727
75716
71943
8487
42565
44727 44782
18012
35843
76975 76989
74962 75015
30461
48619
81867
32645 32686
11228
17968 18009
39371 39408
40681
14783
13172
64240 64361
66853
55392
27688
37496
64130 64134
15995
42504
35543 35564
8810
23764
39510
28708 28720
61633
57330 57336
8447
71875
1125
199
76168
82681
62779
8158 8251
3258
76956
37058
60140
24153 24164
58925
38947 38997
21996
41910
59747 59848
6712
76075
53316
87814
37578 37647
42226
16637
80912 80971
25609
32136
89814
33986
33757
79520
58479
8760
61317
42590
15204
65079
89501
78062
12960
5139
30602
70583
24157
78235 78279
62206
1372
39658 39660
15592
27588
67228 67237
31691
81852 82011
55755
14745
36222 36318
80116
24862
67968
60481
31853
43968
88050
25973
62001 62009
73478 73542
79806
47011
64636
70623
15884
86922
89257
74078
38890
79413 79478
33505 33594
75944
4808 4814
31331 31346
44558
82845
18592 18621
7420 7518
35033
48968
5221
31416
60526
51673 51682
22416
9743 9786
32070 32082
38774 38816
10840
66508
59580
12282 12294
79291
7827
18491
39342
62706
37760 37766
2180
59796
75878
27374
67364
80555
78486
51883
3349 3372
16279 16340
67322 67325
58820
75247 75289
80790
58859
14631
86551
40047 40078
10788
51946
63607
77712
87167 87198
61501
4170
34477
65601
82252
65672 65826
28911
52469
86073
89664
59950 60068
5402
45775 45794
3629
51342
55827
34800 34817
86876
66824
81722 81803
84211
86770
80046
14776
68735 68766
550 640
62458
30548
38764
63333
59494
21322 21412
18471
63791
80633 80682
53785 53828
71220
88964
68344 68361
36986
62985 62993
27180
49186
87886
9343 9397
27947 27960
80714
67139
52183 52249
64860 64880
82677
55113
56133
64211
88257
37379 37384
89724 89752
68473
52420
9916
85894 85906
69216 69283
64107 64132
16717
25626 25700
4438
50652 50663
54677
24222
4080
16064 16066
24618 24623
28354 28356
4238
89053
77747 77793
89870
33335
3007 3094
57314
6456 6486
29544
34950
61980
75437
87236
20441 20517
40728 40738
16815
4746
17282
29284
63950
25879 26015
81616
69213
20590
59980
70479
45119 45153
79983 80118
14756 14765
35746
28714
37707 37761
1475 1505
48262
58778
50245
22236 22288
38307 38325
61229 61233
57890
1242
64417 64428
39654
15808
42881
47764
20657
70750
8034
70228 70234
50877
18308
19310
55531
70041
52862 52893
4991
35403
36698
20057
1973
62739
3773 3862
48176
27549
34876
68233
16499 16545
76197
3680
25532
8214 8226
82997
18596
83198
31785
38391
61264
27725
47211 47216
43709
57578 57627
61757
6975
79856
13834
43817
12522
89261 89297
88256
1135 1211
38931 38934
14763 14768
75885
86658
8756
24543 24575
19159
77888
4705
82310
87455 87560
7516
44467
35226 35230
42534
9066 9070
2298
10707 10735
89469
49007
59604 59637
60520
82839
61586
74655
7324 7340
83616
58224
74471
83733 83746
41296
45537 45583
62137
63381
21415
42748
68008
86167
23189 23219
80584
10053 10086
58074
15018
11272
24749 24771
65177
76960
45242 45302
10870
19228 19231
62923
43659 43698
26547 26576
35791
46598 46609
6753
76224
82103 82247
11032
39333
57897
18240 18251
25969
74048 74053
70384 70401
54178 54197
56862 56877
67844
24212
53958 53962
71407 71443
60051
5877
78708 78721
7375
7061
39524
55489
23274
68556
72597
84803 84815
78087
47723
74663 74712
30259 30285
79465 79515
16327
68730
52693 52696
36166
33035 33049
39551
87607
14144
46229 46268
84985
16198 16246
20671
87436 87521
49115
5593 5723
38525
85663
80670
65484
22213
36821
26659
79791
72105 72115
77321
59266 59337
64905
31845 31859
67181
77555
80360
70945
321 323
15532
22605
35251
29417
43345
63435 63436
16780
80187 80225
60117
67539
13169
601
66811
32 83
41748
58827
60400 60429
78126
66613
43270
39982
14440 14479
13735
52789
36916
2084
44389 44408
3359
75948
32701
42618 42645
37091
63303 63359
35655
72599
45773
50516
26733
23474 23563
72816
79232 79300
40521
325 356
7486 7579
56652
42841 42848
66952
21158 21242
29514 29525
63746
64950 65032
84576
86969 86991
15924 15955
9736 9802
32648
74187
46405 46420
5792 5799
27492 27530
41682
19122
79305
46203
17767
7834
39258 39273
81342 81362
22449
55905
35008
18625
51453
16443
46810
36635 36688
22552
4622 4626
31362 31376
65093 65101
46568 46579
73792
46378
79950
33534
81256
27895 27921
11922 11931
16426
37971
13358
70456
87382
3906
89866
37460
32147
27505
74341
60921
18880
88903 88935
2050
52313
65610
54534 54552
45291 45341
28230
25895
20696
34770
42830
75081
88847
20927 21020
77731
29327 29336
48627
47441
10340 10398
14345 14417
61610
63160
22889
54701
62996
38903 38920
26832
47886 47933
88500 88511
25256
37115
35963 35969
38208 38223
74543
52084
80613 80630
45053
86435 86454
25588 25638
51403
27847 27913
62029
38386
66692
7803 7835
37027 37031
17358 17476
61697
33742
42928
51188 51213
79489
26170 26198
70406 70451
89618
89535
45020
4657
14067
6144 6190
78791
56009
72161 72172
41440
73874
33946 33999
51497 51550
85847 85965
56621 56684
52281 52285
20194
73028 73038
37259
22841 22852
76144 76152
21034
44806
33391
67529
8149
10056
2068 2073
86641 86642
79623
36726
30991 31024
61141 61152
1446
56729 56751
48439
58613
16263
78185
8587 8620
55088
32167
67520
45946 46059
83161
19808 19846
76573 76644
61796
83708
49720 49834
35858 35868
5173
2454 2517
58848 58852
56681
55068
44832 44893
59620
84657 84750
72353
39780
69466
88896
89002
17846
32638
48436
20977
18242
49011
51269
5280
25904
21679
75498
87056 87065
57906
4368 4423
9524
84967
5102
38227 38241
39497
61054
72624
62843
77759
47107
53631
59182
49520
6116
33433 33446
77775
74320 74330
4617
27501
44507 44523
87067
35376
38291
85791
71630
44116
68062
62838
16073 16098
71766
18499
48611 48646
27635
89131 89243
4023
48918
54964
39835
17635
6419
54727
12475
34127
82128 82183
31837 31860
66241 66283
76303 76340
88249
14941
24005
44055
65534 65667
37748
74756
4933
87269 87300
10679 10688
58572
44064
15009 15041
43286
6476
88088 88102
9062
78460 78475
62590 62721
10191
30016
46642
36812
79130
39192
67152
38664
50682
33545
21765
47952
69179
7928
39044
33043 33108
9405 9453
67651 67744
4402 4447
29015 29046
65993 66032
22216
37223
70992 71003
3922
14986
10956
22580
71076 71126
30039
11770
52104
59680
12962
6889 7003
85417
19904
35342
55533
61435
53473 53565
67724
25981
8883
72142
34758
19723
52239
68102
8195
43189
58696 58706
88014
59069
47863
1436 1443
81880
46884
19458
35286
61053
57029 57066
2680
53568
49831
22707
25214
46970 47006
32242
16861 16957
51792
65279
54288
3322
31696 31778
38085 38146
28032
87107
38047 38082
68258 68291
60174
86691 86693
58603
68006
50726
72858
41799 41804
61556 61570
52974
75167 75168
40221
69542
25540
42347
60957 61115
36993
48202 48314
74691
86357
47804 47832
23471
78158
57406
30936
60414
48577
33994 34002
38456
4826
86812
38540
22553
78502
62819
82259
73524
36426
71925 71961
2880
71659 71785
16334
64572
88413
36061 36091
81780
29844 29876
59551 59582
58217
46135 46197
28549
155
9867
37393 37409
52126
72359
87774
40780
33451
9569
15385 15396
64444
75349 75442
68712
8116 8204
64724 64726
34307
69263
88192
47860
29446
15857
20812
75788
4310
27489
17864
63265
48459
56494
72727
33965
57135 57219
10282 10318
1640
50507
68085
47014
22491 22492
17138 17201
2918 2934
34196 34221
636
74179
86799 86817
66553
67188
6631 6665
15795 15821
40739
16814 16819
21944
53959
14432
19106
4220
37980 37982
19092
39897
61862
7025
18215 18255
43344
80229
23473 23483
52427
14147 14162
27872 27919
82813
48895
44602
70537
52423
33702
72478 72593
9695
22484
8221
47509
8527
7197
64317 64320
64011
11365
49028 49052
68227 68263
43479
89437
45481
75277
75984 76118
63253
64598
9153 9234
50179 50197
78413
21422 21427
28198 28262
84044 84051
78816 78872
67162
42515
25674 25699
70493 70592
4627
87259 87280
10798
66625
38123
74098
44473 44499
26833 26842
64709
36070 36110
78073 78090
32433
72552 72689
5524
45473 45489
41195
49391
5258 5384
34810 34820
78605
33909
6713
31997
5288 5327
51058
12188 12207
35743 35752
56695
42025 42060
27019
11094 11145
37810
7441 7472
25627
6495
1309
35435 35453
53680
49576
72035
55550 55735
47271
9612 9627
56699
45155
39615 39724
54138
59741
32846
61653
19037 19059
31758
11053
60992
15630 15640
57063
66356
63228
9177
14183 14190
17462
64440
66544
4972 5039
71305
53636
46434
59228 59327
73648
566
15170
75576
672
72325
14731
71971
10659
25543
33877 33911
21175 21340
80752
50276
72322
57288 57298
78405
75840
52361 52365
24400
1147
34237
56241 56275
3795
81276
3143
72648
35539
25848
18793
64087 64147
85632
31451
57632
36609 36683
50487
16609
46497
82059
16552
20720
50676 50706
2347
36183 36194
73930
30735 30761
62666
24062 24128
15521 15616
76350
42019 42053
61177
66276
19160 19199
75820
271
9356 9490
18063
41797
85241
30531
7124
43219
38145
48086
57653
27571 27608
12476 12501
69093
37475
10530
10004 10018
14927
61280 61423
64925 64984
25078
15767 15777
5203
51865
56117
71111
56774
40408 40467
14605
83478
9083
74778 74784
38336 38411
85759 85792
63890
17496 17565
28899
5434
9832
76843 76928
37132
14390
72852
3955
48209
12382
78333 78336
6891
52873
57069 57127
37943
87523
13842
79585 79661
75564
80310
72663
88999 89008
54010
18885
23294
82482
89050
72502
61124 61160
82887
89746
16335
28327
16148
45643
71245 71263
57024
21951 21990
86678
24380
80665
80407
58288
22002
61286 61294
80651 80694
13248
3317
67894 67915
4326
33359
51390
59625
18370
18044 18102
53191
63492
59943 60148
68429
88991
83639
245
74222
32497
67695
72716 72751
89858
64708
41898 41950
81834 81850
78471 78485
21789 21859
66252
6132 6147
79084
14473
44230
19707
64387
40485 40563
30748
42304
17783
39849
23689 23727
44510
60600
38595
45904
25417 25500
19791 19835
47343
61931 61941
14184 14258
2589 2619
28277 28287
22720 22741
65308
79116
33852 33900
52286
52528
11206
10871
52628
59583 59603
8595
89531
65311
38792 38836
59320 59333
15814
38201 38222
21043 21118
72825
51797
19385
60920 60933
4722
58305 58336
50470
75943
57144
57397
76525 76527
18132
59634
61642
71085
87018
14965 15031
80686 80689
74378 74409
10847
61421
5866
2858
22413
51366
39887
74556
55178 55221
38515
66774
12932 12947
78153
37357
88027 88041
42129 42145
58594
58059
81012
82751 82816
28935 28977
40787
53142 53153
88572
72708 72717
41241
75459
71509
76424 76425
27602
79384
78841 78989
50874
21807
5900
51239 51240
15860
80444 80452
73450
55177 55203
87115
75501
58745
29574 29607
23446
55131
67464 67492
47616
87327
51150
75159
76798
64731 64792
87722
2350
24210
60133
54445 54554
87727
15749 15755
210
70161
76579
76978 77035
2382
33369
6726
34012
85972
51830
7071
18269
17383
18732 18814
4990 4992
36566
18089
49278
10093 10143
27195
22119
25693
65871 65920
45337
52088 52146
2218
12516
72704
75030 75112
29017
2236
86886
19536
71404
7603 7673
5857 5903
30416 30431
49605 49638
65020
11383
47480 47534
58685
15982 15986
46372 46390
3363 3383
30981 31052
43852 43873
76501 76505
57710
3803
41657
37985 37986
29986
1297
17207
43839
1112
81654 81704
47393
5754
53432 53467
41493
80544
79522
22512
55242 55321
16401
21238
57758 57792
8430
16376
36243
27184
33968
83065 83158
17145
58212
87299
66161
45974
65795
35664
47121
28559 28602
31610 31628
60263
791 806
75019
12934 12950
23366
40154
46177
50251
74829
31041
86413
54625
15037 15288
80114
60628
62826 62834
55719 55772
69743
20922
24697
88175
59038
24562
16486 16490
26207
37410
63116
82041 82197
48374
13382
27442
28630
42479
80010
68727 68779
69404 69412
66243
82105 82118
11700
53949
87097 87128
76065
18434
56904
66604 66739
88654 88668
60662 60711
35205
74588 74612
14291
43775 43821
57875 57887
65453 65479
72017
84087
7495 7633
23377
25204 25225
19854 19880
36753 36801
30617
18354
19628
82881
7868
19311
81454 81581
14340
14073
88630
10948
76689 76693
59081
11292
86836
82406 82409
21745
56796 56813
992
13400 13588
42386 42425
52238
23815
73619 73644
43113
78896
85294
82726
60963
16651
39048 39066
29493
64470
82830
53272
12817 12889
63147
51779
70544
66483
56994
27557 27628
76468
74045
37487
41610
12341 12342
88400
26758
36137 36145
8451
10515 10605
86877 86904
14667
34295
84315
43280
84465
16097 16111
85621 85640
62028
12966 12987
38537
81113
32191 32192
8618 8623
38392
82825 82838
54632
13731
68995
16468 16852
88377
89167
21455
10912
37869 37961
32158
15312
8702
62607 62608
9204
50070
9314 9319
30482
63608 63634
81872
47003
89611
12514 12525
48403
53657
5931
23255 23320
41487 41584
11394
22315
50886 50964
62690
49630
25304
76346 76349
42622
15002
88845 88860
59843
44582
29460
66391 66453
7573
18395 18428
83092
88505
69686 69693
86500
85533
1284
40150
19234 19284
20012 20100
34301 34310
74094
54085
29349 29455
9635 9646
4559 4565
76166
9396
50208 50209
46429
81165 81179
71837
12647 12682
12786 12794
6920
28902 28969
13115
86148
61890
58291
73255
46700 46781
80245
36419
6187
65982
68365 68372
13237 13293
56757
14584 14596
77296
32374 32377
58722 58744
17370
57156
75225 75233
70122 70132
26838
67690
22897 22923
42411
47253
2112
20437
77114 77117
83953 83964
27207 27319
61176
48112 48143
61639 61643
42150
28614
16952
7512
6046 6123
39314
86145
17479
34517
10589
26915
23913
25471
88967
7347 7376
76250
39437 39496
25664
88140
33188
54528
74362
54092
46746
73044 73121
22869 23040
58639
60623
86368
64234
6632
79345 79354
63466
47808
77054
77950
79126
33437 33555
47580
22814
26262
39917
37493 37502
41622
77641
18250
26341
78532
89873
77654
59621
31864 31912
77066
65188
18249
38588
48622
55848
51692 51704
50550
16223 16271
14010 14083
26247
36881
61162
44954 44982
28497 28524
58340
74295 74348
34935 34943
71789 71912
28112
14151 14284
12868
50193
9033 9059
13053
24465
15859
84119
32293
4118
4282 4297
49502 49506
36336
89112 89231
52091
78321
78224 78270
83943
81892
46304
21369
83930
76057
47563
75805 75812
20545 20548
35581
40658
83508 83516
27842
79388
2494
43981
1285 1299
42173
53934
78665
82405
44159
16354
10385
54820 54823
7372
15906 15959
16115 16170
45457
64718
62198 62201
48554
4034 4043
82663
80303
64854
7445
57626 57648
16076
49461 49504
87289
53629 53676
63076 63078
32496
20802
24464 24491
477 563
44137
50471
56139
15286
78385
85313
21234
8229
6699
13312
29266 29295
17068
65399
73954 73955
59722 59738
30498
65210 65212
46885
87879 87945
72720
53709
50036
39133 39261
70800
89435 89449
72437 72459
65991 65997
77559 77566
77203 77207
4712
55226
2441 2476
72398 72400
1462
51490 51498
65362
32918 33001
66639
2731 2814
66013
31789 31797
17813
44627
59779 59791
53815 53843
5854
46974 47095
43954
83829
32110
88863
6070
57108 57170
80158
82260
28404
48092 48124
89054
17728
77961
60686
11957
26410
55801 55824
43389
58040
86184
40272 40310
10775
83969
6186
67092
9960
27859 27862
8813
3608
63512 63518
60364
22015 22041
80150
50110
76502
63486
56894
88421 88430
7189
74374 74529
67605
63290
19306
38612
7886
8508
49989 50041
6363
64432 64495
73593
7937 8014
47189
31699
87782
18564 18570
20778
10419
41159 41199
8829
82497
38117
58118
81033
29243
83748 83752
15987 16007
1476 1498
37333 37347
56038
83909
83724
33589 33602
56031
82611
77210 77225
48981 48995
12856
58066 58073
77788
74093
15733 15748
52347
78383
78359 78400
70485 70492
27981 27989
41394 41398
16802
83946 83972
42055 42076
26048
13231 13377
83710 83713
50612
60359 60378
61746
41326 41348
55866 55897
86321 86376
28943
41285 41317
62074
16120
45230
73288
75180
11436
75702
66487
55778
71913
26441
82961
47139
70927 70948
80372
43388
68200
51253 51277
47612
54277 54281
71867 71868
56732
35397
76968
26953 26966
33796 33811
46856 46896
10452
86552
41683
9565
87444
43150
87293
55438 55469
64067
20736 20758
67987 68002
76005 76023
85688
31707
48729
28759
57760
10080
2642
77655
81893
52953 52985
5180
5111
24235
19308 19365
29611
62551
42875
40028 40034
45204 45212
33548
19804
62615
49347
47684
53982 54001
45200
33247
81283
41377
43025
35636 35759
73546
47918
17771
50302 50308
60204
50720 50744
68458 68490
83978
53904
52861 52895
81119
66121 66130
31995
594 652
61493
54292
26493
67714 67742
87340
67579
13705
28412
36202
7691 7709
58442
70057 70104
12189
26657
43143
12489 12492
52284
82091 82095
38406 38448
16695 16729
65064
33161
87701
45208
72258
34970
55503 55555
25660
18757
74405 74444
21711
32066
8170
73604
78813 78950
66018 66038
63858 63914
63360 63362
36925
12945
84503
33515 33733
44929
17094
89250 89319
14362 14441
15135
55225 55263
30011 30042
1853
14948 14955
46446
68382
78144
71494 71506
29892
7308 7332
28825
60004
15257
74162
15928 15992
25257 25270
7586
67212
27820 27826
64842
51508
80653
41365
48474
89473
83714
65272
23924
1182
45259
72252
3872 3887
62722 62856
81280
32175 32228
43222
40488
28831
55017 55019
4469
37219
52561
85598
30820
8907
38157 38163
28364
10858 10861
51889 51919
39398
9953 9958
27709 27731
81790
59070 59077
43896
41187
35672
41581
84868
37077 37085
49861
65255 65327
40830 40858
3440 3495
35116
71676
74114
10447
75008
69037
3987
76237
23671 23694
77634
11438 11439
4857
5948 5975
21590
9358
73676
43823
85778 85873
36517
33923
20956 20982
83939 83990
58289
38567 38570
13668
84923
35709
65932
60529
82540
9613
12248
55060 55164
48007 48010
86311 86343
60284
22617
14335
76797
30574
37429
29827
43974 44039
15042 15066
3686
33266 33273
26718
57110
34271
22611
64910 64928
73668
65738
44861 44927
85757
66251
84879 84880
61664 61671
83883
70782
9950 9980
61420
56279
74538
39730
30905
1585
89016
17128
82836
39131 39140
81231
10428
2513
55268
77738
76853 76865
28241
6014
47129
55388
49383 49384
32982
60080
56002
26326
82024 82076
42941
24781
14864
51079
34131
45175
43851 43854
62225
82604
82864 83034
89057
54075
48175
1637 1638
33492 33607
81904
45604
47758
28810 28845
83673
85235
10693
19732
20444
60743 60755
34329 34351
10284
20875
27312 27356
29141 29178
17295
47163 47165
31701 31711
30926
8837
11213
33176 33180
74193 74233
41312
61915 61930
55430
33229 33236
62874
62575
77531 77550
52234 52253
40362
63101
10481
27918
44402
81948
44376 44448
37355 37370
83622
55341
14603
56634
12215 12256
50800
3240
54157
12697
6976 7002
61953
47154
16277
55174
46807
47930
36991
59542
29167 29172
22848 22863
69069 69117
55611
14920 14957
16247 16309
21489
47364 47382
44367
10543
50467
29692 29812
18950
84322
75903
42300
67569
54497 54501
77977
29741
422
16734
75838
28734
62303
44007
62172 62190
27337
41099 41158
40555
18505
58424
6826
66122
54950
10966
78468 78477
1695
48316
28802
31858
47445 47485
26867
73286
84582 84586
34632 34674
6045
3983
26840
88171
4206
54705
56104 56136
25117
67123
30236 30304
23947 23995
21161
76540 76544
83056 83066
21186
68460
33348
44802 44827
12266
428
55686
11794
24503
8724
36376 36408
45957
13056
7570 7574
43694
77663
12268
42144 42157
67195
87824
16825
13420
70154
79051 79056
21883
36238
29423
52756
18830
6701 6798
41247
10091 10125
29947
13206
64115
68802
48457
79295 79339
25355
24959
21577
37166 37181
85840
57866 57913
55405
77454
45410
75134
76926 76991
63371
70637 70716
37959 38011
48114
51747
41039 41045
3721 3754
86363 86445
29096
27545
52099 52128
15725
64999
70648
68749
22631
40381
72686 72697
16941
65990
58063 58147
70264
86460
593
84010
55987
53087
20408 20416
29834
3356
57331
25725 25742
21793
37999 38067
26866 26890
88905
59733
83441 83495
51571 51658
57464 57532
83364 83469
21490 21697
76006
12416 12431
6151 6153
27372 27390
15356 15363
42821
67235
70440
46982
30275
82144 82240
47340
7421
9626
70852
3744 3779
41744 41749
34330 34340
52087 52089
58161
72001 72007
20425
83655
43752
75914 75917
28967 29042
86825 86889
49306
5481 5514
1323
38212
68202 68205
70015
10387
1244
56464
11976
45713 45772
81997
71050
63317
15424
28583
19216
66027
85434
64079
44631
89244
78742
22367
47332
45458
31412 31431
17523 17588
2496
60136
35917
78635
29189 29249
61923
6439 6441
82016
55747
60980
61754
16333
83659
70022
10803 10898
49382
88507
3373
41012
64224
39322
77713
83867
38428
5684 5687
14544
817
24523
49516 49535
40789
5681
36385
52542
61169
79913
62968
53454
1906 1960
57244
36644
44765
23821 23861
56701
10583
31441
71110
30510 30551
61522
89971 89974
64882
88875
29390 29476
53342 53349
12870
49947 49967
56934 56946
32940 32989
82909 82947
25109
89524
15357
10215 10261
83112 83209
4331 4363
19359
81453
48393
72639
19031
30356 30378
44155 44175
51476
29490
85177 85437
72868 72976
41592
11101
19015
27777
62698 62709
9912
48336
28818 28846
19750 19757
85190
43684
59546
76272 76301
18915 18974
8866 8902
8468
17844 17883
32743
72131
41166
17562 17583
55978 56103
37008
80196
15025
2243
88159
6758
56793 56806
28450
46128
4847
35784 35808
76949 77093
70863
35336 35370
78066
80858
45198
42341
48153
76934
81501
45134
84927 85041
8872 8965
61031
59672
24159 24160
87663 87704
87227
49201
42832 42863
32221
86550 86627
60701 60740
72662 72676
57832
49134 49135
10940
5254 5275
1146
20732
48109 48118
80233 80283
55086
34349
61649
80687
60909
84898 84977
39821
14276 14410
28027
59788 59961
18418
48842
62124
84350
80852
73712 73765
37212
19730
85931 85955
16725
67176
34504
83542
19832
55504
38408 38463
53026
6430
40611 40638
46050 46074
47500 47549
14403
36136
53918
64434
84723
89507
85901
23754
64137 64138
69474 69590
42277
7113
73751
13045 13049
80955 80979
48999
7873
30802
15187 15220
62128 62147
22911 22914
45379
69126
80446 80448
26277
16782
50218
79851 79868
20892 20903
66531 66572
68162 68167
45902
56943 56986
11914
7102
83534
48901
35207 35225
53804
6260 6285
24525 24551
68354
80432
57759
26910
83085
73725
72649
60606
26380
25766
67480 67483
3211 3278
4829
70998
49906
55192
39207 39228
42216 42262
66000 66053
89301
86600
1213 1218
12839
21934
35304
23769 23796
14739
70363 70398
27833 27934
31587 31607
44613
65472 65555
56508 56686
45789
35373
24591 24606
17183
36098
55157
72966
49465
36602
966
42889
40509
72058
8861
8511
35932
22798
81038
62218
30314 30366
77964
9196
55955
24094 24138
17919
67874 67887
56947 57002
77480 77505
80897
77669 77748
16635 16691
3931 3982
18558
45344 45365
15914 16030
54284
62846
52633
8306
80513
29255
32402 32495
80101
84390 84431
37816
63002
11236
35280
12477 12503
3879
78797
81580 81690
14008
82477
65621
70231
75469
42191 42236
48004 48017
77881
67601
47146
30707
25770
53120
33717 33778
80690
47046
38941
3282
38137
64435 64578
42814
26552
62824
82198
7736
11454
59175
15200 15233
69736
1457
26200
89063
40970
53521
48630
4153
79758 79886
21025 21103
19950 19997
59887
23333
69301
16052
46294
20290 20366
10896
63787
46691
56425
6951 7032
87303 87311
25077
2005 2027
32745
20786 20815
35402 35570
30970
76241
10300
34130
5240
10879 10924
21366 21376
15851
50700 50715
74800
26004 26034
24619
58920
32289
81808 81939
45141
59514 59520
75728
63602 63684
53701
24582 24596
29472
13276
85022 85064
73778
16329
76316
8573
36088
71964
75016 75047
66005
61838 61852
45655 45675
39102 39144
85923
39123
34670
50291 50300
1843
56396
11059
5764
83037
4280 4342
15149
71891
36280
21323 21418
11864
55135 55175
24500 24514
13427 13494
88699 88706
64993 65000
22242
35625 35679
319 354
43011
10028 10047
63281 63310
44375
40404 40425
61800
36029 36052
1812
71247
28522
79410
40411
26418 26455
87550
49655 49658
75023
69662
73469
54432 54455
43784 43818
72385
45385
795
67154
70853 70858
77056
28770 28782
64215
41446
71631
9034 9060
21553
72997
19638
67619
3908
65969 65972
11070
6346 6391
41409
12890 12928
34120
88603
5841 5859
72384
73378 73411
20288
69297 69310
73148 73275
50597 50649
53276 53290
24924
8564
25748 25773
44149 44189
34812
82814
2432
717 847
39163 39200
20302
53020
286
74723
78160 78260
28523
11054
66770
37422
24659
11187 11249
87144
73658
41113 41118
24906 24994
83985 84016
29369
61075
76111 76125
41469 41562
67006
75322
54067
48620
68447 68455
30817
65719
17330
3199
13872
75983 76000
61149 61183
87240 87267
49105
68773 68851
62492 62499
60502
29456 29535
26333 26346
16484
12879
65066
66764 66777
58824
16077
16046
84737
67275
53748
81110 81122
12411
37449
38662
132 138
8269
9472 9494
27935
75466
10842
3297
26454
81050
40866 40883
46734
13967 14034
5355
67766
32946 33050
7100
31385 31408
28859 28896
38930
41041
28665
9696
82168
10697
2210
58754 58756
72113
86568
38566
68053
57960
48308
6156
47845 47866
5771
19669
70657 70714
29223
68707
10579
72197 72229
35356 35383
17586
26776 26777
77588 77662
59526 59534
66069 66125
75113
65258
46182
59296
75114 75220
81067 81078
31334
24519
70138
11810
45461
84164 84166
60538 60621
2167
24976
69081
35783 35794
71834
6182 6234
62488
15494
72414
52503
43739 43805
74097 74110
83142 83295
55945
66987
23389 23404
70221
1343
6055
369 413
69405 69420
8639 8683
53504
35680
22901
77607
31956 32037
4801 4815
84052
4341 4348
17513
57851 57881
58374 58449
58804 58862
83330
88170
7140
46052
46305 46417
74160
13386
76477
43259
33750
9532
24081
7546
62430 62481
60170
79680
55145
71894
15268
69137
78745 78891
41664 41726
17661
38601
23468
35835 35840
82603
19819
9910
936 1008
72602
12710 12735
89776 89803
27301
12864
8909 8928
48412
88086 88135
11223
23271
44847 45008
78824
55040
76854 76859
10965
53126
80065 80139
8942 8985
22511
2089
83888 83952
33496 33745
80669
2886
6861
40705
12967
34809
37938
7729
44099
68501
50210
83649 83681
8777
13855
40585 40591
45120 45129
71934 71991
54371 54387
89120 89126
48077
16842
51793
74585
81873 81928
30590
16203
12643 12654
15637 15638
32928
30071
85497
37454
57829 57835
24301 24386
24605
88036
69617
31530
75606
47773
79939 79957
38162
33042 33062
43401 43602
74732
71286
825
44308
76687
40959
65051
33787
26440
73914
14513 14535
79242
28345
46394
41013
85039
33169
29510
18580
84886 84944
54664
73053 73091
17521
71892 71893
50801 50804
78557
23197
2839 2963
6654
17904
16122 16183
61657
2232
34960
34872 34914
83118
37779
74716
72951
15912
59717
36811 36962
73213
3098 3180
51828
29666
68671
48529
32197 32303
54858 54883
19744
57663
74840
24698
78747 78749
31034
25686
57590
30841
39565 39611
80292 80304
21467
9905
21131
24108
23257 23321
74514 74574
88196 88211
52330
48671 48689
40453
59956
51999
87361 87396
73042
6263
23017
72429
56304 56366
86560
18163
45214 45228
24440
87266
17021
84238
80332 80343
61898
8852
78197
7172 7209
89314
86936
69881
9156
13247 13262
70872
28037
87684
36921
88358
25850
75156
72867
19356
446
53447
83784
81683
1251
52020 52067
66197
31288
87783
49389
22961
24496
65368
78642
81499
37359 37417
493 519
35785 35811
37830 37851
81520
5759
45206
53433
4224 4244
29854 29960
62707
44969 44978
70839
33508
70725 70729
18772 18785
51273
28990
49983
61398
32995 33061
55030
87960
62854
79377 79418
10768 10919
67645 67665
16719 16770
5848
15190
22426 22436
13093
10470
3698
5089
89247
33020
62038 62167
81487 81562
33831
80038 80064
4521
35605 35624
13416
48942 49005
52601 52635
26640 26680
38694 38769
18946
74117
41222
43950
59462
29904
50749
72346
26563
66849 66984
86347
32894 32898
78216
19649
70321
73814
23932 23987
49073 49095
61248 61252
79089 79097
56707
41656
7994
33263 33280
1870
66982
84664 84699
2879 2916
68540
77718
44667 44713
82862
41279
53426
27001
14609 14620
12055
8987 9048
83880
31671 31734
33604
76402
74292
87354 87466
61468 61487
1049
33109
59156
29732
32879 32889
85035
33461 33469
78733
41173 41225
47643 47701
38165
50630 50674
43686
60412
15776
34933
57176 57238
22203
4132
82501
58134
78348
47462
81096 81161
72532
71711
34360 34406
48144 48168
23792
17407
41766
67913
87467
86408
42209 42230
746
81533
49626 49657
27412
12964 13030
7001
36215
67199 67208
25414
27415 27454
72690
568
29188
70214
62631
81726 81752
24026
33106
28880
75038 75048
10512
10173
23999
17933
82402
51878
55967
84086 84146
54134 54228
16267 16323
25390 25394
2992
29681
48042 48049
10186 10235
13485
81057 81062
40842
72963
25070 25134
72137 72150
28104 28151
24245 24403
57920 57937
87777
53245
41136 41172
50266 50298
51401 51416
50684
26293
65218 65221
4779 4803
48161
13524 13526
29362
19553
26420
58893
35862
53634 53717
89413
44560
53968
63702
83323
16258
2520 2533
60101 60135
89021
24064
53265 53270
25861 25898
68894 68947
42170
16178
45089
2576 2584
67843 67858
32820 32866
54797
37612 37634
26503
77348
2438
13590
86472
77423
78080
86187 86193
52155
4367
13966
4251
81444
24205 24288
24247
56029
79144 79192
66240
41580
5656
6167
53754
69816 69878
13652
63776
25099
68829
1608
51598 51609
52950 52983
62196
61387
29913
77960 78013
19058
51038 51062
68765 68816
79624
3223
73087 73111
48150 48155
87457 87483
88958 88968
23051
80918
83808
68988 69005
89990
22032 22139
46733
27963
43420 43635
17849
54776 54783
79782
88280 88340
71387
16860 16866
24653
53484 53532
88310
78012
85037
73262
52036
67616
73344
22356
1766 1774
57566
78484
87998 88004
49623
47262
72813 72846
33950
69450
70776
17078
11902 11912
86533 86537
85413
67589
52743
39126
18363
28462
34028
8201
24016 24043
89761
69996 70032
66831
90 104
43646
76947
10172 10198
67570 67572
55006
6830
78313 78360
12985
74918 74922
82675
50047
70746 70748
25462
75706
55641
37605 37624
34744
3075
58396 58402
76566
28883
54282 54350
13442
89373
15509
61798
12753
16482
23881 23886
52120
67610 67630
4734
85197
89791
67079 67104
44311
62808 62849
80928
46339
15863
53328
38731 38755
10153
38795
30141 30153
61068 61088
63367
61281 61283
85846
8189 8211
11964
40941
14840
77074 77078
88035 88092
58902 59000
36961 36981
56889
81286 81428
39283
28803
19256
21054
21385
46079
63883
56112 56128
49912 49934
19123
20672 20909
82130
29174
16867 16937
55745
74722 74739
25589 25677
47250 47263
8068 8071
80893
23605
12133 12152
22908
30784
83313
7791 7820
8190
6444 6489
18754 18792
45121
23983
79519
2331
84760
56548
48821
12651
33324
45049
17963
77009
22148 22160
4268
50961 50970
10499 10522
86001
6169
7945
59423
62897
36179 36195
67517
29645
15163
68135
7244
9592
81196
59094 59122
31770
70112 70118
56762 56766
30350
83173 83176
84188
6065
23078 23147
72337 72356
86410
7383
44967
13836
49791
51177
37878 37940
49584
35177
63016
78910
52030
3398
47523
67273 67309
87179
38759
29044 29048
74037
61061
20398
65241
7718
42656 42665
51414
17712
66052
25576
50923
59352 59472
63430
6421
87732 87776
43255
87655
82371
45921 46037
38674
76317 76324
25562
67145 67155
18510 18600
1201
23238 23243
60081
83298
20176
75279
7598
83299
9195 9278
16586 16599
19709
14061
46045
77962
67129
25852 25863
42785
79967
20164
49254 49401
63679
55316 55340
67708 67749
8318
67094
50414
34219 34228
28331
37898 37960
58702
21185
64844
70163 70204
53957
89763
65753
72612
228 314
89712 89733
28730 28741
63710
13368
59483 59487
17695
82228 82230
79550 79632
40218
75981
81302
50248 50267
59199
67307 67467
23494
56338
42281
16864
44524
42909
55270
50548 50584
13507
38253
19457
8530
85484
76270
77657 77680
77938 77943
18478 18605
21693
26805
65624
42441 42497
68040
2859 2980
79575
41615
16162
15823
23430
54042
36983
52215 52226
72989
12769
33445 33449
30571
11288 11304
78677
23451
24863
21808
37696 37704
61625
85172
70296 70312
34252
82888
30331
84454
996
71953
63789
40993
39421 39479
46878
83272
57497
26677 26708
56480 56496
56530
16623 16682
42799
82453
24733 24797
58108 58110
53302 53357
69277 69281
71992 72011
71054 71083
43951 43958
38271
61906
21531
65103
14356
34691
4901 4935
36530 36670
42046
51371
69955
81848 81905
15240 15329
38624
13180 13212
47408
1977
38488 38529
15143
2742
37700
62480
44721 44760
31111 31175
41278 41304
46591 46652
82009 82021
66913
1891
64022
47484
52587
37796 37799
33573
25817
20250
13653
39627
6927 6940
16459 16466
87590
63742
60774 60812
56020
59353
42321 42329
10991 11036
20944
43642
34285 34375
74776 74806
87380
59339 59346
69385 69409
56940
3465 3519
26784 26806
34779 34837
57738
87662
4273
15225 15266
32413 32416
11925 11938
86497 86525
60956
14643
55883 55900
16518 16686
43867
32554 32559
6425 6474
63005
12953
64285
47439 47456
18654 18706
54874
88715 88799
12925
86690 86701
38673
5171
60827
77652
34470
11750
84541
26480 26604
56566 56577
89981
9289
50289
55122
41431
43291
45397 45454
57699
64603 64655
82413
25193 25302
39521 39535
25208
54743
41272
52257
74967
36502
53208
2772
60551 60573
74208
49876
65247 65265
12355
66947
40148 40200
43186
61644
62518 62520
49600 49602
87028
801
8931 8988
28424
77798
53986 54005
48390 48455
86108
83033
79635
1097
7654
9296
64518
18996
54624
78262 78376
15345 15375
53453
73651
11801
53179
3615
79837 79898
30489
26756
36527
44276 44336
61554 61607
1729 1730
17072
30505
65246 65278
78094
26081
12690
35254 35292
51000
21871
81749
21630 21636
73306
75850
1788 1791
40781 40808
52460
26367
10985 11075
25346 25405
81141 81143
45093
74151
24820
38328 38342
16424
86456
59344
65202
74696
37274
62876
44161
49199
29733
23936 23949
49016 49046
39753
48834
17261
49910
45362
33993
23016
79389
73885
14207
285
8041 8062
72958 73054
50861
82048
78964
45290 45294
1149
81322
76913
77917 77955
14786 14836
19103
70667
64660
37443 37479
74609 74651
44761 44822
62903
43470
73395
66070 66116
42182 42238
14070
72019
39251 39300
15648
12574 12583
2316 2317
4067
86852 86893
49392
86048
11194 11237
24257
74240 74300
29121
68078 68173
15539 15621
34922
578
56725
65232 65252
30423
15156
19430 19434
57341 57393
52713
65392
7871 7884
87080
25121
61540
15885 15909
3074
3250
51536 51561
89907 17
81958
68325
59780 59783
46843 46910
809
32685 32813
57985
34682
1848 1855
40371
39964 39985
17404
27637 27654
18299
64019 64086
45762
37608
30726
58809
87827 87833
19410
42069 42089
80357
59860 59979
61380
14156 14175
9795
18133 18161
59151
12973
61219
32805 32886
23760
58275 58301
39781
36291
40449
22494 22506
9329
55119
77471
49489
75618
50274 50290
43443
38609
49574 49596
8844
75676 75749
448 491
10390
15366
25669
73484
69238
73219
79293
63949
64525
86016
44068
16423
15962
52080 52137
77697
83515
5696 5748
9587 9616
46472
16684
1930 1958
8676
77283
54310
85405
25454 25504
80986
79518
68268 68328
30930 31020
86044
17095
83397
62047 62053
18912
83212
47278
36506
71821
186
39867
51357
14917
78377
20785 20793
53955
69914
14817 14851
59485
81539
53903
18670
21501 21551
14510
83652
88834
68610
54866
63282
31949 31954
27259
62829
18972
13919 14012
9825
89582
31167 31223
43187 43197
54715
81274
32239 32240
684 764
8258 8287
71718 71765
70317
85602 85648
22926
35819
21142
52153 52201
21324
88957
86099 86115
51485 51517
56199 56214
7400
65347 65396
51026 51048
62559
41988 42048
10160 10162
26828
77989 77993
27656
74986
16112 16125
15184
33457 33458
17413 17434
65207 65350
43384
7052
76024 76029
52481 52508
25727 25819
66030 66233
15413 15417
20030
66394
19594
7049
24944
54955
75108
66874
32137
84379
40191 40197
36704
54237 54253
55587
22108 22168
37594
12326
55091
80725
18622
16790
11226
40750
28281
28041 28075
27362
16088
13631 13675
86161
62322
55118
45176
21197
65761
35861
21302
86002 86054
51530 51585
6372 6418
41178
38462 38504
2786
79784
59016
76191
38025
12731
69057 69068
10147
39127
38977 39002
84200
60467
75974 75989
83390 83440
8499
49909
26720
87434
7212
32469 32516
47765
40914
4623
70160
9943 9959
79628
57375
2213
24808
55937
70343
60739
27200 27212
53829
58403
54794 54795
55053 55136
62736
22093
12395
64774
74724
12283 12295
38303
12473
66636 66648
36779
38851
60934 60995
32828
29586
50390
29801
40754 40881
46735
78463 78481
48438 48485
25496
86711
55293
82769
78483
6218
54885
50056
22913
60146
53169
18058
17589
12633
86209 86251
61752
7391 7464
67774
30919
47789
26785
83310
64166
6603
53469
22900
11449 11474
82925
15205
30755
49170
78018 78060
6566
53742
79977
84659 84732
79969 79970
87305
40065 40066
72757 72802
79702
23868
25945
1587
27108 27119
78519
85137
27548 27609
59005
46120 46162
9563 9604
31645
80957
69800
80006
63320 63324
6543
43524
52214
67545
75775
26496
86112
45450 45463
30068
17480
24196
9760
54806
62032
24802
78583 78625
82035 82068
5612
70811
17753
62133 62143
42532
35688
3485
13559
60575
87290
63196 63207
78951
72030
37102
393 410
43394 43488
53043
87029
56639 56750
32570
58811
6203
58869
64407 64454
2202 2204
59984 60026
55498
75736
30986
43301 43336
77077 77128
37225
64283 64294
55832
60147 60164
84059
75064
14294 14319
31237
83574 83600
11470
69009 69019
49802
2288 2362
1607
69623
20924 20935
39134
28304
88912
46246 46403
23050
48803
71131
64114 64156
30718 30747
69300
11506 11511
1342
11743
17326
23750
41802 41844
17425 17490
32558
440 452
83695
88105 88134
60184
33617
50841
69677
44841 45028
75724 75737
72062
40998 41058
81061 81105
16824
46529
8998 9028
14039
6904
82066
37107 37161
5875 5930
46411
85271
56189 56231
58917 58976
81856
54852
64772 64815
65541 65635
10678 10787
66669
85322
49288
72594 72635
63752
14538 14547
14318
69414
76170 76214
61321
41773 41796
14980 15055
11786
89936
85836
73266
31004 31021
83207
57223
16390
38989
40820
50760
48371
20040 20054
11524 11538
20630
83560
86777
26825 26894
86975
17352
42558
44508
60859
54556
2647
23141 23163
55673
17447
25104
37266 37360
46622
77376
36651
9986
58202 58253
54595 54650
87127 87245
52493 52562
69773 69868
63905
20421 20435
50816 50845
5586
35015
48453
78335
21476
50286
16512
89683 89736
48449
45426 45439
79854 79891
3338 3342
85018 85032
78064
65536
47304
12871 12877
73548
42015
45421 45425
55707 55731
69076 69163
31685
4772
16779 16823
8087 8217
76280 76297
69002 69021
23034
48466
39701
35219
57730 57828
11125 11130
79279
21972
18366 18387
66658
51961
49536
14500
2499 2516
22614
20161
66768
79921 79997
29689 29697
295 353
83338
70403
34981
17176
420 427
46451
26954
34949
59097
74349 74372
52278
60149
38360 38366
24683
73325
53468
50860
87123
45122
1450
75475
59701
33746
55009 55041
10201
26743 26855
60159
59639 59674
12793 12873
60365
42501 42594
76064
18275 18305
20789
18606
70050
23791
79088 79128
69348 69408
8262
44232
82627
26897
57030
50437 50546
88247 88350
21732
39790
31131
84987 85031
61606
33700
79172 79180
67372
41313
77424
8522 8569
64097
11800
64045 64046
14011 14020
30892
38073
47371
35242 35320
53217
7979 8021
29813 29850
81245 81381
46731
84027
47634
61888 61918
87017
88419
3535 3542
69528
4606
42415
73873
1026
59507 59509
77121 77132
56074 56137
65539
29748
86515 86523
80742
83416
58943
62199 62290
30168 30210
70577 70587
27658 27693
4519 4713
78166
23386
11860
20583
89756
47655
12157
25739 25757
64092
77930 77957
17355
32260
63601
89228
77503 77519
65666 65755
36959
62797 62799
70900
20554
8703
34997
19480
50456
11662
41826 41828
58503 58621
34775
70056
4782 4809
45793
66644
87404 87428
5273
51619
3554
45802 45925
83787
31976
46324 46333
68804
49442
11738
22903
5183 5237
46275
84065
43563
8670
80261 80271
84614
48472 48501
18525 18650
47060 47063
1671 1702
22154
19522
20876 20896
19412
84104 84109
38078
46184
18218
19677
2144
81524 81619
67174
26612
51115
11107 11116
60485
45094
68758
61564
32888 32897
60246
82182
20126
46577
18226
50235
35178
49556
42348
51101 51140
4306
77525 77539
53796
63272
82699 82828
4088
18271
77478
41601
32543 32564
87460
64597 64605
8406
62973 62977
22779
63542
8899
2022
77848
35772 35818
65978
24608
83743
39751
25890
2743
58116
15309
33983
4859
2640 2730
22347 22393
32491
27644
56895
87589
51217
7759 7764
86782
45831
45396
62327
89884 89948
35608
15148 15185
41482 41520
29217 29254
44272 44294
57145
65796
84316 84354
49652
31508
48327 48332
53221
13087 13088
65544
33041
60294 60299
26304 26324
73682
42660
75771 75785
78738
62312
4509
59960
61967 61974
42890
89069
62890
56321
83720 83725
41119
1555
74414 74424
3719
45667
15730
5279
10830
15045
88286 88289
1409
15358
58149
44484
40008
63193 63223
24224
18846
26931
42583
80045 80054
28044
2359
23885 23929
63879
2131
33720
58384
49778 49815
58022
68363
2976
24895 24927
22268 22293
1817
57803
77887
34436 34520
18198
52878
36738 36739
26787
43359
8053
32625
73626
19573
21008
63056
43643
10225 10293
80259
25466
57814 57853
30096 30154
10712
89581
88141
56289
30816
45338
18979 19011
10487
18099
69311
69430 69454
51457
80715
30985
75520
44994 45047
83693
50822
54515 54518
14277 14321
35524
23970 23985
22000
40929
25017
78880
15095
35065
57456 57479
7758 7851
74452
24903
52590 52602
19503 19514
41603
47792
5182 5196
87272 87278
58617
89410
60613
35782 35893
72724 72748
59357
60670 60675
25382 25384
12177
66502 66566
85004
67852
80363 80391
29338 29363
55343
36412
46257
35269 35322
29515 29526
32223
60322 60347
72771
5117
1823 1830
57421
78710 78723
19287 19312
37204
15577
61450
89702
73092 73144
5494 5598
73575
61749
89701
62509
53725
45456 45488
7318
55935
30912
49006 49019
54892
21858
37407
65107
322 333
74356 74465
41694
78056 78163
13158 13203
62087
28761
34577
26228 26251
68239 68265
34750 34791
23930
20481
32916
4395
44708
23539
31930 31938
22410 22425
42817
39000
8890
54561 54682
31919
86000
13869
45627
37490
49247
88625
38754
29429
26264 26285
13291
27326
40519
31284 31315
82706
17993
40351
9840
3260
32905
22329
3249 3252
40263
26606
43327
57356 57454
5989 6029
59760
68245
44318
74634 74682
70810
42140
75804 75868
43055 43078
52474 52491
84045
26693 26725
26767
60983
18381 18394
61949 62024
33209 33218
57691
11047 11096
17100 17119
77469 77489
57461
55168
38681
51208
61537 61548
66186
17507
18981
71811
85210
45287
28626 28638
82419
22523
21870 21904
59549 59550
48877 48928
52988 53019
25249 25253
59205
73024
73863
85756
39360
15226
71473
71903
14838 14889
6205
36526
67171
68996
14622
39335
49514 49549
67861
64612
48738
32463
18463 18480
85841 85969
75727 75735
54021
71440
5892
47291
88445
74744
86265
61585
89334 89349
6748
59693
71402
47873 47904
66661
26073 26075
14926
36438 36449
52709 52712
76239
34508
30085 30124
72917
65235 65260
80993
14120
65334 65343
62131
40147
31421
50359
31550
72632
47231 47237
57733 57749
22505
82760
82679
34352 34390
38750
8323
19131
38213
8401 8472
73026
46687
17372
17381 17449
66939
37993 38008
72296
53503
48411 48488
39218 39222
28242
60811
48714
23620 23707
89964 89970
44085
46066 46141
45562 45677
31771
6538
52672
7596
45593
13040 13041
73832 73850
10119
44610
11175
43512
7667
24609
8708 8746
28011
2105 2130
23749 23761
3841
73249 73254
31342 31354
67824
47016 47136
77087
89268
48110 48173
37214
76134 76159
1463
23137
5907 6028
4718
24000
56460 56501
53515
82148 82176
50750
28172
62790 62798
40042
27353
23519
5094 5098
14411 14421
89805 89823
24854
13263 13264
72340
48369
19794 19843
20275
67010 67071
21940
57469
38486
43735
2691
16101
30831
84415
8205
20374
16430
57983
40163
63952
43484
14209
58015 58038
86731
63085 63091
62746
39284 39354
86304 86348
88736
51994
29278
48755
28645
11149
23247
72942
68918 68940
56395 56411
700
56415
10494
81553
59553
34141
68670 68698
68483
76115
19250
21315
85558
62156
4749
46173
89927
14463 14485
15942 15943
49410 49443
56486
51645
7723
26141
28208 28228
75391
14445
82676 82695
25833
11791 11796
52543
85560 85646
9596
80568
32494
53181
40162 40168
50780 50807
33672
89954
46365
42509
320 368
14651
64614 64617
29700
58244 58269
36616
29045 29095
68486
18288
28712
8864 8888
8519 8545
8521
19132
88461 88509
53141 53177
51
46017
60605
58591
23355 23356
57841
4146
39768 39772
58025
4875 4885
38134 38139
63912 63936
8515
83980
2536
23990
35971
60173
75813 75832
22029
35999
2109
23610
72911
13073
13493
81133 81135
86302
41997 42020
84156 84167
5205
49080
80655
64243 64251
80379
57242 57358
71699
42374
79352
40952 40956
53306
36481
12365 12372
34909
53047
81495
27465
88504 88541
73257 73374
8845 8851
55579
81456
62251
37957 37963
62239 62388
45526 45535
39647 39747
67062
21836
34066
42962
21215
74314
82300
40617 40649
17090
74734
61584
14102
55327 55351
55968
72551 72634
15588 15632
22757 22872
28687
82734
16399 16432
173 193
38885
75675
17996
60900 60908
49498
26835
76475
23131 23134
53787
66195
26937
17515
57714
54022
53543
53591 53608
19998 20037
80719
24861
61993
84728
1972
65025
74137 74159
81273
1072
75570
87758
38862
4038
6783
31615 31623
72463 72528
18819
74904
37717 37721
71681
82349 82414
49960
57377
77753
86034
76127
37494
63654
47603 47653
77568 77618
77254
10005
87279
77426
14830
56574
43226
87930
69566
24837
67935
54665
29660 29685
42272 42276
88620 88640
77215 77221
38753
11367 11415
25241 25243
8224
23857
65485 65510
56282 56318
80316 80390
43393
17701
48766
29422 29504
36048 36081
28144 28150
37677
54450 54578
16571 16711
79467
80878 80880
78221
43391 43396
23578
63072
34059
31521
51560
79132 79159
12511
44302 44364
13618
85976
58169 58229
932
11404
23165 23235
83543 83550
50766 50791
36763
940
68232 68260
77611 77673
75574
86739
14730 14754
46282 46313
45810
79235 79267
78609
48433
63220
87265 87281
66782 66804
65698 65702
16822
49849
66408
28218
1552 1620
87368 87451
17229
4554
35361 35483
87294
74828 74849
16844
26830
23000
62537
15556
24069
1391
20020
54911
69195
4258 4272
45987
77850 77879
17012
57045
80914
54805 54809
38027 38031
7750
79818
43376
58086 58141
64821 64839
80106
60789
77969
25407
50848
35130
1745
35232
33103 33123
76423 76500
30199
58447 58459
34334
65928
11358 11432
60202
5548
32216
89152
85444 85495
27074
56107
31280 31329
3435 3438
1359 1369
21881 21956
10981
23873
65686
32195
72893
40021
78836
26309 26320
47223
16514 16524
4494
38873
13823
37083 37258
79827 79829
80003 80039
42923 42985
85345
85011
47240 47244
54026
76704 76720
55250
26471
26226 26230
82733
89671
88490 88571
63973
36184
60678
36219 36227
26221
11760
64062 64085
21272
51397
54463
36049
88497
77239
14015
78273 78389
73958
85805
68785
86822
59698
11863
32330
52971
29949 30033
1090
26209
74547 74555
82573
16261
26076
77517
47796
49784
52538 52560
27170 27172
32963
5067
9925 9949
51718
46466
88580 88591
73541 73552
60449
13717
26239
61721 61817
22524 22550
44776
36914
55176
31984 32053
53782 53805
76603
64238
48531
15742
15705 15751
76486 76522
38356
20109
63
76929 76999
59817
30283
55613 55616
83986
44256
35208 35213
65717
77364 77381
1159 1230
77392
35606
24624 24646
54636
37281
67621
2631
32321
54404 54451
23246
13654
88909
42455
67399
85129
44102
18029
23859
36485 36536
75439
25701 25734
644
2122 2126
69601
31157
87324
11387
64931
85774 85816
24120
74911
38442 38447
47901
60604
58636
40498 40528
17903
86227
81707
12513 12627
29831
19875 19894
66812 66821
63882
85305
26186
12354 12397
69227
45809 45835
3985
60166 60172
78014 78127
34867
84345
25883
73492 73544
86051
22938
32408
59071
19864
76685
13867
70314
11498 11503
51162
21927 21958
8261 8286
41904 41951
82560 82612
72986
13476
22300
328
29328
60699
63391
60854 60905
45366
65385 65394
29620
7027
76408 76410
45883 45898
63343 63354
65288
55285
84179
5706
80915
57899 57939
7870
55696 55769
85131 85301
5461
48779
79667 79679
36608
88470 88540
2660
15475
84854
83696
43047 43049
58781
87302 87339
62670
36564 36591
16314
51657
10438 10469
11318
44001
65382 65426
2142 2184
86441
37097 37118
61969
68759
59630
34490
28108
32152 32243
55674
62774
21748
3387 3428
56138
50505
43902
67850
67878 67908
73752
26018
68300
25598
31141 31162
46207
19474
11204
76511
58330
44131
64473 64486
14666
62276
88491 88523
47064
74971
20507
29344 29382
15780 15811
72235
52344
85250
8714
47600 47641
53973
9862 9901
6651
10890
39851
9907
24796
85384
66242 66258
15915
897
34236
33400
40010
49841
27638
5224 5231
40417
57552
13570
29615
28742 28746
41193
37978
54442
23829
15623
3025 3073
29529
64261
63179 63252
82826 82843
66586
84702
87617 87678
21860
66590 66597
71150
37190
34586 34626
20735 20740
30222
8536
55583 55618
39425
20410
85911
47186 47228
73191 73237
76096
18438 18448
39708
23225 23253
22558 22572
66567
38728
20026
49058 49065
83491
39637
40971
35276
60416
87794
49717
33856 33936
19327
78479
73428
41932
22136
23855
4937
22663
83950
6242 6267
36713 36768
24531
81486
75760
42784 42819
23787
5609
45177
47503
39907
88225
29518
58139
20270 20385
48537
40928 41100
76907
20578 20579
15270
69124 69174
2702
40999
17257
79506
22471 22525
21719
49252
56942
65837 65956
30597 30625
3851
60610
71621
64236 64359
60432
85327
63010
42167 42203
70771 70784
9111 9166
12360
10581
11083
36416
6693
81102
77234 77312
27149 27151
27640
77874 77913
38173
73889 73920
21408 21409
50264
3303 3329
48947
37273
39683 39736
30063 30086
6195
3228
19475
37526
11163 11227
85851
75433
19811
79150 79167
60201 60227
344
34302
12050 12057
80870
75538 75544
29512
47687
7208
25629
49399 49449
42266
79917
37084
56296
33638 33726
23523
22606
68890
18705
60275 60358
586
77622 77624
3741
67231
21335
34354 34472
962
18919 19033
57672
78447 78488
5041
6251
85665
87078 87086
57253
9643 9648
35749 35770
1917 1924
14881
79510
3474 3491
82123 82125
37253 37260
81449
42148
48570 48637
72896
69921
89669
6723
41479
3786
41126
1442
46452 46485
40382
84048 84075
53406 53417
58637
17997 18000
47817
55279
13421
11982
64270
28433 28489
50880
25996 26066
16763
89624
47379 47386
60143
15284
88403
20907
49479
50259
59923
74060
581 588
7985
52721
49532
88245
11140 11166
41090 41092
37865
6855
14769
48837
66896
14343
30700
64290
15216 15247
29426
41420 41465
2624 2666
8112 8128
84540
5531
25275 25360
54787
58319 58328
3158
77730
21856
64865
11886
44946
1777
8414
83279
41051
27138
17494
67945
1045
62433
11499 11527
9108
36873 36877
13372 13449
13775 13837
60504
4921
42417 42436
29068 29101
59113 59146
46489
46367
52140
8428
89901
77574
9248
31806 31870
64833
56693
39905 39930
27040 27107
7258
64682
47971
208
3731
79876
53847 53936
58082
81097
67230
11972
54324
31790
65059
56295 56309
3936
59375
60525
30044
45128 45140
18322
65170
62732
53902
3900 3902
27894
41089 41224
42654
45785
22175 22275
9888
24656
41480
33631
79659 79662
45024
41629
58164
65595
26449
15820
26428
71657
87862 88007
75340 75392
20237 20268
33962 33987
11398
14348
39906 39965
31994
44532
39531
72752 72850
64719
82517
47954
38362
30375
58919 59053
45811
58249
15844
72295
1644 1692
10692
65938
83678
12122
29962
20222
45819
85561
57224
40119
23280
67419 67422
499 517
76112
67760
45542
24171 24228
44788
39219
22103 22128
6226
19586
14564
18874 18899
6261 6268
77981
47907
88303
58948
30566
55960
9852
45601 45647
69637
31559
4078
9656
66525 66563
25722
59387
6342
87261
17937
67247
14646
52338 52350
88669 88685
14655
88065 88099
28217
72286
15455 15535
20306
6648 6747
23720
56817
60038
82180
5940
66912 66993
89039
54851 54854
909
80278
47317
64246
27254 27317
29809
40369 40418
21150
67461
50442 50547
55262 55274
49818
40689
21182
71854
2378
16315
82465 82484
16179 16208
3402
36711
8807
9706
60226
55034
283 290
45952
293
73768 73807
76434
7921
46709 46714
70469
2405
84852
28764
65550
37907
51816
72319
8485
6878 6886
16906 16912
39774
16164
2211 2327
29785
21661
57946 57987
71708
35421
38445
31772
19579 19637
59048
14644
73971 73979
71185
81941
17454
56219 56223
3665
63853 63895
52122 52156
66403
80688
31185
28594
8797
7145 7152
58126
70099
32353
87398
49083
74392
7812
79366
6140
87659
651
5559
24152
52526 52588
70038
4369 4411
9064
5462
84346
66020
26348 26356
71713 71720
59515
83165
51316
64504
61944
57480
27091
68033
32761
12748
870
16614
71863 71918
49111 49142
20569
85893
75787 75800
66006
58981 59035
19068
6491
43169 43172
23495
380 423
56599
32518
43353 43356
44944
56457
44355
47521
13684
59607 59697
66721 66732
40775 40798
18170 18197
54922 54972
46996
46712
5510
46308
82231 82253
55639
14448
10541
43371
77490
45741
28384 28501
35541
22234
36932
16735
71669
46814
27804
84413
75357
71284
93
42253
10079
87866
13755
79460 79482
36911
33707
54815 54826
9047
46144
45988
48614 48618
19082 19117
30641
60229
87102
7216
10297
82493
2852
68551 68594
9158 9203
85589 85683
44122
27136 27141
71190
23167
65613 65631
10828
27294
78643
33294
80018
17724
57522 57811
83305
59477
29879
48322
34223
69555 69616
70191 70210
16676
11769
55165 55172
54925 54945
47389
72377
75670 75720
56507
44628
13941
62404 62448
18294
44972
59129 59197
928 943
36164
76835
55188
18973
85138
12702
42475
47631
81755 81759
19074 19109
9425
59322
56066
75759
76584
79874 80019
32281
32539 32553
61098 61134
20593 20596
25860 26009
64586
47201
63578
8446
86120 86129
29993
1802
66740
44917
82974 83016
81082 81099
35957
7300
5669
62678 62682
56448
15274
24900
79020 79036
87136
81353 81372
82192
40554 40606
55976
40244
8378
74239
17886 17917
84518
29124 29136
60111
4139
84351
68521 68571
56964
20885
72072
37589 37609
11037
2805 2845
35489 35560
89743 89821
28113 28129
25435 25450
72974
7133
43316 43330
48534 48552
52154 52219
87891
55829
15339
66089
88514
71262
6108
35504
81346 81385
75266
19863
12451
70187
49079
58309
19926
2801
39573 39594
39515 39536
68878
18563
10600
65156
60336 60383
85411
27525
23572 23588
70254
84551 84638
80966
74403
76253
78215
888 915
4191
14282
19953 19980
75474
40250 40403
54367 54426
41845
27176
84080
31655
52948
40917
17191 17195
47356
87954
80471 80516
69059
79425
33352 33414
19873 19940
72186
4461 4463
6054
75192
84530 84558
88154
76196
43365
21872
11384
47891
18611
15306
72889
1141
11745
20897
17501
14732 14734
33432 33464
86891
11711
13603 13670
59823
58972
28427 28516
21741 21749
18126
41371
60731
38717
22983
44010
29000
46440
19631
28992 29043
81935
63718
37538
52006
76857
15572
51923 51931
37088 37130
34593
77407
5753
30738
70496
44626
7588 7642
73256 73316
7072 7090
3201
62161
84896
61367
55054
63030
76744
74410
74270 74272
8729
51158
20607
25126 25183
64451
27751
45877
51380 51463
39979
55380
66301
49633 49647
57303
20286
89528
61087
84686 84746
2604
21320
21912
83104
67898
29914 30022
33144 33167
15869
62297
6494 6506
28035 28074
72372
60386
6720
51744 51770
75904 75956
19062 19179
60309
53996
1686
62976 63024
26082
2734 2837
38236
4838
81265
86335
67771 67810
5965
69154 69159
37781
22441
12747
63138
27911
59188
89941
32003 32025
26397
50313
74810
36814 36860
1515
55743
27752
17925 18080
85458
42758
12623 12699
50792
39864
7585
65052 65071
39440 39482
77860
72462
73384
16356 16363
8443
34123
6569
10851
25472
28750
21018
88379
71393 71424
43198
19129 19162
9261
84600
85519
45383
63699 63806
7192 7220
21735 21776
6685 6687
89162
1534
24603
45530
55558
59864
604
8500
48838
14176
10502
733
32128
37933
65150
61473
7942
50314 50353
75418 75456
83548 83568
71543 71628
88165
80040 80042
46223
48516
20906 20968
73392
5435 5438
2569
28629
83091 83099
42655
67816
61574
15060
57999 58003
47053
46031
39471
44014 44070
25593
470
11610
58395
61196
50496
15997 16070
33513
74468
45711 45732
16855
89551
85085
67158
40364
73865 73936
73718 73756
71538 71565
69598 69615
69930
36211
32008 32170
69345
69375 69418
25982
78827
9811 9849
38568
73738
44768 44793
10795 10796
26984
18424
9095
40880
33110 33137
71695
80517 80519
35946
60835
58867
46018
85382 85401
15874
30142 30207
71597
57926
24962
28453
21069 21117
33434 33506
48135
73812
54986 55000
63121 63309
82367
6944
42771 42854
15999 16023
36224
30860
16159
2964
59241
19460
18815 18836
7174
70438
57509
18309
52557 52569
49448 49458
12544
23686
57234 57279
65696
29880 29891
41016 41031
70615
85009 85040
34169
87082
53609
35713
56278 56311
7427 7433
45885
85860
38915
27194 27205
78003
28961 29035
61795
53175
47027
49846
38309 38324
6058
20434
24829
51541 51613
33150
48487 48495
50739 50812
82759
23258
19165
34522 34559
43472
6160
3820
71640 71704
50104
22232
49825 49847
80769
46720
69797
89653
70925
77165 77185
14079
26571 26592
30605
14960 15030
69786
8778
6466 6516
89713
30249 30289
14041
26753
51745
82883 82885
28925 28955
33319 33395
73307 73342
72260 72280
67191
12379 12494
89878
25633 25635
71020
44789 44801
53027
85551
5114 5118
24570 24586
53604
40175
29925
8235
75288
51713 51766
34932 35018
29744
42130
42058
73697
40464
56091
88656 88661
35142 35216
23615
15023 15065
85635
43123
13648 13689
23369
79244
52776
74598 74659
25885 25887
69392
54956
16420 16425
7007
24688
3516 3544
71170 71336
28094
72379
63701
37858
59654
13142 13154
15412
12600 12741
69175
47781 47831
64081
14105 14143
2615
1398
73611
52449
25480
24063
7631 7636
29931
24801
19576 19721
31831
8875
19240
63743
28329
85977
78884
2095
48249
6365 6368
71963
84141
18094
80322 80336
79307
24526
15426
87893
2289
41216 41282
58064
63672
12515
74827
39312
44045
19630
1183
49132
33874
55251
41336
27838
74296 74309
5295 5372
38479
38136 38155
18212
64492
43236 43273
32474 32502
60783 60790
41453
38929
58133
36790 37050
30284
3475
58230
48119
89396
18718 18738
36218
71520
22645 22739
81426
37998
62879
59569
69403 69426
44691 44717
59510 59547
63645
17008 17025
29662 29672
84187
57097
16673
58536
76682
84619 84662
9681 9740
23595 23740
52847
63546 63584
36233
23536 23551
48427
60664 60682
29870
23329 23332
36369
54000
14542
42750 42760
7149 7205
32036 32076
1908 1941
72529 72579
24010
20926
3562 3626
88616
30953
48810
63929
70860 70874
9503
84691 84708
45801
81901
38068
33149
85581
32611
89458
86624 86649
21821
52832
17271 17276
83471
71922
31450
45557
10852
85264
2815 2867
5053 5079
21979 21993
26438
68797
8984 9080
40668
51914 52058
24289 24329
76422
36992
32748 32751
38942
54441
86926
51708
80056 80159
49304
41636
9298 9332
31875 31879
85352
89032 89056
85636
39895 39926
81606
22409 22419
24283
11765 11775
45096
32492
70517
72877
78421 78437
36128 36135
37964
35959
25865
82863
72149
41702
61290
42673 42731
32728 32729
298
46347
56272
61496
70818 70857
50196
20377
32959
11424
21959
89156
26975
40454
1643
14323
57443
10040
81160
79990
4873 5069
69139
24304 24345
72804
81419 81466
68858
20092 20129
31040
15508 15523
86930 87023
87894
41363
30220
28206 28210
10508 10602
22714
82747
77109
12032
88939
9145 9159
76672
61681
3404
84598
55635
73714
43988 44076
7426
4777 4790
77240
8636
45499
30900 30932
33788
2585
5264 5291
17310 17363
66427
25453 25481
63904
89371
11279 11337
81144
33187 33194
9430
76193
11620 11637
62014 62020
75351 75408
42625
87084 87164
20154 20197
42837
15757 15760
19799
23835
23573
84040 84042
50935 50943
67555
45848
72230
24027 24040
66878 66891
25139
22453
84621 84653
5678
20537
52868 52884
75049
52752 52762
38853
27113
66645
34558
30385
74886
6051
39756
14336
971 972
50363 50387
69744
82479
52932 52934
24042
83968
36130
29800
33136
54071
21823
8885
40524
62429
54522
60001
65947
46153 46209
15702 15726
56325
45465
38998
42393
28307 28336
52353
38936 38937
17222
30282
76242
81229 81267
61498 61520
67978
11580
48033
17536 17574
28533 28577
82366
17732 17882
65685
44849
87003
43425
24949 25066
30722
47286 47329
598
36890
41715 41721
40225
9674
46385
6185
78407 78410
41428
11721 11772
43160
29686
26043
79149 79173
9168
50810
84473
50514
52659
88000 88010
17105
28743 28747
89909
39246
8598
37550
51044 51147
38315
28828
55647 55659
60079 60141
20951
70259 70292
18182
36984 36995
53759
53578
76733 76740
40280
65941
81306
81213
79564
19916
22185
71009
72521 72539
9041
3334
17143 17190
24957
6162
26355 26405
21334
61120
36246
48601
2205
54491
66802
80104
79357
19429
87695
66014
35677 35724
48122
22628 22689
1399 1520
41585 41675
82755 82761
72820
34874
11197
60667
55995 56019
57598
75137
72940 72965
28797 28807
7859
40807
24122 24148
83276
82927
44879
45246
24267
52620
27674
33047
85908 86057
80442
39007
77894
83261
1324 1336
49987 50020
63066 63089
17578 17587
2564
3848
45300
33568
49003 49010
26360 26384
35854
48264
4571
23590
12517
84903 84919
19905
36715
75607
31634
32467 32472
80457
9462
51114
10320
18365
49374
51908
51156
48473
78774 78815
49650
32755
18350
46090 46150
89566
15879
17880
54062
58171 58206
2371
4854
22295
16234
48519
32148
67026
81591
52384
5835 5836
69665
14579
65867
1410
56244 56261
64167
89239
46834
80400 80440
6696
79920
55692
78084
7889 7910
35372
9979
47742 47751
87694 87708
75009 75011
10675
54900 55094
75075 75098
80733 80787
39583
44712
25776 25780
33709
89201
50180
73742 73859
63438 63465
70361 70383
52300 52433
80773
89376
18634 18653
36305 36320
68277
67513 67546
34851 34877
32791
14360 14373
27962
46801
14832
75708
4714 4744
36979
43002
11544
65341
12888 12924
6530
37418 37469
27318 27348
11623
77450 77494
16743
71853
84026 84036
55564 55571
81782 81788
45907 45914
5401
84501
55688
46883
15488
20776
56232
27852
27148 27186
23198
13430
81793
18112
61854
80615 80700
14743
1413
36662
30878 31026
30384 30449
3589 3670
65572
37868
84943
58377
83048 83069
33627 33636
58686
24242
31359
37421 37445
19070
46819 46858
55512
32140
56178
57586 57606
2724
39315 39339
1720 1722
5871 5915
8980 9003
83322
73587
31666
22155
7413
12591
61170
87291 87333
22407
6670
66211
42671 42766
41764 41794
2491
84266
41872 41894
61581
16558
23989 23991
39490 39499
2816
40134
82975
87627
75985
60260
74205
43914
39680 39711
20419
82930 82969
67612
87568 87578
82
21610
29627 29667
33275 33320
42709
26684 26713
89442 89476
75560
979
72294
56740
29614 29628
75654
32569
68226
60406 60452
83238 83357
72404 72442
76894
71080 71183
1940
23531
30054
88458
60015
5331
32767
89203
72306 72321
77178
10827
30402
60547
28518
15692
23308
6956
6423 6431
37049
26236
38002
77695
86804
62606 62620
45522 45528
46381
71101
39075 39108
58534
36924
20108
29706
10763
13643 13679
72293
15394 15444
34461
76441
11884
79223 79230
32917
3996
71442
11310
2704
19849
10818 10844
47375
75306
67386
7128 7129
76354
30426 30492
28696
87877 87902
38585
58048
70994
65673
28963
52479
51300 51308
63305 63313
17216 18217
23364
73108
14947 14974
6299 6347
65237
21104
41902 41978
22755
1070
69321 69338
88858
86025
68818
76992
54278
24381
72450
19119 19908
79299 79344
86905
76460
27178
83731
78563
45564
34007 34030
60512
47894
47542 47545
11592
1133 1155
49303 49343
58175
43734 43762
57571
18411
35047 35092
57499
88650
30632 30744
16722
71018 71036
74933 74992
37065
24225
35985 36002
50100
43268
3086 3103
9331
12329 12340
61494
76506
37727 37736
62082 62107
34398
43205
67698
1892
82328
22366
15830 15836
44026 44053
23668
84152 84218
57051 57061
54137
61855 61884
73877
83634 83640
64222
55320 55356
22454 22481
12356
54529
89562
25315 25361
14848
82111
28726
11275
53880
37818 37854
61729
27553 27554
107 109
66313 66362
33410
64157 64297
15207
73041
19838
61881
39884
37275 37330
14198
76935 76971
21449 21453
11891
66573
18064
81367
21463 21484
56036 56051
22602
87011
69859 69889
20557
62725
44050
61865 61960
39343 39380
64241
74715 74736
66632
2486
64662
17258
23710
44989
37367
39588
60849
32507
83792
25141
33311
1842
75620 75630
10440
66418
32237
28949
87724
16238 16253
669
66866
40661
83182 83203
7609
32164
53152 53214
50299 50352
14970
1664
9614 9680
64259
37979
69533 69551
61684
68408 68445
74590
37051
82149
9923
64917
70313
32651
64753 64768
87959
32616
88200
88934 88974
30060
70566 70574
76707
58528
84050
3770
19185 19217
26819
27106 27131
12949 12993
61813
76641
48246
40599 40603
52213 52227
10081 10121
10085
20169
31073
33113
73130
89643
40686 40704
59261
74217 74223
85066
80823 80832
61414 61417
20457
57556 57629
24306
11523
78431
60033
37660
71697
9127
89387
77715
47704 47718
46232
3696
68887 68896
65563 65608
87402
77992
4791
87492 87561
89783
45706
67442
9731 9734
22676
63463 63503
31631
63258 63292
54101
2174
30708 30737
65316
11735 11763
64168
30765
2518
30432 30478
18572
38435
83494 83500
57319
7856
10271
56196 56240
45783
75199
36497 36565
53704
41231
69971
78143
71292 71316
73015
83409
73424
49544 49558
73839
84782 84795
84800
47884 47897
59303
33063
43084 43097
45928
40852
58445
16086
32368 32370
64776
71816
85119
37873
69098 69108
83959
77083 77103
39206
4246
84212
7663
38952
70763
44923
42043 42083
46743
5571
75450 75460
79387
76045 76082
18703
1895 1915
18492
53380
86100
85687 85815
85524
46058
59052
19689
41003
51322
87283
76090 76102
53190 53238
15075
61732 61785
89335
74315
56845
68814
81129
22097
27665
36568 36584
56140
22460 22473
15285
49217
53553
1084
73886
89087
58446
51929
24658
61491 61497
67021
32670
10928 11012
709 750
87378
1861 1911
85104 85214
87201
6515
69885
36659
80096
28175
16784
88494
31514
11807
45790
38467
72691 72712
81224 81368
41805
21163
38046 38051
89366
88696 88719
2064
50059
10641
14826
51075
44188
10463
67706
6668
15125 15182
4156 4215
80612
83960 83966
74773
35611
30511
79181 79208
35867
67048 67057
74350
63732 63755
87474
6356 6362
60219 60306
58541
44518 44519
24371
68805
36825
42376 42391
8710
50374
86664
13587
48221
53106 53163
44332
26837
15835
2802
62101
29798
26382 26464
76322 76366
69620 69681
50903
30958
3231
66619 68022
44418
40512 40559
13896
32823
60318 60319
3771
48508
45422
73068
31974
80958
3601
77485
79965
16216
41762
30245 30355
88985 88990
45126
83444 83461
81523
31887
45559
64040
89193
19388
36381
9394
26895 26909
45045 45059
63530
56749 56752
82390
60185
43303
21792
77176
112
50926
89519
79823
10333
51149 51179
77998
19148
83692 83709
82304 82382
22646 22674
74953
70877 70891
10771
5292 5335
50092
75332
88260
51976
48283
33327
30330
64183
70897 70946
75747 75766
74169 74198
5722
2962 2983
11882
64994
10392
1022
76192
19896
53130 53174
20315 20341
12448
84928 84937
28475
9411
68393
11871 11876
33354
60692 60772
45513
57553
27376
13341
30374 30417
57312
27799
75863
40317
51663
23594
24492 24494
35837
58575 58605
63599
1714
83351 83394
20512
25608
42959
27851
80570
60857
64126 64184
47018
38611
42086
12598
64003
2863
4925
28861 28906
68284
59170 59239
34863
67251
84999
20691
14774 14784
45413
83316
40139
83741 83745
33586
45156 45187
3500 3515
6414
32253
14795 14819
48604
24442 24547
42847 42858
33475
31706 31747
18529
42905
88543
17051
27790
14385
61759
73161 73194
38069
40975
2548 2557
36315
66223 66236
60830 60840
64532 64560
10857
38359
48061
85674
41572 41574
31396 31404
30660
75301 75303
45919 45963
18748
13744
24179 24229
38077 38148
65636 65745
75770
65129
86971 87034
71303
81440 81473
60562
47322
89657
64799
86065 86114
34583
58607
21766
1060 1740
47700
42550 42664
69836
57086 57093
85575 85580
20059
28833 28848
47058
46583
47489
6276
4928
3653
4481
53714 53728
3678 3694
47307
88031
62150
80540
22335 22342
35878
51245
56705
71309
88592
42623
74408
77028
49873 49889
59104
67340
86396
71222 71295
66851
87848
19693
50842
56567 56607
87737
41102
33931
58819 58832
49481
62255 62257
54832
42894 42913
23629
38643
55023
8357
51581 51746
72545
48961
49686
13608
89807
89026
8248
761 901
45673 45699
45695
21383
57720
76414
26615
70588 70618
18348
47301 47311
9368 9379
53479
31351
82525
72883
51246
70761
30668 30731
27028 27082
41829
39370
81912
37328 37348
8384 8562
18404
59548
48437
41980
27478
77562 77603
88049
26902
54704
64542
254 291
21731 21733
50430
66637
7450
39752 39759
89584 89608
9904
67063
78069
39632 39717
79927
60632
23287
54893 54901
3751 3790
52786
29625
75264 75307
7193
22021
5516
29412 29421
28527
31553
86260
28923
70445
25233 25251
32336 32355
73547
73852
10523
79900
25254
48983
29763
13129 13134
68572 68585
38572
7305 7346
21988
35120 35154
25172
11824
68266
3190
47176
18231 18256
28940
1614
67862
77481
542 557
22812 22902
32218
37146
11530 11562
24163
70444 70466
30452
3034
60822
84134 84144
57229 57241
52662
43158 43195
87430 87534
63961
74713 74725
12721
27114
29539
81247 81312
55927
70018
6209
67803 67812
88823
24542
57096 57100
56432 56466
2170
16647
46228
62717
82801 82819
62249
85623
65155 65169
75790 75799
83821
64478
77580
74207
11472
87522
27743
15837 15882
42090
57212
55247
73761
6838
697 963
68674 68690
8954 8977
69767 69831
45322
49714 49719
79657
52749
37186 37208
84589 84646
11627 11653
12069
30484 30523
11671
65233
3567 3627
4482
71103
73729
74202 74213
53778 53783
23428
80660
89350
17354
3807
16900
88498
89677
64490
88553
39186
38089
4262
13100
18524
4330 4334
213
52148
75095
65337
11489
79931
57463 57541
56992
30963
79586
30197 30201
80102
27090
13697 13709
1041
63763
60223 60236
69818
3948
23488 23501
48941 48946
73623
30956 30971
85895
28765
50641
70831
60818 60890
30634 30645
66745
56887 56914
47661 47670
35569
12716
50185 50192
43678 43710
81406
18100
13981 13985
27908 27961
74606 74675
69737 69762
60387 60408
76911
2418
72842
84507
79423
41659 41720
33008
67314
22077
58671 58730
65088
38553 38575
40335
65881 65914
10903
33676 33695
80140 80231
21079
20627 20645
62409
23637
63907
46493 46545
2500 2519
5899
28227
26461
80425
46736
38640
64529 64549
52705 52735
9642 9669
78182
84420
21120
58204
68768
88201
68898
86055
4879
48245 48267
33520
87780 87873
31171
9246
50458
35729 35738
25771
77664
23331
9259
12370
38743
86338
52451
8856 8990
48325 48360
58739
57830
8486 8509
51447
209
71112 71113
26744
30203
51007
88997
45304
46607 46618
87319 87334
13161
88723
69236
12941 12955
29726
2982 2994
60509
39259
85716
12938
50069
75655
5042 5049
73671
53291 53301
79135
60037
84798 84799
55761
84214
36205 36213
37462 37480
23146
47805 47829
30781 30796
10353 10380
46835
60902
14557 14572
53873 53897
58940
32624
29058
55032 55039
87542
30115 30194
45239
86519
76114 76165
18239
49668
19679 19724
28535
54865 54867
13777
74404 74411
65739
61886
40891
78943
45870
25592
84253 84304
64663 64669
61209 61218
85563
39745
57277 57284
23028 23092
75317
67606 67679
21126 21157
39062
42016
6315
29230
64924 64948
46500
13800
61821
51355 51367
14518 14552
39379
88930
38719 38763
30679 30687
13506
83929
47443
68852
80704
20211 20266
15138
9866 9879
32962
21559
9841 9882
74328
18779
18835
56062
57416
56229 56250
60815
48965
20936
36046 36063
34313
23261
10393 10437
27315
8787
88434
72875
59116
51707
46508
82092
78353
21355
54
1994
84370
15674 15681
83580
2527 2535
40718 40766
64382
65987
67614
50131 50164
73429 73436
83803
57333
63028
52899
74050
45568 45577
76499
64342 64352
45371
65151
63842 63894
71469 71639
56413 56495
71461 71510
86729
42525
25831
3816 3867
3928 3947
24102
35607
5851
81924 81964
40359
57588
31282
26727 26760
75214 75248
5002
81769
26801
39166 39195
83077 83084
3676 3718
57628
83430
75239 75259
64968
45722
76390
56191 56193
18023 18091
51789
27198
3521 3555
56011
54737
21019 21031
80727
31606
26558
8296
23711
7919
80057 80129
21642
75545 75632
79258 79281
68259
18714
88222
74742
77227 77270
26362
15449 15469
65451 65455
86977
20675
70603
15519
40429
44104
44630
63361
16397
38041 38045
88813
44645
74605
15115
32365 32373
51119
43657
59772
38057
46634
41400 41415
77196 77202
14717 14721
78637 78648
3541
20389
84835
38449 38458
48020 48149
45060
33343
43615
84763
36204
76276
31547 31568
88665
76188 76243
58453 58461
47735
80857
45392
13995
61569
31125
46818
69386
55314
68513
45001
55831 55867
11362
11632
34303
69462 69501
88680 88751
34661 34689
45710
42432
88232 88234
4307
50858 50864
6827
30257
12254 12259
72506
38830
70519
70487
78496
57938
529 573
69231
21578 21616
25477
82674
61822
54465
27165
79781 79795
28633
26167
76678 76721
2957
76779
12896
84921
44766 44786
86774
75183
469
19559 19568
70471 70481
22230 22254
50294
27500
13793
56102
50094 50106
4977
28706
80623
21291
48931
41884
50268
7005
47591 47593
62468
84911
75461 75492
80553 80557
59537
39726
72183 72208
53644
79716
26432
6452
87053
79762 79776
81186 81208
21668
47281
31865
23242
36714
40374
77437
75302
20160
66936
66438 66550
49330 49377
89431
51193
21523
50154
41142
65248
35384 35585
59095
65375
56417
20430
83473
6583 6585
85042 85078
9421 9432
49920 49941
69546
20039
26557
87599
10750
21538 21549
50023
76476 76484
61158 61198
73002
79009
88915 88983
60690 60691
80776 80784
83835 83879
21801
15989
72517
5304
9664 9691
86234
29720
37560
76620 76671
60087
59345
81332
70029 70111
11248
28280
77689 77698
71993
40653
77327 77353
14548
11915
1248 1281
46952
31278
22483
19902 19936
70722
24339
80712 80749
50422
49493 49494
43848
36868
43535
44825 44833
76729
26079
8006
38278
72439
7503
64927
40471
80625
11839 11854
75559
21078
49522
41191
19183
38606
66647
45484
53774 53814
13171 13177
23098 23106
77547
76031 76060
36411
29377
49439
19270
20036
27702
29699
38722
12795 12800
39427
13486 13511
6256
17478
16205 16210
11737 11761
24678
16685 16755
42237
3165
30394 30420
78128
20733
47647
38262 38264
81691
43732
89438
64365
4736
68407
19246
45355 45359
12724 12801
38242 38256
22509
457
60968 60988
2522
61596
60415
18697 18751
28146 28152
46542
12201
56435
88658
24398
10934 10963
73164
81407
35637
25761
43
51333
38106
46356
5436
87134
89574 89619
65506
62407 62421
64998
44693
36441
7190
60494 60544
3679
31886 31904
77050
85342 85378
21633
59805
46806
30557
45740 45817
75511 75536
19269
60824
65805
82858 82860
7055
21494
3340 3360
80415
30147
30598 30612
70300
22636
55779
52246
51787 51795
16548
57494 58156
44548
56941 56976
39512 39513
80808 80871
89795
26554
22975
70605
69670 69671
88053
8046 8072
38244
28340
46857 46905
67641
34153 34172
39689
86732 86773
70911
22764
81489 81570
48320
10590
87626
38692
79248 79336
53952
21108
47878
25000
53910
22802 22810
46543
32337
7037 7121
77988
553
69424
62639 62641
54286
76715
85943
22225 22237
4696
15174
46656
58531 58638
42971
70100
8297
82336 82439
39430
66416
8303
45834
6434
29824
11510
41553 41559
2902
56211
57304 57334
82765
32510
58743
7894
75163
14056
34521 34660
89688
82548 82571
3021
4413
51194
46469
38432
49413
11988 12045
5005
52519
21587
59271
10780
75955 75959
3022 3146
29603
60541
3981
56418
74850
14725
52825
9308 9476
85410
43314 43323
29765
80492 80498
72214 72238
57969
82562
59442
65804
52846
37673
88416
36807 36815
26394
10061 10129
57323
36654
85783
11485
5484
77936
80579 80599
18332 18341
46973
67328 67389
42528
21521
18169 18187
54833
66929
12274
77767
31698 31743
75125
60792
62544 62558
28362
51410
25705 25713
26205 26225
68955
59210
5374
45724
16918
16409
78982
3028
77541
54507
72415 72427
82955
1448
53557
30286
78667
17106 17126
84287
70373
44401
39043 39070
49203 49225
82251
19110
9223 9249
15104 15122
11585
24827
70061
39196 39220
86295 86333
72710
46105
88816 88865
54269
75860
89074 89079
80865 80901
21263
10142 10169
14924 14939
89099 89111
61208 61230
31621
77405 77420
57538
19629
61594
85747
41301 41309
74951
52060 52111
46782
530
57132
26166 26188
4581
38074
24901
10453
49756
76815 76837
27215 27234
69212 69226
4700
74936
48362 48379
79462
58866
14590 14668
63778
22316 22326
67647
36745 36787
22201 22229
78354
4897 4911
79836
65852
34290 34300
21977
80814 80818
466
81670 81725
29673 29677
12612
74861 74879
75935
77780
85830
39004 39006
84209
30056
67177 67179
62974
21985
29112
46191 46219
24668
73595 73635
56203
8273
76137 76138
36800
27026
18717
16469
55051
78893 79000
69489
5303
11372 11606
35227
7173
39291 39301
39916
2739 2740
11464
6641
38654 38668
82395
49234 49242
29077
88305
46104
19964
3068
745
37129
56698
72410 72423
80035 80049
63604
26597
15610 15636
63992 63995
56142 56180
1912
38206
10687
68595 68668
39242
67257 67263
10104
83704
20386 20470
81717
52817
64410
23613
18186
38976
84323
71548
64143
83405 83477
56217 56301
41293
78659 78687
23489
11221
10930
13921
12484
54270
76805 76816
27937 28052
57122
79121
50902
43904 43946
55589 55614
5472
80735
65775 65813
55812
59187 59214
57721
86132 86140
21217
89172
59041
3796 3801
69229
86162
39047
56610
22170
42467
1407 1416
80963
73048 73084
3991
40274
52854
28290 28326
19597
52432
77896 77897
19765
85288
16364
29286 29314
65423
43883 43921
30696
80183
48773 48815
28554
33727
6599 6605
26469 26654
81230
18028
83647
7438 7526
59192
18265
81847
5813
5317
68838
42390
17532 17722
85659
79471
10717 10758
76404
81605 81636
74249
65551
69040 69052
28171
18263 18274
25084
74148 74155
89033
24001
3391
18201
27797
76433 76474
82432
45243 45256
78958
31761
8454 8482
74057
79546
19220 19323
89679 89681
19446
72675
14369
81985
40982 41000
48022
49290
40076 40096
87488 87537
8142
37416
3750 3756
39027
25498
71294
14561
55232
30012
49348
50824 50850
86865
767
71702
31292
18690
47564
43688
79217
117 172
48896
71611
62637
71037
63373 63379
26967 26969
39662
23554 23569
2459 2482
68279
85617
87188
67356
71115
25234
72263
46492
43582 43593
50320
79531 79534
4406
32359
88425
87392
191
69365
79941
79583
14014
85256
42363
76416 76432
72914 72929
64868
23270 23317
3046
13693
45944
69778
42010
24151
67305
32168
67654
31106
9338
38095
34244
69319 69324
26266
45475
75013
35436
42714 42741
63329
63264
7143
42154 42155
21824 21887
30349
21764
65434
49482
71570
66759
51431 51502
15007
57436
41373 41412
27241 27287
76767 76811
58370 58418
71362
60903
89593
13525
84956 84957
66267
55780
55300
9728
26651
57121
5790
13413
18681
36686
43337 43475
51169
22564
22050
53107
43444
89372 89382
76452
48612
76507
59439
28868 28921
318
20080
16175 16176
69267
84395
85060
56132
5558
86646
11410
46566
35913 35994
64540
498
26490
47481 47546
29011
76537 76542
31469
27400
35578
14575
77787 77863
86029
84556
55069 55090
40237 40251
61831
46468 46478
67877
62259
45194
85983
64742
61938
14478
8288
81595 81625
60094 60128
42146 42156
27544 27581
79108
74566
31127
66142
74728
79808
22145
59536 59544
43426 43451
65662
6742 6868
82808
69975 70002
28328
26639
49153
69552
72367
30457
83474 83479
26530
628
4421
53042 53049
75181
78930
36173 36214
68166
67778
45401
51841
40213
54736 54765
24910
81026 81055
85936
48985
72674
38869
66497
53678 53705
67495 67496
176
86924
89088
70778
47570
17160
26271
36170
79351
13536
27629
44931
57442 57458
42297 42399
64738
7004
79638
45034
86095
71088
45993 46047
6333
59125 59159
34985
47448
55276
71957 72032
64509
10604
48505 48523
71773
33421
34469
38493
43013
57729 57859
81054 81083
21907
6437 6454
9683
67479
4420 4532
47392 47457
9878
71950
13564
67715
50125
25395
68489
10701 10710
16953
83141
16278
37559
9735
65074 65077
28693
54202
66281 66334
16992
65699 65759
51373
33285
2295
48275 48293
9136
30730
38454
8997
62210
46495 46498
63835
58642
21528
64162 64205
33643
25683
27529 27532
55215 55256
44676
15785
46704
2274
73916
69158
24251 24307
12855
77558 77596
45953
77530
7334
31062
84339
31744
69215 69253
34463
50879
41714
1027
19334 19425
16582 16598
46747
653
52813 52822
43753 43766
49130 49187
17560
82450
82347
75068
24282
81886
60646
27271
82112 82134
25386
3313
31065
7215 7266
47130 47179
46790 46886
41573 41605
22514
41499
43157 43163
33610
19606
22023
32135
42007 42011
72538
25925
69894
13418
37017 37021
20402 20540
36599 36614
7119
27051
27260
2877 2894
31781 31808
46773
26614
86762
41274
25563 25621
25714 25718
82167
50342
63827
63900
70150 70167
39485 39491
46968 46976
1188
12353
73040
20811 20824
77002
63932
71724
53104
71604
24156
86037
38429
21635
85591
85470 85473
40105
51255 51319
66698
21946 22008
35042 35059
56376
84321
14372
62634
74004
89723
42933
26970 26971
65205
28631 28703
23665
14771
77411
47259
33033
59059
79844
59883
41807 41815
57192
24764
35812
41696
69441
45743 45791
74252 74257
88136 88163
3245
42396
8834
53279 53289
611 629
68434
5266
57251 57259
87648
32588
80115
36966
61 92
41776
47435
61989
9791
33767
43227 43285
78198
33688
1654 1663
36798
40383
23748
17841
53462
36803
24262 24330
58911
19981
60584
89905
45652
80153
59397
50737
83120
43891 43952
39655
65380
55344 55354
89174
57401
47645
39754 39865
14833
69770 69776
77468
56841
53922 54061
82779
40390
41547
62168
10699
83275 83366
65925 65939
1411
377 390
61830
56922 56927
70935
62026
3266
81101
89596 89663
3157 3243
1104 1109
36469
14697
8857
61353
86839
42079
47821
3602
4787
46147
29959
40502
65318 65378
70430
20067
58715 58763
87260
87864
3292
37824 37849
31536
8465
62594
29995
23948 23968
47738
33003
63543 63557
13130
59617
85436
11878
65688
65839
60953
53593 53640
58487
33972 34019
28121 28131
12078
35748
68423
66685 66733
50473 50549
58560
1307
63784 63808
61043
87770
47185
62662
35684
86617
78568 78601
31251
5707
70803
79220
53156
79737
51487
47936 47984
42099 42106
15483 15496
18523
35054
8869
42351
11029 11066
39188
50992
74327
30638
50702
13701 13785
9843 9865
38292 38304
45889
3066
81983
6451
57685 57698
60599
56320 56384
25798
14599
55913 55986
16934
82313
12480
2145 2183
38908
64010 64012
85831 85835
74473 74539
66317
73278
54527
48399 48402
56125
70820 70934
56985 57012
77694
16580
72012
72271
73355 73358
18640
45868
6844
24139
33533 33583
84652
68560
64955
84373 84377
26533
62015 62046
78581 78612
53458 53512
12541 12566
67233
34462
18647
46164
20184 20214
46588
51720 51762
34089 34168
793
79959 79963
75282 75286
39104
71852
76355 76364
32094 32105
48040
55910 55912
60127 60177
56371 56373
79474 79480
36884
71114
8398
35427
54711 54717
38785
81103
44536
79689 79750
20463
62401
15495
32983
35829
59056 59062
18323
88322
7436
31950
87058
8586
39118
15878 15893
58317 58337
80905
60714
1938
35833
14416
40056 40188
53226 53260
67236
52301
64812
45462
56892
69270 69285
71945 71972
66965 66981
27196
72715
28029
42240
66460 66579
72905
67957
36829 36856
70200
72643
48351
28551
88336
57186
26789
25897
36938
4047 4052
3550
17759 17916
81374
49559 49566
88177 88213
50453
3901
67466 67553
89409 89417
49808
52011 52114
32775
8570 8585
5873
34429
60029
14114
48499 48504
37616
15130 15154
32568 32596
71480
48329 48330
39559 39575
40141
79226
83519
38770
84714
84500 84521
24662
75393 75411
18021
27794 27825
53647
22227
58597
13098
9597
17905
9315
34112
46864
7808
87554
15737
17525 17534
35079 35088
68025
17908
46671
78566
41655
14414
50401 50402
13285
83940 83957
35346 35392
61526
19747
60298
39386
44813
2843
43473 43505
34372
67657
60985
78599 78644
9564
18509
71596
25055 25081
2972
36668
55434
46408 46456
87094 87125
49597
32697
58569
74231
80475
69180
24610 24670
73655 73683
20010 20070
68317
31074
29734 29789
18886
62568 62588
51611
84276
25910
44516
78787 78844
59272 59300
912
87604
25728
40214 40242
12208
53546
12578
73486
2981
2853
46967
11836
26363
16834
63737
50589
88205
53196
61203 61206
58697
47568
67625
73372
46069
83948
68660
7748 7777
82306
30644 30721
76123 76129
24268
73647
38663
14443
83615
84461
46852
76329
60634
74039
40355
66786
89502
19028
80024
7973
20594
64262
18488
89586
20492
89889
77706
79569 79712
13718
8619 8631
71921
13477
11723 11725
45836
37226
41795
79956
87161
52697
30135
6208
75443
26442
51186 51216
74422
4710
71705 71757
19548
50893
88054
53768
82646
82474
85874
54712 54731
32667
60550
53696
87481
45185
55031
37394
23800 23807
18116
8392
66402 66415
74893
33642 33650
15635
73749
71391 71397
56957
5227
84142
26766
38854 38871
40651
63845
51528
20392 20527
77379
24129 24174
44800
654
56696
43482
16993
3441
18894
70192 70251
80949 80981
74842
70730
19937 19975
81435 81482
77968
1996
46889
13333 13342
9255
29333
50973
75316
84687 84744
56812
438
72778
40040
17415 17472
54930
36522 36525
7844 7918
5201 5229
38129
70792
47846 47851
68029
35100
15971
45843 45851
6492
24142
13635
69415
83925 83932
27063
72328 72408
62031
58570
44995 45036
2573
87785
61790
26295
48975
13960
27403
47483
42459
37977 37983
76621
51321
72553 72688
13350
46084 46096
35745
7095
66244
26078 26100
8617
21913
67054
72790 72810
88070 88148
78456
67567
68313
72464
40947 41047
18243
36156
18953
50161
79769
84006 84023
25322
53385
33295
57359
61235
8301
39507
65548
38308 38343
17735 17807
31702
11591
69120
23943
88195
89290
46827
52599
85113
63001
80777
5567
41684
75166 75211
39978
69169
85318 85359
57262
62355 62361
38122
39502
58153
1209 1219
52872
17746
4683
46965
61829
57343
54914
14293
185 224
18864
88489
44520
10202
64447
34776
87005
47859 47883
44885
50463 50486
37891
42767 42851
70114
11956
46288
71738
5810
89271
8728
57296
5035
85284
40269
48859
24009
15653
51296
89809
77909
53549
15594
56590
88042
67936
27836
82014
89241
73248
62315 62344
29137
80608
21146 21171
65149
31384
12118
4015
5085 5133
38230 38243
56615 56624
15472 15493
75969
17539
60952
7033 7063
3272
44016
72039
60930
22016
14712 14723
67556
34883
16461
37057 37064
86450
59234 59248
4653
48919
45894
54471
82217
41306
2464 2471
41177
20378
54684
49678
26541
13118
49208
24811 24841
70178
1197
75191
3640
25211
59420
5829
63735 63758
21228 21262
10415
44459
2370
62528 62535
17958
5730
81541
62982
76379 76401
55537
47698 47888
48580
17419
15109
82354
29268
62449
28372
48142
68982
28082
39331
37698 37703
53588 53613
54474 54484
84571
11599
60039
53459
87555
14982
12273 12349
86468
54719
57955
56589
4374
46562
56248
22799
26643
30058
66148
66624 66635
44226
15770
53825 53868
68981 68983
77367
77667
43741
40169
886
73109
13534
30649 30653
55970
5744
66988
4432
29449
32383 32466
53081
41517
37019
8302 8304
78596
4205
35287
75020 75037
89191
28398
32102
7050
47494
11215
82421
31420 31484
5339 5399
18389
80269
35592 35643
87511
28039
6867
56364
69865 69942
36592 36593
86761
84039
78974
5357
73352
18403
54614
35152
22065 22180
56692
62574
66592 66609
26783
14037
35328
84870 84908
68247
67965
38012
40181
68470
3502
7594 7607
65312
38130
76052
4820 4852
29536 29606
38466
83585 83627
30743
17730
74900 75003
87625
81538
57143
83046
81018
79210 79211
51400 51426
87439 87586
11332
78059 78072
29163
49497 49525
61224
34598
39765
35224
29546 29549
10527
142
84684 84775
82528
64826 64846
77016
59966
71850 71882
5627
21924
66610
36658
8196
18838 18862
81937
29679
75419
78388
37218 37229
74859
82581
62264
6501
77330
49282 49362
82531
7035
35485
32806
58779
79274
30558 30572
33210
18053 18120
15255
9104 9125
15788 15831
17970
65781 65817
77617 77620
29355
69855
63392
78193 78327
48739 48752
55368
25938
25027 25067
84193 84286
18087
24834
47381
75262
50962 50963
2634 2658
55691
53652
34218
76550
20699
87985 87992
19810
80253 80255
35482
14197 14213
16756
30678
36648
46711
44287
60922 60965
1282
73753
61057 61113
8701
38062
62677
50868
26443
70607
4503 4551
19483
71916
86874
49958
11203
54273 54334
89969
30158
29450
71600
80974
63957 63986
16641 16665
5446 5452
36132
31205
71652 71662
66612 66643
10077
74112
45298
38340
46705
33007
24581
25688 25704
76380
59404 59457
30057
52906 52933
58030
88251
60479
87140
89810
53917
37013
38397
8120
20370
42983
61561
9991 10000
20999
42437
69067
62969
82267
32271
24048
71329
10889
84357
27247
46272
84457
79763
64982 64986
33004 33010
85615 85720
65576
35692
53642
47766
62595
11626
20326
63731
110
42981
37621
38056
22805
39150 39167
45183
34644 34728
74839
17594
77008
69085 69091
41534
65860
65562
23832
59382
36696
78331
56674
69054
80176
12426
29216 29795
10442
33517
51547
40601
23183
16687 16697
42869
30770
21700
6180
42921
80427 80447
12242
64355
69438
59482
39564
25111 25152
18676 18716
70740
80293 80297
18637
50111 50123
88880 88962
1619
1066 1087
79350 79371
2709
53006
61929
35848
14520
34478
31310
32739 32746
38633 38642
9603
24428
12984 13000
19807
9109
68997
84030 84077
22608
12299 12361
57112 57125
18409
38949
46571
76331
19565
79810
27058
56238
48026 48104
85422 85459
59926 59962
35297 35366
18619
48996
29113
35921
58419
11354
62173 62191
82449
75074
29836
7532
87640
35284
7142
84242
29434 29441
70322
8644 8661
61298 61351
42606
86137 86144
34900 34915
56881
56758 56848
61608 61618
68921
42733
11366
58466
86190 86269
71301
36480 36512
36064
10446
61204
5257
74891
50341
26481
80982
70174
88564
41856
14956
14461 14467
65574
68326
57478
7202
80936
60828
24110
17395
45999
57573
72812 72835
19798 19829
74822 74826
38053 38099
83594
80500 80545
59342
38822
17618
16522
22781
11965
63097 63122
77823 77834
47010
21855
68493
12815
18042
85279 85281
25237
258
75883
2733
82593 82638
60937
4717
79424 79442
88833
64186
36578
87343
50037 50066
28132
43326
18786
6881
81412
34065
52890
50563
47276 47282
68636
58252
48234
61460 61480
42769
12971
65705
70181 70183
86775
64104 64129
17197
11022 11024
37689 37690
39135
5596 5647
11689 11692
16502
16602 16626
41896
50699
72320
62764
40691
49701
930
4365 4397
21405
83007
42204
86547 86591
69135
53541
71072
47245 47272
29103 29129
52312 52442
19554 19570
3700
32702 32723
28525
37553
43911
67346
7946
47158
55507 55524
26025 26070
77113
15662
70480
41838 41868
60165
16213 16233
10131
65999
52418
43082
18326
85685
1078
81260
28900
77484 77743
50994
79508
47418
9594 9595
44623 44640
31221
21398
45554
13598 13641
77711
89646
89800
76886
15035
50049 50090
57159
29861
34057
3210
34973
85093
18314 18343
10976
12617
77648
68472
46127
38576 38591
25720 25768
4671 4702
17995
24506
57422 57446
11936
83211 83216
67189 67192
54991
68272 68294
62981
17250
55334
25345
25505 25506
73432
3005
67951 67952
25921 25953
43617 43647
23343 23379
74811
50418 50451
48025
37254
34953
77211 77213
10483
75661 75664
32824 32830
83919
72096
7693
14727
84160
15538
34931
61513
53599
41450 41456
65417 65418
73311
40093
43080 43095
18872
72028
72987
33192
79926
38925
48361
2956
6202
85219
10654
76643
73061
86854 87285
15916
18848
75354
26849
43909
35122
19005
21863
42865
79848
18865 18897
55432 55451
39175
10248
26154
53801
31738 31763
88938
34284
26323
11241
54581
57750 57796
17225 17266
40761
62627
5107
71355 71360
35075
36345
20510
41152
85469
16732
61957
81310
44420
70620 70652
69631
69394
32533
12456
65895
22085
7676 7719
3449
51152
58774
83470
76335
11455
59778 59875
65100
46351 46358
15433
58669
63987
75244
52943
68297
79348 79361
33881
40373
11475
23658
76750
79549
88721
53187
61330
70199
40277
44323
73043
54209
52938
4573 4599
47152 47199
18842
29729
27749 27789
53905
14488
56041
84239
22163 22195
56679
50648
48820 48852
84959
52051
24266
1056
53430
24815 24838
77418
14951
30323
57799
58692
75280
61375 61386
35845
16785
87651
21906
33241 33258
20399
64583
46641
1405
74176
26869
21666
33941
72025
68836
87048
36543
80643
29634 29637
56991 57020
21384
6822
51310
26642 26648
81737 81738
82756
67430
44210 44242
48849
56471
78534 78543
25596
14310
5469 5576
78707 78713
76179
51505
89397
12604
2485
55329
42231 42246
3293
2366 2456
3078 4053
52053
65955
40778
12377
75465
86172 86243
48231
86961
66888
39817
88319
50494
36819
43934 44067
1601 1642
13928
31936
21554
36707
7484 7539
71436 71485
58875
3806 3809
74353
20513
45929 45983
75208
73700
10723 10739
34585
44629
16471
19448
70546 70563
13817
20163
15462
11243
18052
86040
66472
36272 36297
30006
69940
5960
64790
10662
46948 46964
76212
61445
78184
76027
15661
55605
22904
86027 86049
62271
65943 65946
46605 46831
7213
2143 2276
39584
55284
49099 49113
17390
35461
68321
46020
4301
41067 41082
78690 78705
4190
72469
24003
24991
40434 40470
85935
30130
11147
89491
4498
11131
74002 74066
14714
69784 69853
17862 17983
12398 12430
39798 39868
75931
45050
1161
18587
856
22206
16116
67972 69536
2645
31045
76412
27076
25964
27861
73685 73750
35190
24941
59398
10809
17980
67916
72406
25090
74862 74975
52447
45077
62761
44635
6318
38800
31664
32304
68976
19189
341
64422
74978
68128
26112 26125
24874 24908
51324 51360
11577
49090
48932
7990
68099 68178
69045 69062
66814 66843
48866
60612
76829
36663
80204
31566
53855
70288
58733
87706
47424
13655
7323
49485
83559 83565
16829
13458 13535
69416
26509
2082
78649
51977
21191
72461
5497 5591
19486
71210
33430
68457
11281
85021
74618
74280
47914
11904
28568
39492
15325
61070
6634
60195
26008
12185
6901 6945
81618
52434
62370 62379
42900 42931
30464 30500
31925
42201
55888
67974
39344
88046 88084
66169
39709
29534
43625
36111
11476
17603
37415
10136
58559
65462
20103
45670
70166
30842 30851
84288
2831
39080
55520
32272
25080 25804
81775
51215
68658
52509
70622
45659
89101
16211
49918
84537
67306
55337
64039
11780 11835
50866 50911
32366
22140
51610
45178
22246
65640
20135
74071
39988 39992
77279
30821 30847
68218
63628
64693
85702
81535
84386
75324 75327
61539 61553
16827
42221
54146
7733 7742
33018
18725
60996
16060
69258
84047
42166 42183
76674 76716
73975
57794
84584
38209
17280
75144
77804
58259
83891 83917
82589
86104
53125
13269
70365 70400
21708
41001
12862 12867
86755
74464
76201
58872 58947
69185
50064 50087
69073
17069 17104
31502 31525
89486 89510
55877 56026
60203
70970
16367
26165
47395
58874 58913
528 538
34502
25259
12344
29098
13983
52552
36072
28485
3557 3577
43412
74284
3416
42050
66758 66797
5542
1681
11417
6574 6710
59802
5486
80172
56201
25493
89825
85464 85466
55915
1338
74195
45761
78052
74285
7504
63348 63401
53997
23657
30902
27078
67927
76037
70700
37297
16495
63843
78150
85746
26948
70119
36309
1805 1807
26478 26594
19236
11699
71380
60982
58036 58045
12915
31730
25223 25230
66346 66386
35590
46915 46926
70452
25167
2741
80001
40930
21113
6942
32478
88679
10059 10111
38958
85259 85292
12811 12819
68763
48824
73050
89217
40305
33355 33377
77650
39452
59997
40386
50121
14967
72118
78218
60357
71696
63020
89265
64273
32189
56266
72574
60125
2014
42476 42499
31817 31872
12424
55224
77416 77460
61036
45174 45182
44799
68622
48337
66690
58372 58830
57948
5583
73519
18644 18660
12227 12231
27562 27567
26190
51875 51876
32005 32142
17992
33243
58154 58158
89695
73639
52306
69927
22591
34389
22437
84561
61578
31262 31275
18439
71760
73330
14516
53192
34996
6224 6289
25864
64971
18545
6249
84765
56007
37928 37952
23153 23216
41846
32814
7564
66095
83389
38823
52399
51554 51618
48274
20336
68823
88546
57378 57483
80324
77921
42406
52816
53811
33578
58941
56561
50553
40289
49106
26851
84226
17305 17375
45608 45617
12980
2706
70749 70824
79850
23653
78322
21222
34180
3455
11619
72968 72995
63151 63241
43287 43309
33964 33967
6497
85381
39241
82744 82745
69918
77000 77001
58761
76087 76091
8336
31614
52288
37426
53465 53472
86404 86483
55543
60119
42200
73642
9154
20359
12081 12082
46646
32432
86386
396
13379 13401
77813
86062
41408
33479
75595
40878
67701
45000
82314
47731
38417
15669
38720
49259 49270
23731
7321
77453
7911 7938
23964
77837
38178
25191
36882 36941
59918
9256 9280
28931
72945 72954
88394
68813 68847
78392
87965
66481
56534 56558
54315 54403
24230 24239
5389 5449
59448
14821 14834
31070 31217
48861
34550
4485
65307
42563
5083
18358
63517
25948
80219
41849
7674
21080
47772
6734
89932
27313
72530
13227
17809
19024 19051
88063
84300
36299 36313
73058
6490
876
86789
4507 4548
76451
50162
53862
88356 88384
22749 22787
69
65261 65262
71448
88493
14911
1115 1158
28004
61017
68169
68453
42338
80931
75915
51347
52364
81648 81684
80697
51302
12532
16015
57597
34026
22360
39945
41598 41653
57845
447
40345
19116
5921
16765
60301
64480
924 934
60808
72430 72431
85157 85222
37523 37572
81125
35727
77781
40868
22446
54975
50356 50397
89390
53584
49455
11118
34093
28087
22985
58321 58369
4761
27504 27509
2102
59586
13907
18712
14059
49736
85921
66109
87969 87983
7084
54674 54707
74467
69561
73948
89729
56192
40439
66504
17687
58296
2
44951
8188
10203
1900
46437
77628
24747
78807
575
34217
5927
66919 66930
12723 12755
84629
34892
4530
5141
61766
79278
85208
55876
48756
40911 40933
58024
1043
84240
83122
19544
79780
6546
62013
66869
51126 51146
5635
36138
53906
83014
31448
49828
86992
11714
25423
43925
74988
66024
51675
56443
20658
70267 70281
41870
82696
73462
15017
80501
29694
85848
84397
33698
9544
81508
49315
10790
21833
59559 59696
17850
64371 64372
31042
45460
6821
9813
34447
51301
77844
75996
82007
28676
80521
88972
49704
15313
24236
12937
7301
46516 46549
63920
42029
82609 82614
1303
74080 74107
81172
69396
12331
78343
34704
49124
36484
43824
23863
32320
67214 67215
23696
47057
42951
62332
30370
63231
14077 14088
37327
49107
47638
62940 62991
83502
17167
31138
33478
5661 5671
27551
25409 25468
42719
1794
6394
40490
58958
67902
86430
9381 9382
25777
76103
1982 1999
81263
55825
47896
3470
86966
58905
16207
20083 20114
45301
61395
67018
61226
34164
83572 83607
14879
87851
5132
48177
63680
57820
7746
45265
7545 7572
73906
76634 76642
31576
65842 65865
58315
49745
81326
12759
51138
2630
18590
40023 40036
1965
27161
1180
47694
79953
28512
15360
85891
19800
45565
84290
88242 88270
26126
22532
49648
41383
13841
57945 57963
62524
11309 11361
69795
18701
62724
58938
26928 26945
22049
8904 8910
77343
48312
81206
32947
19204
79263
78493
86948
36950 36976
4177 4212
54287
68578
32681
6582
2961
7556
16961
38378 38407
76265
81064 81092
77012 77044
14616
54722
71851
32153
47085 47106
78130
89414
64102
13548
42746
29235
52224 52355
57153 57162
86524 86526
48136
22855
69558
18283
32953
2137
20888
28205
49123
27580
58331
79069 79073
71634 71672
60842
84490
14704
71014 71102
993 997
47124
40287
57340
23363
36362
58006
44668
28455 28483
83102
6850
20018
46370
82337
88386
62857
60545
28783
51601
45423
42852
76535
73721 73770
2946
52349
48583
27307
53
23143
77462
83379 83415
64676 64699
33795
11782
63009
54352
83734
5869
22399 22406
39928 39989
71499
12705 12707
60458
65127 65153
6521 6575
66881 66916
59212
1627
25146
61449
73426 73434
77985
75339 75362
31523
39211
48105
23962
82407
10490
8960
83337
69395
31596 31603
2162
15961
17861
10436
40397
69184
57657
88209 88216
6052 6056
87978
38905
50444
65773
58793
41174
49992
34423
49887 50975
78700
51167
76876
47944
25844
50967
13419
38956
44057
25673
2745
54891
4165 4304
58657 58709
7686 7710
37457
21935 21941
68691
34940
47300
78172
2896
75249
73614
10273 10299
42844
70634
71057
70106
41190
7637 7640
81158
9079
83217 83237
22958 22989
28025
43010 43021
75895
47205
18674
44038
14308
44397
59273
41390
16419 16445
55517
14630
49354 49368
19047
69919 69951
49855
60259 60317
44413 44478
36749 36762
87103
10338
29139 29181
38520
12621
76752
83539
9806
61393
58548
66057
84796
47740 47931
6075
79764
54744 54749
70085 70116
34122
3883
50284
57518
9574
57016
21265 21341
43629
71160 71196
52958 53036
60355
21529
23030 23035
56141
18174
68700
79273
26540
43676
55584 55768
2945
87683
56573
4892
25531
44292 44351
75428
64485
80548
85737
70030
67142
71966
42468
5908
80951
64649 64651
70827
53881
51809 51848
14867
15381
5277
58825
44156
61022
58604
63327 63328
17374
39902
4677
72618
22752
38587
65973
73131
11718 11724
62360
76352
62918
21569
21643
9043
32547
85601
40520
69980 69986
54962
67240
39463
88304
33697
16565
86344
14565
17990 18043
51089 51118
5296
1086
71320 71374
74984
48152 48182
31943
41124 41137
13245
36816
56005
84410 84438
12787
65370
13671 14328
9386 9393
37576
49933
16633
14153
88299 88325
21317
52901
27976
16538
35038
78472
56274
38495
5667
50729
52046
76357
67493
30336
80260
61433 61459
15387
35884
11444
72899
72525
33527 33528
88011
34561
77361
47865
81835
4416 4424
73150
64056
65012
87913
80602
28812
74088
53028
17377 17405
8785 8824
79697
60381
25430
58899
39674
31570
23809
12442
49980
57631
6658
80090
19691
55416
55724
63502 63531
16613
45229 45255
11566
32364
39428
9649
62205
40725
89636
23426 23437
86043
45005
82980
17251
15590
64859 64884
58839
10249
4467
88252
2813
20833
29194
30212 30237
41171
54509
44816 44821
46771
76964
68893
73833
37372
84574
19848
15727
38220
6887
17741
39541
38738
87819 87941
10265
14155
80659
10566 10577
64228
28496
53261
8074
16966
10950 10999
83685
53346
67384 67408
38422
83737 83781
15683
59277
56727
14030
73621 73645
52008
63490
74768 74775
78855
75773
5153
68741 68811
23067
88627
53713
82312
7107
468
60495
14236
86983
41244
34664
17409
87952
23195
49810
34414
56726
41955
57529
45527
7476
37512
35762
14895
27958
83871 84289
63640
40637
3192
47049
40532
52908
28600 28705
31252
13750
29202
56374
70742
86134
58098 58104
79402
18270
82355
77954 77963
60746
33619
79381 79386
67425
58513
11437
73137
11133 11155
58515
18783
18281 18339
13552
32955
79999
67677
39436
37790
20461
40321
49545
18351 18369
83529
38786
68464 68477
26158
30667
76593
44890 44941
1387
19731 19830
40325
1558
32423 32450
46615
28105 28109
49097
45236
15740
85324
45719
79500
53529
143
81963 81981
55993
26738
23805
31710
51362
76158
42975
41781
27705
3533
61839
80855
21300
9751 9824
77522
84450 84514
51174 52954
56662
33274
11790
88122
23549
36572
19939 19979
10259
719
4899
62254
81811 81826
84628
23307
19775
56738
58176
27698
54525
77554
36935
56962
28724
65853
29736
55386 55413
73396
51287
69781
28655
16370 16379
86809 86816
62403 62417
83587
57053
65276
2336
55698
7680
65154
49832
37819
42111
71869
12332
63749
118
23485 23522
89478 89490
77370
49160
73214
62933
42702
47374
46267
33836
26920
83682
82433 82502
27579
76555
23319
12668
2672
68728
45282 45283
51594
2045
72073 72110
42239
43530
47739
76735
51235
31214
45276
49082
261
456
77150
25079
1337 1419
36276
86672
50091 50107
87807 87810
15408
84445
55953
69707
48125
4450
64574
13589
54548
2108 2175
57550
37723
56653
31398
20707
29051
77356
20519
37472 37474
25293
32250
68697
28997
60063
10193 10222
51696
45263 45267
3431
76923
69829
64037
11201
55742
25153
81509
5654
59511
79882 79935
47639
24534
5779
20886
53070
35240 35273
41129
50435
1414
14638 14639
57349
40379
16332 16339
19004
20210
15074
15745
86714
20458
31019 31114
60820
24850
42690
38268
81361
78829
24254
34711
69203
81855
42596
18940
12441
79858
45911
74338 74385
6212
21225
44186
9611
86928
77733 77777
81024
15747
41164 41255
8452
9781
20032
8113
77125
8090
56177
48089
12614
67917
70063
77942
8368 8385
34539
9940
71855
31466
31882
10538
11409
59452
59064 59109
77643
1880
17218 17221
24347
63040
78560
65409
42424
3911 3914
55733
6946
52664 52683
83068
48269
71372
82841
23289
56706
87533 87564
20451
88666
24050
11717
78626
63046
18048
17389
59652
22703
2701
26119 26155
50645
55511
39823
37287
76007
30915
83147 83157
50103
52127
30034
33731
52550
59737 59807
88055
76415
8152
63434
52152 52175
40865
68356
38972 38980
26958 26965
84607
68396 68418
68364
17406
33248
20338
25802
35447
77819
8501
79445 79459
79642
33784
12167 12199
83609
78114 78124
59184
58815
62287
60046
12464
40723
11559
34041
76539
46426 46428
87638
80385 80419
48551 48640
39577
16831
6173
30972
40695
45496
84260
39808
23330
53913 53942
20428
7863
26511
58600
24631
30840
25940
74301
38605
77854
50126
5018
79158
67801
80562
35291
43850
82803
39073 39079
8168
86217 86278
87216
8926
66921
31301
14527
28620 28623
81063
48987
2677
4947 5016
18210 18221
73383
45734
58764
61221 61262
55561
82428
69288 69290
82224
12018
20655 20767
20186 20260
55077 55107
8842
68204
83292 83319
58375
873
10565 11256
37529
89968
71169
13211
30326
30087 30097
40843
73027
42000
108
21063
36899
27280
70586
84968
27214
59178
33301
18877
72904 72912
9493
53438
26629 26681
23645
49853 49868
45373
15228
72613
84139
3466
20320
33749
18449
30108
61990 62004
3874
39631
9020
24739
55609
51230 51257
18119
86821
836
24885
5330
88410 88442
17264
44225
88224
40921 40953
22337
77508
592
62202 62223
19948
7540
82682 82685
81783
67354
1425
25354
49772
34701
59856
77496
71969
40888
56792 56818
84215
59576
66363
16655
54549 54553
68620
20798
88602 88612
56618
81661
39898
18943
83723
81476
13703 13803
76517 76534
54660
46654 46695
54383
70016
43654
12646
61934
61220
54904
54667
49013
5453
28539
88114
5970
65449
47768
17853
75071
53076
35667
57670
50628
71056
82654
35407
71675
89785
17786
32068
60725
59167
13723
16248
74641
22177
74142 74961
44642
167
64698
67773
34107
19826
4568
22202
82764
29676
50386
87754
58526
69370
58469
73085
89570
63192
54174
10557
15367 15374
64038
59675
2933
74649
40629 40634
11736
79527
67115
26231
46477
72773
78078
68828
88467
19089
20771
66752
77027
36430
34181
69939
15106
2530
5029
30026
24319
38464
11483
3224
63655
63409 63459
12486
431
42651
11899
26274
51506
21116
70854
41176
18682
7968
43564
9036
24589
29684
39003 39028
76216
67096
75107 75210
58119
40547
24706 24768
42743
61358
2468
69329
25127
59746 59767
81252
8849
10910
57681
77851 77880
10528
69699
70270
83093
64741 64750
35982
35298
84488
43478
37792 37794
84962
37377
10096
59051
35850
68926 68972
63740
68309 68370
53596
24068
84866
61273
47877
46692
52617 52656
65142
63345
27427
5170 5174
45948
36752 36795
49540
35817
46190
74631 74692
23461
22589
13380
57099
85547
86958
2052
86498
12467
86558
4810
32615 32691
35892
20795
35698
24940
58298
52081
60420 60521
13881
18236
26799
28452
88856
63397
79555
44706
61000
27856
7789
3763
21125 21132
36490
65892 66099
65457 65459
10105
34134
31487
10953
49890 49892
31931
38569 38599
14332
88735 88815
21472
26732
64773
84097 84159
87421
75401
29267
27766 27858
57554
34665
74075
24221
27158
27050 27073
17805
16927
58829
42835 42836
5543
20963
87837 88899
54264
39152
23631
83497
17774
23544
32779
76231
40853
22887
68719
48507
57257
58861
81154
62325
9132
31419
34712 34751
34311
4769
37658
44169
21835
15005
2383
8891
65919
56916
10243
32900 32913
21420
78380
57263
33652 33657
51040
85230
42143
54365 54378
29715
82467
54584
83711
74754
83836
69985
3875
8699
84089
21978
25529 25560
72273
31915 31923
4695
71044
66004
37663
72505 72567
68413
39578
12659
62069
31433
39204
37126
26538
59525
60045
48005
76298
21059
43413
41200
42364
44857
25419
20443
81843
82956
27618
34143
22448
83191
61660
78363
58488 58497
56329
8924
43750
85844
6139
9112
15886
977
65383
22716
52235
77341
24760
347
9025
6343
37653
11148
87039 87052
46435
29739
69479
78741
22331
35568
71045 71525
68756
39329
19482
16645
2639
82288
13363
23267
52839 52850
8415
70494
79688
68999
8961
68049
7186
88448
40973
64965
26564
52264
37323
64761
74260
25914 25963
27593
57882
39993 39994
48647
65578
67321 67371
40024
12510 12556
23545
71132
77409
84885
29560
30112 31038
324
26798
12245
42907
73847
68201
4643
59044
14810
42464
28656
9240
75145
61446
80478 80483
87405 87406
19207
86280
56502
67003
17485
64225
4711
72259
81468
66263
73549
89517 89522
71836 71846
72533
40716 40748
76694
52596
11913
77386
19297
26593
17928
84060
26366
42037
69748
49526
89307
71844
8460
21250
5021 5031
8197
82193
88190
62755
72275
58622
31652
63061
53116
66221
43898
39177
59543
78420 78587
87242
62008
67470 67581
32923 32970
10961
34753
31754
81066
48588
5420 5423
76840
75457
84221
38880
31563
76799
37113
26024
13935 13972
84801 84811
74630
34666
53536
17802
58630
49355
59682
66166
70630
32617
33452
7933
19399
82767
24011
34071
33480
63572
39265
27256
35138 35191
22033
51563
65328
33630
66501 66506
1325
79008
41316 41357
58900
13317
68778
84792
9378
2591
39457
31518
17815
64214
9412
6178
56585
64111
643 645
86156
59878 59912
86869
11702 13751
12768
72548
13953 13978
61654
62280
7039
39239
32113
50485
10971
16736
77357
43387
4073 4087
46723
45040
33017
48628
76582 76618
29502
29945
53989
64337 64354
40784
48157
53374 53395
9687
84170
88741
30020
85216
47780
23621
53500 53582
54126
23852
6243
36705 36735
50762
55902
24022
28699
8245
62485
31304
13782 13882
34177
1962 2013
39853
53382
83356
75109
51829
11630
51943
73168
44373
87997
19557
41029
44819
52886
17859
4362
35462
18554
51739
63524
40120
56412
74121 74133
76826
39566
1400
12438
14574
35275 35283
34648
83236
3977
40202
68206
365
14816
34409
33406
64519
34021
79397
62713
19329
11088
79911
11239
10001
51896
19400
65824 65830
863
24793
83135 83137
71871
26899 26925
63137 63159
55658
27691 27849
20464
70158
67565
65592 65625
34157
58362
39571
15818
81712
4316
10100
62246
84483
21696
1668
59818
33655
10090
62088
49569
22984
7156
82937
45764
4093 4142
53429 53470
81151
34308
4149
60459
18724
28866
63229
26351
12963
28619
75070
47366
31210
48876
77571
79666
76142
82763 82798
15038
79994
72759 72788
40329
8970
39035 39036
64680
2744
68581
8681
85034
60693
49636
87524
21688
79156
42207
67955
72244 72278
13042
87951 87962
13092
7865
33803
14522
5477
61912
84840
53379
4590
78825
34944
75336
56165 56287
34873
87143
70702
60597 60935
11569 11583
67986
78934
50033
89426
70793
14333 14352
58655
29024 29053
42119
25353
74772
11734
28314 28339
65531
33667
18136
81751
73238 73297
83738
75999
63756
12092
13979
87525
48783
22442
7073
7385
89554
35905
76360
68602
70530 70543
165
18790
83086
55599
6416
6769
74902
3147
55809
4250
15355
796
82983 83003
57098
37369
20605
26425
12089 12162
17315
38505
808
18362
77387
43878
32318
57574 57641
26676
43085
5113
48544
15908 15937
78357
54319
4353
41984
28478
41892
3393
54589
72801
69827
36934
20069
85058
87221 87222
70759
55817
76719
65132
28098
2812
72878 72894
22976
20128
69751
23469 24439
16579
42188
85638
60446
79426
35095 35117
50454
80638
10473
85350
35176
60523
61619 61668
35580
8751
36454
79746
12366
83951
34480
8075
64042
603
79218
66272
10907
40957
21044
47455
17957
1386
39209
19885
13026
52692
51986 52007
51870
12765
62194
31295
34058 34075
49952 50000
43840
64406
6001
13039
19345
69727
61976
5802
15543
48238
27096
11997
59464
23814
24936
6683
1229
33815
50022
59955 60025
43765
82623 82635
53766
86395
12278
63339
6081
50575 50642
32403
9333
21325
6350
27978
49568
65933
54204
62618
19595
11573
74972
81809
73080
2002
87972
24993
70252
799
68801
75241
49131
75042
85347 85397
72666
22761
64546
42718
1713
67423
2825
13450
44328
69111
1531
69612
19154
9351
76572
9526
39616
82976
5986
28154
37968
68526
63349
2267
73996
74259
82810
72857
84092
39629
65512 65584
29301
50825
72983
80212
28973
83403
83852
7360
76790
29302
33407
2984
83179
53526
60549
52616
63631 63652
5390
57654
56160
62393
62353
69448
46984
1937
42600 42604
24611
73613
11427
64395
53162
37563
77026
2544
73741
8622
57614
33511
36813
53005
72633
11403 11428
80469
51166
435
87944 87949
19177
70953
89260
66686
10035
85987
40535
37452
64954
231
37362
22149
5587
61374
68587 68664
14841
83009
36354
20008
77948 77990
57537 57605
7388 7410
40365
18137
7794
44725
47108
31163
1430
6378
22519
71976
84439
9477
26297
43544
39727
63663
80095
55619
18462
29505
27625
63981
80586 81632
40253
85600
34491
35199
10041 10046
51233
73727
17227
76596
37413
44684
47292 47298
18384
36053
55792
13495
82636
62638 62664
56482
16345
58538
64756
35614
3439
42639
25805
81552
32832
82377
51361
48936
3529
13003 13079
86967
73402
38891
45625 45642
84994
19540
58894
33756
81521
6623
57109
33919
48091
42883
80827
21849
11486
26005
5234
44462
46375
16977
67184
28397 28448
14689 14702
57667
65413
79309
38665
49807
66535
66730
61222
48681
33332
67350
32584 33550
72051 73521
84353
2673 2720
89258 89280
39526
68544
13182
85106 85107
59190
22758
46997 47026
39871
87068
88888
32449
40326
35540
70491
79596
64543
41062 41065
63140 63200
63346 63370
62952
55179
46662
50455
64987 65007
62953
86290
11406
81754
63946
80708
74955
86602 86609
89003
71008 71042
85130
19326
62538
89194
35424
39138
7790
85570
50282 50325
49872
56784
14893
31133
29209
70091
58786
25618
35886 36945
21241
89632 89666
20205
30620
8117
66815
1077
15088
48170
3580
66264
61620
19262
3054
49940
87387
47118
45800
202
13812
3992 4030
19617
11534
51478
51903
34251 34291
11351
62116
14456
54987
61722
50316
36955
28834
73447 73577
36969
70594 70612
49749 49769
32578 32579
15574
32479
85429
28592
71146
79650
39281
69619
26514
68943
85144
52759
71390
1473
86356 86384
63611
66093
34835
7568
71483
76796
32542
83763
81917 81925
10747
89313
42460
38548
52925
89872
12063
63828
59218
21684
83535
11040
61825
83645
57300
15865
74486
43903
52720
54478
72621
49932
53507
29070
46167
19325
10027
62870
25262
71347
35007
78423
25857
80404
33862
64506
40233
53937
73328
7737
69089
60210
85118
72381
73944 73946
25273
5675
13438 13439
53925
47915
64298
87308
22800
59270
84592
67855
27995 28040
83121
63727
81977 82768
8918
11005
48252
1737
83914
60796
84140
5353 5377
87988
45095
15660
30556
86506
17848
35028
84270
2759 2774
49777
46803
13816 13900
40227
45113
3362
8058
39525
74120
20620
69718
50343
65958
79117
19198
89789
20277
52951
4953
72863
72887
62166
43933
82333 82379
63838
55771
53259
55319
46284 46285
50712 50732
42942
35259
36112
26211
20547
66105
59921
80551
84671
53849
67284
47648
63158
59977
89659
15158
8832
60558
17650
74427
44361
2490
66682
30095
84565
6709
28439
82077
6305
62070 62075
12419
29091 29264
6650
59816
25267
26809
13746
86216
51061
21777
16236 16761
10856 10918
71254
14053
30273
37656
16377
26976
10042
16714 16766
76891
40353
73794
11441
16885
22997
65387
36031
18300
72869
21194 21216
76714
51132
44152
81871
48121
18379
68406
30911
42136
40176
39074
12832
42380
46555
73728
30578
81587
39970
64554
74720
66766
87653
5333
29111
9228
81643 81667
37458
74326
20546
46560
361
62932 62937
11563
19226
1145
80321
46757
21021
55399
49196
26028
10684
15732
15010
18910
59642
2046
81698 81731
13200
6719
81241
46138
51753
42556
27202
34128
56928
33147
86284
60663
8672
24109
10208
74809
21759
72015
38468
1910
34337
80722
70644
78798
71774
14192 14923
44553
48710
55704 56731
77051
8403
83026 83045
35699
30494
63880
32560
30740
62086
43397
36758
41627
78924
41743
59982
3430
23215
44785
30888
18375
13275
71965
8657
15295
71048
17292
7069
11767
52389
80453
43598 45076
72190
37135
28987
75667 75726
31893
44777
24759
7042
79681
32732
11921
56975
53665
40129
78871
24690
87670
38983
47624
23810 23839
76823
45924
5200
15116
27335
2115
51195
38158
61552
11352
64763
88825
43106
83505
7419
57213
474 480
29313
64929
51288
63664 63674
28443
76273
49628 49722
59183
22181
29203 29282
74565 74589
3377
52980
30988
20916
71323
60483
89295
40925
22655 22833
79393 79496
30885
46520
79035
17689
66978
32202
28934 28937
25716
9050 9086
86715 86722
20726
61655
62777
86769
19057
5233
22328
11861
42438
46217
37520
65588
40849
18400
72665
51283
8652
5222
36074 36076
82739
13204
40551
57661 58338
58058 58075
63043
15028 15102
78346
63086
44913
7635
37574 39236
42435
76601
35557
64923
54320
14647
20642
18562
72705
20417
69534
70143
9935
28995
39552
75073
13581 13649
13651
23780
59200
36857
1432 1540
37440
22534
19274
52037
33634
80082
6957 6986
55713
23211
22451
18154
41361
65474
82986
64918 64921
40977
19127
58562
25020
35449
49637
40616
60883
40086
47380
70 95
19580 19600
28024
25227
6969
59794
5788
3257
28136
53024 53029
16446
31160
59026
62395
56461
9427
37655
85503
54533
9210
65157
69095
37122
33344
4579
17172
65756
39556
24472
12498
41704
30213
64507 64527
70316
38967
45046
68077
35642
57492
77581
26788
6215 7411
7461
31901 31908
34671
84296
73947
75765
42465
42202
69669
38887
89627 62
75896 77304
88821
45878
23850
35112
33816
76455
52585
32482
13617
63051
77826
16982
74124
27800
26407
12921
13431
81017
83407
2240
43495
19280
31718
34881
6656
39718
38622
18123
28941
217
80352
11685
27772
23259
47892
51293
76264
66297
72187
71005
34441
89029
12305
52610 52613
76957
73382
51337
24626
59287
87743
89339
11611
74604
44875 44883
22476
31347
74855
15911
25286
83283
27359
80887
57267
55922
64796
50730
52674
52703
72991
77059
49904
43231
42810
80526
44148
56327
60232
65935
22142
3812
60564 60654
50919 50929
65906
59815
14429 14437
34713 34749
9187
11167
30342
82712
15416
7716 8528
37055
46893
22713
84418
54738
28114 28141
122
4243
59318
64679
100
52426
35754
38430
79359
1003 1032
12742
75293
21144
50336
58280
63202
31801
15973
381
71060 71064
84013
34333
5564
44572
64737
38791
48446
37631
25764
65483
17344
58678
34380
31773
3643
89711
56646
21299
79075
50751
6707
10901
11961
77721 77746
81916
64194
36687
28769
24638
60078
18159
64187
70835
41275
71936
83488
9782
78350
20091
29014
33269 33272
24193
43455
30705
74407
834
75821
77629
7772
69063
45815
83802 83832
212
5679
82659
37735
44126
43779
20850
78553
62002
34246
9915
46005
42161
73104
86988
36425
62864
40406
77157 77170
31005
74688
11430
68145
69578
43856
6879
25038
19562
21974
9644
59002 59032
80792 80809
11856
40459 40507
13233
85096
49366
89745
42707
46292
85625
18555
679 685
86462
10048
69162
11090 11103
2408
84527
83089
6888
46330
1771
33523
1523
3354
34649
64769
7489
66794
29600
87159
46215
54544
68154
76368
73142
18482
43101 43153
56468
27027
4451
59703
43755
49103 49112
33830
78972
75084
55748
2671
56539
9591
74143
85938
36115
87113
4797
42168
47101
87254
52033
44028
30241 30376
55845
58620
66007 66073
52145
21445
53211
60972 62822
7773
30935
27696
73846
53755 54912
76260 76306
18941
68684
5458
73482
22778
2592
74802 74818
66112
46611
29762
69572
17653
20913
13611
83057
22124
17332
72903
15176 15208
55377
70866
54613 54691
8076 8099
76284
64176
48078
36193
61027
83937
79574
43108
14242
85049
55863
72093
75986
73124
49901
82945
79023
6374
2044
33949
16991 17002
50811
49649
160
65146
21560
75717
58980
14503
21196
2949
17688
53414
32173
9567
71441
48623 48655
79409
73875
72806
74058
1981
35307
56625
658
42961
37741 37786
67821
22785
3100
28695
79441
1238
23303
3656
82341
58788 58796
76080
75094
26439
30601
72832
10883
29485
27610
39174 39216
85552 85620
33916
14273
41920
77729
55777
85450
42171
47029
41918
39691
58261
34309
37530
73201
57471
70619
61021
42358
7766
45777
34248
12549
62359
36007 36019
39199
27008 27022
67960 68064
77449
78631
22174
31010 31152
6032
60958
2110
42781
20528
69355
74877
41866
34886
18307
12334
18758 18770
64458
63915
72407
14877 14883
68231
43408
35899
78537
49371
80943
27449 27481
44856
9175
50287
27726
62373
10587
30325
50337
33404
48592
10283
37962
18947
48940
17469
37375
28729
27268
46987 46994
44020
23174
270
33233
15685
20777
45763
35460 35520
60898
84884
39488 41623
16437
7781 7840
80990
47651
2385
34455 34482
25321
88993
21072
79021
77394
31203
82634
37695
72236
8187
50502
36504
88312
79037
41439
16252
19083
39951
56094
70070
26699
46703 46837
62626
63285
71833
15362
6750
24899
17185
23846
49682
83918
53297
65891
66771
68405
38724
63562 63587
65438
3531
38923
89011 89067
52110 52184
65907
9470
84625
33543
89364
89547
8030
11468
1226
87501
78755 78775
77902
78095
30064
9557
15113 15337
32661
67928
13232
29924
18618
2320
64332 64784
38502 38550
31793
32875
75157
50058
2412
50707
71156
18813
72655
26132
88045
77233
85751
67912
45955
66991
9720
88683
42196 42447
75557
82185
46866
44783
66510
85330
18443
53810
34627 35849
59781
53654
43665
14307
32238
56370
70190
87385
2361
52160
82171
71879
17550
33381 33384
68716
48702
27303
79528
17112
54368
72726
78499
56702
6288
22462
43993
85966
60919
32749
67311
31515
41342
45844
13965
7304
46397
48771
87738
727
38132
36169
13550
88644
18658
70120
39931
41977
60368
62042
43655
65858
64356
77436
26092
76256
85532
47401
44543
80268
65716
10497 10516
33783 33827
59556
84264
79093
54694
68306
70369
24938 25047
49020
36337
58407
32144
18893 19027
75990
35786
38094
69847
29794
57018
59317
83146
41093
50328
51790
22301
18901
65475
50564
26483
9194
6130
13315
57854
89996
30173
39977
30941
73663
32720
73730
28235
59291
26050
51430
67524
16750
34190
58180
81182
19396
4044
33639
88749
86759
37194
76877
5689
27998
88965
85782
6018
31086
37465
89757
3780
41841
10513
4982
44882
74654
43305
21392 21411
87690
23087
67500
54221
20172
3295
76706
68889
36197
82408
21170
68932
80563
1822
48690
76211
45735
66153
30030
12472
41421
13955
3944
50685
43331
67508
40679
61278
17563
34893
42439
13338
38545
42503
16679
10967
53953
65502
4630
35086
2206
24669
73594
1447
2985
32979
34110 34139
76766
44069
15612
13414
16303 16321
26981
45080
45165 45202
24844
17778
61307
89660
24535
50178
27323
63109
8822
37740
61844
49664
27409
30794 30832
392
49937
65789
86512
40954
13691
57433
69228
40518
82159
88112
9342
69372
14074
69523 69553
3174
36695
56420
34599
73187 73235
13821
73550
22813
10292
75928
60736
54788
63529 63541
13498
21547
43601
45727
4325
20137
27286
16509
66198
7030
18367
68864
8002
79503
57637
87230
30470
76870
62040
10357 10379
33330
77814
28587
25028
17335
71524
9078
47761
77846
12301
12679
31751
63394
32769
30562
87020
10253
88629
72157 72194
48094 48107
52722
44971
25375
21084
5512
41345
60570
16946
42251
60043
87264
18468
38101
49125
59800
2472
15517
20073
54814
26991
81879
75067
46939
60689
3035
15631
3016
72901
78997
31642
10236
27507
57057
8583
66606
26254 26294
75869 75897
22313
50240
77862
32077
52408 52415
86987
47998
69640 69687
64714
79548
89575
6253
19156
71589
75627
89134
10561
11917
38390
5914
55362
64287
28186
16454
14091
31527
48906
10611 10700
26630
73892
70078
26399
37138
84375
72555
76418
85296
28016
72087
9199
25726
39960
51769
48723
26501
23776
20102
31436
7878
68954
18937
70277
30398
44246
3530
88531
80764
36820
48401
79625 79627
10592
37332
72830
16320
13640
16656
44052
55151
78533
44956
60014
88526
88116
21444
57344
61861
66623
8091
62412
28779
17931
30486
56039
48680
34433
71311
61474 61481
23032
21936
82789
78179
56799
86927
32519
19906
421
5700
76155
53065
68103
22568
68114
6536
66673
10148
40836
20820
7735
71152 71154
44282
38828
7285
82291
43562
49683
23988
54307
11231
86200
61129
88155
48070
61323
9213
56390
60990
89143
22837
72603
77458
41320
13145
24028
85340
2080
52558
86810 86819
41525
26033
27511
57576
18167
87407
50771
53091
82942
81934
78292
34363 34388
52244
40095
80503
63996
14583
24627
18337
20396
34509
56988
15196
70788
9202
85856
71464
67014
37702
17240
36529
2140
2425
30078 30248
53672
85486
30412
8183
73836
17196
40517
42280
78616
12006
36477
28499 28504
51591
8227
48879 49200
54646
3840
80849
80484
20639
80334
78978
47396
45781
54680
17715
74197
78874
88561
53350 53628
43583
9675
62789
53096
87935
64747
72998 73006
41578
66250
875
48356
2841
36828
55770
9251 10305
28800
83439
50947
31033
89146
48387
25404
20526
67712
41256
63714
59204
88320
84768
970
40031
82889
18911
32595
14202
3193
79055
36364
2313
55139
74027
51468
29094
54944 55036
27573
78758
50668 50680
8186
32204
50998
52343
26484
63753
59695
12079
76092
634
20446
26843
68198
81365
54860
9303
17049
78899
55381
65594
64939
18671
63352
27395
41116
12880
81557
12061
71259
54406
53402
15618
81894
19418
18561
32974 32993
1493
11490
45756
6590 6729
6700
36459
24600
33838 33910
57038
53241
36457
81459
74959
30825
36116
32793
59160 60652
78527
20524
11192
17549
73919
37628
3563
87147
78351
21542
39996
36712
24002
60282
44933
87994
83922
55074
24194
87757
30251
48425
52150
46506
6614
77878
57326
51758
30497
22627
84532 84934
7456
58561
57905
46961
50482
63356
83650
42677
34049
50765
46550
70266
34129
6791 6908
29551
52600
89710
56938
30627
900
1753
4069 4567
56346
40996
32376
27043
38226
39078
2003
24189
44075
66495
32342
74789
83654
56025
54449
52254
52897
45112
9659
56783
3552
40809
23103
86752
53299
17952
29185
70074
84694
15845
31643
38009
17039
65174
69592
58117
22186
54190
5060
79353
60501
41358
14028
81623
74498
45138
9183
51819
29822
66674
5983
7775
56314
23567
19959
79678
14685
64840
54069
48696
74294
26114
54015
57677
33775
50570
41862
51712
23726
45972
32932
31184
882
86910
64972
50128
68689
31338
80213
20243
35780
20727
41529
38721
46301
45320
83435
877
57795
59660
50150
59872
63395
48467
46947
4980
83371
71098
37531
85112
7986
82327
44377
84713
86662
58184
69275
71988
35105
79228
9784
38398
12114
52648
71529
18254
29623
66337
24357
80389
74042
84406
89298
59336
29652
2326
45532
34039
30469
14435
8995
28644
68097
50393
24383
69422
68044
56391
38295
70407
11944
29297
43225
17394
72334
54836
37947
40699
9184
66449
39681
67072
32382
37079
56888
84247
82348
13031
28826
30345
86125
56809
64172
12798
65776
82992
32893
15717
78180
12990
46932
30844
5614
18931
65214
12046
39094
72783
12034
29114
61815
16457
8634
57074
52513
16306
22187
67485
88287
36544
80929
72054
23424
47644
39085
20145
41311
77119
81441
56152
70581
45333
38083
25218
57311
89418
58578
74014
81776
83582
69701
77745
28086
87889
46077
37195
7295
27927
64250
37667
63023
28204
40074
47024
33337
36594
72718
50232
80830
8531
5568
74135
78675
61807
11541
4086
34183
26446
73530
53729
4647
59782
83604
42381
24741
70064
52107
17606
13151
28020
4607
44639
53422
64829
88922
43728
84580
20506
31575
2487
79862
15691
51155 51164
34136
88814
81555
38497
5419
51097
73860
31888
72898
5592
25620
82298
14266
16974
36433
88601
69110
45221
32583
16284
8969
32877
45595
11529
63082
80834
19726
87318
15175
13725
8667
14069
80983
21102
55163
75666
60156
36107
46214
82330
31548
57528
73570
10130
29640
27237
559
29577
68600
68917
40818
20072
14991
49409 50835
52794
60791
31474
30473
68721
39346
41630
82660
83070
70976
66017
29474
15559
64843 64871
85426
7328
21981
79420
57258
73684
11126
13786
38733
5589
48458
80515
83823
10850
29365
70505
57540
409
28976
86811
60761
29300
53309
34718
29161
88250
17966
70836
18072
41485
56111
40552
72160
16204
22365
37298
32244
81615
2866
35236
18049
15950
67674
63375
21869
29990
72349
63422
41160
51286
702
35188
61405
11829
50148
81804
42103
73315
79239
31207
80235
28456
56
51065
31456
58388
59540
89311
20484
36317
25400
66357
28760
49197
25458
16435
5894
9335
62383
43129
34370
905
49581
17092
81821
32582
61682
35574
4558
33953
74721
39445
32597
47261
77025
73510
33823
8719
21035
58989
42030
47346
71638
37588
828
83354
2820
48106
29903
25269
8552
2436
31374
48210
79620
83997
81335
9839
785
45299
60722
21743
27484
29651
6959
21464
64319
50887
79022
69051
73779
34907
70764
1179
59896
29366
31088
1402
73017
36590
26057
15533
53851
64940
14196
26522
58408
11006
10165
18656
63033
24734
51967
59087
6955
85124
68754
32461
74940
55805
36057
61737
15822
16979
31961
1390
48430
58936
6766
35073
37436
88240
73899
33251
80850
28566
30319
24876
42013
47532
75358
44184
16990
34467
61666
28005
41985
62158
1622
36451
5563
62540
65476
45062
66304
50327
80575
41680
72698
55634
41372
33230
30111
11613
81100
16994
19779
34576
67477
50958
23352
2939
67359
20218 20781
4747
75260
47270
11283
35071
25008
69728
23393
10884
80910
8340
33790
17085
68079
31760
25840
7356
71849
22345
48292
25499
10721
84940
8231
1283
55476
51979
89911
75721
37842
56578
52510
67293
54095 54107
82717
81035
32246
18454
29343
41507
23827
81424
6367
567
36906
34243
54630
28996
7137
22950
31578
29259
47782
17226
11050
21381
61304
70847
26865
15445
9345
69315
69679
85942
32006
56680
43612
13613
39590
46975
9346
44281
4768
42128
87489
54535
2524
25374
25918
85752
81007
72682
78652
27974
822
45609
47354
53655
33509
32600
10471
26237
3730
34707
50345
79644
52549
7455
48082
76754
38258
726
83889
26957
7891
55037
85529
47824
85483
27546
15611
3769
2453
26085
62123
74834
70692
31168
75040
62886
68956
6200
78704
25247
16134
53524
27018
58425
48432
41571
4529
25724
73978
54994
55022
67334
62882
46415
28185
41758
1331
687
81013
57022
30757
77808
63115
46187
83854
52982
47719
86369
79857
13321
34755
13029
8422
1468
33759
89557
33353
48
2259 2800
39961
21964
70969
64468
88954
33882
55672
67455
73853
5917
78276
49277
35952
41026
23334
38450
21536
9572
35761
9130
43199
37843
16405
59572
8241
48189
87175
64277
27606
37911
54399
68656
53463
46325
42440
19781
70145
39053
44051
67564
22269
19278
45032
82630
23368
7732
16589
38632
51418
5819
48662
15678
59905
21438
87015
48167
13998
71273
66110
77430
56488
30734
63448
24595
21751
30699
62584
57787
37492
64441
15862
47177
22737
87101
9579
86835
72743
22495
24411
22726
69433
84516
36085
5602
57833
84794
3351
7677
45951
21651
67472
33454
46745
67560
36437
44664
60366
3326
12669
17597
75252
9281
79072
44066
71415
5820
43277
53510
87736
36240
45015
42876
76801
43288
72542
44406
15557
13159
68366
51825
70952
46697
23135
57138
44866
50946
7600
57976
85278
72803
28181
69849
67381
84301
36232
3979
88547
45717
30713
73536
42113
2807
87122
45012
28459
27233
14692
49184
86605
6222
3926
36108
77047
33908
63593
30830
66049
74644
47482
16876
8833
29240
72127
13295
14471
61961
13464
37272
89721
80642
39358
26686
19895
60313
12545
89055
35660
20763
60726
42305
28007
6562
22026
9336
47839
56491
11962
71122
7034
78848
42056
39826
7228
19698
86807
61388
5464
71153
14367
75007
59208
79066
5910
6812
45051
55981
55911
30472
8830
63831
18347
41583
26715
19658
17324
35864
16899
35099
26813
28467
70020
77857
22719
39614
13095
55446
66126
1353
47355
79234
75386
26512
2286
80476
13698
88378
32662
71909
55230
87108
78510
55784
31677
44767
79053
27626
18781
67837
27231
63067
14509
80862
67832
37562
62035
1933
62398
76684
60003
75835
21351
3939
58846
31715
7068
54848
40570
66181
25482
70173
59242
32481
55598
39263
18207
59983
15224
57712
50281
5850
25966
56920
7687
34444
40039
66581
84154
68546
35475
67719
79919
65122
21525
75502
36468
15256
33849
38010
89248
16011
19254
2920
30952
29418
66268
36965
59647
17087
6781
37303
58070
72746
55440
80393
48331
15589
50677
78326
35633
85885
84318
81185
77235
85276
19462
7774
30786
78280
68590
44818
75932
53900
76233
78606
1491
13268
40216
4233
44515
49874
64803
71778
53853
18183
38856
83801
17343
13749
58668
2191
65266
85827
65431
51482
64697
78799
32680
71721
68177
4672
45867
8361
83392
20034
86409
55872
61956
7896
43862
77868
80646
73153
62304
83399
27088
15587
76645
70604
29638
49084
18202
64639
73074
67796
84509
30769
70985
73634
56225
22693
30009
78459
83813
74678
75851
35469
45634
57273
45796
7778
22048
31174
77456
14662
89369
83424
25042
32282
17483
78141 78154
26189
31735
51942
55494
48470
48478
3828
38058
67421
48726
53248
31896
43724
88626
7226
66617
36178
88774
61971
30448
56980
19727
8127
55887
49976
9733
52706
45672
25054
43446
84810
60768
21172
37831
46769
73160
56243
48731
86827
69016
47571
2735
11901
79140
86931
23136
30440
58216
83426
44540
67826
32083
59294
16024
63069
13528
10183
67439
13202
21923
83865
87132
49294
52717
75871
66629
46401
82361
32742
33904
27695
83061
37709
60059
37267
16043
29270
18232
34613
58297
60047
29247
43748
49586
64704
45997
13795
19387
5532
77097
15053
15294
14942
54128
80909
84233
84672
63571
25426
3450
71028
17174
60470
65464
60748
35420
3125
77106
3540
4729
50007
23904
53548
20044
5934
7083
36207
71026
22508
44138
81972
87584
65116
69072
42582
38084
36541
38421
14958
75920
74364
83581
87667
22777
31612
10492
44575
77120
42948
40656
9475
7847
39159
64020
24673
79674
84703
13465
70233
44135
89400
42955
78759
21206
7180
59718
87591
52775
36574
36926
43457
40261
60915
41379
79247
35437
78010
77138
70757
773
74366
86076
7850
48130
41427
79588
43481
7589
34783
78461
21623
41429
40670
49212
51971
30872
71136
819
42220
87024
25843
41419
87592
3152
65634
15439
57840
29696
67876
38803
78780
24353
54810
37302
54724
9684
55127
60839
65549
70688
89068
47737
33585
52409
49341
62418
86887
62769
83503
58993
21230
62773
29708
13835
10170
34387
62037
8943
49215
14206
62772
46832
65136
63815
85005
62048
39581
54729
55201
69090
15334
58267
8956
14225
74026
67106
19828
16873
10128
49404
44962
29312
7524
43835
42982
73335
66716
86956
15342
63149
50844
31259
77179
41061
36298
86952
35082
31641
82802
85019
12414
20882
71864
43912
79271
66305
36248
42247
17575
3932
13176
27053
1157
72874
29783
31325
44201
33226
71530
77267
18020
17288
61713
55317
78489
24037
85399
85813
35185
5780
25858
66474
83975
59004
70765
8255
5178
61716
64052
77194
53288
86569
82462
60960
15480
3648
15766
66729
84340
88074
83197
69978
57555
45079
22874
34764
4458
79639
17233
52094
20201
16960
29440
32957
28565
9344
54380
21339
15091
50112
25213
17655
50501
89192
82136
31016
23305
25971
69498
87700
46553
9478
59530
32119
62523
101
62163
69595
15124
50194
25212
18800
37108
29425
42727
50142
20610
32952
51716
29817
68815
11002
63153
29806
41957
86636
34805
6532
32009
35196
83992
4528
6126
87026
32869 32887
77
30209
81301
21769
34420
29034
87359
24075
4889
17590
41564
41566
2429
52565
31732
20
18059
34426
76884
21371
4496
19851
36775
36370
59871
6131
53372
88089
71908
58422
79802
60609
42744
21664
89254
4399
35987
904
49787
66087
49782
37507
76532
13958
59498
47001
38912
72276
82184
21379
20274
76383
38577
60636
62576
28302
25624
61462
27464
85178
49420
17368
76933
37826
40063
25268
70033
54948
2061
15499
52123
67227
883
49370
71563
70459
4505
8015
68020
57195
66083
48914
77359
23743
1275
11376
40826
89588
21755
29537
22172
25678
12567
4089
64524
45827
27946
66494
7279
34115
88127
34119
10680
73444
24907
79804
33378
53954
69295
66935
17023
87791
15873
3691
25676
76963
79400
67286
62222
66432
59916
9908
11408
77772
14024
12596
67296
70503
9450
58398
72692
52624
61042
86725
87055
5387
44714
8776
19602
25680
27954
80968
73806
61836
70089
49842
35627
24540
57650
39705
36765
7302
24552
86318
10343
71632
44409
56860
65355
39788
40877
6399
76972
23782
53775
48239
12197
71274
56123
21056
75963
39403
9549
73660
34321
40899
50433
53786
61516
16542
20322
57666
81802
77797
43621
20716
33012
25684
22424
28732
86328
39213
78574
50618
13715
10369
10714
11064
49863
800
79647
82936
74964
8036
21474
8795
25513
10363
55379
68929
63625
14793
37149
75343
84635
39599
36435
15542
53232
21258
40901
26495
32049
71281
85576
1989
48248
978
12221
45186
72706
32410
36105
71986
61893
14244
43415
45750
74056
2150
39800
73314
67323
29168
39226
36270
17057
20269
131
24375
89292
16895
73851
45563
70135
23433
66340
34926
21838
51634
89127
8713
35313
51629
28748
86549
58847
63637
45380
30144
5204
17605
14623
26829
33256
47695
34443
18066
52833
67141
62455
16160
45916
16988
17991
88827
19283
44643
47411
49707
54195
81436
68028
66345
54398
55010
62818
