40000
9914 29277
75378 75409
51591 51608
78174 78535
7075 7294
39629 40096
18150 18243
57525 57665
10134 10270
7575 7710
17723 17819
11470 11521
42534 42720
38389 38487
69872 70341
21832 21892
11536 11589
21565 21605
55291 55293
50901 51030
40283 40473
79834 79880
21200 21223
73835 73851
64650 64890
71480 71535
34831 35340
68763 68785
29081 29473
35638 35696
1483 1528
31226 31359
56306 57785
7674 7972
54052 54371
60866 61370
47298 47512
49414 49489
78021 78110
4189 4323
58990 59162
20676 20968
50749 50785
47492 47526
41969 42310
67731 67864
56226 56311
55887 56039
21800 21819
66971 67148
29888 29893
34069 34150
7686 7756
44553 44568
77143 77590
60533 60827
63521 63708
75390 75543
71853 71908
1039 1070
60665 60757
26706 26828
9001 9097
15390 15584
73323 73492
14384 14572
77985 78113
36355 36419
49926 50207
22381 22685
45166 45246
2648 2781
30987 30994
26457 26505
23771 23902
20320 20323
45165 45191
18908 19020
59414 59422
73312 73338
12082 12114
42180 42482
62563 62676
63215 63252
17668 17675
62542 62691
17750 17788
22422 22617
57597 57859
68133 68138
6666 6670
51265 51652
66993 67080
39146 39324
19324 19373
43588 43762
35520 35598
8254 8356
72907 72974
48735 49116
20250 20418
55420 55442
14915 14938
2714 2768
44509 44581
78513 78585
4827 4872
75537 75605
39460 39511
22473 22502
26993 27020
71800 71810
12238 12350
65334 65530
24299 24306
74705 74800
18595 19119
36794 36871
31261 31334
75213 75284
53670 53747
18762 18848
33194 33481
1832 2348
15880 16066
7414 7474
62325 62495
72292 72506
60048 60613
6127 6326
24315 24316
30247 30382
21710 21767
38733 38740
29459 29517
37391 37603
36443 36887
6638 6733
78881 78945
13368 13439
28933 29224
17133 17348
3908 4081
53063 53252
40212 40257
57331 57389
15267 15325
63535 63585
5328 5336
44760 44899
77742 77802
40363 40364
51000 51042
7540 7559
69780 69808
72535 72915
4840 4883
26128 26502
77864 77965
66228 66394
17086 17186
64222 64381
49250 49314
50812 50856
39262 39587
51882 51990
58878 58904
65550 65753
21388 21554
68296 68369
4725 4845
68923 68931
59565 60779
32296 32425
36646 36949
14130 14472
35955 36073
71474 71774
69730 69778
47663 47867
67826 67902
12979 13046
17824 18333
54978 55109
65271 65342
70047 70089
57180 57240
29104 29219
2866 2912
37654 37796
27559 27743
46268 46344
26733 26819
11630 11748
55176 55798
75712 75821
46795 46863
75228 75289
653 682
49912 50102
19956 19982
17267 17289
40618 40752
76700 77047
52510 52701
47056 47098
40193 40419
53069 53115
9212 9237
43857 43988
15344 15515
16354 16466
39962 39980
43698 43834
70440 70455
2175 2487
22424 22637
75534 75747
9682 9737
26218 26223
15633 15972
32190 32452
53650 54409
39211 39282
22570 22620
1537 1687
67230 67791
49422 49553
65253 65559
48554 48655
76463 76773
42831 42832
5744 5792
29276 29376
15481 15505
65333 65371
24578 24701
5500 5510
68168 69873
42702 42863
70476 70928
4753 4942
49951 49999
21771 21893
23665 23768
61117 61331
23837 23982
61759 61812
5694 5794
57466 57496
3344 3365
11360 11372
7916 7965
25872 26053
31925 32096
27236 27326
71010 71195
46432 46714
74981 75128
14737 14834
52651 52807
32753 32771
1108 1135
77709 77832
49157 49201
60105 60110
49210 49286
14146 14190
50068 50505
68469 68573
47616 47757
18910 19210
56940 56942
74781 75275
31776 31927
60387 60534
45600 45901
32415 32780
66925 66929
56833 56998
72872 73079
30284 30346
79127 79195
17383 17430
949 1104
51142 51211
50089 50365
58777 58778
53013 53034
62661 62688
48461 48513
44990 45226
7321 7421
50870 51164
14862 15024
70362 70421
32845 32881
6204 6212
29938 30007
17678 17701
67087 67130
72097 72568
44123 44199
67068 67377
1623 1758
70833 70955
78450 78461
33484 33527
8010 8416
40481 40657
67201 67392
32280 32334
58042 58155
44360 44505
8282 8424
38245 38435
43999 44009
79850 352
64245 64326
21725 22173
15261 15265
76505 76650
40944 42019
23370 23596
36330 36354
68461 68467
49610 49689
48603 48666
8284 8468
8208 8442
79193 79292
40714 40726
46330 46438
21861 21925
67450 67522
41798 41830
23046 23148
45294 45301
1702 1777
12737 12930
28663 28681
26202 26391
17557 17603
50294 50386
42381 42453
28787 28889
16081 16240
55174 55212
33941 34074
35396 35528
52584 52676
67310 67446
24766 24973
43672 43795
15660 16005
38482 38606
14460 14764
12385 12857
40400 40630
47066 47145
77644 77688
27259 27285
5292 5407
1061 1076
75562 75819
20368 20659
60830 60918
74120 74290
2305 3071
56921 56926
25436 25643
23442 23471
21665 21910
2026 2119
72267 72481
39440 39449
53592 53825
12653 12802
746 874
48427 48680
1092 1100
21160 21402
49426 49759
5599 5713
48591 48700
39311 39330
71262 71289
78613 78737
16589 16607
50270 50290
51071 51077
62933 63153
14726 15032
11014 11083
4477 4638
37433 37440
31999 32235
69122 69179
6319 6786
43963 44005
40881 41403
70191 70458
75161 75250
33763 33816
14345 14595
33902 34047
79453 79625
46993 47128
17927 18019
11069 11613
52589 52961
23060 23243
6721 6888
30162 30171
32105 32202
51384 51674
38610 38639
4125 4319
23857 23968
4289 4375
51601 51694
3918 4010
70413 70783
56219 56268
22926 22986
19546 20168
49087 49149
29841 29934
26418 26426
61172 61247
73529 74068
54206 54307
13175 13220
31608 31629
58807 58950
57121 57415
9379 9467
27382 27543
44497 44649
6827 6908
7445 7477
49966 50306
69121 69464
26179 26217
5050 5430
59621 59622
17350 17352
62614 62677
78912 79016
59116 59153
45323 45343
59083 59091
55132 55186
51147 51269
51114 51180
52567 52692
72019 72021
73512 73675
65601 65683
41359 41389
57199 57310
35107 35273
66534 66633
30870 31276
50554 50608
58484 58614
16986 17009
22813 23116
29674 29724
60450 60474
35065 35175
21094 21100
50718 50852
50894 50941
62350 62650
5101 5156
29791 29929
52792 52905
66842 66856
29910 30404
34510 34601
9495 9501
57041 57549
43138 43160
43102 43111
20478 20483
78840 78921
69260 69449
59307 59309
51293 51867
75010 75041
77731 77824
28092 28563
30083 30588
60453 60524
41039 41064
33839 33923
8401 8436
52687 52695
26261 27028
45866 45868
17875 18036
29966 30003
39863 39882
55402 55671
44650 45460
34766 34957
18869 18961
66108 66118
54077 54105
47722 47879
17737 17979
66756 66773
49740 50239
51939 52035
44051 44087
31484 31672
30806 30850
6700 6761
59234 59244
31462 31633
34232 34431
38013 39011
74623 74733
40781 40964
5886 6083
1613 1681
27795 27873
17914 17965
10596 10734
77370 77418
9037 9110
79562 79677
5432 5534
10745 10987
76567 76603
62435 62575
79153 79286
33793 33848
67716 67933
79000 79058
31568 31595
60653 60689
14707 14840
28148 28193
12278 12590
28565 28683
75195 75346
11697 11730
27287 27327
15519 15742
45439 45566
71739 72010
57291 57369
32672 32678
63750 63776
5036 5043
47264 47719
34426 34641
60438 60508
32974 33206
9596 10038
21268 21493
22169 22209
20723 20740
18718 18765
15630 15665
39846 39895
35661 35772
34585 34866
20380 20421
53525 53614
26498 26537
37059 37236
74457 74541
1526 1778
52968 53062
47423 47442
28866 28912
30072 30174
44671 44776
46655 46925
42452 42488
26282 26342
36424 36538
44138 44608
17945 18241
67412 67521
24042 24085
25418 25432
59178 59350
50622 50696
71401 71447
30345 30497
52246 52486
41005 41194
72305 72336
48063 48154
43564 43677
38020 38067
29350 29392
43546 43560
66634 66648
36176 36403
41619 41702
64512 64670
25830 26046
14731 14735
58599 58719
58643 58859
42061 42189
45348 46127
19680 19819
67504 67629
38210 38293
25408 25527
16186 16305
55054 55251
59749 59816
77894 78074
28431 28529
23544 23631
39399 39402
43377 43461
7453 7482
13228 13302
38833 38947
36126 36195
33706 33720
66307 66321
40539 40557
78992 79008
17665 17707
40194 40825
19432 19487
74525 74624
57238 57303
79213 79392
46058 46176
42602 42630
62271 62295
22364 22386
54241 54398
2098 2115
59562 59630
20917 21071
28470 28594
45676 45718
27263 27334
24346 24347
20948 21114
50074 50491
79446 79624
6923 7185
1053 1142
48617 48703
31101 31158
32920 33433
79612 79769
13576 14029
32852 32949
17602 17861
19326 19327
25894 26301
67541 67855
56124 56156
40815 40916
13809 14052
14284 14334
71519 71626
26738 26894
21248 21384
56770 56876
28132 28151
76220 76327
50882 51193
18755 18883
4489 4562
39837 39890
31892 32194
51404 51445
77415 77427
13981 14211
7274 7326
43682 43736
26783 27018
60774 60814
57776 57789
46519 46632
18641 18689
39371 39765
79318 79421
15797 15801
12835 12983
47460 47465
25241 25327
24455 24551
53714 54021
53401 53682
61116 61141
44200 44357
58289 58385
1597 1666
75944 76057
61242 61269
32244 32349
48051 48131
68126 68179
18448 18697
38320 38412
53324 53572
56838 56871
6884 7324
74499 75083
50322 50995
24462 24540
16676 16779
14861 14935
63991 64654
50160 50189
69364 69376
53759 54104
49803 49939
23242 23458
5118 5284
63239 63272
48232 48235
16074 16163
22776 22795
17897 18020
27724 27766
20737 20760
10071 10081
12239 12269
53757 53810
44800 45040
5320 5398
78263 78504
48678 48867
75582 75673
73965 74049
49658 49673
14606 14630
7024 7953
14697 14740
21010 21116
8210 8443
18444 18645
37370 37513
69605 69611
70017 70183
64842 65039
73435 73454
29199 29384
62401 62479
35517 35657
73321 73381
79490 79568
51068 51340
23117 23491
77094 77144
76090 76203
3348 3678
26091 26157
24710 25123
10405 10607
54669 54861
13848 13939
40849 40888
55014 55103
59578 59614
54993 55309
11327 11389
31451 31479
58460 58558
36381 36414
79065 79150
46964 46974
9843 9952
45744 46000
36268 36467
44993 45105
54060 54067
6802 6864
57010 57034
47598 47729
9672 9719
12292 12382
35709 35722
34754 34886
6344 6525
18866 19101
67452 67557
7389 8304
64094 64207
53230 53239
34673 34973
44346 44552
20693 20719
49860 49862
62514 62534
3863 3882
61300 62096
16982 17011
42130 42149
39306 39370
57890 57915
24575 24624
57741 57770
42995 43072
51540 51716
35084 35098
45794 45809
33052 33082
75782 75831
14960 14972
76186 76358
27801 27808
37582 37719
78717 78818
76561 76679
29869 29895
52993 53108
11504 11541
54780 55001
45627 45792
58744 58961
303 537
53263 53323
45070 45107
30731 30783
2717 2771
70990 71080
15029 15143
70011 70203
29537 29654
59773 59801
32183 32358
27299 27350
76552 76607
961 1121
12407 12474
29083 29181
36396 36551
16998 17007
20586 20607
3880 3935
16957 16973
44741 44818
14175 14203
79479 79622
56991 57073
60466 60640
24592 25170
16832 18946
6137 6276
71978 72031
30210 30503
49563 49590
75849 75989
25751 25985
27739 27914
25701 25857
54689 54959
29779 29936
69598 69972
72044 72149
8093 8158
149 189
75006 75099
27086 27139
42272 42551
78179 78315
63201 63940
70745 70974
19720 19749
41016 41051
12664 12711
76117 76178
65389 65629
18414 18424
68048 68569
1938 1976
26004 26106
79087 79163
41115 41129
18117 18441
37488 37523
20665 20780
25078 25176
29355 29563
4328 4855
47299 47478
43770 44085
8874 8996
9013 9032
35851 35917
27583 27688
17452 17485
44802 44808
36293 36302
13422 13710
65822 65907
46461 46526
4424 4750
15648 15650
14057 14100
49622 49702
23390 23478
32355 32400
76183 76297
54233 54525
14878 15088
11314 11421
43976 44020
71881 71893
34605 34801
10857 11399
28038 28124
65060 65516
75229 75330
79080 79105
4815 4826
1575 1607
59852 60050
4186 4254
30844 30971
61383 61610
72832 72980
1984 2059
20339 20366
40865 41057
28500 28526
51195 51520
10434 10565
33909 34189
36652 36699
66836 67179
18467 18504
28339 28454
29457 29472
74444 74673
68841 68912
71749 71760
58322 58510
1269 1301
55890 55903
46039 46063
1901 1949
56078 56213
24614 24743
42566 42577
79498 79529
22291 22408
54609 54618
12264 12873
23069 23143
31480 31520
53555 53587
36449 36543
64406 64621
42803 42932
2497 2758
1058 1115
14953 15006
54025 54280
28896 28902
8781 8893
46997 47078
40298 40467
23525 23717
49363 49388
4885 4950
66846 66936
240 283
57276 57714
13535 13549
76846 77366
78660 78661
73925 74523
19814 20118
24111 24146
1950 1995
48898 49059
51338 51400
25902 26099
32257 32393
13589 13656
20255 20298
34545 34592
70741 70758
38069 38263
79760 79800
70034 70201
78541 78610
29469 29750
48457 48852
1514 1539
29341 29362
25006 25174
75400 75413
47280 47308
60324 60376
76337 76403
6253 6564
66992 67105
66831 66877
75588 75751
69014 69224
69933 69969
78221 78324
63286 63389
58549 58724
25561 25566
31298 31543
52018 52052
41395 41430
76255 76298
463 553
25795 25933
74655 74725
24033 24101
58776 58827
41976 42296
24436 24446
18430 18567
24387 24403
5607 5667
37676 37684
19823 20066
34211 34247
45224 45319
27568 27602
35157 35263
77879 78629
63913 63947
13929 14046
43516 43650
21791 21845
28743 28978
60322 60443
75718 75759
71917 71956
9594 9650
50052 50078
68177 68338
9985 10547
74003 74027
48725 48788
58674 58679
1628 1629
61426 61467
20989 21080
5309 5585
42884 42945
26514 26746
38885 38985
47546 47694
34445 34457
50123 50380
14702 14741
38889 39055
8246 8446
35870 36026
33287 33418
15746 15824
77172 77195
64555 64733
10535 10594
62794 62888
19439 19449
55791 55794
66106 66122
17991 17999
2923 3000
69493 69597
30623 30766
1182 1333
52674 52804
12679 12772
56892 56923
4092 4181
50938 51094
28268 28336
66187 66252
41314 41626
14763 14896
41472 41889
6603 6619
40860 40968
45029 45193
21946 21965
21720 22080
36435 36461
38399 38590
63831 63898
55203 55356
10819 10906
72135 72193
25805 26016
57750 57760
21129 21198
11860 11896
47913 48141
10241 10458
4351 4539
17038 17078
14831 14929
3067 3068
43282 43284
41998 42014
45821 45967
26443 26511
4240 4671
72344 72477
19263 19313
23531 23871
72493 72601
22136 22198
46322 46353
4140 4292
51940 52045
36542 36594
54120 54135
11635 11646
28282 28515
43733 43902
8036 8044
22670 22712
16598 16669
59100 59151
50898 50931
36571 36722
7197 7215
48850 48932
68294 68305
49273 49336
32158 32211
3939 3986
74976 75014
51699 51817
13882 14054
33779 33807
51492 51546
44316 44511
24930 25010
12991 13024
27008 27242
76281 76456
31209 31443
40791 40818
1819 1896
5227 5277
18272 18421
79121 79136
26159 26571
64609 64743
50582 50594
46910 46943
17384 17428
6783 6794
43053 43062
24784 24795
28475 28477
49195 49231
74714 74741
60836 60843
33662 33754
33107 33158
29755 29769
35744 35761
57301 57406
68807 68816
45484 45781
43676 43901
60738 60747
5269 5324
48107 48620
3848 3906
43104 43240
53114 53168
57555 57556
7763 7823
51311 51355
44000 44016
35209 35378
29527 29896
52239 52257
9308 9314
50198 50280
23349 23422
51454 51571
70134 70415
30087 30241
26204 26246
42703 42749
68333 68542
7722 7744
79134 79220
12553 12597
54285 54356
40713 40880
38416 38465
24990 25288
28892 29035
4224 4228
59772 59897
43389 43391
40621 41973
4440 4882
75094 75101
67061 67071
18308 18416
50213 50218
52447 52697
3963 4011
67011 67240
71964 71980
5102 5147
51747 51757
16659 16804
5581 5610
75461 75599
53003 53119
44744 44887
32092 32204
19905 20115
8997 9027
60151 60188
58250 58377
64324 64700
74824 75137
60455 60477
44317 44395
30071 30243
75241 75242
54575 54862
36243 36342
43929 43967
5908 5915
35799 35802
3494 3537
63021 63073
39251 39591
53197 53442
5660 5817
79495 79575
69174 69263
59242 59625
69329 69415
72489 72557
28826 28966
68340 68380
51785 51881
68572 68903
44747 44757
9147 9207
47180 47344
25336 25714
35546 35639
29831 29886
43443 43681
45883 46312
40441 40448
23202 23326
29234 31111
39745 39771
24579 24616
59439 59495
43788 44236
38396 38400
3934 4211
54358 54419
68026 68330
49897 49915
39937 39970
66178 66408
58243 58294
3345 3406
4952 4980
75730 75800
33439 33544
28612 28649
70954 71163
17092 17137
74197 74400
62026 62097
41888 41948
58837 58876
34981 35427
56882 57061
53916 53999
47136 47158
71231 71256
58809 58839
30413 30466
5629 5710
40041 40058
61185 61214
47717 47977
42200 42234
56452 56665
49238 49262
13837 14105
7613 7743
35894 36040
79722 84
78240 78279
26903 26945
11407 11485
16761 16909
66932 66947
7741 7891
68108 68350
56820 57002
14195 14254
61288 61472
59659 59832
28340 28997
8834 8930
52250 52472
23860 23926
13131 13258
13582 13959
53554 53584
76462 76543
73032 73035
63550 63587
26976 27035
73522 73545
22128 22217
4849 5024
28206 28302
71949 72007
64580 64675
14072 14152
78947 78950
30306 30340
7819 8029
48964 49021
14093 14326
77255 77484
74559 74856
63908 63918
63011 63022
21169 21396
3943 4029
55206 55376
42460 42576
2955 3543
31129 31134
53300 53332
54036 54227
44238 44314
77318 77461
54195 54346
73559 73604
25131 25165
56368 56458
16353 16410
58416 58421
16512 16565
23530 23585
14430 15289
41879 42032
34833 34900
71034 71330
74516 74750
19756 19836
73892 73922
45142 45152
14438 14470
33265 33560
36768 36846
10687 10760
6699 6860
75931 76046
43090 43155
55859 55902
4700 4732
38830 38878
16853 16900
55498 55907
60666 60745
40885 41104
44870 44992
60810 60842
18799 19139
26113 26136
562 640
51330 51354
42634 42637
18980 19307
4205 4218
28945 29013
55487 55551
73863 73896
51402 51421
71341 71516
77015 77199
69283 69360
49287 49374
38595 38638
13141 13148
44164 44194
60878 60928
44687 44732
8974 9186
5960 5996
79858 16
68944 69008
13065 13083
72831 73099
68522 68587
53865 54208
43187 43226
19064 19363
21658 21677
71170 71217
46830 46889
28199 28273
74080 74169
77265 77807
79216 79293
49811 49828
43453 43517
73638 74137
13073 13096
3990 4090
50709 50781
31980 32021
58788 59045
4649 4811
55039 55463
22266 22325
53537 53792
54923 55049
63642 63780
30299 30352
23448 23516
76455 76569
4922 5421
16290 16446
18314 18342
74609 74672
41559 41691
49164 49203
76681 76783
2743 2747
32000 32024
76189 76276
44787 44938
78434 78991
26826 26832
29798 29801
498 626
44923 44943
66621 66628
44341 44458
4449 4475
24353 24460
23856 23969
61367 61553
30334 30508
70530 70576
13635 13920
35145 35172
19807 19816
4967 5265
4348 4355
11095 11182
26691 26726
75934 75967
17202 17292
24734 24762
45633 45729
38332 38475
26961 27185
50638 50657
57412 57565
10871 10940
1239 1331
74448 74566
7548 7576
59464 59466
11843 12107
35162 35302
12766 12971
19025 19175
7958 8094
76763 76821
20626 20628
72598 72751
56866 56946
1098 1213
34676 34940
12682 12785
34207 34261
68219 68527
33233 33571
56973 57000
64893 64941
16885 17072
74024 74036
78734 78805
37768 37818
45539 45580
67803 68072
48091 48136
57066 57153
18136 18320
65191 65766
62997 63337
62371 62407
3900 3921
49281 49357
22471 22684
25147 25294
14856 15448
58194 58374
56565 56628
60275 60394
32776 32800
63111 63261
4526 4584
62010 62192
71993 72036
30029 30108
55397 55660
24883 24951
70915 71145
72867 73571
21823 21923
69231 69425
259 356
79953 29
18292 18811
35976 36953
35810 35881
51357 51439
54176 54203
27699 27708
30375 30408
77542 77889
49372 49382
67394 67685
18250 18538
48006 48087
6627 6681
42620 42753
61849 61874
78153 78183
73760 73798
41154 41214
62140 62246
58988 59278
18651 19172
2267 2440
72726 72762
19935 20329
40065 40078
31131 31210
18767 19384
70126 70137
8846 9044
1141 1417
46639 47026
44812 44894
34492 34498
38730 38913
72226 72227
16987 17022
19642 19785
36326 36455
22280 22410
6814 6855
72209 72514
45644 45663
49074 49128
44903 44952
61026 61038
6772 6902
13362 13513
3124 3156
11420 11562
1084 1085
58804 58949
75037 75050
8583 9476
41045 41112
79934 39
70109 70130
64591 64649
21930 22127
50121 50148
53876 54224
26081 26317
44365 44388
31827 31866
13503 13662
8220 8556
64850 64911
40142 40147
33945 34058
57567 57870
38846 39060
21622 21634
49131 49344
42072 42106
23787 23949
25124 25885
26572 26782
48822 48915
4523 4658
36640 36780
3198 3207
57904 57984
35552 35930
26142 26242
780 920
19638 19673
73021 73173
33837 33896
70434 70753
65098 65343
35705 35900
34353 34547
49347 49416
42826 42909
61188 61356
51286 51325
29067 29085
43195 43491
65924 66216
21769 21826
59073 59260
35023 35099
78591 78698
8641 8712
26871 27094
43121 43221
72686 72883
14292 14393
16725 17175
75364 75368
47133 47176
29644 29683
62706 62711
43539 43578
50260 50397
62552 62653
21275 21661
70135 70240
29468 29648
60334 60385
30107 30480
42941 43076
63718 64526
33187 33302
11649 11701
47672 47754
6730 6823
22496 22558
57485 57892
75226 75446
66446 66452
17095 17102
39928 40034
52410 52560
79775 79993
30883 30993
5662 5757
28614 28662
42385 42468
33223 33365
62991 63027
76058 76367
58886 58967
78328 78399
23750 23778
46421 46450
45998 46085
4506 4528
28655 28708
17103 17205
38238 38312
48715 48993
49181 49258
29509 29561
47614 47864
12387 12611
62086 62188
63342 63391
49993 50085
16113 16625
64632 64711
28924 28926
54046 54258
46271 46375
15171 15342
52813 52840
34340 34341
38592 38777
32871 32883
58237 58479
24512 24558
74544 74580
34953 35136
31768 31832
49589 49706
78063 78842
21044 21054
26472 26695
12103 12170
21233 21280
67611 67644
60983 61041
15092 15257
79499 79506
9072 9240
73784 73908
44642 44658
2590 2657
55085 55250
58883 58991
21917 21941
53636 53746
45974 46138
27995 28064
24813 24818
65181 65252
43640 43822
23109 23188
39345 39419
69026 69065
20486 20532
22983 22984
54799 54867
55114 55131
30024 30141
40380 40692
72957 72975
18766 18858
72772 73175
32130 32591
56217 56385
53710 53820
67485 67535
67445 67726
63588 63669
55017 55619
45145 45228
14717 14905
14411 14658
47480 47488
70043 70186
48793 48891
66625 67039
53944 54138
18242 18287
55737 56749
48286 48736
77813 77901
47952 48061
29312 29413
26676 26725
61986 62131
70948 71205
36189 36209
28775 28849
11514 11559
74885 74961
71594 71655
27268 27422
73839 74002
41294 41361
51485 51541
18541 18596
10202 10310
38234 38256
73831 73840
62906 63066
17619 17823
39077 39228
26297 26330
3740 3899
6062 6089
56855 56981
40182 40229
1888 1930
54107 54154
2507 2517
33551 33616
6116 6173
32816 32834
67937 68008
70796 70797
44159 44202
736 738
76043 76165
70501 70529
71184 71235
8015 8330
22542 22639
51336 51447
24821 24872
320 787
77835 77874
23470 23497
78844 79076
57786 58074
26032 26041
62428 62498
28153 28891
21220 21340
54221 54430
76628 76630
24778 25161
38629 38670
13298 13446
48740 48860
17969 18249
25360 25402
5172 5339
56797 56806
66538 66694
62033 62122
13442 13475
61966 62092
17497 17743
46618 46709
27428 27445
13214 13487
34715 34911
46575 46623
71359 71532
47156 47327
5179 5315
22486 22546
61182 61359
16825 16919
24824 24881
20127 20190
78253 78422
16104 16361
59499 60156
34425 34730
73705 73751
48609 48677
5831 5842
35611 35625
77587 77648
23064 23296
24086 24364
32541 32567
9363 9461
53701 53719
15737 16094
77161 77187
8865 8879
14523 14539
43213 43239
79135 79374
4364 4494
19859 20238
37060 37170
11179 11199
312 336
31421 31437
24690 25111
13355 13392
36673 36723
40154 40192
13394 13573
819 881
73657 73659
12887 13022
50303 50350
70619 70643
54137 54325
63243 63317
48300 48385
28403 28436
24149 24362
25348 25455
20508 20715
5177 5181
73140 73162
30377 30535
65220 65436
14609 14695
37138 37203
22174 22278
24708 24713
39994 40045
67458 67638
32072 32148
50940 51442
38348 38392
78195 78288
21371 21392
41257 41460
34292 34352
21381 21585
69946 70606
10516 10555
2882 2954
64342 64613
35078 35135
38918 38933
8701 8713
70939 70943
18493 18606
56511 56535
14473 14571
39533 39563
56076 56174
48371 48527
4007 4032
27901 28054
27936 27951
47537 47610
61918 61926
42390 43142
21978 22034
64308 64310
60320 60459
15913 16162
30952 31985
1829 2017
39733 39943
78333 78376
69180 69348
44632 44636
34782 34804
32299 32420
25221 25568
72640 72703
78044 78493
70574 70586
37338 37408
76443 76513
11595 11654
65567 65573
36808 36856
72528 72644
74469 74479
35467 35565
23048 23163
70725 70901
1241 1499
1956 2047
19864 19878
49997 50066
4873 5099
4103 4404
59171 59719
14172 14197
29009 29011
33958 33967
52254 52338
45694 45783
75476 75527
66959 66969
11484 11671
72411 72564
69865 69937
15407 15442
75974 76245
15305 15416
35750 35816
43204 43256
47274 48359
26390 26448
70332 70447
59643 59716
40255 40302
34757 34823
56722 56947
20172 20331
68751 68796
27114 27173
64265 64266
14959 14961
45567 45575
57013 57274
74359 74460
50195 50532
50779 51316
32419 32432
11556 12009
43970 44031
49459 49461
55607 55608
17732 18179
13554 13592
49885 50364
50415 50728
42772 42935
57058 57117
59467 59552
32403 32424
67593 67633
29038 29095
69732 69761
24301 24442
74782 74865
12229 12469
43465 43496
27043 27234
19339 19357
75508 75592
53387 53426
8241 8274
75600 75771
44206 44266
13481 13562
10065 10090
23332 23384
39044 39088
74588 74615
62735 62873
40480 40551
68826 69140
831 1472
38745 39079
61319 61489
1498 1536
18180 18192
61747 61829
61979 62352
39056 39151
31355 31506
671 720
59598 59662
49204 49206
62986 63348
825 826
29359 29456
17201 17342
65887 66528
74911 74922
24418 24427
21347 21354
19149 19226
65512 65554
182 208
32988 33002
50806 50930
3669 3712
71575 71622
4680 4961
13452 13524
23137 23520
36861 36877
37371 37399
44729 45065
60806 60887
65804 66048
18169 18363
9576 9924
3197 3301
30820 31624
48245 48430
70635 70645
13537 13604
78984 79168
79643 79823
45959 45995
76102 76703
38803 39005
66507 66517
27701 27956
64012 64050
1002 1133
78475 78593
73689 73725
31577 31614
41852 41880
5098 5117
23333 23410
533 551
26661 26774
47032 47042
523 739
33595 33627
14131 14181
19245 19829
24143 24319
74973 74995
49076 50687
22155 22341
78643 78725
59553 59611
41330 41419
42978 43034
57046 57075
54347 54427
55685 55729
29766 29808
36835 36874
12515 12534
79881 26
51672 51903
37242 37412
12046 12086
38418 38576
7932 8125
53673 54069
28430 29266
35908 36089
45731 46041
398 501
4929 5189
26919 26984
62215 62415
36200 36305
49596 49723
62841 63019
51058 51242
24412 24468
1928 2207
1467 1579
12497 12571
50467 50517
34236 34259
23845 23972
58410 58432
50845 50932
41471 41499
46518 46622
8934 9293
68071 68349
58790 58974
78503 78518
65598 65636
31494 31533
57552 57577
77690 77718
25541 25642
18880 18969
53162 53522
72091 72352
35948 35999
30961 31000
37269 37344
45225 45287
18329 18339
2994 3035
69419 69521
54130 54133
50031 50058
10176 10190
21540 21956
20587 20851
50837 50843
20441 20500
53046 53087
14377 14455
30302 30353
73046 73053
48511 49468
60310 60416
37804 37830
46110 46125
75149 75212
71864 71877
29042 29050
79913 41
8059 8060
10238 10387
59224 59443
75248 75260
22104 22151
61140 61338
65610 65891
42404 42552
72738 73017
24148 24329
7076 7363
12272 12308
51632 51644
2494 2601
60612 60697
10532 10647
26182 26462
17446 17521
15412 15458
11676 11822
70032 70537
25544 25717
31566 31591
35909 36107
69336 69486
40315 40374
46135 46149
72922 72924
33768 33826
42282 42697
16327 16430
3711 3816
52568 52601
62723 62950
44482 44549
7668 7687
67689 67875
8541 9042
8547 8626
17131 17196
58522 58620
5969 6080
26777 26833
14030 14089
23506 23536
9471 9513
23813 24069
76452 77091
35530 35574
79367 79524
48096 48110
63302 63363
76535 76556
27278 27411
3505 3508
56693 56773
64491 64519
62530 62593
72357 72443
25741 25912
71328 71379
24809 24898
2630 2670
34185 34248
10315 10351
58352 58889
4209 4267
77664 77982
56460 56467
37497 37706
76816 76845
47519 47556
27754 27881
64631 64885
35666 35739
37604 37926
44954 45039
42531 42562
12125 12249
100 279
68142 68803
16664 16670
44227 44385
58118 58175
67528 67548
54313 54330
61706 61771
38270 38281
2741 2800
37992 38264
49309 49319
71611 71681
41421 41490
41778 41842
6270 6275
79607 79734
63675 63841
73539 73558
48311 48316
17505 17512
13178 13247
19955 20033
47134 47165
52606 52668
50335 50481
70663 70775
67496 67497
71523 71550
62399 62551
50057 50171
47207 47373
12749 12820
39617 39787
20091 20112
76432 76512
65319 65368
26885 26898
6710 6768
35420 35494
20103 20131
70127 70156
6798 7642
60001 60223
60064 60461
30277 30278
16521 16943
48514 48569
17873 18022
37362 37515
37852 37937
43266 43280
63723 63783
23760 23879
41806 41935
7008 7282
1772 1779
76772 76809
8670 8708
38402 38407
74831 74950
28095 28194
26322 26690
35991 36132
34242 34372
7317 7524
50486 50619
77023 77110
61504 61572
55747 55778
47893 47976
35219 35448
32605 32606
59347 59675
9487 9698
65742 65956
68947 69145
79032 79161
19480 19622
21007 21048
54614 54629
69322 69391
67683 67980
51820 51859
59999 60195
2628 2811
79054 79063
14441 14575
56261 56291
27596 27769
50716 50876
53200 53314
51657 51934
31156 31328
75151 75234
52032 52188
5429 5563
10579 10623
64994 65070
66734 66803
5796 5830
8395 8568
15888 16429
69284 69478
74178 74254
24826 24832
39058 39064
50088 50109
68611 68680
55877 55893
49718 49747
3336 3477
33222 33282
1420 1547
59092 59121
44348 44371
58517 58692
7911 8067
4512 4747
40129 40143
32250 32318
12390 12439
67390 67410
8294 8302
4268 4521
49672 49683
36251 37213
62737 62931
64286 64496
19925 19975
55383 55476
28451 28476
11528 11600
45217 45267
55815 55827
43008 43223
78624 78670
69152 69182
31395 31667
54129 54192
47193 47330
39523 39537
35727 35856
32282 32330
2313 2384
25556 25745
72714 73591
73907 73909
71709 71827
21212 21228
62484 62547
30341 30367
47091 47106
56395 56425
68275 68376
28585 29900
13217 13522
5593 5602
58609 58795
29564 29591
19352 19472
891 1052
69475 69803
41110 41251
54521 54617
36420 36476
17900 18009
18965 18988
67812 67849
8809 8875
38176 38314
7214 7312
28736 28751
68768 69203
76831 77088
68695 68894
72192 72286
54664 54740
32479 32488
31145 31386
54774 54887
13483 14574
8575 8620
24185 24253
24079 24410
14844 15069
28656 28730
32238 32410
10563 10669
9055 9060
50230 50301
39616 40436
36087 36110
26519 26612
41056 41083
48906 48987
46169 46228
9342 9355
78533 78547
6282 6502
16138 16457
8788 8818
364 460
39026 39222
1334 1349
29227 29293
12271 12301
69608 69800
58211 58270
11522 11982
28071 28212
59146 59208
53702 53735
522 658
73114 73502
38519 38540
78534 78776
38722 38795
4124 4242
58600 58655
2534 2592
23368 23369
68386 68519
63698 63752
24852 25249
18899 19360
20669 20766
23144 23207
69511 69548
74694 74757
24742 25150
28239 28286
28986 28992
6938 6980
16962 17203
31545 31627
6744 6871
57906 57986
8960 9098
33488 33500
12146 12152
76362 76442
53593 53658
57609 57644
42069 42305
34180 34258
39945 40240
45916 45961
45814 45894
47359 47624
17354 18442
75428 75593
18074 18298
55696 55713
2096 2234
3794 3826
31185 31191
14320 14506
5458 5637
41839 42295
28422 28481
9249 9309
20357 20526
64321 64728
6639 6673
4497 4553
63435 63575
38148 38228
65313 65410
45264 45349
16267 16296
29365 29743
68290 68521
53654 53687
34423 34493
14907 14965
32011 32126
52603 52798
66506 66539
78753 78972
24189 24359
2423 2775
15870 15973
52368 52457
29151 29521
77352 77450
28758 28977
40376 40738
28207 28230
69030 69070
55624 55795
8819 8835
67060 67308
54963 55130
32348 32374
47219 47263
55522 55546
46503 46513
61135 61219
54539 54605
2823 3025
75526 75547
30797 30902
38353 38431
62938 62948
62458 62511
45133 45222
47725 47787
29790 29813
15099 15127
26616 26675
29971 30425
17745 17794
29445 29470
23948 24037
33862 33895
78236 78397
37645 37699
55790 56001
22254 22435
758 2406
38508 38586
67298 67625
27085 27118
75830 76647
72671 72715
72701 72764
11435 11495
17309 17369
34262 34469
45526 45715
44023 44218
48504 48697
48318 48611
43042 43089
24644 24665
41469 41719
34181 34253
32276 32644
48489 48549
76883 77013
30781 30938
5811 5820
18663 19041
1789 1834
19806 20000
74268 74337
26127 26266
39639 39680
15454 15459
64353 64432
17669 17692
58185 58244
61398 62101
8230 8427
17575 17633
10115 10208
55177 55178
63849 63986
13275 13304
68945 68953
10837 10963
14419 14477
77399 77748
74096 74286
14533 14578
4701 4757
24432 25045
38964 39010
74226 74249
36495 36774
60593 60619
32885 33062
17529 17884
36386 36427
42705 42761
69673 69705
2711 2744
7980 8047
49833 49844
11509 11638
22701 22725
69520 69601
52084 52236
68601 68631
73302 73400
70195 70209
46920 46989
36444 36553
11209 11211
76761 77002
77552 77601
55005 55022
71583 71691
44597 44623
18671 18812
27933 28110
26923 27106
74143 74500
28450 28463
49726 50032
15755 15838
71885 71961
20552 20556
60982 61271
76912 76964
72096 72243
10874 10935
67059 67123
39932 40017
28727 28785
68122 68218
77026 77090
43016 43724
68145 68183
30980 31073
13587 13810
23428 23515
2146 2157
61 134
58982 59040
221 586
432 534
66457 66536
15142 15173
54547 54714
14536 14593
52948 52979
55023 55089
25397 25446
49762 49816
25536 25709
62643 62760
49099 49139
74187 74195
8237 8243
58598 58755
1501 1649
31433 31449
44368 44373
58767 58780
33159 33214
41772 41788
61560 61644
30359 30414
73943 74038
50797 50945
10690 10707
4695 4760
14495 14712
101 393
31041 31307
41755 41890
43527 43548
16422 16537
59229 59328
34971 34987
56962 57151
72996 73146
38118 38316
77680 77844
44179 44336
63143 63149
21315 21416
4503 4524
29792 29958
61944 61973
17351 17399
73391 73456
66270 66385
22439 22442
72989 73211
25776 25811
51950 52010
50821 50834
70132 70180
75661 75679
59184 59382
19369 19397
689 882
74951 75002
50770 50777
40004 40165
73377 73712
1320 1321
71472 71488
73615 73635
69244 69270
822 982
17040 17111
76524 77163
17418 17456
45544 45680
2545 3312
19013 19123
35580 35697
47340 47505
13652 13747
66000 66112
32307 32397
35118 35323
61555 62036
50776 50961
18610 18625
2777 2837
3768 4016
42786 42844
8799 8952
67920 68119
78744 78875
6239 6315
58181 58266
19153 19374
64434 64453
46703 46962
49582 49694
67106 67447
74260 74536
5526 5549
71187 71598
45913 45938
64693 65045
71796 71851
9334 9570
75164 75176
7104 7108
5340 5357
61423 61456
40159 40167
6987 7728
3306 3482
42245 42406
77622 77625
71182 71203
78986 78988
34966 35534
62108 62277
69469 69533
43634 43710
13669 13688
19899 19953
20762 20764
12691 12730
5121 5185
40 42
32422 32437
7630 7751
75620 75637
36922 37207
19541 19771
45502 45519
8455 8530
26467 26600
52316 52351
45005 45009
60439 60484
32893 32897
76537 76566
66080 66124
12177 12620
35281 35483
26736 26863
7705 7782
55126 55367
518 645
66263 66459
64145 64191
62659 62778
1271 1430
69681 69799
48046 48095
12279 12406
60900 61438
35809 35939
77654 77954
76732 76796
5818 5843
62920 63005
29218 29238
35412 35523
57283 57551
27540 27771
19214 19249
5565 5573
40499 40587
22477 22601
3349 3350
9903 9994
2888 3075
52065 52241
44097 44325
41853 42008
62559 62635
21772 21806
41712 41840
21837 22115
20551 20606
74014 74041
45800 45810
35454 35654
33395 33541
23705 23722
12280 12352
52224 52238
46480 46537
21287 21360
24144 24424
30384 30532
16730 16895
71031 71437
57104 57107
18927 18944
20293 20618
30604 30682
29749 29820
7867 8092
157 233
14846 14877
38766 38839
63810 63953
39204 39208
64325 64433
55124 55299
73625 73630
65332 65348
17681 17705
20133 20176
76516 76636
28338 28389
70693 70742
46423 46474
34825 35044
41866 42209
6310 6403
28244 28332
953 972
70463 70506
25552 25629
59915 60021
54299 55207
16844 17051
20185 20598
36021 36069
9281 9337
59364 59471
79809 79985
9260 9306
70805 70862
8317 8460
45963 46009
13405 13418
6887 7255
21025 21060
32856 32876
3640 3823
46379 46402
68347 68607
70411 70564
70652 70710
77870 77891
30759 30891
40705 40875
28659 28675
38087 38111
8593 8778
33354 33396
55839 55908
15461 15509
13714 14259
72173 72282
53517 53589
24914 24991
18974 19161
16261 16581
41551 41556
79964 77
75031 75074
79484 79608
57495 57682
26677 26687
36616 36907
22891 23014
31052 31669
62600 62603
37902 37971
45095 45167
9618 9892
4324 4458
6616 6682
7844 7917
36843 37048
76172 76250
19631 19655
43561 43580
13152 13235
51703 51995
25638 25881
68025 68257
42530 42533
11505 11546
22930 23244
67588 67712
75640 75685
41857 41941
27957 28060
8484 8596
60847 60919
24971 25417
69698 69898
34080 34146
16780 16967
40590 40615
13510 13558
44492 44598
42556 42569
64806 64895
74786 74868
67174 67189
38295 38395
55266 55343
52904 52933
11739 12300
45478 45591
56453 56457
59529 59615
8260 8310
22506 22572
744 852
23669 23694
12915 12935
65179 65632
41628 41761
63179 63739
28627 28629
1125 1391
8144 8199
79327 79373
2479 2486
50390 50392
56043 56057
50867 50878
18357 18399
6295 6383
55690 55723
605 686
2350 2458
6139 6350
19964 20223
37526 37529
58879 58918
22532 22762
64676 64723
28962 29080
1892 2014
21081 21151
69078 69308
65431 65524
33921 33957
73249 73553
8270 8353
16680 16728
26740 26857
2915 2928
52315 52336
30506 30525
4285 4527
52559 52575
25261 25504
16317 16493
53232 53281
62824 62942
18533 18563
28791 28840
56347 56640
3625 3738
59557 59610
47112 47302
72721 72732
59668 59727
17775 17807
29492 29553
46627 46755
64782 65047
56183 56221
10783 10788
74938 75060
3224 3276
9427 9890
33607 33769
18959 18977
60108 60242
72322 72401
68440 68503
16376 16820
3008 3112
3177 3275
38562 38962
38055 38156
46811 46840
14886 14901
15197 15216
51016 51121
53850 53994
79051 79171
31956 32016
2491 2612
20605 20658
69010 69013
74795 75140
60041 60072
65821 66047
35871 35965
681 718
55873 55922
43853 43858
4785 5476
18434 18461
22975 23024
68078 68485
41264 41307
7720 7862
59303 59326
34006 34272
73160 73161
73078 73127
19191 19233
19284 19408
18618 18649
13591 13672
76948 77191
48053 48160
16571 16576
2909 3171
29399 29489
46161 46255
74991 75724
13494 13671
74364 74504
37325 37477
22228 22344
42223 42346
44883 45004
40911 41484
66833 66889
8917 9339
8730 8945
53642 53660
23086 23087
72911 72977
23777 23881
27529 27531
51020 51116
55751 55819
26343 26495
21399 21405
1439 1504
25514 25618
38902 38941
33832 33943
21205 21255
29182 29607
1993 2421
11807 11917
8160 8171
69791 69805
59123 59180
12421 12687
39851 39927
68608 68920
27869 27927
59587 59648
65402 65417
46183 46212
66243 66837
57460 57474
9228 9254
26031 26145
76085 76167
355 452
55165 55292
31047 31249
21329 21403
73521 73555
37697 37872
34666 34854
60705 60756
47453 47588
60833 61079
79685 79706
39226 39299
50005 50164
78641 78775
50045 50248
79606 79754
71693 71744
57334 58080
37453 37498
52995 53240
43255 43493
48342 48485
48968 49020
62866 63837
37303 37456
26068 26085
15148 15203
15945 16085
24753 24944
27780 27985
79337 79796
76243 76382
15932 16139
11835 11858
64011 64057
45796 45987
22295 22365
47511 48033
2948 3273
76087 76146
64905 64924
598 1222
78942 79015
54218 54494
7634 7663
17074 17083
21435 21467
15417 15449
11 195
37632 37791
9057 9261
19575 19635
5434 5515
79365 79431
35052 35849
33621 33715
35747 35795
65383 65444
49550 49674
43168 43259
60023 60045
38457 38772
5377 5393
39503 39556
35518 36105
32004 32030
49835 49839
71825 71856
45619 45735
67206 67239
7680 7926
66107 66234
5970 6049
4928 4997
75707 75762
60349 60427
79857 79898
61455 61464
65930 65951
36671 36705
8792 8986
15773 15815
19685 20002
40032 40043
6152 6154
44191 44243
46302 46398
275 405
66093 66157
11239 11267
29007 29039
1740 1756
78872 78905
15789 15825
75379 75424
39071 39105
41174 41240
29960 30052
28631 28684
8380 8410
69129 69377
32853 33458
16946 17112
52311 52328
27681 27738
13253 13278
4193 4359
5853 5956
73963 74098
58360 58437
12608 12765
62414 62543
59166 59353
60030 60123
37602 37657
42395 42480
9558 9659
63685 63779
50762 51066
69927 69975
9458 9600
69674 69697
43419 43597
22285 22434
77685 77747
73735 73790
9703 9746
51431 51690
77227 77338
3222 3295
18568 18725
435 578
68365 68397
30342 30548
68913 69005
10715 10820
36142 36231
53556 53581
67914 67978
3387 3804
58198 58256
71260 71627
5206 5252
46264 46326
22875 22946
37190 37233
44560 44668
20360 20446
77095 77204
51219 51303
26468 26575
69054 69108
18975 19044
54461 54481
78497 78731
50461 50535
57031 57097
62714 62740
56627 56674
65986 66399
39001 39296
37374 37452
27359 27436
35119 35148
65916 66040
42354 42396
39792 39835
53629 54284
14210 14750
13628 13773
8022 8142
79464 79542
61343 61373
7330 7639
20496 20547
43074 43151
3789 3796
37504 37661
61984 62012
41185 41217
61531 61792
15897 15920
27464 27601
78449 78636
26368 26525
28521 28847
1010 1074
35158 35277
66615 66716
17700 17783
29191 29318
67474 67606
36265 36283
65223 65890
76027 76044
61788 61793
51843 51930
77417 77759
27418 27553
8190 8332
51450 51553
36172 36409
66765 66875
34377 34378
74353 74379
72829 72838
41272 41455
44939 45022
49463 49464
57489 57560
51839 51899
27506 27633
64737 64819
35279 35341
72495 72558
68530 68549
64821 66331
52092 52220
70276 70658
11492 11548
25300 25384
25852 25884
41538 41563
4448 4768
47708 47779
45321 45424
22011 22118
38473 38483
24608 24666
5747 5829
4678 4786
52091 52157
26374 26375
25938 26002
1634 2366
15810 15912
65378 65419
27523 27546
65520 65603
48058 48086
29162 29164
50179 50253
6917 7063
49975 51072
44062 44091
63640 63762
69296 69351
32258 32576
50216 50222
7248 7313
60516 60685
73274 73541
48281 48332
61867 61911
21197 21334
41378 41420
23003 23009
79870 79911
2178 2303
65026 65486
47656 47812
43031 43036
38409 38470
78443 78445
69012 69068
11377 11674
74402 74423
9348 9418
9349 9385
29393 29717
76584 76928
25860 25932
73018 73207
38501 38975
37915 37976
10785 11168
55724 55789
46367 46420
27861 27918
27252 27376
64673 64770
64703 64718
29326 29345
58495 58543
29394 29406
20482 20493
70636 70776
23695 23852
58856 58981
42314 42347
74628 75004
70639 70814
12813 13077
75348 75352
78655 78846
27503 27577
32588 32683
69648 69861
18234 18282
26172 26291
14644 14681
50579 50650
43432 43467
36475 36655
66718 66855
34062 34125
29833 29891
28224 28227
79466 79674
22602 22675
11765 11987
41645 41777
14206 14604
51886 51966
17936 17948
7012 7020
14885 14908
56597 56675
26573 26585
54264 54332
6176 6193
10278 10320
5947 6171
18809 19350
66038 66181
54380 54469
15700 15716
66132 66273
74278 74412
36545 36680
10184 10485
63024 63054
32331 32354
8897 9067
46126 46209
60147 60203
31557 31856
28747 28760
19768 19832
56669 56703
63167 63976
3009 3032
21752 21822
58399 58450
48806 49001
50483 50519
66129 66208
20712 20745
47826 48211
79309 79406
24474 24552
78091 78319
13776 13830
51091 51202
5170 5171
66417 66455
48539 48953
59478 59531
53476 53524
73331 73350
73296 73474
46861 47010
60252 60366
9721 9822
13444 13470
79274 79368
57133 57513
27282 27558
68905 69062
2134 2581
64719 64946
16462 16653
32611 32878
17311 17415
12061 12188
58434 58508
63941 64117
22528 22574
72945 72962
17769 17815
27717 27753
33161 33237
78116 78198
42511 42516
20924 21019
78597 78612
18029 18153
27950 28050
19633 19719
6650 6734
36649 36658
36317 36410
56363 56445
46965 46987
32389 32511
217 250
18224 18306
65937 66017
5612 5620
46842 46880
33822 33919
67180 67598
40680 40697
50708 50753
19901 19933
60208 60285
39656 39936
66103 66299
77869 79166
3894 3968
23382 24234
42812 42851
52116 52130
29597 29700
14586 14853
5390 5527
26517 26558
60698 60811
24568 24804
52169 52177
150 416
74093 74240
56713 56744
31995 32003
24294 24444
45399 45400
30528 30670
43938 43945
54262 54499
27634 27686
57634 57818
6308 6313
69848 69885
5150 5371
67761 67788
38369 38510
6789 6891
9457 9511
37749 37769
73932 73998
72879 73097
36055 36076
20186 20720
54668 54877
15129 15152
56372 56671
41050 41212
23323 23453
67181 67220
19400 19545
48894 48919
33596 33642
57024 57688
32639 33475
62775 62876
7351 7399
23184 23468
3673 3720
72828 72835
72163 72281
2465 2559
33860 33952
62252 62319
61023 61027
60184 60247
1985 2031
59751 59774
68776 68799
46319 46327
37009 37073
52836 52874
32338 32341
64727 64753
78011 78348
52040 52090
53996 54290
70217 70260
5706 5731
63469 63653
31188 31192
63384 63475
23904 23930
23622 23783
14794 14838
16498 16614
31396 31431
61962 62136
55421 55927
53068 53149
17389 17400
18481 18498
18761 18843
77989 78076
17046 17347
58964 59315
43708 43844
34774 35017
77259 77430
60404 60546
35481 35646
36638 36654
22363 22498
20774 20834
77995 78030
70334 70456
38746 38758
21551 21703
29046 29638
7518 7609
72619 72820
44271 44391
64576 66287
47974 48018
71189 71362
31787 31901
27665 27707
879 917
19386 19416
49052 49105
48991 49007
63534 63644
74805 75035
32946 33109
61485 61640
33191 33267
10107 10165
77945 77999
36374 36510
23232 23696
1936 2133
15679 15684
40669 41002
60897 60968
29589 29619
28728 28803
71766 71907
73996 74105
32745 32751
34035 34217
68260 68361
55501 55520
54140 54274
24261 24287
31723 31861
9493 9593
40207 40340
69160 69255
18233 18327
78560 78586
51496 51497
30972 31038
54429 54661
49531 49602
69735 69990
73843 73846
4192 4249
9273 9289
23582 23689
56049 56098
53986 54100
57076 57095
64942 65581
39948 40005
50310 50348
76293 76369
39801 39823
49850 49893
78721 78795
41368 41567
28318 28368
71293 71313
25122 25230
47035 47220
61696 61811
30225 30239
20098 20299
72855 72946
26117 26421
21369 21373
63347 63601
17710 18127
9235 9780
48501 48705
1596 1605
43277 43312
12391 12419
29574 29593
3396 3488
26312 26351
69458 69555
29290 29297
1081 1134
62105 62240
58400 58559
31698 31780
12338 12376
16996 17138
76981 77010
23833 23849
2759 2852
20262 20279
11444 11454
66473 66493
58801 58874
60150 60298
53164 53449
19548 19586
7580 7684
73986 74000
58081 58089
15854 15879
61170 61559
12309 12467
21523 21595
28245 28280
57443 57516
21473 21495
54675 54706
19989 20099
6456 6576
32181 32195
11038 11419
25315 26080
46405 46504
19108 19150
68720 68777
17171 17180
32545 32684
56381 56685
33811 33851
70836 70843
3931 3954
650 865
38909 38980
65942 65992
75586 75619
9573 9911
61734 61773
56392 56397
50440 50668
62155 62187
34916 35200
78886 79006
76246 76384
7358 7381
34347 34473
59370 59446
20816 20905
15530 15537
60075 60092
79895 79949
64065 64446
17443 17523
70691 70718
58038 58156
43742 43772
9907 9932
77968 78122
37748 37751
43001 44300
31915 32073
65723 65747
38577 38637
44631 44661
17319 17331
44929 44945
30951 31067
41800 41884
4865 4944
34644 34719
56672 56733
10471 10973
43775 43909
77365 77412
21480 21483
15946 16034
5211 5303
55311 56067
58445 58533
58403 58547
5978 5980
29274 29331
214 272
2105 2295
72184 72418
71073 71265
68984 69299
14134 14365
70968 70999
59783 60043
4432 4536
49772 50012
57619 57698
11045 11351
26889 26918
71865 71945
50136 50587
43802 43863
3947 4112
8582 8710
56264 56301
79330 79525
64897 65068
60939 60947
78126 78293
79159 79188
38908 38992
20997 21037
30475 30513
51055 51134
43342 43667
14301 14376
17741 17935
15422 15437
66478 66489
9588 9662
38233 38337
16119 16134
70794 70899
55204 55222
71396 71470
68585 68625
46602 46753
15829 15860
5321 5431
6756 6944
12179 12252
68598 68703
53244 53315
73015 73112
39636 40264
37953 38041
40060 40245
14652 14761
41040 41093
12842 12949
54304 54397
44333 44479
8360 8492
47818 48105
20624 20636
50466 50485
73073 73122
52320 52386
55983 56068
11181 11242
8887 8942
35020 35058
46240 46332
46541 46977
39219 39308
72354 72355
61655 61722
23170 23229
24694 24882
66355 66376
27941 28236
63591 64102
60776 60911
12799 12828
4549 4598
21569 21674
19883 19970
59779 59833
18586 18591
7279 7280
55483 55518
8981 9038
32898 33208
29621 30136
32134 32273
45131 45241
56005 56299
24337 24502
63735 63771
53251 54463
15828 15857
379 483
423 454
29543 29702
1658 1733
38507 38538
23986 23994
76112 76162
5857 5882
45612 45660
57903 58035
6895 6963
73865 73921
45767 45936
68730 68814
63921 64014
75969 76103
23499 23657
57899 57958
39098 39248
36266 36634
23166 23204
48619 48642
23630 23780
24103 24150
35662 35724
30757 31064
19788 19815
74341 74350
62636 62759
17328 17393
3647 4147
63612 63736
70688 70712
26425 26516
39910 39923
79486 79564
97 295
32478 32627
23648 23666
37729 37765
61581 61596
28219 28435
36375 36588
66731 66867
47528 47701
66880 67044
36428 36592
14589 14676
45199 45253
13089 13129
60573 60581
25960 26030
28606 28625
79810 79882
51432 51435
68557 69191
46801 46885
10867 11497
1358 1389
21302 21339
63155 63168
18995 19001
12207 12320
50615 50813
20206 21417
59408 59477
30859 30963
48551 48675
41086 41100
24011 24028
32239 32279
45707 45808
76929 77129
13736 14019
19318 19358
26972 27112
167 306
74371 74414
51599 51667
71942 72050
2151 2372
10776 10786
66136 66269
40296 40550
65478 65728
35983 36117
57944 58012
79140 79235
70835 70987
10838 10844
79227 79324
75148 75186
54622 54882
13051 13055
34497 34602
49030 49055
21877 22178
43361 43477
70994 71091
10511 10576
45423 45698
64540 64826
66440 66661
51288 51550
17533 17565
73868 74219
68480 68973
48092 48298
22065 22140
66427 66743
38584 38697
45297 45298
6577 6709
75921 75959
56654 56659
76416 76435
11359 11385
66439 66521
44833 44852
48172 48256
46610 47052
54271 54283
44521 44633
40105 40235
78633 78657
33025 33132
73508 73515
47087 47172
68086 68550
27968 28090
16120 16304
3280 3533
41925 42165
48005 48072
1345 1397
18514 18656
20983 20988
13665 13792
77561 77781
76624 76656
74634 74722
59593 59766
19295 19383
68021 68127
3322 3457
4819 4860
27779 27876
12598 12732
57621 57709
71052 71075
54545 54759
16851 16858
18820 18823
69894 69905
70123 70365
41372 41836
22722 22856
7189 7190
33320 33393
45476 45608
57409 57481
64847 64849
66520 66894
55018 55080
55995 56006
2981 3014
60284 60504
35853 35872
70764 70767
25017 25025
10304 10314
45750 46410
66960 67165
35954 36033
59681 59754
72653 72680
8953 8955
12041 12176
72702 72854
42104 42124
51257 51394
37812 38047
63136 63139
65246 65485
33190 33196
65381 65401
49138 49609
53071 53184
31076 31125
23441 23450
70283 70321
14955 15278
22199 22276
62955 63222
78114 78741
15966 16010
69683 69863
75938 76091
4447 4570
76880 76997
74527 74570
17518 17550
60520 60522
40036 40081
51015 51274
46040 46112
29086 29179
46158 46558
21953 22099
76223 77509
48752 48781
58043 58314
52100 52147
33108 33183
1583 1585
17756 17867
77591 77730
9556 9624
12589 12617
42216 42299
5030 5409
53036 53045
68270 68552
58919 59004
78692 78815
47742 47745
22706 22826
29939 31920
19850 20151
30771 30772
17578 17736
25793 26000
37008 37103
11155 11193
9770 9941
41686 41735
62162 62232
33417 33649
45296 45420
44230 44392
46122 46143
1741 1770
16417 16449
390 488
18197 18440
69225 69782
63429 63466
44278 44331
57856 58088
11101 11586
32923 33201
10763 10784
67414 67525
8198 8206
78407 78427
23894 23906
3833 3881
12976 13106
61601 61608
60133 60139
4082 4100
8661 8678
65776 65876
30914 30975
25259 25267
44637 44669
72861 72964
22356 22962
7096 7246
44847 44936
69468 69724
44101 44262
78019 78088
17093 17106
26321 26361
50801 50944
23660 23683
58531 58650
69185 69355
17570 17622
9809 9813
10280 10453
40864 40879
8956 8965
10590 10702
27109 27129
7697 7818
10907 11041
29148 29158
71247 71333
34009 34037
63453 63595
34947 35022
69902 69919
31978 32054
76696 76743
31021 31037
71054 71148
30701 30764
75158 75353
70143 70249
71779 71817
62367 62424
75820 75947
76838 76848
54914 55100
11641 11642
669 767
43944 44059
59626 59638
28069 28113
27615 27858
33110 33125
57924 58041
72630 72734
23054 23063
66810 66819
56079 56087
27015 27691
71717 71771
4354 4441
3798 3814
79924 79962
17846 17896
52513 52936
18261 18633
27804 27815
14352 14871
29265 29335
78068 78070
7692 7706
31916 31940
61977 62362
76205 76314
70933 71038
21141 21145
40562 40685
42780 42908
64307 64395
5834 5914
8723 9079
64143 64630
67345 67654
77856 77882
26535 26656
51765 51893
16677 16715
58639 58861
30134 30397
11692 12228
50490 50550
23477 23547
9120 9216
51637 51919
21640 22814
6676 7056
77276 77394
29796 29800
24915 24919
34917 35151
46799 46850
7985 8005
71576 71586
23704 23748
2460 2516
37723 37731
54433 54468
71613 71641
47240 47317
19804 19920
67675 67753
57685 57701
14982 15577
71909 72120
59696 59790
41856 41944
12809 12860
33639 33679
11561 11593
42739 42750
79277 79290
61861 61933
56877 56956
24066 24080
54377 54486
7288 7640
50403 50552
20003 20006
26035 26345
42823 42921
7876 7962
63089 63166
6351 6521
61623 62104
77933 78072
21397 21444
19299 19337
38070 38205
43856 44149
52868 52998
70662 70700
37797 38025
27003 27027
40643 40786
31622 31751
60625 60773
53512 53733
32905 32960
13670 13978
45745 45791
56609 56715
45929 46616
51777 51972
48140 48260
7443 7534
72845 72857
15669 15769
12750 12856
39522 39536
65882 66163
22067 22157
60591 60633
53691 53851
16945 17001
39404 39442
45858 45960
35331 35347
41238 41306
16545 16721
61453 61598
75862 76013
1159 1194
22918 23425
28575 28641
10748 10794
4640 4659
36249 36263
52491 52800
5632 5738
52266 52290
27280 27369
79781 79808
3364 3771
29640 29794
5332 5350
9956 9984
2568 2855
5178 5391
2765 2845
15433 15522
48135 48254
31010 31039
69994 70119
67530 67556
5783 5847
79787 14
35300 35410
26155 26306
63746 63824
57155 57323
20313 20430
44488 44525
20460 20638
63122 64144
50118 50177
12565 12591
32597 32948
31509 31804
7822 7855
26279 26508
27021 27137
3836 3849
38091 38103
65568 65774
26268 26567
39847 39887
77848 77916
34468 34487
64231 64466
7950 7964
38930 39142
14923 14950
69515 69625
29397 29407
34153 34179
72368 72374
37559 37728
26658 26680
27400 28021
35199 35443
72846 72870
3286 3320
36657 36797
27102 27635
45928 45950
57098 57704
41182 41313
58594 58601
46401 46447
3704 3830
41656 41666
15391 15485
41464 41564
6594 6613
57781 57932
27450 27567
6425 6474
39009 39087
56418 56497
53956 54011
44205 44208
57371 57468
66957 67012
49807 49890
7419 7505
50820 50968
60131 60246
78304 78581
68434 68613
44892 45038
17806 17885
20371 20385
78521 78571
52326 52924
20085 20164
70567 70581
49334 49371
9925 10267
28165 28276
71640 71674
7593 7635
38862 39032
27637 27668
11855 11928
66158 66159
55808 55912
38797 38841
74435 74454
33907 33968
72843 72912
1827 1889
26879 26958
18349 18390
7210 7273
37863 38086
49193 49291
27261 27380
9414 10102
18100 18137
53105 53140
49118 49127
51243 51254
30516 30606
40823 41877
36437 36488
32007 32028
67802 68047
43704 44064
44871 44971
32497 32616
51363 51369
38168 38231
41617 41651
25422 25713
74690 75200
29955 30006
4357 4376
77396 77592
69001 69097
70617 70878
54696 54768
41615 41652
32955 33103
26434 26617
64530 64672
839 958
41937 41983
15159 15215
73911 73915
1169 1191
67767 67821
72288 72404
78395 78455
20165 20224
9196 9297
2356 2381
15230 15359
46524 46545
72445 72501
73057 73068
41726 41864
37641 37733
70713 70824
68545 68610
24106 24191
70604 70630
69230 69278
14360 14409
37132 37143
16056 16105
79379 79456
62028 62182
37441 37463
56751 56836
13248 13259
42790 42969
32640 32701
26171 26231
67231 67350
61841 62896
70621 70698
16293 16382
31593 31689
52645 52691
19683 19714
24090 24187
42034 42098
12143 12259
45273 45844
50474 50534
4677 4773
6235 6329
66409 66548
70417 70452
61145 61322
21574 21821
61766 61833
43910 43918
75721 75743
53302 53305
3435 3540
57991 58048
38838 38860
63040 63048
60296 60363
53586 53657
61753 61806
57847 57985
9295 9551
33760 33764
72230 72437
21167 21187
41249 41321
1992 2093
60682 60748
18804 18827
33623 33777
377 394
29048 29143
59798 60008
8709 8727
23376 23474
52341 52579
61474 61630
54756 55002
1642 1644
46042 46092
27103 27182
22388 22704
3970 4455
5428 5436
65755 66214
14933 14967
32512 32662
64183 64272
13780 13783
8983 9004
72665 72774
49433 49462
73497 73531
46650 46780
57873 58101
21786 22144
42607 42621
69617 69618
29124 29205
62112 63117
3549 3829
78309 78337
49879 49991
66068 66123
29530 29734
57814 57893
24573 24622
42538 42692
22907 23093
21894 21973
20150 20182
38259 38377
37665 37737
63326 63432
31822 31961
8764 8812
79380 79465
28479 28499
27160 27200
54506 54785
29858 29983
39355 39430
40102 40227
16479 16632
19021 19180
37215 37340
15483 15683
76299 76377
30085 30211
5242 5278
23241 23300
9449 9463
2621 2821
4784 4951
8373 8388
54295 54471
9504 9532
51799 51860
55904 55925
61199 61360
66391 66447
50410 50547
7885 8079
58415 58659
2191 2362
53266 53277
66300 66349
188 239
45778 45896
16253 16282
68310 68548
50902 50914
63893 64366
60502 60641
18365 18417
31254 31322
69071 69100
77314 77481
38601 38645
5215 5237
74548 74573
67513 67573
8609 8636
2918 3034
48635 48814
20218 20285
47286 47288
68941 68950
60741 60743
36071 36095
10592 10799
10942 11021
52639 53226
18573 18593
41195 41266
67010 67082
22799 22828
13681 13691
37160 37297
1907 1909
55851 55883
76782 76865
38967 39021
24910 25030
41232 41236
6347 6476
13660 13701
71883 71981
14113 14116
14048 14088
18690 18769
38365 38596
35817 35993
21139 21259
17263 17269
49408 49555
62089 62302
26061 26119
57259 57430
13215 13226
22035 22046
19344 19407
65622 65648
7182 7327
253 287
19909 19927
12190 12268
7446 7486
70282 70311
44700 44731
20736 20812
14167 14427
70077 70159
54009 54392
63931 64092
11713 11908
76498 76769
52553 52618
44406 44707
40768 40943
49585 49598
2006 2316
2822 2828
52163 52179
32601 32643
608 752
70338 70348
68517 68591
19637 19695
11792 11881
44863 45000
73880 74167
28579 28739
65689 66565
55599 55679
78507 78575
46452 46727
49255 49406
22575 22622
139 209
19745 19752
35259 35325
10680 10712
22147 22299
29990 30018
16126 16400
77941 78078
51719 51875
58471 58611
60004 60129
62990 63101
34329 34415
40128 40201
26214 26234
27272 27338
9445 9451
3470 3545
30522 30540
5219 5266
800 918
61253 61379
75923 76030
8157 8213
56107 56320
72212 72252
48773 48794
64702 64928
30544 30705
10980 10989
57691 57801
200 216
16726 16734
73080 73159
54938 55064
43297 43326
64158 64271
29819 30004
66576 67196
31215 31343
10025 10116
79940 79950
24274 24278
14115 14667
14692 14736
63992 64091
33152 33371
64105 64154
34832 34868
14829 14893
24118 24250
37562 38289
50499 50621
40206 40237
69678 70084
62585 63209
37816 37841
3809 3850
35318 35355
20036 20045
31075 31229
30527 30713
24532 24805
58714 59306
12889 12955
22372 22379
40294 40359
3501 3553
1621 1769
55972 56140
63948 64108
19997 20137
37290 37316
59363 59452
7501 7502
33170 33578
14643 14704
58936 59179
64773 64977
9116 9121
69352 69821
59860 59917
8868 8951
24092 24123
71214 71484
59378 59461
59243 59396
10058 10186
4721 4754
57428 57512
61956 62016
1317 1386
34054 34208
70350 70419
56267 56323
79744 74
66658 66691
43714 43719
68175 68352
61609 61748
1656 1801
4554 4831
39073 39076
60545 60709
9585 9706
49628 49680
61365 61439
16365 16443
49194 49449
60371 60446
65505 65509
24864 24906
9753 9802
70148 70179
26249 26334
40091 40217
16910 16980
76389 76415
52793 52852
57449 57684
47858 47924
71273 71305
16769 16908
72313 72894
23791 23797
74664 74675
51755 51989
48520 48641
46259 46324
33340 33620
437 515
71887 71991
71647 71745
65829 65880
70984 71121
19513 19585
64524 64687
38436 38453
76447 76574
57174 57423
22860 22916
32835 32867
66720 66866
42937 43029
12033 12440
40316 40466
33239 33618
26329 26452
42717 42806
78649 78729
64538 64731
64862 65157
50388 50525
29947 30109
29972 30015
37293 37319
49944 49959
59470 59549
79173 79310
47188 47300
62227 62403
23963 24097
461 634
75426 75566
33169 33198
32357 32467
25162 25207
50865 50888
75902 75924
28576 28756
78048 78071
27231 27374
51430 51453
50698 50965
19968 19980
43798 43973
18569 18713
28825 28964
50227 50240
34119 34322
56829 57130
69353 69429
74663 74736
79652 79770
8689 8859
29366 29375
42547 42747
72263 72275
27991 28015
44145 45585
62932 62973
27899 28112
22407 22711
2942 2951
13059 13072
20681 20683
45333 45438
43388 43520
22756 22773
69218 69251
46084 46208
29943 29951
57742 57804
42133 42461
201 331
67649 67743
25516 25602
59132 59158
65226 65366
13128 13225
9267 9335
3942 3969
33870 33910
32746 32820
78368 78389
58610 58852
16161 16241
52709 52765
25493 25622
15983 16033
69323 69358
45094 45127
78935 78968
39447 39490
44399 44851
58640 58723
71985 72022
44995 45075
65347 65455
24178 24225
61546 61729
22183 22263
24960 25036
68230 68401
67512 67739
74809 74906
76208 76301
13204 13243
50165 50385
10331 11501
48816 48828
13006 13043
79944 79975
53126 53435
324 343
53173 53270
75144 75185
3346 3398
68439 68532
61507 61586
6515 6626
59075 59078
1414 1494
51732 51850
61520 61554
16469 16569
72517 72584
27946 28011
23310 24119
75962 76048
30347 30584
68743 68853
49870 49873
45693 45888
70232 70371
6349 6507
64284 64478
60858 60946
13380 13419
29892 29921
52099 52297
14977 15438
9545 9584
73542 73562
62662 62823
33823 33889
79320 79325
44350 44584
48402 49225
63076 63345
13274 13413
72536 72712
13799 13826
3451 3456
41997 42117
2976 3027
2584 2709
61971 62134
34157 34293
13379 13526
46568 46656
34965 35001
79557 79621
2885 2907
18796 18868
7786 7913
3842 3911
63618 63812
68009 68061
18657 18802
55313 55366
45542 45685
10079 10125
74405 74593
71177 71541
8064 8375
6022 6044
16635 16704
335 441
67102 67129
37409 37495
70265 70267
4945 5106
16173 16309
3902 3933
40651 40672
2369 2414
69920 69938
76667 76726
60488 60519
37283 37534
32537 32607
69430 69760
21029 21108
64452 64454
15719 15723
37000 37175
20744 20810
48583 48605
46984 47152
79563 79609
72237 72422
8789 9197
37077 37134
21580 21610
77477 77821
48183 48229
63544 63553
35932 36054
19957 19965
48231 48289
51659 51951
36667 36850
48612 48693
12528 13196
63299 63379
7133 7520
33226 33318
48543 48548
62927 62941
66148 66233
18209 18524
41322 41838
7447 7515
52515 52548
76836 76837
30312 30496
3745 3773
34384 34474
25693 25732
23629 23728
52742 52899
47619 47630
79215 79239
71737 71778
19103 19176
15871 15939
69349 69507
11828 11883
74747 74840
28547 28646
73958 73967
39034 39277
76557 76604
63057 63075
37220 37310
76527 76764
19411 19448
14337 14405
59344 59390
50937 51022
76494 76536
14013 14031
52624 52665
11983 11985
33383 33436
72742 73013
20755 20911
16935 17069
67774 68054
40066 40103
17631 17661
45939 46251
13386 13464
30514 30531
12346 12428
7908 7920
59958 60047
76491 76514
11789 11995
64367 64393
15388 15401
30094 30127
63010 63016
74284 74382
15617 15802
34092 34133
67173 67256
62913 62963
30242 30428
5656 5780
20152 20545
29438 29570
49466 49626
55939 55943
55118 55321
69554 69570
33076 33145
64219 64475
48929 49036
31570 31602
55479 55845
29944 30057
16992 17057
27772 27892
61330 61372
22436 23210
35655 35878
23553 24180
53208 53262
36472 36509
63671 63865
69488 69731
29775 29967
53377 53622
47866 47895
18905 19017
31716 31904
67962 67968
51605 51623
19799 20015
50986 50997
18254 18291
46673 46995
22688 22914
27346 27371
15926 16073
32552 32558
76807 77019
39582 39605
9749 10154
34698 34720
55461 55494
34182 34366
1927 1996
29368 29510
65534 65540
8906 8919
78341 78398
79348 79438
61040 61122
45118 45158
25911 25997
12866 12914
48536 48768
70798 71061
53980 54002
3201 3214
12885 12989
32184 32373
44604 44672
5418 5511
57464 57737
55540 55604
23153 23554
71243 71284
33516 33684
56978 56996
74434 74510
66599 66655
55283 55807
70101 70108
65275 65354
41810 41988
36445 36486
30919 31003
17215 17360
5838 5863
70000 70025
70187 70193
48322 48484
15718 15795
70579 70667
30206 30339
21382 21457
78158 78314
23605 23723
39565 39702
53278 53413
50616 50643
17381 17407
26256 26532
40743 40797
16697 16985
11000 11028
53353 53451
9538 9591
66487 66514
45245 45469
9041 9050
35248 35287
49820 49923
31994 32128
67128 67339
69666 69704
26229 26438
8471 8488
16148 16298
36162 36212
38812 38983
20166 20431
62766 62795
77272 77319
52140 52160
15491 16212
58738 58766
81 86
68457 68514
1729 1803
67107 67127
55913 56428
42993 43157
60311 60348
75282 75470
74456 74598
40599 40687
48905 48999
30323 30417
38128 38404
61770 62502
65357 65420
6651 6791
71462 71587
46033 46043
16529 16532
30032 30102
35076 35204
33328 33429
76617 76689
23779 23818
16370 16437
43250 43251
40018 40244
6162 6208
62586 62626
51738 51885
70740 70756
51323 51602
75568 75663
42890 43115
10668 10716
76237 77149
67943 68420
54592 54783
50745 50790
51451 51616
10450 10564
27388 27519
65800 65826
63513 63767
38446 38557
16577 16583
71727 71792
64298 65144
24001 24357
65287 65306
67359 67607
15149 15273
75217 75334
45793 45926
74925 75182
26979 27073
79192 79206
13515 13571
76156 76249
69936 70168
24136 24464
63421 63451
73610 73649
64312 64412
30885 31060
68809 68833
60554 60792
31159 31163
10333 10480
13321 13586
7006 7021
50857 50970
42226 42237
44133 44660
14751 14783
31991 32087
46905 46921
70975 71005
53415 53477
40049 40101
4472 4600
61619 61661
69942 69958
75714 76023
26122 26258
25944 25982
23378 23759
75152 75225
73528 73552
47462 47637
10349 10390
73534 73676
61808 61839
17367 17370
49813 49822
64459 64462
27455 27461
65211 65449
78307 78502
5100 5241
76232 76334
14748 14919
59921 59963
31195 31198
57388 57399
19800 19977
11480 11903
13171 13192
27997 28162
33508 33696
79764 79902
62110 62167
10743 10781
4594 4746
27218 27291
52776 52864
76871 76961
11529 11572
16307 16340
62855 62974
46606 46679
1593 1757
32963 32980
59712 59759
49692 49806
56503 56561
75026 75142
10318 10430
2579 2650
21097 21188
65441 65733
22393 22710
60832 60868
63103 63236
50394 51305
33887 33953
59333 59356
30354 30703
58938 59096
65474 65662
71785 71802
30855 30944
58975 58994
6189 6332
23804 23807
51212 51784
10739 11158
66963 67617
70528 70551
54901 55210
25486 25699
13188 13328
76758 76798
9211 9380
36001 36246
57515 57518
478 916
63154 63194
37499 37584
28596 28611
69268 69269
44960 45123
31460 31746
61411 61448
30587 30671
63216 63223
20106 20138
35730 35922
63897 64656
39295 39323
74889 74997
79933 7
33080 33156
74944 75016
35814 35911
12562 12583
70023 70063
58234 58257
11071 11208
1242 1374
5146 5154
68205 68278
33444 33489
11663 11804
13307 13520
73619 73820
66251 66325
16065 16127
71868 71974
2531 2596
79999 37
23964 23984
54586 55034
7029 7166
74461 74497
62210 62291
63003 63737
26133 26141
71374 71481
72315 72520
30041 30044
8336 8487
19196 19414
40020 40428
16568 16605
35704 36224
70245 70315
16978 17066
7030 7038
1618 1732
67993 68046
8966 8972
3944 4128
30787 31062
37698 37757
61544 61660
62754 62819
12573 12685
12852 13287
4084 4139
75883 76062
5502 5516
52982 53012
60272 60481
61752 61825
63559 63768
63465 63491
50891 51021
62885 62937
46579 46669
73836 73945
48946 49034
79385 79628
29305 29370
74807 74829
49292 49440
9823 10026
57497 57507
34196 34212
24707 24822
49130 49173
79574 79771
11939 12022
14509 14724
53170 53221
22096 22145
5020 5195
73791 74028
43424 43480
41597 41599
77145 77262
73086 73234
54512 54537
27215 27224
67988 68436
48949 48979
78038 78295
76361 76666
33246 33448
18457 18576
73174 73376
70834 71028
69444 69538
24764 25095
8478 8497
37502 37809
37012 37177
63892 64051
53511 53601
73103 73579
60818 60896
44853 44869
26597 26922
52083 52113
10070 10293
10704 10891
9949 10031
58702 58716
36819 36873
67321 67469
57734 57842
48017 48112
68685 68958
67317 67388
13910 14032
2586 2886
76140 76179
56988 57182
69571 69581
26471 26521
76560 76784
18078 18161
69288 69305
13789 14007
53595 53678
28321 28380
13763 13772
38869 38872
47929 47938
37146 37219
74154 74170
30092 30231
49895 49935
39181 39239
34227 34626
42955 42994
1338 1449
28131 28135
54055 54245
52786 52799
38181 38517
6030 6166
77623 77684
59646 60180
13829 13852
19308 19334
2477 2667
65119 65245
76941 77009
59310 59339
13318 13724
68745 68762
145 290
34392 34537
79226 79243
8518 8576
58530 58862
20041 20097
54240 54464
53375 53515
19671 19736
28404 28780
9066 9266
19603 19741
44804 45056
10637 10849
11059 11140
3716 3832
66133 66334
51418 51595
26950 26983
40454 40535
67609 67668
51307 51392
24949 25297
56099 56456
60537 60726
3871 3883
40709 40828
7838 7961
20959 20980
29762 29765
58503 58576
40263 40450
2429 2696
66428 66646
72304 72474
73599 73686
60951 60962
56886 56905
65748 65929
34051 34191
47700 47833
11373 11416
49133 49498
41640 41725
2012 2054
18723 18810
53708 53818
48835 48880
44043 44168
40274 40424
73597 73622
3885 4132
40489 40681
51555 51619
71556 71697
60715 60840
36863 36997
13800 13820
17034 17058
4405 4484
73708 73786
79230 79707
41738 41824
19091 19202
19273 19287
65950 66004
15106 15128
46980 47015
73696 73710
49789 49889
4647 4653
61012 61090
9151 9203
68398 68489
67333 67518
57914 58231
42683 42685
63184 63275
25606 25646
7651 7693
326 542
51247 51304
74217 74626
26569 26657
12689 12722
43378 43447
1905 1989
24463 24518
61856 62066
59426 59840
37962 37998
50281 50314
75091 75304
38419 38424
60659 60711
9026 9036
41730 41775
26350 26540
35436 35485
3542 3741
5402 5484
21432 21831
50703 50719
52532 52558
8853 8992
63655 63676
3597 3685
56512 56533
36140 36205
77902 77928
56762 56808
7083 7319
12330 12443
59514 59584
70588 70627
64765 64793
15657 15692
55273 55284
9420 9517
33364 33440
5246 5490
70900 71110
22848 23041
56152 56275
53291 53369
1577 1600
1752 1812
8926 8941
20956 21028
64972 65018
30230 30238
48157 48212
3694 3884
30460 30537
49240 49439
30691 30958
37356 37478
26047 26280
72483 72547
22981 23049
56292 56312
29583 29773
72134 72319
74174 74507
70665 70699
29161 29395
25548 25695
57884 58126
23146 23200
49648 49982
64487 64574
49380 49566
60069 60194
61551 61639
654 728
56436 56546
55875 55888
4727 4822
79030 79039
7543 7570
8979 9086
61184 61186
64147 64235
49171 49186
6701 6781
6508 6667
6498 6523
3572 3737
49771 50046
17591 17635
41224 41260
17085 17097
37511 37711
23072 23073
34443 34554
15453 15603
50166 50183
46276 46339
52507 52516
44813 45021
29805 29816
41408 41491
20297 20310
28921 29069
31127 31286
6628 6752
23216 23263
48566 49284
49346 49365
35298 35315
9536 9548
47626 47638
21479 21531
47865 48035
35394 35428
44415 44529
63567 63617
72068 72077
10978 11195
8786 8929
694 790
55340 55368
54250 54327
70666 70826
32114 32196
72620 72803
6464 6548
47762 48121
32475 32522
54865 54927
68011 68028
58590 58647
24982 25042
78786 78788
9388 9421
63905 64261
67199 67328
44382 44386
55456 55543
55565 55616
38936 39008
11747 11948
42626 42760
27366 27413
45376 45410
70390 71186
10644 10676
49147 49530
45237 45279
62357 62473
45787 46224
53084 53102
15272 15336
63458 63525
59676 59685
75169 75375
63031 63081
66733 66739
3424 3465
3643 3730
52615 52794
55799 55842
2689 3120
69446 69448
75180 75881
36454 36560
70342 70351
7103 7352
76724 76742
36232 36309
33806 33915
31592 31783
68563 68962
7091 7152
56537 56550
79655 79737
32187 32230
27770 27819
77971 78090
52707 52805
8367 8545
61442 61450
20768 20798
32329 32435
40262 40314
56070 56120
22652 22758
53509 53551
64846 64904
12084 12147
48190 48328
58205 58218
25075 25340
65958 66057
39143 39230
70369 70470
20945 20993
68176 68209
29193 29308
58978 59020
78105 78181
71797 71904
34033 34113
30273 30281
5135 5271
2386 2576
32103 32174
73129 73131
18722 18732
47678 47758
60274 60551
74103 74267
102 156
39339 39360
47339 47487
37086 37094
51182 51314
55597 55609
21418 21828
2276 2299
8275 8361
37994 38137
16584 16800
57258 57445
17463 17579
32732 32768
36923 36996
42952 43009
33545 33598
25481 26012
20912 21058
79260 79313
78465 78483
64314 64442
68989 69492
51948 51959
34696 34844
18288 18300
23617 23831
8112 8257
43230 43233
33521 33677
1329 1518
72015 72161
26867 26947
73139 73149
31372 31731
74617 74638
48540 48659
1128 1170
31326 31436
9256 9326
35297 35373
71221 71460
47191 47325
31089 31234
65397 65472
65053 65092
57762 57926
36804 36854
39107 39172
4970 5080
21824 21934
75970 75971
26839 27151
2541 2654
42215 42410
7937 8086
79597 79692
43702 43810
75630 75636
8105 8338
47369 47407
59807 60377
722 1200
23892 23981
27316 27613
56160 56287
33041 33113
29862 29866
59856 60052
19441 19657
77181 77232
64579 64592
28316 28397
27124 27169
15083 15145
33750 34084
14069 14075
62571 62596
9021 9034
74130 74184
41513 41665
26679 26728
61471 61513
70040 70090
24394 24473
21526 21704
47353 47633
31964 32166
50448 50557
44136 44256
50210 50278
11466 11471
74075 74227
34909 35193
7921 8013
56997 57129
53788 53966
30835 30854
18425 18855
48995 49104
58209 58261
17731 17805
22126 22237
16679 16793
40649 40710
7119 7148
40734 41019
42872 42927
31385 31661
61070 61545
9321 9323
34662 34691
39457 39476
14563 15340
37558 37653
47470 47676
12286 12402
27884 28006
76570 76576
60168 60428
26741 26913
77923 78317
61633 61755
57627 57681
78606 78712
25584 25616
56071 56114
44625 44663
36748 36752
47593 47901
38050 38107
60035 60071
39255 39278
78789 78812
26822 26838
35921 35987
14698 14803
10046 10120
47623 47688
54736 54825
74508 74545
46296 46351
15950 16112
73479 73527
63080 63350
10022 10039
7978 8032
32925 32968
66805 66816
28944 28993
27331 27349
69483 69512
47181 47244
39095 39130
10737 10848
28068 28111
67631 67695
41431 41505
9288 9362
23810 23918
42437 42519
55238 55268
18889 18914
30973 30981
40703 40907
74806 74810
67003 67049
22261 22354
51982 52050
26398 26523
60863 61046
1093 1176
46465 46498
17338 17357
52086 52120
64113 64124
61910 61967
21093 21598
69638 69646
26653 26664
59810 59977
64251 64285
2549 2734
14835 14860
66087 66578
71114 71302
55603 55707
43190 43321
1967 1980
64925 65153
7809 7859
22450 22619
58661 58732
37924 38109
32809 32849
48445 48522
56163 56271
61653 61673
15387 15504
70173 70253
13777 13834
43777 43807
46254 46297
37162 37250
72655 72718
17610 17663
67433 67537
25743 25797
69815 69947
65694 65788
36459 36562
18495 18510
31953 31987
7761 7835
47786 47802
13850 13863
27626 27693
54781 54894
34142 34156
46620 46671
77833 78224
54538 54644
43320 43384
67028 67040
26836 26986
12462 12463
16954 17042
29870 29911
32698 32803
59240 59896
47383 47441
42058 42068
1413 1431
31960 32064
73768 73797
22113 22271
27341 27425
44287 44473
38799 38884
50009 50036
16562 16720
48255 48364
50384 50589
23456 23637
1042 1292
7780 7829
52518 52561
50151 50402
48192 48194
38302 38354
49922 49936
52308 52395
78473 78603
30362 30530
24237 24276
58020 58023
47045 47048
40395 40442
35005 35014
58496 58561
11599 11643
53753 53766
37080 37152
38760 38852
17659 17704
691 713
66480 66747
2161 2333
71208 71225
458 482
31730 31891
49764 49769
77607 77853
15918 16068
27144 27219
77629 77826
3125 3251
38472 38727
32638 32709
33567 33588
45391 45451
60254 60335
3988 4245
13189 13293
78745 78819
64775 64800
51753 51878
54478 54717
57270 57373
50964 51018
8414 8499
76975 76993
64229 64234
43126 43383
34539 34548
14193 14553
21119 21189
52212 52564
16709 16727
78993 79034
56598 56692
15541 15590
74221 74232
26823 27031
23764 23786
21042 21128
75490 75531
8978 9008
78312 78425
14169 14174
72412 72502
53057 53083
65551 65650
16807 17275
17562 17606
79412 79434
21452 21510
36573 36582
51223 51292
58251 58546
65384 65386
4438 4504
34608 34741
7789 7915
27257 27339
72312 72426
73181 73202
61672 61719
49599 49798
26086 26123
1871 1994
2718 2737
48588 50221
23206 23426
31206 31356
45851 46037
52818 52843
68818 68952
71087 71105
39444 39573
73025 73145
34962 34972
41565 41576
73679 73718
53307 53311
49714 49796
18714 18918
13498 13875
72156 72211
22638 22654
8343 8453
54093 54236
75043 75299
42073 42140
22154 22161
8420 8532
21027 21118
10409 10421
27184 27408
56963 57057
17587 17761
52977 53021
65114 65124
41847 42066
21990 22004
4517 4601
38609 38675
70545 70561
67034 67249
40040 40075
26845 26977
36188 36207
10524 10537
66402 66502
12557 12706
56410 56434
27134 27255
76670 76673
50704 50795
24604 24851
61332 61362
62846 62939
35348 35409
44801 44873
52471 52569
30738 30802
77815 78075
29500 29719
66699 66723
32936 32981
53744 53749
47870 48143
19171 19278
22184 22223
75051 75057
63814 63842
31950 32055
49937 50019
36931 37082
32679 32796
75042 75080
46626 46687
43033 43055
78563 78659
19076 19237
21718 22044
79656 79861
54845 54848
68834 68972
12988 13026
45407 45431
62256 62289
64217 64363
53846 53847
31670 32226
2077 2117
72856 73168
79394 79613
49214 49323
34342 34419
6915 7129
12471 12478
23360 23386
22861 23190
10189 10325
65721 65991
49100 49237
37237 37239
46515 46525
24610 24631
71634 71732
72555 72674
25675 25779
43734 43916
24383 25163
33634 33757
14837 14854
53790 54171
36223 36228
41698 41718
11202 11244
35818 35892
27403 27585
38561 38732
77443 77586
48434 48630
29642 29723
3512 3525
77263 77527
75949 75991
547 785
20699 21115
886 934
20111 20142
23776 23978
63274 63343
44034 44041
23593 23635
9795 9798
55332 55349
69720 69771
70766 70823
44935 45115
66784 66870
47942 47951
22978 23132
28793 28887
18523 18540
79147 79203
40187 40209
5560 5698
60996 61021
68509 68806
30900 30967
46486 46514
41265 41374
64730 64747
64457 64680
38010 38287
11392 11491
48416 48519
43442 43466
1626 1754
37836 37898
17372 17953
71222 71277
24992 25187
75078 75082
22883 22888
48498 48529
69083 69165
67687 67837
10233 10259
43889 43959
73855 74301
48398 48473
59018 59068
46814 46827
77382 77383
7308 7337
4071 4303
12652 12669
71458 71564
20901 20903
56558 56858
66711 66715
16939 17033
40602 40623
43083 43110
31501 31572
13851 14661
24193 24264
71784 71807
10170 10174
65734 65764
3372 3411
19079 19292
38920 38951
57608 57669
38139 38154
38311 38421
27608 27851
16947 16969
53580 53615
73067 73072
15564 15604
27983 28034
1723 1857
22818 22992
1342 1678
20836 21186
22083 22133
75741 75815
48109 48161
55287 55314
49031 49064
13577 13703
30778 30989
63536 63556
63095 63158
21266 21404
68985 69187
14921 15154
38285 38329
13457 13588
60422 60628
75087 75239
32117 32254
58935 59038
29311 29328
39465 39518
23753 23788
61264 61353
48937 48947
15241 15282
71446 72299
52616 52666
17687 17773
72444 72531
24954 25068
59001 59074
12090 12138
10603 10641
31319 31351
64485 64923
49222 49293
68113 68128
65078 65125
78406 78438
32455 32724
5290 5307
45091 45116
37967 38257
7049 7287
69661 69679
53448 53462
22446 22452
12157 12171
12042 12156
57631 57657
35132 35146
17494 17672
25734 25783
13005 13144
18886 18921
47559 47739
50324 50382
66128 66143
21508 21524
26410 26482
29429 29514
8201 8256
76055 76175
42425 42532
13621 13627
9245 9276
45876 46173
19361 19417
52382 52434
36197 36284
71236 71454
39156 39233
45517 45561
13502 13596
35006 35041
28799 28895
10140 10151
77609 77693
6624 6647
24109 24227
66695 66717
78018 78186
9811 10297
38486 38533
47154 47162
57282 57395
65625 65801
1805 2154
396 521
35608 35623
64726 64757
22124 22135
76653 76786
72675 72685
10232 10271
69535 69896
21409 21454
62790 62878
68907 68961
29782 29863
22518 22525
29217 29379
53272 53829
66250 66373
6099 6249
44930 45035
53541 53571
386 580
73290 73573
7566 7611
613 747
71441 71618
69923 70067
9160 9284
49089 49143
54854 54886
4155 4315
31291 31301
29880 29991
23703 23745
38706 38887
59956 60015
39703 39732
64182 64205
76657 76682
65722 65817
19466 19497
55096 55107
7227 7263
3666 4043
34807 34835
27952 28123
38970 39067
9280 9307
64146 64175
25357 25433
73720 73813
8731 8736
11167 11263
42048 42060
44038 44068
59660 59793
8755 8900
25034 25080
33926 33929
46105 46201
10350 10444
55956 56141
12351 12378
32530 32571
64968 65025
69802 69816
12091 12168
59314 59384
69868 69909
53877 54059
7628 7715
25224 25468
75341 75342
47774 47992
38123 38158
60531 60565
6693 6722
59895 59916
32321 32414
77147 77185
51645 51794
55043 55217
35509 35582
59919 59948
59624 59641
28811 28916
22729 22784
59995 60046
6684 6725
63977 64107
8744 8828
298 397
32043 32163
46206 46242
64985 65058
27204 27264
35242 35243
36866 36952
16383 16475
26780 27025
43641 43643
20319 20392
48491 48653
3305 3360
47681 47736
39309 39459
5173 5210
36152 36300
17365 17386
2032 2064
26137 26192
2002 2259
12784 12806
56051 56089
9227 9272
67811 67838
19401 19430
71559 71569
63939 64237
46559 46614
32119 32227
22901 23115
58307 58344
78170 78332
37180 37260
76955 77720
24279 24521
26973 27449
16031 16075
48823 48844
19424 19435
35539 35672
3373 3375
70957 71000
45138 45189
41987 42323
69035 69043
17490 17611
64414 64417
55307 55439
26050 26095
76852 76926
68153 68186
44006 44024
23733 23756
35488 35503
9640 9685
55676 55755
20571 21332
24062 24314
17439 17484
7241 7456
72385 72410
78439 78970
48133 48163
49875 50011
74639 74816
44022 44050
26629 26703
21043 21055
49766 49778
43872 44011
46857 46985
78847 78877
14063 14233
11380 11476
64241 64269
53783 54251
63860 63883
69651 69857
66616 66732
19039 19068
59741 59760
38426 38504
64872 64939
44451 44657
7402 7418
36131 36157
30754 30801
51080 51097
2917 3184
23446 23573
21960 22024
9023 9040
36184 36201
58119 58160
24110 24120
28093 28107
37096 37148
48170 48288
29189 29259
50064 50119
3182 3211
51760 51769
57885 58290
45028 45043
36500 36590
15732 15787
65185 65209
76182 76193
10805 11074
75244 75385
52660 52834
76508 76590
57767 57931
67653 67674
16421 16536
25578 25906
52759 52780
40152 40279
50689 50798
52688 52744
25358 25558
72338 72393
34452 34466
13843 13914
44701 44716
51251 51302
44310 44338
36206 36258
32324 32352
52522 52531
62489 63344
41385 41506
8519 8604
63549 63684
61334 61337
71724 71761
73385 73403
25367 25444
41507 41510
74365 74390
29439 29476
10975 11010
20843 20879
30391 30498
7906 8143
61510 61565
12193 12369
17586 17616
47294 47475
35670 35692
43439 43494
53048 53211
69407 69677
34048 34114
4650 4751
41135 41193
14056 14061
5653 5851
71742 71832
10061 10149
5253 5353
50627 50636
64067 64084
9179 9229
51317 51480
20325 20373
20763 21064
62346 62354
5457 5564
16061 16089
77771 77795
51587 51606
32660 33058
22927 23120
30132 30175
46937 47212
35563 35829
42086 42139
51250 51256
19908 20139
64677 64701
9512 9547
63877 64168
46141 46185
64215 64228
91 117
31979 32001
12826 12841
67991 68036
57510 57547
46676 46697
60117 60162
57191 57229
24116 24190
20850 21084
36608 36624
37592 37921
49646 49848
39786 39868
15840 16045
77245 77252
6755 6763
50291 50671
27387 27513
12939 12986
58456 58474
67490 67585
8571 8616
16188 16390
12992 13088
51088 51139
79928 25
34762 34995
78440 78732
31792 31833
75645 75658
2766 2773
30331 30484
60031 60449
48682 48764
43211 43227
68934 68980
77188 77274
49006 49033
1278 1361
66921 66997
19733 19740
51560 51604
17768 18132
38056 38242
22100 22204
4854 4889
69063 69274
911 1009
35889 36100
47991 48054
39464 39667
78306 78352
39170 39273
31686 31696
15382 15507
41933 41958
14279 14399
44483 44556
21057 21113
65828 65983
51905 52038
49177 49187
1426 1477
51568 51576
12211 12506
24151 24243
57456 57587
65445 65497
48336 48888
8759 9035
50133 50147
9164 9360
4955 5006
25285 25324
69193 69222
35171 35278
47724 47817
20727 20749
946 1059
42769 42886
65523 65594
3493 3584
11312 11520
75608 75643
59806 59873
66785 66874
54900 54954
9871 10009
50094 50142
49532 49557
70270 71788
72729 72784
62377 62965
24543 24763
68095 68237
61879 61936
77702 77725
45415 45559
51319 51452
14966 14993
55143 55184
59854 59905
72459 72505
63728 63802
58534 59027
18193 18501
47998 48225
11945 11975
6043 6068
12155 12232
17772 18096
60949 61061
28844 29001
35980 36121
42814 42816
4736 4770
11245 11493
65785 65809
64638 64732
73826 73881
14500 14508
51398 52087
38820 38868
63254 63305
31324 31564
78272 78325
2072 2355
52678 52849
62078 62234
59351 59404
74355 74515
12445 12552
62716 62755
36902 36903
24650 24790
15276 15304
29889 29901
2984 3081
72785 72805
50357 50378
37171 37248
56154 56328
22304 22383
63187 63208
79038 79049
52856 52971
18012 18122
61703 61834
33462 33511
4397 4428
36637 36647
54676 54709
29200 29267
49773 49810
3994 4050
75278 75317
23512 23534
72467 72500
67045 67139
79528 79576
55569 55652
8629 8771
75232 75280
32892 33042
35040 35094
23755 23826
76646 76792
51215 51368
429 539
38077 38165
39365 40098
24559 24649
43399 43606
35449 35487
38791 38825
47262 47403
43903 43921
7653 7665
55582 55647
18469 18592
15621 15631
36165 36352
35527 35637
70599 70629
22741 22963
4129 4190
14613 15008
8729 8746
67318 67464
50237 50383
9931 10171
70243 70295
68889 68977
29746 29914
15676 15678
59476 59496
40042 40172
69295 69459
29714 29822
75315 75416
38618 39099
78749 78799
75813 75817
74802 74854
35788 35956
18785 18813
72323 72798
45422 45432
71726 71791
6731 6800
73113 73273
60753 60823
20893 21230
3299 3380
21236 21294
13655 13847
15386 15548
17330 17412
40006 40026
57347 57625
52637 52751
36853 36859
18873 18992
7191 7366
9263 9310
58226 58321
25002 25088
78476 78621
59438 59547
24703 25008
41142 41237
32625 32702
62919 62960
70641 70653
27392 27447
11563 11620
29976 30090
57128 57211
40014 40070
57120 57300
28102 28179
43620 43715
44564 44825
46080 46164
62707 62710
67454 67591
23732 23758
42954 42966
27783 27866
20237 20406
35137 35235
69749 70153
60281 60313
46576 46634
2186 2318
61262 61432
47805 47882
15993 16072
11369 11381
13102 13105
29232 29405
1318 1379
60106 60112
56448 56470
15705 15739
22130 22141
60057 60114
14767 14823
32157 32234
54407 54567
15898 15914
57480 57613
5341 5449
53453 53814
39875 39915
53947 53995
63053 63106
38659 38664
11063 11097
51824 51869
2508 2613
39681 39825
37465 37593
11233 11436
41648 41872
14650 14760
44821 44888
2126 2153
42430 42579
79832 79994
19628 19780
56553 56572
13805 13902
72033 72216
61570 61895
46494 46561
72801 72813
9849 10311
78831 78878
20397 20461
19688 19849
27283 27441
22143 22208
54562 54744
66976 67100
67284 67383
55657 55704
16052 16297
56255 56353
69073 69118
13076 13098
64539 64691
14204 14626
58363 58364
64365 64441
33913 34022
24546 24570
23067 23079
32010 32207
4409 4463
67772 67820
58142 58161
45568 45597
55710 55909
40775 40921
47341 47490
53459 53473
65012 65034
67024 67038
37892 37945
27042 27082
68624 68652
4923 4983
42108 42162
34215 34226
57431 57628
48706 48714
53532 53588
72126 72154
10337 10436
11558 11662
53721 53918
60599 60631
13873 13893
12004 12027
9366 9429
35435 35613
37767 37951
5295 5302
40144 40150
51941 52068
56576 56600
30457 30495
68979 69099
12709 12834
13881 13886
25842 25880
45740 45815
48441 48476
69335 69539
19534 19611
4820 4848
1232 1262
64841 65037
65493 65511
24888 24987
43892 43946
35282 35482
4569 4628
36528 37410
19754 19761
75649 75682
2424 2427
17812 17840
58318 58319
77677 78602
14909 14971
32125 32295
76891 77046
48084 48155
69770 69825
19976 20076
40528 40637
18587 18756
77222 77310
15500 15568
31641 31714
58286 58490
74684 74724
29230 29378
55962 55965
23910 24282
77620 77642
58354 58382
33687 33701
20819 20869
77898 78172
5784 5795
4013 4243
10359 10742
41090 41325
34123 34137
58676 58824
60302 60341
63665 63747
19712 19779
71498 71872
17569 18119
60077 60969
13675 14001
38545 38603
7230 7252
40138 40146
9633 9944
40463 40601
49188 49275
12760 12795
41467 41509
70445 70473
23655 23740
12660 12672
37806 37996
79519 79969
64751 64804
15892 15991
2147 2167
20451 20608
38761 38793
1227 1412
66260 66304
73483 73501
29329 29495
29168 29221
70028 70042
50308 50478
9303 9930
59826 60042
66089 66098
2738 3061
37906 37927
61837 61934
74231 74295
8461 8523
54462 54522
5592 5654
52520 52643
20074 20129
50503 50600
11266 11356
39599 40277
60662 60694
23275 23284
59819 59951
72625 72819
76177 76260
28315 28405
42612 42638
30976 30985
11709 11833
179 210
35061 35085
10400 10530
17355 17382
13151 13222
8658 8770
69560 69622
53283 53289
33686 33710
33891 33917
60191 60224
55779 55871
39773 39855
8798 8943
6340 6378
41117 41200
40900 40967
2365 2434
29203 29322
29979 30012
12213 12307
13529 13547
55678 55719
11784 11823
72780 72790
60989 61042
68228 68277
9876 9936
33177 33192
31275 31365
15836 15937
62163 63211
43156 43181
30409 30492
16573 16602
42220 42225
54252 54312
51653 51741
42467 42512
70477 70503
15585 15701
12120 12142
70964 71014
35211 35213
37609 37783
78644 78647
33473 33597
69424 69653
43688 43741
35721 36022
75860 76001
12246 12294
49315 49383
22074 22084
65928 65978
37970 38161
57710 57719
19227 19323
5345 5446
62961 62998
43264 43630
66266 66379
65214 65370
22215 22272
15624 15717
40328 40336
45861 45931
22132 22463
69583 69820
16920 16963
26359 26365
71382 71398
77168 77198
65531 65886
64489 64509
74860 74927
12236 12586
64132 64291
13205 13219
5976 5997
12577 12637
54850 55048
6142 6557
8537 8560
35441 35457
19080 19213
43091 43135
69020 69188
3145 3303
61947 62170
58057 58144
23990 24194
54432 54477
8558 8695
52785 52832
3259 3374
26933 27148
45661 45924
64128 64199
22603 22636
45073 45109
55339 55772
40284 40343
49407 49591
37193 37318
64418 64436
50075 50223
25332 25791
11482 12128
71867 71906
28490 28530
73854 73875
24845 24900
22698 23084
69436 69474
52480 52576
67658 68169
7934 7977
3278 3366
27776 27942
76292 76731
73426 73688
67947 67964
53895 54051
18081 18115
32447 32778
22197 22206
29829 29956
7615 7760
34079 34167
26040 26056
24603 24619
50197 50312
73415 73572
52955 52970
22172 22403
34716 34717
40145 40216
1224 1359
22905 22923
74077 74136
26213 26376
61927 61960
28063 28083
1385 1511
56648 56850
15057 15317
49855 50049
71062 71131
58835 59015
21262 21453
39185 39188
35783 35884
22079 22203
14436 14445
61961 62242
15693 15720
21270 21414
75281 75306
28088 28096
46331 46664
51048 51108
41074 41118
73425 73742
60808 60872
3254 3361
57679 57718
1731 1898
19258 19423
43534 43755
53318 53326
58900 58934
5750 6103
17240 17273
72822 73170
2081 2111
23258 23358
29868 30065
46752 46796
34669 34709
15350 15557
70856 70884
1064 1221
56900 56913
56717 57040
53157 53196
78467 78558
48683 48751
7262 7372
21624 21807
60530 61326
52323 52347
39304 39387
25229 25507
7892 8438
66942 67020
9400 9554
57012 57090
22577 22823
38366 38563
35423 35507
15864 15995
51641 51665
48335 48392
13690 14033
44370 44683
7516 7854
69379 69470
7354 7400
76077 76188
23126 23255
35642 35643
1067 1131
63886 63945
9865 9971
29270 29812
42668 42731
50345 50434
27536 27672
60605 60775
18900 18906
31530 31801
59392 59503
25269 25497
72503 72526
52321 52408
50274 50296
42382 42416
36260 36405
23996 24134
61663 61787
59000 59037
44122 44225
50067 50113
77306 77409
47884 48039
51127 51740
44340 44448
25918 26135
36904 36947
14055 14391
8406 8515
42824 42880
29008 29091
27456 27474
77170 77197
15347 15506
77650 77765
68464 68578
75155 75179
70248 70284
14224 14375
9747 9848
11192 11228
37118 37136
33724 33770
58604 58741
77583 77600
28970 28994
45835 45875
25660 25727
72529 72545
57623 57654
64054 64101
42976 43023
20613 20932
16350 16357
79637 79676
49697 49698
39544 39589
49393 49652
60308 60333
56819 56874
79061 79126
31318 31364
25361 25370
35952 36295
31315 31354
42087 42257
67892 67992
2804 2836
23997 24022
46137 46291
39865 39971
19132 19232
62200 62205
78035 78084
49312 49486
25724 25941
74450 74629
25898 25907
75896 76136
49842 49884
71730 71748
48257 48815
41601 41690
46935 47077
68134 68295
31890 31945
16278 16328
25462 25467
30700 30723
53218 53335
11151 11196
54951 55227
52390 52417
29548 29578
991 1071
18380 18385
57923 58065
68180 68215
24259 24328
20439 20664
69967 69983
8741 8782
22845 22913
1254 1279
56366 56369
75594 75615
36101 36159
29499 29538
28560 28623
8051 8062
54568 54607
595 757
5974 6020
73812 73923
57116 57309
77413 77458
43628 43654
15858 15924
29210 29291
61628 61637
76000 76084
75096 75119
29950 30023
52953 53010
48772 48855
12663 12753
13673 13849
37700 37777
75634 75725
71910 71934
12311 12476
21 99
74921 74986
25789 25848
63504 63562
1738 1774
25538 25688
49395 49496
66090 66348
48516 48587
15414 15480
76423 76454
57119 57139
43565 43579
1564 1701
64791 65229
7507 7522
69711 69713
30511 30592
68394 68657
9919 10367
49428 49739
19141 19319
61414 61490
23762 23789
68609 68993
27714 27741
40300 40416
70854 70896
66397 66611
12931 12994
47447 47503
8563 8565
63904 64026
6680 6716
12631 12717
40605 40617
67660 67776
72383 72425
18983 19090
50760 50780
7411 7423
61412 61589
37097 37142
43894 44405
25865 25925
75866 75999
69276 69332
68076 68161
64636 64671
54998 55012
13067 13158
31519 31644
45775 45908
64033 64198
16485 16489
68882 68901
26881 27044
36241 36372
19207 19264
21754 21809
74877 74928
36934 36944
65129 65173
62837 62851
22492 22495
14191 14200
6220 6232
39876 39913
78141 78299
74067 74256
38773 38774
49345 49367
18351 18477
50369 50452
21319 21511
39570 39597
52939 52940
19738 19818
62416 62429
58170 58189
22735 22838
85 363
59150 59299
44263 44267
39300 39369
72833 72858
2504 2529
40290 40347
7278 7959
51118 51174
49950 50251
73291 73634
73453 73464
66381 66406
3257 3332
39869 39975
21578 21642
24417 24580
42387 42484
30916 31018
78510 78740
12981 13037
61740 61807
71834 72003
65406 65447
52399 52459
8652 8698
66218 66395
3875 3878
71127 71209
31258 31345
58187 58204
32495 32539
53992 54109
73681 73765
52476 52517
21690 21707
17191 17198
10727 10764
51961 52085
67265 67635
13244 13945
48885 48935
20420 20684
31666 31708
38 427
19812 19877
50741 50778
6004 6157
62465 62567
77543 77640
44998 45048
49150 49265
36914 37436
8234 8279
32150 32375
31425 31471
58407 58483
10755 10762
74160 74335
74709 74737
33279 33561
62564 62612
51128 51205
8711 9184
61281 61400
17145 17237
12185 12240
30826 30841
65848 65901
5540 5646
23189 23203
52034 52409
8335 8381
56352 56358
60825 60870
31760 31786
3418 3513
72241 72308
41065 41253
22647 22732
45505 45555
35264 35350
49520 49618
62339 62491
7118 7239
35285 35356
74676 74711
16147 16199
19563 19636
7065 7077
63365 63400
33847 34168
48208 48290
71996 72035
21722 21742
42408 42497
20614 20686
12972 13093
38712 38770
2969 3376
27973 27987
47416 47515
62064 62303
36341 36356
61093 61124
39165 39166
49583 49678
54288 54378
54207 54254
65363 65467
63044 63046
29670 29857
31955 32009
16362 16408
35792 36138
44235 44367
43489 43513
23765 23795
381 615
62999 63175
7766 7901
70532 70601
66461 66535
49881 49957
33333 33451
11937 12011
38251 38273
24129 24425
70122 70320
48924 49053
2334 2339
65692 65908
58649 58713
4269 4339
64082 64329
54437 54584
42645 42965
7112 7367
44635 44695
55731 55889
8212 8288
1207 1362
8665 8667
56479 56615
4403 4408
24113 24254
72027 72144
12484 12521
24792 24811
12226 12275
48595 48810
39836 39902
6976 7011
57943 57959
28 54
42362 42611
26805 26809
76089 76166
20999 21046
47930 47932
67140 67300
77092 77787
48206 48250
6100 6159
20975 21088
48102 48218
41855 41950
57807 57896
14201 14215
57356 57505
73379 73421
54906 55163
16639 16794
29811 29876
51720 51914
49012 49191
34815 34893
25849 26022
37799 37826
75237 75294
12649 12781
5025 5035
71716 71938
10730 10842
24827 24948
69736 69739
64289 64422
23495 23510
53940 53970
59088 59090
2376 2639
14805 14849
12424 12425
20871 21085
20971 21012
71346 71414
32903 33094
37667 37722
75220 75266
16236 16334
7142 7281
45656 45769
5630 5751
2322 2343
57700 57874
6736 6737
69135 69184
49438 49503
34256 34405
56851 56859
15331 15429
13919 13949
37590 37643
64470 64597
13712 13784
78667 79221
53561 53569
52882 52912
770 931
66569 66664
6826 7001
13363 13410
33695 33778
43796 43956
30776 31095
9073 9122
6237 6243
66563 66598
51341 51348
56126 56208
35047 35059
64294 64401
44210 44323
38691 38826
54331 54376
58268 58287
9939 10276
5813 5824
15721 15733
28242 28328
43319 43372
22444 22857
51038 51079
54348 54423
67834 68201
8654 8707
50438 50470
11011 11034
65217 65352
69157 69169
44796 44858
50480 50514
11544 11564
40468 40604
45251 45327
48442 48443
68968 69016
70222 70231
24433 24465
37693 37702
77384 77438
40215 40250
68914 69011
31384 31409
38058 38150
16514 16546
30276 30452
2894 2974
29673 29682
42065 42144
31278 31290
78464 78577
62799 62807
29056 29058
77595 77696
13572 13771
58436 58612
46016 46157
40530 40892
62061 62222
73275 73330
44029 44045
43709 43712
68438 68442
65834 66100
45824 45882
38308 38362
40393 40423
2185 2264
22667 22717
13311 13742
24115 24310
15316 15378
8320 8359
18475 18911
34380 34410
39136 39150
49748 49831
56662 56778
36738 36751
16103 16118
50412 50443
61732 61774
47948 47962
66464 66594
55566 55610
77033 77054
15079 15158
40444 40455
46818 47054
23782 23886
35312 35405
35024 35117
78514 78600
45310 45339
70433 70556
34287 34393
9610 9638
56906 56968
35958 36173
37403 37425
32655 32657
4540 4612
58295 58359
42315 42407
11012 11322
57900 57922
60216 60319
36613 36712
46583 46643
65861 65949
79199 79315
45437 45537
48927 48940
62265 62305
31305 31586
12974 12982
33486 33859
75734 75790
62221 62276
61346 61380
68754 68843
766 1137
5058 5108
72140 72217
22746 22821
62398 62448
76596 76750
2297 2400
42363 42463
58951 59021
5571 5600
46898 46914
50018 50105
57947 57969
78850 78919
4702 4925
1402 1529
79820 79908
30027 30091
59974 59979
72507 72595
16692 16707
29240 29356
22836 22886
47024 47163
60734 60875
69088 69146
56586 56590
9720 9727
22713 22844
56927 57248
7297 7591
50943 51141
41896 41957
4765 5011
1450 1675
69907 70242
59761 59835
73060 73077
36376 36411
68815 68830
50368 50416
63706 63759
34304 34358
68281 68354
73699 73773
46862 46949
11391 11446
74659 74667
12843 12940
4185 4301
35064 35257
49358 49443
66796 67008
12043 12088
1226 1303
58870 58977
34536 34876
63614 63703
4921 5122
3614 3706
5126 5148
40261 40324
7078 7155
38558 38615
19693 20102
40158 40199
6885 6901
21558 21564
68197 68411
6380 6584
66659 66843
52013 52051
57152 57604
57598 57687
36320 36392
76115 76164
65003 65076
63565 63773
61468 61516
61054 61202
77692 77708
64813 64858
59617 59674
4878 5104
15311 15349
61654 61726
77762 77811
77341 77663
73158 73437
1651 1722
37071 37092
46633 46859
11848 11926
11298 11315
57396 57605
62450 62481
16050 16142
52634 53163
67052 67110
13496 13687
4555 4619
64334 64405
30769 30901
24283 24291
27555 27609
44099 44148
38511 38702
32922 33131
19187 19208
38847 38924
47269 47375
21916 22316
48030 48169
53350 53447
16578 16818
793 796
10497 10611
67480 67713
79181 79306
6429 6473
25395 25555
65273 65413
60674 60688
58115 58151
14880 14898
12074 12077
77217 77400
48333 48334
60327 60380
51890 51929
63608 63643
16238 16301
17651 17820
66474 66740
45278 45384
54708 54949
76041 76174
3762 3891
14848 15048
38579 39097
37261 37415
16097 16179
63888 64170
22091 22103
63594 63637
19639 19709
76336 76360
15516 15536
59297 59319
45092 45464
28934 29149
33045 33097
11299 11414
44914 45036
15655 15780
47935 48045
74149 74506
68308 68472
49453 49558
24989 25128
75763 76015
2019 2083
30058 30119
61739 61914
67865 67982
16178 16208
30739 30784
31829 31905
47017 47020
48670 48808
47425 47680
50712 50758
58 166
76847 76856
24338 24376
33675 33787
8349 8391
48253 48360
11138 11183
2415 2474
7464 7504
38805 38944
67758 67970
40945 41152
63376 63730
67443 67602
69612 69654
30442 30482
22222 22239
22102 22216
21963 22137
11036 11144
68429 68684
38169 38222
12017 12052
79708 79896
70813 70910
32444 32506
48845 48876
57216 57295
62683 62826
12901 13069
19367 19450
57425 57488
13971 13996
34515 34532
37194 37431
79717 79791
24324 24332
19209 19218
49905 49933
50087 50117
63321 63393
20222 20242
56545 56636
42084 42214
78456 78492
70138 70144
63204 63218
30075 30125
65067 65203
51479 51592
24036 24073
5939 6031
5991 6093
29268 29288
2846 2933
45807 45834
78387 78451
589 591
72185 72242
39280 39342
32721 32840
67862 67919
37600 37856
49802 49823
27496 27550
18015 18054
48314 48345
18824 18839
31157 31349
17544 17600
5739 6067
67793 67859
48438 48497
78404 78614
55128 55147
67253 67387
33749 33817
60228 60265
48097 48123
56176 56346
71684 71695
37547 37566
42330 42334
69775 70114
32726 32736
34939 35112
56198 56250
36552 37217
11887 11973
23075 23097
71621 71657
34417 34567
69665 69710
9514 9761
71708 71746
49003 49024
19597 19607
14863 14937
17901 17915
57780 57837
46140 46453
36611 36718
75589 75652
29316 29440
4314 4452
18427 18484
35140 35326
6372 6438
57723 57782
39560 39759
25319 25382
35938 36002
42097 42399
11962 12035
71787 71836
661 690
34124 34148
40236 40346
79794 79845
63142 63163
46628 46992
11060 11105
73810 73838
16225 16256
30719 30849
62781 62899
3695 3756
51818 51829
23812 23952
62854 62872
12119 12123
79990 138
78477 78482
1171 1212
66746 66754
46194 46394
29049 29195
49351 49391
52702 52808
4894 4898
23891 23974
42776 42892
67314 67752
14918 15074
10124 10138
33028 33182
42694 42756
79462 79474
59784 59842
14163 14165
3977 4094
16491 16547
50994 51117
7176 7192
27552 27859
73251 73258
48094 48189
40560 40787
1550 1765
7942 8128
9714 9722
49093 49114
56604 56695
38556 38690
69104 69149
77401 77475
18892 19059
48616 48676
16379 16901
14003 14062
74576 74587
68908 69039
29849 30203
55510 55561
64578 64695
37191 37197
71549 71607
38669 38814
61515 61585
5864 5877
10341 10585
14449 14494
3598 3718
75478 75546
69482 69580
75100 75287
35823 36222
58083 58272
7528 7596
40490 40506
67666 67694
14230 14243
60305 60677
41055 41132
8176 8185
8372 8535
64074 64134
6836 6847
70847 71146
11755 11857
33136 33199
59817 59868
64583 64722
24688 24927
16784 16808
42728 42881
24317 24411
33964 34030
79797 79942
34745 34821
71671 71915
49852 49892
36681 36789
2417 2449
1371 1375
39132 39180
52352 52403
13011 13061
1120 1272
65430 65730
36572 36963
36521 36631
48916 48983
55077 55146
21757 21867
37332 37333
34364 34620
41593 41696
59192 59445
1616 1622
56408 56619
65637 65663
34969 35018
31137 31201
63285 63422
64371 64472
56371 56473
68553 68574
34944 34952
3129 3256
68077 68090
10796 10810
47863 48129
587 592
1152 1418
70228 70239
55770 55854
34570 34732
41411 41438
41227 41348
61819 61894
48449 48576
53128 53174
78128 78149
77687 77888
1971 2020
72486 72561
30927 30939
31939 31984
56035 56102
59140 59276
63147 63217
14124 14312
48734 48746
62553 62697
72990 73230
818 840
26094 26130
23574 23581
53854 53920
51984 52118
1198 1252
44756 44782
61043 61171
40179 40260
14143 14198
50062 50124
4666 4685
64097 64098
64832 65041
13615 13757
54382 54465
54111 54145
111 400
58894 59143
39834 39878
35977 36168
29273 29325
62816 62886
54561 54580
68371 68835
7884 8038
12942 12948
62724 62728
40265 40319
71415 71492
52373 52432
7186 7266
55705 55802
58332 58443
78697 78916
43595 43658
66693 66782
56242 56386
25022 25104
15312 15346
17946 18093
20757 20808
70825 70965
28968 29135
71687 71842
43836 44288
43522 43675
58671 58820
20888 21011
8738 8889
18304 18367
37046 37129
51189 51224
44901 44968
51119 51129
12029 12072
41908 41994
7797 7895
33162 33175
39382 39470
11451 11510
36642 36727
55581 55757
24487 24591
43871 43897
62476 62744
2530 2532
53853 53946
68402 68432
2869 3516
66482 66737
25934 26063
8520 8603
68358 68502
29417 29626
7276 7277
36418 36540
40976 40993
44445 44523
66689 66935
8173 8202
49487 49517
55964 56142
27258 27432
23287 23476
7025 7154
64573 64590
38100 38324
59850 60006
32248 32847
36917 37166
9444 9530
57484 58169
46314 46335
72723 72897
13840 14024
25878 25915
28231 28519
24415 24483
29953 30002
6671 6708
50475 50493
59041 59102
7695 7724
58892 59016
5194 5216
31774 32156
25846 25965
65385 65696
78665 78913
60347 60487
77838 78796
74763 74872
10747 10932
37857 37860
38451 38686
72196 72353
45403 45447
62387 62446
46023 46111
67879 67934
14127 14144
55554 55654
58381 58402
62943 62988
14227 14440
21216 21420
55513 55562
40434 40439
18313 18471
14673 14765
1855 2044
34850 35086
47983 48020
58078 58154
39555 39601
59268 59437
4220 4742
56792 57037
49307 50167
73606 74046
50598 50602
19766 19777
9836 10324
53151 53246
42944 42970
72684 72999
46368 46456
39118 39246
62557 62627
1837 2045
28905 29374
50168 50185
3646 3684
4135 4434
79619 79693
9199 9222
19222 19229
32404 32430
1452 2266
6702 6796
55183 55337
79236 79311
76421 76640
71882 71890
41583 41586
26760 26807
9867 9870
44665 44965
66027 66067
66940 67134
28139 28167
65537 65609
70384 70444
69484 69541
60885 60931
33629 33640
55642 55711
25265 25434
6170 6404
11539 11602
18778 18951
76448 76476
12499 12527
61534 61621
50953 50962
3587 3607
15794 16001
58389 58472
70893 70923
52325 52423
57079 57318
64768 64854
9773 9801
52466 52508
58114 58129
56494 56701
58054 58215
50495 50543
71704 71756
18729 18740
14151 14269
25089 25383
4041 4069
41428 41502
63234 63455
40189 40259
12220 12243
68360 68370
19689 19692
5049 5155
14133 14236
77850 77858
72 251
72427 72534
34136 34147
65035 65071
30962 31001
15862 15988
5854 5987
27671 27862
15818 16090
36692 36716
60992 61091
67759 67778
63981 64221
43505 43521
31404 31615
75447 76399
45569 45639
15319 15618
18045 18104
9115 9165
79573 79691
56955 57030
32730 32957
49671 49679
17628 17715
15228 15262
34843 34856
15543 15579
36490 36764
59044 59058
17433 17465
70697 70705
37266 37439
46396 46411
66367 66639
21299 21356
8169 8174
71301 71411
9615 9710
12555 12627
32118 32132
3404 3779
12651 12686
3590 3703
7544 7568
1688 1848
76800 76859
32814 33004
72387 72508
67736 67874
56063 56095
34753 34763
54381 54527
43249 43288
58984 59113
32222 32252
48081 48132
54656 54958
30221 30288
58107 58174
72527 72631
27448 27526
42218 42357
53763 53870
51373 51628
568 685
32032 32544
66577 66585
28923 28981
62788 62832
3397 3569
7216 7226
69675 69703
54681 54793
46916 46958
66712 66852
47382 47398
62928 62972
58005 58173
1880 1981
42270 42303
44698 44785
58821 58855
12877 12896
22220 22334
24571 24605
25528 25540
21534 21618
44981 44983
87 174
33142 33280
44131 44141
33329 33524
19157 19275
10461 10517
49981 49985
47497 47522
54082 54115
56634 56856
67033 67624
77234 77563
11079 11143
6475 6490
42112 42255
3760 3815
43532 43695
73303 73506
68664 68719
26786 26821
74352 74363
52613 52778
24611 24685
1724 1742
60929 60976
79641 79670
29678 29754
2746 2769
22761 23294
51855 52007
42418 42535
8368 8549
47759 48134
18170 18201
26995 27099
79922 79967
40946 41187
69234 69316
75742 75788
5962 5985
34334 34436
48950 48988
24720 24854
71975 72054
60236 60243
40131 40226
59036 59084
64891 65123
14225 14414
32649 32843
39885 39891
78026 78103
52151 52556
38662 39258
10292 10428
41233 41254
43538 43748
76054 76098
25790 25804
18229 18247
50895 50960
62554 62591
2462 2485
71103 71232
61558 61692
56131 56133
25671 25883
66806 66883
1173 1253
9592 9829
29540 29840
77551 77612
27306 27510
73654 73713
24735 24858
4271 4298
59111 59193
3485 3687
37798 37966
26103 26327
78252 78316
8721 8884
8870 8872
38079 38105
32409 32637
1886 2074
30455 30486
530 545
52990 53067
51043 51051
4141 4143
53216 53303
78132 78305
40635 40834
44470 44554
35492 35594
56831 56835
49473 49524
22752 22787
19945 20037
25583 25645
67655 67721
146 219
54805 54943
73942 73948
23951 24159
74206 74207
49061 49331
73748 73853
65492 65739
62908 63063
74999 75075
27832 27840
19007 19081
557 655
30712 30717
46638 46675
3725 3753
51589 51670
36828 37022
48688 49073
70540 70560
78441 78457
45086 45147
59506 59527
59960 60000
52027 52129
48580 48775
3462 3497
32193 32221
21625 21682
32646 32690
33205 33255
77324 77327
43351 43471
70631 70853
34506 34595
56680 56796
58624 58825
76269 76328
25569 25633
40788 40792
17229 17252
30683 30698
62745 62793
567 642
28055 28104
54039 54415
35716 35751
15599 15653
2009 2041
34461 34593
55756 55990
67976 68216
54957 55075
36591 36744
7539 7547
47107 47186
59082 59176
39907 40003
55578 55593
51053 51194
61679 61700
50426 50595
26542 26615
9108 9118
34283 34375
52058 52095
13306 13332
62573 62578
55697 55764
14205 14452
12738 12746
43840 43942
8110 8116
21833 21872
18547 18659
70992 71072
77159 78079
51985 52022
73916 73917
76409 76507
15042 15125
11335 11337
16590 16613
59367 59417
30438 30549
77124 77299
38605 38655
69955 70166
30620 30638
29586 29600
12507 12588
48744 48874
13431 13530
34337 34480
29825 29834
55788 55916
58216 58435
58758 58910
58195 58335
66714 66850
51802 52251
68636 69101
78963 79035
38179 38195
52294 52424
2454 2482
56509 56764
26642 26789
26109 26259
62059 62228
51203 51204
57053 57093
8195 8242
36586 36799
30095 30164
71013 71060
4373 4406
24955 25051
78774 78783
65265 65312
51523 51539
18236 18262
36462 36821
24736 24737
67380 67461
58186 58348
25101 25152
59222 59225
70189 70313
33942 33949
51069 51140
78674 78682
29242 29353
77823 77866
34213 34355
70459 70504
71373 71425
13642 13680
61107 61289
39725 39774
61737 61743
52364 52383
16516 16671
10374 10463
62224 62225
62444 62475
72253 72306
5766 5797
37533 37688
1718 1785
76738 76907
9854 9869
33877 34085
47019 47046
45370 45458
71578 71644
56258 56308
7199 7212
24931 25020
9680 10027
13331 13370
3437 3450
14386 14706
76755 76904
39777 39848
53591 53632
56884 56925
23032 23140
79955 70
39665 39747
13619 13633
66138 66257
38333 38364
8374 8598
54367 54374
42401 42456
37710 37807
1107 1519
35255 35469
20178 20311
1715 1726
61983 62075
43814 43833
77993 78039
58326 58369
3428 3600
27685 27800
41271 41311
64525 64639
36714 36838
51669 51700
76504 76511
22461 22781
12260 12331
50387 50425
46067 46088
9019 9194
12593 12615
49040 49056
67316 67501
23081 23283
19735 19839
10779 10830
20321 20404
54639 54741
56266 56300
21459 21843
66908 67016
28012 28032
29526 29639
13471 13493
6787 6833
12779 12824
41871 41921
44153 44270
38783 38856
21126 21155
79728 79831
44942 45016
21206 21335
38225 38248
79709 79748
18797 19027
65710 65715
50916 50973
35632 35681
9908 9954
4246 4567
74749 74826
16273 16319
38893 38954
33599 33645
38657 38695
45964 46036
19880 19900
76678 76733
47538 47575
65434 65652
67083 67091
8895 9320
16047 16057
51017 51359
58157 58411
21594 21730
4781 4823
35848 35863
7269 7523
15332 15397
41078 41221
79242 79360
27586 27716
13272 13348
1527 1703
8684 8705
22010 22139
43234 43252
2903 2946
30040 30045
68869 68890
52063 52089
34251 34273
70571 70602
5245 5316
50572 50586
62865 62940
70891 70993
18344 18368
6535 6657
54375 54458
65624 65870
59425 59463
72930 73084
37483 37732
4691 4713
44472 44542
66602 66629
53738 53771
41870 42160
71524 71646
31329 31342
25325 25411
28474 28516
76741 76762
66597 66926
42727 42733
45653 45779
21621 21647
1276 1559
19596 19958
10493 10710
61738 61742
68107 68118
21469 21470
14976 15101
58339 58356
23898 23900
32967 33118
74579 74608
29428 29572
38972 39093
50220 50235
3557 3560
23136 23346
78331 78551
65324 65330
1506 1533
32049 32401
39939 39987
49580 49814
62709 62746
29156 29183
51374 51429
77940 78017
52514 52859
45909 45979
54809 54836
18614 18764
44311 44330
50340 50353
77860 77980
77970 78031
31297 31300
70668 70672
1174 1184
68250 68252
20163 20236
2230 2293
18876 19050
50129 50143
3974 4108
74758 74871
4710 4720
62206 62213
12400 12486
37739 37831
48432 48444
50010 50254
7170 7298
13081 13104
6454 6612
75669 75733
27891 28062
10998 11113
15985 16155
79426 79442
2233 2238
27664 27915
13585 13674
44678 44738
72235 72261
61938 61952
52474 52524
58366 58433
43434 43457
41850 41954
68447 68451
46419 46439
35376 35386
24507 24718
23455 23518
4674 4699
31873 32052
21003 21030
64511 64625
10130 10378
36709 36848
50984 51067
15598 15612
10094 10146
2651 2914
11403 11428
44572 44811
44222 44254
34764 34927
71172 71244
51530 51597
676 781
38008 38043
53271 53381
943 1049
43258 43374
49507 49627
6192 6268
46851 46876
31213 31242
48285 48414
30089 30123
28909 28938
30093 30131
77885 77990
19641 19834
53408 53475
63742 63763
3535 3581
25768 25897
34517 34596
5334 5335
37595 37640
36297 36310
19678 19679
50104 50155
21446 21451
46002 46165
45816 45984
46117 46222
33664 33666
59357 59515
30799 30804
38991 39047
11040 11169
69460 69561
6714 6955
42836 42843
25597 25653
60289 60586
68817 68986
6986 7092
61641 61768
11256 11397
38743 38931
77666 77669
12203 12250
76939 77066
48922 49002
21426 21477
34794 34912
10051 10137
23559 23664
57808 57955
26768 26880
52906 52932
63213 63424
66958 67208
72366 72498
34224 34235
35684 35770
28874 28875
50526 50529
9767 9906
56253 56307
35979 36072
48448 48707
34597 34606
78501 78573
10212 10255
36067 36104
56742 56784
15591 15670
18852 18931
24368 24422
8472 8479
31728 31814
1285 1457
67382 67472
43462 43536
61109 61126
78484 78496
53047 53082
55885 55892
35982 36756
15921 15986
45852 45907
24228 24238
58678 58731
35689 35742
45889 45930
30215 30350
56478 56532
36630 36690
46773 46832
7843 7971
72142 72222
73333 73496
35161 35201
1775 1830
37352 37445
37302 37474
17648 17894
36793 36809
57883 57946
31147 31203
5552 5568
11262 11445
277 338
36406 36575
57591 57675
35045 35110
11210 11288
26186 26206
65236 65244
46873 46894
74501 75489
19948 20069
74915 75102
45494 45524
1037 1114
4989 5168
56902 57011
70644 70695
17995 18274
11700 11731
31691 31722
6541 6618
52488 52857
75381 75448
4443 4571
35586 35766
68911 69172
6776 6778
66078 66196
74183 74279
40762 40957
12600 12700
50549 50630
11325 11394
50566 50591
9905 9942
3609 3615
16531 16674
21067 21090
73817 73877
19093 19296
26581 26599
19978 20029
28061 28130
67097 67111
6081 6150
52067 52194
55884 56171
30595 30675
66190 66553
3208 3431
31637 31651
27404 27426
31455 31611
38735 38808
11660 11678
71624 71710
40486 40597
5381 5473
60570 60660
33951 34046
9101 9117
39534 39575
27617 27669
5496 5601
14162 14221
25490 25551
58235 58241
54683 54907
37865 37910
34254 34302
39571 39775
51549 51745
61461 61521
43913 43949
42248 42485
67144 67336
7709 7919
64535 64602
29488 29505
43390 43401
53975 54187
44049 44226
76541 76654
55742 55766
69416 69487
31647 31683
8000 8077
44686 44758
17132 17168
16694 16702
6656 6678
59785 59865
7224 7395
74419 74425
78417 78537
54666 54707
43992 44155
40579 40699
50863 51098
77416 77495
60541 60558
76294 76372
42351 42371
74773 74797
24802 24885
47961 48000
69127 69210
30037 30118
46510 46522
2492 2617
37061 37110
6743 6898
65579 65582
5463 5541
28696 28814
55833 55984
19690 19835
5045 5076
35664 35700
46279 46414
79351 79393
18631 18772
743 837
18720 18798
59804 59820
78012 78185
42053 42172
7579 7678
75916 75980
10943 11037
58223 58299
53409 53520
69466 69556
36468 36610
51586 51750
62247 62301
116 590
16881 16886
49506 49536
72709 72917
51209 51238
15330 15754
66680 66730
61981 62164
70051 70055
15690 15796
28531 28719
43586 43693
57410 57437
13429 13484
18182 18248
1228 1277
12720 12874
79719 79730
63112 63119
51498 51527
20479 20492
51691 51758
74258 74385
41436 41670
70398 70432
59094 59118
51642 51813
65407 65450
41365 41508
19687 19696
74761 74768
20883 20926
77169 77256
57084 57126
75827 75878
12727 12822
44237 44461
62693 62820
47550 47566
59795 59867
46090 46475
51687 51763
5127 5225
32965 33011
26454 26492
61361 61445
16592 16787
58866 58972
75839 75848
6287 6293
51382 51395
12863 12966
42155 42464
32863 32880
63510 63524
71212 71286
72504 72657
22842 22855
78671 78896
77084 77127
69370 69374
3827 3923
70935 71079
37317 37469
25479 25687
11225 11413
27898 28059
14979 15341
20746 20820
37541 37556
11571 11695
79984 36
63352 63364
64876 64932
23565 23612
57793 57833
70510 70531
23334 23338
5916 6076
59494 59538
59331 59441
16564 16612
53798 53890
67897 68045
34926 34975
43081 43166
71648 71734
26332 26395
72596 72719
57936 57957
28578 28593
20576 20703
63732 63903
68539 68592
41749 41996
17027 17149
44526 44988
21714 21729
11741 11899
34065 34140
42847 42864
56569 56621
50120 50128
30843 30874
75110 75126
71315 71369
57554 57558
56931 56977
53136 53368
27711 27787
2181 2198
23122 23201
12833 12883
42096 42146
74811 74892
6928 7068
55036 55104
63110 63454
28384 28670
16626 16850
71875 71905
77814 77827
14897 14941
17910 18317
22606 22644
1381 1633
4689 4959
2068 2136
12566 12584
73412 73535
49734 49863
54554 54775
21466 21705
33528 33748
9481 9520
32240 32371
63386 63426
27971 28209
37279 37462
64607 64629
127 151
33400 33507
29174 29245
29483 29711
79822 79844
70076 70111
48739 48763
61568 61635
64210 64399
45448 45697
3073 3089
49629 49742
70391 70441
64917 65094
2649 2698
23058 23090
16897 16941
64803 64981
63446 63629
24398 24577
74451 74862
24186 24270
64127 64196
78765 78771
73398 73491
67151 67162
45060 45097
47869 47968
33038 33121
68085 68144
39256 39329
75331 75373
159 163
71350 71503
75380 75607
44688 44708
70091 70103
34335 34621
11661 11711
37443 37540
53194 53268
61597 61614
28174 28366
32381 32549
75978 76095
49211 49220
67441 67545
66026 66060
71962 72086
58563 58587
41639 41903
19619 19686
39445 39450
13794 13808
7831 7868
18632 18658
69404 69461
25209 25271
33783 33876
34134 34176
68353 68490
1759 1786
62120 62681
26020 27115
60608 60643
47936 48065
7121 7181
37027 37128
19244 19253
28056 28210
15447 15495
59413 59524
50004 50115
43107 43130
76645 76851
43591 43653
66241 66429
71572 71601
29998 30112
39527 39547
40959 41165
61957 62173
24451 24506
47506 47646
9373 9450
71047 71050
40218 40323
22428 22554
24154 24162
50846 51010
49339 49540
59561 59623
78365 78418
601 638
73565 73717
19998 20026
62372 62409
9562 9629
9938 10100
14732 14772
37618 37922
32356 32377
74253 74275
47715 47733
22196 22385
7044 7105
12510 12549
23077 23108
50740 50855
79731 79840
74637 74701
35371 37252
67004 67538
62976 62993
40773 40802
4098 4160
3523 3548
11704 11773
69447 69514
57503 57543
1048 1072
7267 7296
54947 54972
18731 18780
55161 55191
77549 77617
2608 2686
72084 72327
60737 60800
16686 16778
1964 2037
17170 17236
68453 68507
4956 5002
33315 33406
53288 53600
8646 8766
34938 34997
25223 25352
29021 29043
11531 11645
60306 60357
55243 55265
47545 47606
22660 22697
4777 4857
66210 66245
7795 7806
49435 49467
34949 34959
53804 53883
45210 45272
20010 20059
18620 18681
44691 44728
64581 64582
79742 79868
67893 67998
64758 64792
7042 7398
8653 8802
56471 56476
57819 57832
77242 77301
38971 39012
79978 0
10583 10718
60079 60080
34326 34420
18400 18455
73116 73135
66340 66436
44446 44490
24343 24371
28932 28996
62313 62539
55093 55138
52638 52690
55285 55459
4419 4508
29216 29296
76501 76562
15337 16497
43941 44014
66343 66346
32865 32875
52016 52026
35950 36156
21907 21961
6011 6140
26850 26858
59194 59202
52511 52550
11761 11813
45182 45355
44093 44183
19529 19615
35170 35186
48976 49120
73037 73045
19605 19677
13381 13455
26199 26286
16229 16339
51295 51334
65563 65720
49721 49735
20254 20302
3971 4018
47297 47334
70880 70927
67259 67353
5950 6436
73397 73405
20193 20211
69354 69373
64429 64666
28192 28197
76120 76126
14847 14994
56191 56279
14755 14920
10307 10360
55281 55300
20259 20274
69867 69924
57486 57511
9687 9743
24041 24202
24556 24686
78567 78868
47388 47394
47223 47292
32127 32332
24102 24263
37622 37844
56032 56033
63188 63227
67335 67343
69523 69798
53652 53808
11728 11738
7852 8095
50869 51001
794 1036
5957 5961
65029 65182
56596 56652
54590 54702
65893 65969
52590 52725
20359 20437
61824 61913
40809 40821
66906 67006
76881 77105
24265 24471
68070 68245
16279 16451
74020 74124
508 560
29186 29342
56398 56430
53544 53656
67756 67884
17825 18065
62813 63029
72446 72511
50860 50978
4412 4460
26347 26382
19188 19230
64151 64172
27198 27402
40862 41107
18486 18515
22389 22586
44364 44454
36736 36788
60103 60244
49103 49111
66431 66596
29447 29516
77478 77547
58931 59052
73197 73221
19549 19570
2222 2277
42142 42273
79714 79807
49605 49665
27430 27457
50050 50070
20610 20631
39334 39359
968 1043
18128 18310
6675 6688
13578 13636
64190 64273
57891 57945
28127 28241
32561 32582
7010 7067
48890 48904
39549 39659
73210 73238
15309 15324
27079 27141
2261 2280
68595 68629
36691 36750
52384 52458
35877 36103
8753 8836
56765 56813
30153 30161
48674 48741
31497 31514
12970 13034
45717 45749
52577 52699
62212 62293
53993 54209
6368 6447
64909 64947
24183 24241
1461 1509
68399 68415
71452 71584
59822 59829
21913 22048
14103 14189
15863 15908
69442 69457
43878 43931
41169 41206
17998 18060
29320 29327
22219 22229
16747 16834
41966 42217
45999 46014
2439 2475
28511 28574
56506 56583
66555 66647
50289 50506
17804 17880
31938 32036
61607 61668
78760 78888
44150 44261
76979 77192
49023 49600
19544 19625
2607 2638
30642 30662
1216 1393
43302 43348
44567 44706
39094 39189
35512 35676
19876 19895
53017 53123
30387 30388
28600 28639
45925 46106
50646 50676
58292 58306
13108 13136
12379 12671
9582 9839
75754 75898
29675 29931
70651 70689
7880 7994
16600 16628
21842 22043
32473 32484
34234 34368
27423 27535
1619 2079
68287 68298
20921 21009
49776 49800
32034 32059
48354 48437
24054 24061
28471 28848
47806 47831
9586 9603
57329 57403
1841 1900
75803 75825
22417 22867
5221 5249
62631 62730
33015 33057
31578 31600
6339 6393
45393 45394
38840 39019
23195 23213
55428 55481
20616 20630
43664 43792
43981 43985
62469 62532
40819 40833
53024 53033
72210 72424
64684 65030
6880 6881
45201 45242
43839 43896
28309 28541
61919 62034
13918 14065
21981 22060
19705 19744
32284 32515
71353 71371
71545 71580
22770 22807
28690 28833
63932 63934
38927 39040
914 925
19988 20004
15037 15053
60693 60746
10502 10673
52881 53390
7951 8018
24449 24481
380 389
3389 3622
9329 9404
45741 46003
11612 11787
54016 54088
28425 28441
51705 51749
59797 59837
54908 55171
10879 10902
69519 69796
19475 19587
53582 53633
22993 22998
78015 78052
74801 74815
30697 30816
66624 66724
60159 60166
25180 25299
37255 37298
47529 47562
31246 31263
24303 24313
70525 70538
36450 36489
41677 41705
922 1195
48068 48119
72098 72194
1961 2052
21355 21501
67909 67955
40563 40566
30630 30708
15510 15570
49409 49477
72046 72199
55968 55988
69077 69112
11146 11204
69979 70019
13900 14112
78582 78584
42663 42875
74703 74780
39515 39657
21240 21324
19022 19120
42567 42590
19573 19670
24902 24943
35183 35207
29047 29131
23939 24017
76589 76595
66063 66097
46499 46540
73014 73058
29418 29487
69993 70061
46364 46484
8994 9011
5850 5951
61386 61469
25962 25975
37997 38012
68847 68866
9679 9861
39625 39828
4235 5052
77226 77320
64975 65059
37828 37876
37847 37999
25145 25171
12452 12459
14468 14486
72333 72356
58130 58179
8309 8385
12374 12614
21207 21278
44557 44594
50720 50871
27676 27784
5386 5487
807 875
754 802
70462 70496
56280 56313
49955 50002
15338 15455
15357 15403
33376 33422
24211 24212
47267 47296
14942 14956
76381 76495
76730 76952
73424 73428
33647 33788
71024 71041
69672 69794
45819 45940
39240 39297
53340 53347
69417 69508
23223 23226
78353 78370
64322 64596
3326 3377
68822 69040
47355 47363
27265 27378
3187 3588
67696 67816
59987 60093
73858 74018
47083 47284
55761 55801
59746 59847
76419 76430
55416 55495
3062 3138
73758 73876
69985 70460
72610 72793
30934 30988
64465 64474
7975 8146
10150 10166
265 307
26277 26415
39149 39198
39662 39794
41825 41831
7260 7292
61029 61048
38945 39232
58291 58301
50664 50665
79291 79423
62670 62800
20679 20690
65546 66363
22650 22718
2653 2723
64707 64745
79043 79125
51864 52056
4522 4577
9396 9454
45380 45764
21180 21244
17081 17113
4838 4856
9299 9415
46417 46433
2916 3017
65708 65717
3473 3580
23880 23921
33334 33339
72321 72332
16965 17129
42122 42183
59942 60146
59585 59690
57887 57940
5291 5333
11357 11361
20733 20845
72859 73026
39827 39888
38430 38551
34687 34714
55201 55271
43333 43386
31004 31155
68293 68482
1556 1581
44004 44151
6614 6621
53937 53967
14482 14545
66229 66280
25853 25950
13070 13126
74234 74336
49690 49812
10227 10262
10182 10254
77846 77951
73109 73184
40696 40756
19530 19595
64169 64177
65549 65576
39683 39721
24923 25013
11719 12025
58002 58159
66255 66449
30330 30396
42249 42462
1635 1725
62987 63018
72863 73178
46853 46948
79131 79182
44423 44441
20713 20741
39260 39348
6039 6096
29554 29676
71456 71469
639 714
536 664
11198 11297
31369 31400
20058 20120
74918 74954
59968 59989
76991 76992
64871 64967
7840 7863
57421 57595
48337 48366
60137 60249
73577 73639
293 329
14795 14859
26402 26586
79245 79469
39898 39911
78470 78739
67781 68162
71912 72170
23842 24256
4832 4915
30212 30290
38666 38693
33852 33893
27803 27944
16023 16114
55667 56169
15750 15906
42817 42923
23314 23343
70822 70864
59148 59223
23584 23618
28710 28797
50886 50939
4256 4335
5007 5283
47933 47934
65777 65865
59218 59322
5597 5702
38405 38471
56013 56153
8570 8599
59678 59703
23727 23838
41209 41289
44358 44375
37851 37977
32363 32367
1146 1158
20954 21617
56515 56543
55102 55169
17576 17703
66025 66125
55348 55426
64029 64099
29481 29546
65529 65855
66104 66105
72389 72469
67009 67063
56211 56304
7562 7564
61540 61826
24131 24242
7703 7836
27297 27390
13694 14096
61378 61502
73847 73976
22956 22958
17147 17243
21945 21949
61683 61744
52107 52661
4015 4040
22727 22851
75371 75440
46139 46210
62124 62202
49192 49223
3671 3719
7331 7362
35597 35641
57435 57463
1893 1923
73968 74044
46759 46817
31704 31807
78554 78568
74487 74581
13127 13149
22343 22430
71731 71753
20923 21290
71181 71230
34523 34599
47589 47622
78041 78080
54910 55317
13064 13087
71251 71274
60943 61002
78500 78866
29645 29704
77619 77728
19097 19156
73387 73429
17359 17373
18240 18267
40397 40412
1102 1298
24892 24916
45306 45353
46292 46346
36919 36956
69497 69522
49078 49132
20597 20666
58630 58703
16452 16463
70622 70684
51280 51342
17751 17942
2510 2604
20602 20668
52749 52830
3958 3973
27916 27921
17595 17654
50642 50662
51076 51166
74942 74946
6245 6373
25415 25457
67021 67195
3148 3162
12262 12342
68043 68268
49947 49969
65617 65672
74606 74666
71169 71381
77568 77582
69774 70104
28138 28198
59323 59358
18408 18460
39486 39557
75807 75885
51206 51273
52469 52495
76500 76510
65395 65439
14668 14762
18717 18930
47569 47705
28904 29107
33100 33138
37659 37730
57063 57089
1640 1776
14166 14271
29882 29937
41963 42028
72573 72636
12039 12149
12910 12964
32353 32441
59560 59568
23913 23931
35206 35445
14894 14925
759 828
75438 75454
70870 70872
61051 61094
77836 77895
23353 23459
14728 14766
30896 30948
44659 44928
31466 31522
27142 27239
52721 52782
71631 71650
57637 58001
75554 75616
42333 42355
63006 63032
62540 62568
44321 44466
19522 19550
35777 35778
77927 77992
70967 70998
39173 39179
25762 25873
31712 31815
64615 64618
62294 62355
31536 31610
77961 77963
5609 5661
20835 20950
54765 54859
4938 5140
34361 34373
71520 71642
47547 47564
73499 73567
72075 72297
69723 69738
22519 22561
41381 41496
25535 25825
72747 73030
16002 16100
7938 7948
10427 10489
38904 38987
60201 60273
34580 34722
55821 55951
43052 43112
76668 76698
27679 27737
47062 47121
418 472
49471 49607
7066 7110
20147 20160
56917 57044
52941 53049
36281 36351
40999 41080
33141 33285
42271 42373
25947 26034
8635 8950
38495 38588
67094 67161
12963 13014
3205 3333
29108 29204
3579 3689
62027 62072
28285 28322
32759 33047
31084 31086
38437 38438
79532 79678
48446 48528
16388 16405
28742 28757
37181 37186
77021 77061
45623 45823
37369 37505
64279 64330
30138 30309
2359 2407
3458 3463
22734 22792
1482 1542
22244 22251
28855 28863
9572 9625
47553 47640
30262 30295
27695 27722
7314 7334
37501 37597
59349 59352
70492 70515
43961 43975
29306 29431
7826 8040
28013 28040
29444 29449
73494 73548
34321 34566
43441 43666
13818 13913
15654 15682
1543 1563
41062 41263
75852 75927
4665 4809
36695 36696
9878 9983
36663 37055
13112 13163
53456 53778
6250 6298
28598 28635
29658 29709
30173 30308
55627 55689
78505 78620
24198 24217
66888 66966
62190 62337
9910 10045
42559 42647
10216 10358
68450 68531
2092 2571
49983 50038
70614 70726
3618 3633
46373 46590
8435 8494
36762 36840
14132 14136
21072 21124
53207 53269
68508 68515
14017 14164
71617 71623
5858 5924
60375 60388
22555 22568
2595 2637
52248 52415
67547 67567
43275 43283
1912 1959
57145 57272
30158 30179
72081 72109
1641 2046
53301 53625
61646 61772
20396 20417
60165 60202
18636 18686
76395 76414
31143 31172
28359 28538
35377 35532
67705 67711
40069 40093
58227 58228
68959 68983
59776 59818
8528 8584
58071 58140
32769 32890
13727 14081
17780 17814
8071 8129
6945 7163
16931 16960
42878 42943
33529 33775
15164 15411
42504 42584
16751 16856
32370 32418
67079 67118
35026 35036
33990 34078
3053 3157
30181 30383
44084 44401
39388 39453
2972 3104
78785 78830
16805 16843
5288 5351
30169 30338
15774 15861
59127 59204
73733 73771
78499 78726
38246 38398
61460 61548
38235 38343
12388 12483
34638 34677
18405 18553
74360 74494
34389 34427
64750 64989
33699 33755
68982 68997
61128 61329
61081 61084
38093 38127
1973 1979
43923 44217
50267 50282
46782 46797
5561 5849
26935 26957
13001 13060
35126 35364
51383 51428
18833 18966
25999 26237
24251 24652
49083 49155
6664 6705
15274 15333
4662 4755
35536 35588
5018 5022
68700 68836
37187 37199
36910 36977
5258 5400
74399 74488
8760 8993
65987 66064
55509 55526
566 617
36503 36559
19458 19508
29260 29503
46159 46321
70184 70190
33947 34044
26924 26925
24416 24505
33716 33753
48477 48738
69569 69755
11259 11647
10153 10173
30884 30903
7360 7458
6965 7003
4347 4495
60414 60421
52304 52477
63651 63686
30034 30245
79429 79513
35115 35229
76900 77058
15003 15170
7247 7370
31197 31299
78710 78838
20973 20992
67550 67578
34280 34511
10104 10141
12037 12054
20860 20862
55055 55079
39997 40202
19598 19672
52103 52114
67973 67985
34072 34082
79600 79699
52951 52974
70918 70936
22833 22922
17903 17977
56864 56894
17637 17763
18861 19028
3270 3271
11735 11752
55728 55771
73581 73691
67887 67958
39908 40011
72700 72944
41875 41901
47848 48031
59839 59900
58952 58959
29337 29387
24891 24952
14196 14207
45657 45667
3028 3174
53664 53693
51375 51630
44324 44494
40610 40612
7202 7371
75792 75822
20870 21040
6530 6717
22707 22931
68689 68701
76551 76594
1669 1780
6374 6416
55310 55369
18934 19067
25308 25349
43245 43355
79422 79483
76418 76529
2987 3263
40247 40313
10017 10279
49479 49691
45361 45372
15886 15956
2857 2861
41334 41549
5720 5740
34138 34166
37625 37764
16496 16553
43948 43954
35522 35564
48034 48267
27446 27560
74509 74578
52030 52247
54094 54136
28947 29079
70204 70277
16665 16695
25513 25692
71290 71335
15760 15811
74555 74565
7740 7749
46392 46532
26554 26654
47602 47617
45565 45582
39502 39519
58747 58749
32754 32801
2301 2351
10898 10933
55237 55334
28819 28885
63445 63447
1364 1367
66194 66274
16415 16488
3722 3907
42024 42052
10303 10552
42110 42135
8315 8390
39307 39347
12509 12533
13721 13822
44889 44987
53359 53506
11830 11844
61974 62009
49613 49737
33313 33414
45708 46244
29539 29691
45271 45509
36049 36082
43182 43189
68171 68342
56673 56700
14742 15075
9754 9783
70021 70145
74495 74551
28790 28835
24896 25063
59792 59802
14082 14281
56972 57164
34437 34651
30547 30571
22148 22162
63557 63624
60794 60913
6655 6690
44696 44880
31068 31121
46896 46906
16392 16465
7914 7931
77922 77960
37151 37245
66034 66035
31485 31527
40979 41010
5789 5798
7405 7470
30488 30502
559 563
33812 33834
26908 26998
70038 70225
17143 17156
40719 40728
43983 44012
13977 14142
43488 43501
28354 28420
8033 8363
40702 40733
5605 5674
79572 220
65469 65626
72129 72329
61397 61408
46562 46588
11203 11313
16611 16970
37724 37838
37198 37274
33098 33412
29064 29096
6047 6073
2991 3001
31963 32013
55817 55838
61482 61538
60821 60822
30479 30487
75462 75624
29688 29756
18113 18301
73697 73730
16540 16705
70898 70945
60157 60257
411 431
57594 57751
17571 17618
60280 60328
35035 35191
41532 41541
39615 39822
71662 71712
32231 32270
7408 7426
68849 68938
3948 4002
66779 66905
25648 25742
29941 29957
63247 63291
74236 74332
46854 46924
47419 47520
3649 3650
21976 22077
635 687
18744 18846
55070 55076
433 495
65033 65091
63733 63743
75249 75322
45312 45727
33347 33349
44589 44612
10401 10423
73190 73217
41843 41882
72127 72203
32555 32570
38183 38190
67717 67786
28105 28201
35764 35786
27476 27539
36141 36177
50571 50730
36757 36769
40545 40565
6790 6822
73627 73734
20414 21638
19184 19259
31007 31050
23330 23381
10282 10385
73285 73414
52760 52762
27076 27090
76793 76828
46287 46391
6582 6658
58164 58224
59757 59781
10865 10915
1273 1325
32740 32943
28880 28928
35444 35501
24249 24268
20855 20858
6395 6432
17853 17857
16286 16378
23091 23138
5411 5413
64481 64484
73220 73304
26156 26524
46720 46730
5881 5971
693 708
63480 64502
26552 26589
60019 60451
26296 26315
72039 72080
23444 23555
73809 73940
63528 63661
65608 65611
47146 47149
23336 23342
28686 28722
70147 70172
74251 74257
33954 33962
47110 47282
31173 31224
34727 34819
41353 41400
69250 69262
48462 48577
66430 66437
70612 70863
14139 14304
65873 66222
74693 74723
31350 31507
12092 12282
74835 74932
69047 69107
19781 19874
29747 29788
20117 20423
3478 3484
47712 47760
54211 54418
24044 24166
34706 34797
22944 23015
32245 32365
14372 14395
38374 38415
11316 11330
72271 72771
61349 61384
18017 18200
47438 47563
72343 72391
27906 27911
13428 13677
12465 12494
24450 24587
44037 44188
2656 2770
67093 67103
79697 79759
60314 60398
23641 23773
73564 73802
71947 72066
34000 34102
21250 21328
62070 62396
26478 26583
74586 74691
77336 77391
73726 74023
58011 58274
6051 6064
23872 23903
67188 67232
5329 5495
40626 40776
18696 18734
15889 15894
15792 15798
15803 16215
78197 78280
24372 24430
54443 54673
75713 75738
3172 3183
48074 48082
35317 35380
60278 60346
32658 32691
58172 58275
58309 58342
11886 11905
79405 79460
69318 69864
77855 77914
5375 5577
16444 16604
77371 77445
70471 70478
74281 74417
5286 5294
47868 48036
79741 79941
34543 34546
77332 77406
26436 26506
7581 7602
76771 77308
30133 30176
17148 17189
12473 12479
57477 57592
27203 27317
47364 47514
59486 59680
30261 30333
60515 60553
58680 58772
64888 64922
48419 48456
49943 50017
36237 36314
41715 41780
29842 29867
41396 41406
33337 33502
10106 10321
13078 13080
34266 34325
50127 50277
2076 2141
20952 21002
70709 70760
19255 19331
7249 7343
3048 3506
55867 56110
55568 55841
47710 47746
29963 29977
53429 53649
7875 8072
46667 46686
23532 23579
42093 42300
66023 66099
1970 2306
4542 4779
37933 37982
76458 76480
56686 56745
69291 69362
41867 41868
32839 32978
68083 68094
39934 39990
73240 73259
64660 64674
31422 31487
51419 51455
25546 25621
65164 65218
37671 37843
76686 76737
22294 22361
52138 52265
74775 74972
17080 17154
56415 56541
66313 66380
13389 13438
55179 55392
37231 37363
63138 63329
10543 10589
49011 49037
22474 22533
29256 29307
45462 45490
40174 40178
57635 57640
52005 52197
65268 65296
68093 68335
65917 66009
59177 59720
46666 46674
57330 57352
44779 44798
5543 5547
40670 40724
33689 33766
57580 57590
11404 11453
29757 29856
37750 37763
22548 22595
33802 33874
67442 67467
61963 62004
53800 53914
39979 40136
6063 6143
25216 25441
31806 31879
73951 74048
21391 21421
14410 14519
71538 71637
15572 15597
54435 54520
30030 30188
39965 40163
75696 75917
32613 32770
37563 37586
36412 36413
58019 58125
46403 46415
22835 22849
59689 59824
38682 38939
60857 60958
20291 20379
71354 71402
75680 75691
43435 43438
57916 57939
29369 29373
27237 27305
11175 11362
11537 11553
56794 56941
6427 6556
2939 3011
57345 57448
17719 17787
65759 65823
46566 46712
51735 51846
29571 29581
63997 64038
34587 34851
7245 7468
6903 7450
7377 7433
1078 1096
1424 1787
43769 43812
16535 16570
45492 45508
78699 78738
25948 25969
32615 32813
58454 58492
48750 48767
76999 77040
30695 30819
16019 16026
23730 23846
55220 55258
23835 23874
41479 41486
53072 53274
48730 48766
39425 39441
15891 15934
1056 1215
14651 14777
8016 8055
32051 32145
34960 34974
30931 31026
79739 79779
66244 66276
29785 29806
13860 14135
43225 43345
16082 16107
4470 4519
59236 59294
62236 62309
77705 77711
13223 13260
79951 235
16195 16312
70472 70505
57131 57220
40538 40622
11055 11302
29701 29737
73642 73777
5944 5965
69582 69669
11122 11147
8023 8075
8553 8592
10418 10616
25284 25424
25656 25798
52633 52817
3408 3440
10826 10861
41329 41332
33656 33759
24508 24613
763 769
70526 70539
65213 65222
79842 79939
24963 24966
28804 28823
57638 57702
14501 14522
4717 5162
50203 50624
71844 71854
79804 79847
2165 2290
31186 31237
35745 35774
35424 35468
26546 26563
30286 30369
29154 29361
71826 71889
70226 70250
20472 20685
79074 79104
23908 23922
32798 32932
71873 71948
895 915
71772 71847
41829 41844
16802 16821
7347 7491
43846 43850
37006 37010
579 808
14159 14202
68248 68259
59710 59872
72247 72318
10003 10014
36484 36497
46901 46969
37565 37571
74110 74161
17747 17802
61508 61549
52440 52456
41177 41231
72551 72553
58631 58709
27504 27557
12724 12728
14328 14426
66761 66786
33881 33970
4550 4590
39622 39704
31388 31475
39231 39504
10881 10923
4230 4258
51790 51791
30800 30862
28859 28991
56117 56349
22200 22214
52820 52846
67122 67303
47641 47721
58635 58660
75842 75850
15872 16037
14801 14819
65841 65856
25011 25138
24588 24594
29358 29415
32523 33066
39958 40711
18623 18626
43385 43530
12273 12397
2499 2520
28929 29044
8578 8580
16525 16560
56577 56630
8147 8179
71743 71944
74470 74491
41029 41143
11092 11103
29962 29994
75349 75500
2728 2733
58569 58585
60956 61103
72786 72834
5689 5719
29351 29649
3893 3962
48645 48731
72935 73164
52178 52189
35897 36059
44743 44862
79675 79755
70859 70874
3180 3362
63405 63486
43743 43851
59248 59421
55900 55906
38083 38149
68854 69034
54300 54504
78977 79070
57982 58064
29166 29324
34788 34802
40940 41153
14184 14231
14247 14814
43063 43077
6654 6793
9723 9901
1230 1416
46648 46979
11551 11554
36715 36747
58817 58907
10836 10962
64137 64212
24672 24780
7982 7989
6602 6635
77996 78028
6300 6322
13845 13931
21666 21734
47926 47988
2326 2461
136 160
27010 27379
65350 65587
29098 29133
71542 71544
9316 9377
46430 46470
24223 24229
31835 31958
55740 55814
27098 27275
65857 65858
71762 71891
79110 79117
44835 45187
34290 34408
19425 19455
18152 18227
39850 39985
26790 27039
45826 45860
16481 16499
698 1089
28634 28671
5778 5791
33477 33540
16698 16714
63731 64171
69093 69334
29855 29902
63134 63220
17247 17279
49161 49198
45329 45405
6185 6200
70904 71263
16299 16335
72759 72775
38372 38375
21639 21700
23059 23068
10467 10634
24874 25993
34059 34155
1351 1415
50381 50544
70212 70216
1748 1763
14084 14085
61884 61888
24392 24574
58108 58133
61794 61809
72335 72438
1862 1978
74369 74473
61886 61964
29237 29264
73132 73215
44282 44507
14086 14148
64027 64071
21045 21237
40841 40893
43696 43703
42242 42348
67312 67481
78428 78508
70628 70716
76145 76176
30637 30649
14687 14733
2192 2199
68641 68755
34551 34555
78255 78413
777 924
12058 12064
78206 78249
3624 3699
67156 67352
164 222
78882 78928
30140 30260
72289 72441
26076 26244
56549 56723
45529 45578
67178 67204
40961 40971
46670 46729
62143 62174
32705 32765
31675 31688
21033 21191
57172 57234
6225 6262
47221 47287
43301 43535
45681 45703
52462 52464
34470 34479
1086 1148
65750 65797
64089 64188
63605 63646
31112 31124
33973 33997
38359 38715
29180 29294
11417 11526
1897 2000
73871 73947
43463 43502
16016 16108
70198 70345
72604 72637
64138 64200
21289 21293
51796 51826
42600 42735
52675 52706
52802 53093
14744 14836
56768 56822
60826 60852
6969 7126
32714 32718
45798 45937
16197 16262
51566 51579
1962 2209
5651 5762
7485 7604
61369 61390
362 616
54893 55020
12761 12767
24674 24682
316 353
79837 32
2159 2180
26281 26450
55754 55901
8030 8122
51505 51517
52367 52416
36618 36708
706 983
34743 34760
65754 65813
11462 11547
51646 51685
56936 56999
79023 79154
62864 62984
37536 37552
39976 39995
15748 16403
47252 47454
58210 58219
23927 24024
34318 34582
22306 22520
12204 12212
73254 73271
6591 6610
58853 58908
52349 52378
35796 35876
71552 71625
49254 49259
12398 12422
69006 69037
59474 59480
38527 38591
26855 27117
51575 51654
17630 17638
62042 62130
17054 17059
19165 19356
75252 75339
16128 16234
76477 76485
3656 3680
13770 13854
45231 45275
9814 9825
57576 57602
72992 73115
41434 41637
23890 23955
26840 27014
10855 10859
43415 43500
23133 23159
48883 48952
61721 61763
6025 6113
70793 70831
73120 73134
45614 45971
72788 72950
42491 42502
23254 23328
50683 50773
27764 27857
65927 65944
46356 46357
70355 70566
11706 11882
50354 50444
55441 55592
31757 31970
14858 14984
71466 71489
72190 72220
78171 78489
54840 54846
38074 38075
38594 38658
76101 76123
63107 63225
26416 26427
14895 14900
79425 79454
66261 66543
40126 40132
11051 11124
79701 79828
52481 52519
9977 10086
26005 26074
36470 36567
58263 58265
31702 31877
63835 63994
12997 13114
71509 71718
51640 51649
41926 41959
56603 56626
47887 47945
58007 58032
26596 26748
51534 51572
28065 28100
78666 78746
29575 29731
79237 79333
3204 3262
52322 52413
77402 77407
56551 56633
44369 44377
927 936
14632 14713
4510 4547
18677 18738
10214 10283
59834 59970
18435 18529
49483 49522
8458 8510
31057 31119
65957 65999
21887 21933
47197 47209
6653 6718
43584 43627
74907 74967
6168 6188
46936 46957
31762 31889
67113 67121
23016 23134
59489 59501
1555 1709
67435 67514
50361 50714
67595 67650
3912 3924
12281 12312
63248 63354
8702 8706
71336 71395
2218 2336
2225 2373
53803 53806
64066 64090
49493 49575
6242 6299
62259 62433
56337 56394
53056 53294
8803 8824
47439 47621
21629 21798
25112 25121
20498 20549
53612 53745
20443 20473
18255 18406
28365 28485
51770 51853
26066 26175
40267 40270
5256 5274
39784 39807
65965 65975
51774 51780
10615 10667
21184 21265
40225 40234
48247 48355
71314 71511
73884 73979
24522 24709
12404 12647
35249 35357
50459 50460
71635 71663
71968 71992
2345 2397
18295 18384
10853 10873
71397 71416
70429 70649
29014 29074
56327 56670
2719 2772
50738 50909
50531 50607
34964 35021
19986 20014
68794 68839
18822 18891
33063 33120
71596 71609
4476 4483
21659 21676
79876 89
4796 4806
7754 7755
30619 30732
69576 69595
75601 75676
32018 32069
18828 18832
60925 61524
26568 26756
26302 26310
59488 59564
10523 10541
63017 63160
36920 37042
20650 20791
64777 64781
72591 72609
46372 46489
53 144
32858 32989
630 668
42774 43007
10274 10391
12359 12408
11287 11350
17864 17983
1918 1966
9063 9119
14464 14548
46069 46104
61869 62073
78213 78248
59008 59066
41747 41858
77964 78109
37846 37867
5075 5165
47350 47386
23464 23480
15642 15645
57161 57163
25393 25448
24488 24527
63463 63494
12108 12247
9291 9403
48972 49019
42129 42196
5668 5673
8177 8209
18763 18837
43979 44096
66904 66978
73465 73485
37111 37158
6835 7059
37192 37253
54734 54754
56234 56296
67368 67384
48702 48840
62049 62085
33003 33006
71432 71573
52791 53193
73239 73305
72627 72664
78599 78630
74349 74897
21982 22142
74389 74465
26132 26180
71439 71526
5591 5718
73664 73674
39373 39406
74135 74285
46531 46571
52891 52976
67507 67563
46345 46354
43930 43960
36905 37072
30842 31512
66813 66950
46333 46455
45602 45603
52621 52715
17854 17994
74767 74876
46930 46941
75441 75557
42931 43020
69750 69850
52282 52335
5395 5442
22634 22740
33506 33725
16203 16221
41794 41919
75512 75540
77423 77661
11213 11318
42042 42075
39294 39346
6546 6615
6977 7023
13240 13330
7882 7963
1138 1163
44799 44819
72543 72550
41147 41268
59920 60039
43054 43140
30303 30365
19542 19634
54110 54193
40960 40966
55868 55976
56525 56601
35947 36113
68314 68344
19422 19489
64073 64104
79836 79849
9188 9324
56948 57465
77782 77876
3559 3575
73883 73956
56517 56585
24913 24983
28583 28700
77100 77158
2174 2631
12381 12434
73248 73417
51361 51617
42652 42674
46735 46849
22337 22513
12334 12368
71723 71769
4395 4400
12529 12628
15086 15115
65301 65302
68055 68096
39717 39804
19996 20149
75867 75963
57811 57960
77463 77500
67534 67571
58739 58828
3777 3797
67529 67562
41024 41027
78099 78138
37819 38068
72123 72128
45185 45234
17662 17695
14843 14881
45545 45690
43823 43919
66741 66752
55936 56052
10095 10161
53501 53644
67017 67074
24899 25235
40052 40083
55399 55408
45672 45853
16316 16440
13819 13957
56935 56979
1531 1586
6361 6396
16004 16151
74462 74513
43460 43468
41248 41250
13580 13581
38824 38858
55025 55094
20813 20822
40542 40564
35806 35918
43212 43316
46551 46680
11984 12048
18554 18597
45981 46093
70499 70554
64049 64260
42651 42742
77839 77868
26956 27033
62516 62588
33295 33384
79763 79812
3425 3434
23862 23878
69044 69066
49115 49176
66074 66119
19267 19372
14351 14402
48488 48560
75482 75516
39972 40013
76209 76264
23423 23429
5327 5384
25577 25580
41149 41155
58221 58297
55229 55289
43013 43046
10700 10733
78140 78177
59418 59430
16835 16868
69275 69309
56727 56755
49501 49505
68220 68393
8333 8440
63360 63369
29150 29255
5054 5323
56319 56426
7690 7748
10870 11033
40848 40906
5859 5938
73431 73511
59490 59650
35508 35620
27036 27060
18781 18821
69314 69321
68584 68975
40973 41031
79079 79146
76273 76373
53231 53276
19926 20005
19674 19732
45211 45762
9669 9670
19764 19822
2652 2680
54038 54064
17070 17312
22245 22314
76923 77032
15361 15363
28290 28370
45113 45129
54103 54134
68075 68525
32155 32213
5300 5448
41109 41199
10008 10018
78713 78752
67907 68053
43350 43373
67395 67483
313 517
73033 73208
8779 8800
61062 61072
48263 48293
69311 69363
60638 60691
27386 27451
59729 59782
7827 7830
24409 24477
76802 76870
48174 48181
44755 45093
40559 40750
13835 13864
18805 18999
78995 79073
25954 25974
71977 71979
19510 19528
16623 16637
77915 77921
25605 25611
7407 7410
69897 69928
71093 71143
39015 39084
68406 68742
17421 17525
74411 74413
61396 61591
21566 21637
75011 76461
45418 45550
68034 68058
14451 14573
29280 29300
62725 62729
13761 13765
16220 16260
7807 7848
68143 68182
63070 63200
42924 42962
9734 9752
22672 22841
38036 38078
17192 17268
16877 17037
66207 66444
4352 4367
31099 31148
65998 66137
30563 30681
8699 8777
50194 50249
60758 60816
76862 76889
63765 63791
49896 49900
2457 2466
56498 56544
64974 65427
24038 24117
37747 37897
40390 40471
12870 12916
62299 62467
55249 55345
9195 9345
74296 74358
35545 35596
37990 38042
25183 25193
43771 43870
5057 5222
274 345
61898 61920
53120 53236
60768 60770
18391 18428
76215 76397
62011 62021
59359 59592
11240 11309
76252 76319
72891 72956
41098 41108
36062 36094
41267 41404
60276 60419
79511 79536
10682 10693
53674 53697
20353 20433
27356 27365
35866 36379
23162 23230
68462 68506
24697 24712
65818 65903
56492 56505
61948 61949
37054 37141
17199 17238
8211 8465
60560 60575
2867 3144
39368 39491
34050 34097
36994 37163
60850 60909
8671 8733
10319 10420
27174 27294
284 419
65476 65507
67880 67930
5524 5545
78321 78363
31726 31737
72052 72113
38429 38530
69906 69918
49942 50029
44969 45102
70482 70494
64973 64991
66015 66256
7999 8139
63890 63919
23043 23160
26632 26665
67223 67258
13445 13479
44078 44094
14514 14542
62208 62239
66881 66943
13739 13756
8958 9168
61749 61823
41659 41767
21609 21630
36878 37028
16811 16836
54026 54063
5749 6034
2827 2839
63395 63409
13994 14053
3430 3455
41577 41770
48868 48870
71918 71927
73959 74035
29547 29580
31181 31476
12014 12115
44362 44407
64323 64435
17658 17685
55797 55895
32982 32983
57998 58103
76086 76113
66623 66777
25278 25549
40050 40071
28808 28935
32172 32225
28341 28501
37825 38027
37259 37339
77784 77917
18890 18913
52420 52521
57749 57752
20852 21172
57353 57376
14453 14493
6472 6544
45722 45829
50145 50232
48379 48428
59386 59399
11264 11368
4996 5203
20480 20519
51825 51888
43622 43740
15055 15192
68848 68992
75778 75900
65716 65835
47696 47698
76214 76259
58917 58946
75167 75295
59304 59450
69733 69853
35701 35787
34490 34500
1655 1807
20337 20572
26659 26660
5937 6017
13016 13068
40688 40896
10925 10960
12633 12634
21387 21449
54855 54889
48809 49013
24583 24962
43136 43184
43426 43483
32524 32536
6036 6207
74712 74910
12102 12322
74902 74934
43728 43745
4672 4813
47986 47999
78029 78189
39072 39091
49215 49417
27362 27592
44904 44933
15460 15482
70464 70474
30420 30476
10503 10506
9192 9200
34994 35032
57901 57912
78269 78291
79848 79916
41244 41401
33210 33348
69279 69350
41897 41916
42316 42514
32931 32975
66865 66868
34530 34609
33785 33809
50363 50417
5388 5426
60206 60379
32909 32938
68540 68661
77236 77260
18041 18164
41881 41982
73780 73788
31357 31420
10354 10451
44907 44966
32744 32939
57195 57218
66604 66645
77103 77108
901 994
59550 59914
60040 60060
51983 52003
75068 75133
65915 65946
14379 14398
67938 67965
2332 2374
61025 61032
38898 38901
69804 69931
2815 2879
42182 42297
34986 35010
4891 5003
59654 59700
66933 67046
43331 43368
73441 73569
33514 33619
58875 59098
44601 44638
42998 43037
30807 30852
75112 75124
63165 63226
23950 23991
49657 49784
31517 31565
51581 51600
78685 78766
9683 9758
10597 10605
74738 74745
3526 3638
73358 73740
56080 56192
28959 28983
28180 28534
63375 63404
62497 62527
6029 6061
45994 46116
41543 41716
9859 10000
40186 40311
62789 62935
28271 28396
29677 29708
9863 9868
50411 50538
47751 47773
41164 41515
16542 17115
65051 65096
65336 65394
7476 7787
70357 70360
44902 44924
71394 71429
79014 79081
65451 65525
37995 38000
64959 65170
3507 3953
72112 72118
53578 53696
16136 16777
14223 14239
27597 27650
75218 75302
54833 54873
28250 28413
65707 65727
54628 54646
13015 13186
20316 20317
40023 40088
104 185
12569 13314
9048 9190
37254 37331
51391 51515
72575 72654
5898 5982
6118 6149
58276 58293
36275 36536
70772 71118
73156 73177
62657 62675
67471 67566
76482 76515
77343 77633
47115 47214
17278 17327
12002 12313
32572 32584
53835 53884
52077 52082
35479 35583
21527 21586
67168 67245
53450 53534
7153 7167
72307 72421
31900 31923
7460 7532
74144 74185
62159 62251
61218 61238
59528 59586
2610 2691
31377 31448
3690 3723
31707 31745
18207 18225
50788 50919
34826 34976
36030 36045
11718 11879
70523 70572
60277 60303
36365 36389
1183 1185
21847 21928
43329 43409
42967 43106
33682 33884
13414 13552
48167 48177
47396 47458
47202 47673
56272 56345
31474 31548
733 740
7345 7487
59596 59645
21698 21777
28046 28169
27756 27785
20454 20543
76118 76184
74685 74746
21803 21890
21203 21211
28349 28390
51244 51246
57754 58008
74814 74989
12729 12840
43128 43188
19116 19247
16055 16167
37387 37427
37627 37687
39007 39033
69463 69481
56360 56483
14002 14108
18258 18447
1206 1236
11467 11519
1999 2008
6749 6775
27528 27667
43753 43821
79930 79956
41630 41662
69950 69951
47711 47937
63457 63508
39723 39755
66546 66848
55404 55419
59498 59511
11555 11698
46591 46647
28308 28497
3115 3203
51894 51977
8614 9550
79489 79720
21795 21967
37335 37525
14746 14798
44646 44916
55095 55153
77270 77296
54967 54986
21944 22073
54632 54758
15060 15064
32864 32900
72724 72899
61684 61877
68505 68932
12650 12659
43057 43132
66728 66749
4759 4789
61415 61713
54977 55050
9225 9265
66884 66907
76553 76661
40698 40810
42725 42740
41575 41667
27492 27522
40094 40175
17094 17251
58177 58238
44246 44447
6966 6971
4716 4847
29051 29105
40674 40800
27640 27726
25808 25845
35605 35669
47971 48032
34731 34758
24107 24199
49218 49260
23321 23393
44220 44276
36665 36770
47477 47495
34559 34613
44436 44474
9241 9707
26633 26772
2890 2959
5231 5235
34339 34376
2286 2304
64262 64332
6874 6934
42833 43061
73187 73235
23932 24009
43177 43199
22580 22731
21670 21738
59502 59504
17300 17305
26829 26849
54247 54349
63193 63251
25744 25755
27156 27368
25799 25863
70569 70675
4206 4213
23240 23311
53337 53430
35990 36037
21885 21915
2658 2677
66948 67086
70300 70377
55524 55590
79314 79433
77593 77659
41013 41160
46054 46145
68748 68778
24658 24687
70616 70620
4178 4286
16543 18218
73944 74037
76244 76316
60390 60742
12244 12263
3347 3544
71685 71780
41204 41256
68367 68499
24230 24252
49306 49311
64536 64548
46191 46192
783 842
63688 63695
79084 79151
11018 11089
31236 31313
77119 77213
40872 40899
39507 39551
52104 52289
71096 71164
61645 61667
31598 31732
21474 21496
24070 24071
28027 28078
74836 74873
13695 13753
12206 12209
475 546
35391 35458
2204 2226
16976 17024
39420 39493
30868 30947
7270 7306
63440 63526
35272 35365
17509 17588
37606 37720
23222 23290
60647 60681
73808 73821
15114 15147
6482 6565
22297 22355
38842 38900
55117 55125
9926 9929
51508 51574
17634 17645
48938 49148
8104 8140
7535 7614
66612 66962
3414 3487
31118 31526
55213 55242
48535 48573
37035 37140
51727 51781
9684 9751
26811 26872
43940 44082
73714 74114
57938 57996
18345 18398
33317 33536
76040 76067
314 426
7716 7794
11218 11460
67255 67340
1080 1296
11769 11862
12492 13630
9995 10029
14043 14066
52959 53113
72592 72659
25238 25298
58606 58667
43088 43201
60432 60547
64853 64870
27164 27205
2354 2418
31222 31308
77973 77976
23331 23443
3750 3844
22985 23118
77962 78004
62732 62909
19990 20072
55305 55358
28846 28948
37896 37947
49636 50024
40666 40667
53029 53040
45078 45244
74056 74086
45637 45786
76470 76774
49838 50000
18879 18898
14614 14633
49559 49576
54911 54976
11438 11577
66442 66484
11959 12000
37365 37629
3945 4004
28795 28890
31171 31459
70202 70323
55880 56020
11293 11570
51874 51895
9879 10181
33513 33562
15487 15594
3247 3317
11046 11068
78491 78515
66573 66643
14317 14362
26168 26300
5314 5475
74952 75054
75629 75834
55549 55552
70787 70828
38326 38442
67799 67851
47270 47312
52937 52963
10774 10804
61798 61805
13579 13599
64288 64595
43567 43600
70754 70768
33249 33314
45342 45610
54226 54263
48487 48778
28715 28720
30740 30857
40326 40537
21125 21251
11597 11601
37692 37770
41647 41658
50653 50729
72285 72317
59080 59109
46386 46492
12957 13465
1771 2067
41312 41498
45679 45723
15751 15867
30551 30552
69981 70116
62883 62895
76283 76374
33610 33875
78548 78691
8281 8498
70337 70451
30645 30727
43149 43161
58715 58720
75326 75357
51064 51093
65906 65993
38580 38644
59475 59492
34993 35033
6696 6771
69564 69591
41914 41953
37108 37201
38940 39089
10974 11015
11550 11608
38323 38444
69860 69916
74156 74511
40503 40664
70163 70717
53752 54178
70405 70495
57905 57997
10295 10440
65308 65400
73205 73470
44420 44459
9277 9325
31674 31734
52888 52962
4306 4453
71246 71467
65433 65518
19170 19330
71813 72119
60225 60405
46678 46737
30165 30423
35933 36175
17907 17967
48389 48399
15072 15217
65130 65228
20049 20108
21553 21626
23236 23377
71680 71738
19289 19316
5149 5247
52164 52436
6573 6652
44280 44306
22673 22859
79269 79276
79316 79338
50 60
12416 12447
66561 66614
5244 5299
34923 35028
16080 16196
60957 61057
2442 2552
34828 35009
10361 10487
56370 56376
26667 26743
32200 32255
17724 17789
40659 40684
8531 8631
27548 27646
46598 46744
64125 64304
52594 52598
78020 78025
78956 79040
10004 10299
9391 9540
56179 56189
78283 78347
19987 20158
12564 12626
10777 10812
39650 39658
27335 27465
67523 67564
51 83
1566 1576
7301 7404
55244 55303
53215 53446
63879 63924
1204 1264
27227 27631
61580 61582
52543 52555
5438 6026
67553 67554
24597 24645
65480 65495
70922 70985
464 527
20866 20937
74277 74291
29110 29122
73347 73652
38474 38612
52015 52028
46006 46025
19581 19645
33434 33772
54428 54623
14199 14347
28097 28218
36694 36783
59796 59966
58771 59054
1493 1505
286 375
30992 31070
31663 31881
26054 26092
32941 33014
65619 65668
54445 54612
3031 3033
9559 9564
18462 18499
19782 19797
11916 12076
41291 41370
2726 2774
16917 16951
21799 21805
68129 68850
32585 32659
78351 78379
31063 31184
48463 48559
43082 43123
14305 14349
21144 21161
9660 9711
32182 32247
51266 51298
35812 36111
38794 38815
60881 60930
11768 11805
10993 11001
23859 23883
35390 35514
54400 54637
73684 73778
55645 55786
70182 70331
79285 79339
18932 19036
35581 35600
70902 70917
53385 53389
14149 14155
3472 3531
75460 75495
27939 27999
846 1065
30680 30728
74466 74526
72677 72710
44112 44134
62868 62911
23363 23437
51032 51073
41773 41809
28016 28067
56757 57226
49594 49687
74189 74222
49645 49901
15814 15852
73143 73195
25587 25624
16621 16645
24476 24581
39203 39238
26289 26444
39880 39894
11149 11250
35673 35708
41166 41184
37195 37225
70553 70625
15393 15578
56321 56350
15571 15762
40164 40352
79638 79673
64572 64767
13066 13121
17822 17868
22153 22312
63829 63980
66005 66051
66788 66834
39505 39580
44962 44994
57977 57983
69081 69110
21422 21602
24114 24124
17262 17517
17120 17213
68324 68459
20270 20362
22086 22105
22421 22517
30086 30172
24510 24553
33087 33093
48261 48378
17121 17146
30510 30521
68493 68541
72026 72079
5059 5089
62980 62985
9317 9709
165 205
35290 35321
51907 51911
72260 72264
28369 28573
55940 55991
21748 21873
74909 74970
41574 41633
59809 59918
55127 55379
42905 42926
31391 31463
69719 69787
5174 5285
79473 79595
22447 22490
66721 66793
62518 62637
22227 22253
52277 52362
41059 41137
12903 13047
63371 63407
21631 21662
33485 33519
72452 72463
31908 31918
40866 40922
15942 16030
47433 47561
12366 12536
55629 55664
41769 41774
59076 59131
68313 68336
78922 79083
10519 10560
35092 35096
10621 10769
38573 38700
31284 31441
50021 50035
15046 15054
60020 60299
5301 5440
26747 26803
6516 6551
25694 25725
79022 79214
64355 64359
20962 20963
24655 24779
49022 49212
2944 3090
44891 44949
78444 78479
29712 29760
12676 12678
7883 7910
36928 36929
13122 13229
67737 67771
74943 75027
45523 45599
59341 59373
22579 22608
3509 3551
51936 51942
1168 1205
66141 66191
9022 9104
76155 76332
45625 45671
60140 60232
6927 6974
13035 13086
40502 40812
36990 36993
11958 11968
4592 4593
10863 11102
60815 60891
20416 20425
58337 58357
60074 60124
31628 31706
60703 60712
16226 16399
13844 14128
13798 13867
27463 27487
63500 63727
59104 59238
28187 28208
7053 7084
49266 49277
19505 19524
72902 73179
68513 68544
8589 8594
27988 28258
42344 42356
64376 64396
30877 30968
27562 27652
65416 65490
39569 39606
77228 77479
67977 68040
75143 75399
77683 77806
48506 48509
22832 23044
10910 11111
14970 14988
50540 50590
9853 9962
52078 52269
28764 28856
70141 70233
21134 21165
26278 26649
60521 60528
69052 69133
38039 38049
15469 15502
6023 6217
60440 60576
69293 69517
34345 34416
33446 33570
36422 36522
15847 15868
3499 3518
9608 9637
73736 73928
36706 36721
59139 59195
2560 2606
1445 1594
71421 71589
66077 66253
75227 75256
73070 73125
11273 11295
28806 28820
64997 65017
45322 45335
35801 35859
26150 26154
53130 53146
5060 5110
19004 19105
26593 26611
50201 50234
17475 17522
3755 3866
69764 69809
56127 56135
30190 30252
16750 16899
46295 46300
59516 59695
70273 70570
65899 65912
6511 6534
29872 30053
67642 67661
8869 8922
1440 1485
53038 53058
49654 49686
38342 38476
63795 63882
48899 48928
65304 65380
25074 25179
1908 1910
53407 53431
53643 53647
39344 39354
53505 53536
41553 41570
10645 10717
58006 58325
50132 50285
75985 76010
77499 77540
79064 79122
57219 57232
15905 15977
1083 1140
26883 26907
9043 9137
76069 76124
22939 23005
51444 51739
22549 22551
6304 6371
29462 29533
13312 13360
52172 52412
3169 3190
64006 64058
44344 44363
18232 18340
9051 9127
40571 40737
26263 26437
35294 35455
22049 22081
22808 22987
66501 66556
38096 38219
32201 32262
11777 11856
39762 39785
5768 5773
74040 74115
72070 72138
25251 25356
41920 41999
52893 53110
1737 1796
58253 58340
15384 15446
22000 22054
64952 64987
32199 32237
37608 37660
20383 20789
67416 67430
37272 37288
62094 62132
47807 47889
64165 64242
59465 59669
24388 24434
65277 65305
5414 5570
28913 28990
18695 18760
59748 59887
20363 20721
22255 22340
54139 54365
15153 15298
55240 55323
12739 12773
28310 28432
13492 13553
30788 30839
37126 37214
14927 15076
75313 75320
71343 71360
22468 22478
46884 46915
44534 44613
17043 17206
13922 14119
75345 75418
73049 73063
20694 20731
9599 9604
16434 16487
33392 33646
46904 47063
60415 60469
33734 33804
21243 21247
68896 68919
72941 73005
977 1088
60426 60566
34793 34822
22748 22750
6227 6379
14332 14333
16622 16675
5223 5230
13090 13193
58638 59293
53066 53088
12257 12339
15184 15191
58455 58542
12814 12888
47410 47687
59938 60007
34549 34611
58409 58582
8783 8790
77099 77604
78154 78215
38153 38193
61296 61309
38505 38554
74875 74971
35890 35902
60649 60654
2183 2184
10937 10976
5927 6000
47731 47989
32795 32862
33624 33633
43660 43692
50362 50431
47748 47789
43171 43220
63923 64076
62145 62158
42206 42224
50946 50988
59451 59455
6579 6863
34086 34357
75972 75986
35147 35184
26870 26912
50568 50633
15816 15851
45498 45572
65289 65339
20611 20620
31523 31604
34237 34338
67795 67827
41413 41521
49450 49457
38859 38903
53729 53926
15517 15761
7873 7886
8456 8470
8505 8752
58509 58665
71137 71348
35789 35935
21062 21074
58537 58545
39664 39758
9346 9361
26754 26775
21504 21962
72278 72386
41069 41099
21300 21358
5659 5670
20847 20881
3808 3978
70124 70536
57806 57809
43725 43924
47303 47304
16999 17077
67114 67157
15146 15545
64808 64867
3185 3452
77881 77924
71565 71593
509 516
72177 72187
79067 79129
36325 36333
75558 75621
18125 18386
62071 62084
8534 8628
79018 79026
56401 56484
58693 58736
70268 70274
56263 56270
6488 6522
72376 72521
61573 61625
15212 15284
71728 71793
6585 6644
4341 4344
4138 4146
12951 13139
8266 8290
55388 55571
62624 62897
21557 21560
38394 38599
44352 44359
26442 26634
36593 36662
75494 75579
43200 43412
4227 4233
4173 4236
8341 8357
9356 9479
68937 68964
15124 15141
54369 54426
78702 78719
17264 17308
28352 28377
49741 49856
15223 15300
42738 42842
24350 24373
55519 55572
72277 72371
12921 13038
18089 18235
20651 20725
36523 36548
37482 37530
3405 3415
47132 47226
10782 10833
3993 4159
29529 29837
63181 63228
10495 10515
18151 18184
1250 1372
37644 37663
45503 45534
34091 34296
7131 7385
27195 27352
56965 57138
52377 52525
16217 16287
7461 7462
58675 58684
57568 57569
42659 42682
63123 63242
38489 38515
44548 44582
12900 12919
59144 59191
10675 10816
14168 14176
1863 2080
52745 52872
73105 73123
73647 73882
63419 63450
67406 67922
3746 3793
3915 4075
39379 39501
6013 6040
79863 79869
27238 27556
50284 50326
58147 58206
26160 26196
4866 4902
68706 68718
26360 26458
47060 47073
13832 13877
54354 54466
1717 1866
66294 66390
31424 31929
18935 19069
73563 73589
9966 10036
56518 56527
28147 28213
58258 58345
59670 59767
5920 6041
33709 33727
42115 42241
32720 32727
39630 39649
26412 26494
52689 52703
14042 14272
77223 77304
30144 30145
64914 64951
12950 13017
77219 77225
34441 34571
47337 47686
64517 64551
47228 47260
71364 71376
23174 23177
75197 75279
74252 74426
61942 62013
38895 38919
46180 46193
34149 34154
64469 64523
18118 18246
34824 34840
30803 30833
62308 62501
53249 53296
15221 15249
30657 30749
44513 44592
8536 8627
29534 29550
70926 71044
37793 37909
18393 18483
72006 72061
18705 18759
64990 65081
40127 40306
24293 24365
65300 65310
67301 67393
67872 67921
61488 61594
75085 75134
74496 74543
67939 67950
4210 4277
2438 2646
35553 35578
40338 40353
22760 22791
3565 3631
73613 73620
71866 71876
69106 69114
53917 54078
55488 55576
43019 43116
3445 3446
48324 48341
55211 55274
41913 41936
3811 3847
63604 63719
60614 60636
11507 11840
74770 74825
66271 66303
52777 52914
50297 50329
73825 73862
66575 66580
40222 40242
4787 4869
61358 61424
70257 70394
36334 36395
16826 16870
37596 37662
58849 58929
70485 70585
19074 19112
58799 58826
9425 9486
76897 76899
64 154
90 113
36024 36339
26609 26693
1821 1924
65470 65508
23557 23588
35082 35141
37539 37572
5963 6006
17924 17947
21050 21164
39867 40000
30526 30737
8716 8720
43393 43404
28960 28963
41046 41158
18392 18436
21147 21320
78684 78792
26445 26603
11131 11156
69754 69921
54919 54999
40321 40337
57108 57165
17817 17837
32653 32719
25634 25637
52764 53004
77086 77221
4116 4145
65686 65894
13512 13560
46186 46267
51358 51433
3675 3701
30373 30380
29246 29281
30688 30752
32308 32337
36143 36234
39583 39731
28878 28897
41517 41681
11261 11354
73949 74070
42709 42979
7811 7890
1150 1201
68758 68791
54823 54824
19343 19365
18562 18793
10055 10163
327 366
28401 28647
73677 73716
75235 75258
77123 77176
72449 72458
28115 28266
12010 12109
61299 61320
5128 5164
27410 27437
27460 27483
21668 21683
20303 20459
63049 63141
68764 68860
73167 73306
21342 21359
51634 51698
4295 4368
58644 58838
17349 17537
28409 28609
59665 59740
10947 11342
28766 28779
64741 65008
19946 20024
1673 1816
52285 52314
37139 37481
76652 76688
4953 4986
52900 53141
74686 74754
40090 40238
5359 5558
4580 4582
26148 26184
59959 60036
79852 79900
51946 52144
9092 9170
804 954
15970 16029
63680 63704
59006 59011
63096 63104
36823 36948
77694 77817
59400 59493
68686 68729
46278 46284
44147 44197
52234 52303
77174 77323
3654 3818
31850 31872
7889 7912
30267 30296
54160 54255
10469 10498
24937 24967
32634 32717
28987 28998
57865 57902
67549 67825
56699 56731
34472 34583
38063 38144
60457 60463
61144 61249
30421 30574
11657 11705
34853 34982
49751 49758
47667 47735
59154 59231
38544 38575
15775 15813
42445 42571
62812 62849
78344 78350
40524 40541
79398 79662
60740 60784
21103 21178
65255 65535
57529 57882
388 628
62389 62434
49369 49469
79774 79867
14185 14346
25977 26203
15583 15606
53176 53178
57383 57401
346 383
20653 20675
16775 17002
55245 55353
56210 56317
56435 56602
64658 64771
73252 73260
34107 34238
57747 57773
20269 20544
66954 66990
21175 21238
63199 63214
3429 3453
45870 45945
5363 5519
69479 69593
45414 45449
31135 31149
67858 68170
62736 62763
26708 26711
76393 76426
17391 17416
54996 55074
18376 18454
59220 59330
73651 73662
26064 26075
45013 45052
30747 30789
3514 3517
21775 21813
38045 38167
28717 28753
35907 36012
57036 57042
9290 9369
42609 42643
74633 74635
63008 63180
47728 47820
20513 20644
38304 38310
23942 24027
68781 68808
54391 54670
39268 39333
54189 54212
7803 7814
35893 35905
70500 70546
76018 76099
46378 46380
34015 34052
4613 5226
58053 58075
4410 4459
15842 15922
45702 45709
56681 56687
62655 62785
15588 15668
50927 50991
53309 53341
25480 25487
26951 26981
61147 61205
19043 19158
14663 14705
8162 8205
2642 2678
49551 49715
44211 44305
11054 11067
33455 33569
60248 60290
2188 2271
33345 33372
37803 37835
42811 42971
69389 69411
26294 26303
65082 65105
25312 25329
13143 13160
55059 55157
1541 1612
175 194
14335 14366
2873 2891
63159 63203
35916 35992
9646 9913
27659 27883
65555 65688
15812 16084
22017 22058
47543 47558
9617 9671
45879 45905
52074 52108
359 387
28724 28741
46431 46544
31338 31352
39561 39698
61226 61304
11942 11967
9857 9986
23107 23239
78869 79017
79959 121
75395 75517
34370 34456
41873 41989
50917 50958
9965 9970
6141 6228
78997 79011
2164 2179
56138 56201
71706 71752
13899 14026
59661 59684
23473 23550
37874 37881
40002 40133
2419 2459
13317 13377
67250 67411
22625 22865
64192 64293
62957 62966
59085 59114
55168 55190
12695 12805
47661 47927
39858 40219
29625 29631
35575 37708
29848 29860
70970 71100
48718 48722
60026 60049
44753 44795
4719 4734
55655 55726
62117 62181
40706 40721
68337 68384
49482 49516
10945 10949
417 443
37262 37263
7472 7529
34808 34834
27300 27302
74139 74190
43206 43243
67929 68151
15306 15307
37411 37491
46887 46963
60078 60190
78981 78998
33948 33974
22655 22666
36171 36193
17301 17345
40373 40391
41245 41247
48122 48173
78822 78839
54074 54075
45468 45536
11557 11616
24348 24423
39795 39933
65735 65867
38923 39006
73887 74102
18904 19128
48986 49081
20440 20617
36945 37145
70263 70302
15061 15269
34081 34241
66515 66613
28274 28537
56594 56694
18743 18771
1332 1410
60509 60529
61566 61784
60472 60512
12068 12081
77414 77435
73927 73987
37895 37918
65049 65069
48911 49172
28697 28726
60237 60323
38085 38159
11448 11542
69624 69689
22876 22881
45044 45132
30104 30148
50548 50658
17166 17183
54472 54674
29482 29486
62834 62845
41742 41758
69721 69785
12803 12804
46517 46728
21539 21547
63414 63472
32229 32427
55969 56008
66991 67095
57566 57636
33398 33420
68004 68059
41968 42121
79883 79929
60667 60690
43298 43357
23998 24060
32493 32551
31271 31316
63875 63891
52772 52819
14369 14420
46865 46939
5643 5776
1243 1347
34284 34328
43238 43344
11170 11185
3019 3026
79833 79839
5198 5276
77738 77911
27870 27969
20751 20777
35416 35504
36466 36479
20157 20266
18929 18973
12096 12116
35418 35439
22001 22061
77250 77298
36150 36155
29485 29508
38327 38335
73011 73074
70395 70409
65815 65839
28133 28173
63972 64008
8852 8854
20130 20226
51614 51764
55009 55072
9744 9776
10313 10370
75502 75633
31556 31617
33602 33609
57351 57381
62459 62738
57175 57252
26272 26304
16738 16959
17084 17167
67177 67205
40633 40683
11707 11814
55407 55436
13811 13839
46223 46263
42194 42198
17976 18075
60267 60292
6809 6983
63474 63647
35584 35734
67413 67527
32500 32592
60778 60791
51932 52117
31830 31842
30775 30921
68300 68334
23413 23435
4450 4500
4083 4294
79859 79890
36974 36991
35603 35837
28030 28047
43605 43626
7725 7759
75019 75045
31212 31279
17716 17801
5705 5760
43799 44002
5423 5491
29641 29713
46030 46046
6109 6158
63304 63322
7145 7289
69963 69971
2060 2195
35174 35178
1437 1454
71543 71567
53880 53939
55448 56017
78860 78944
9047 9177
24381 24447
35179 35274
20442 20536
19966 19999
28335 28482
78695 78797
46765 46776
4464 4496
9717 9725
9161 9239
49569 49571
63799 63929
69058 69123
9616 9636
71126 71220
13299 13378
17379 17536
73288 73318
16647 16685
9579 9688
8914 8963
58264 58300
7734 7747
57988 58040
47810 48001
20785 20844
564 695
21731 21788
19604 19620
68303 68466
78861 78876
58958 58992
50488 50545
34360 34495
67665 67701
55640 55661
4106 4117
15477 15562
45678 45890
72238 72326
62323 62358
20623 20643
47907 47915
56373 56414
24361 24511
67804 67808
8867 8911
4808 4853
26584 26608
53867 53894
3824 3999
24052 24091
38521 38535
1711 1858
57253 57470
63794 63922
50256 50332
10044 10067
77266 77292
79329 79410
32259 32269
78561 78592
24957 24975
1764 1767
40514 41449
5782 5875
8277 8285
48026 48028
3561 3661
64364 64528
78358 78596
37435 37519
42332 42449
54457 54480
43935 43943
67418 67605
44380 44402
30249 30298
43231 43296
63705 63711
63325 63394
65379 65488
2892 2929
12199 12347
73795 73827
26648 26815
31665 31709
36402 36416
52985 53025
21152 21363
28548 28632
71309 71349
46564 46574
40988 41096
28303 28438
14588 14664
1355 1382
11473 11494
75717 75766
45265 45277
18716 18770
51721 51849
70150 70192
68099 68102
26352 26388
59187 59270
55918 55924
19379 19418
33690 33930
30560 30570
38653 38932
69141 69408
17402 17436
31917 31943
46505 46506
36726 36743
9282 9453
36441 36550
53921 54276
38411 38450
6434 6596
23451 23535
25037 25160
2108 2618
492 511
34243 34265
51624 51635
76606 76671
24904 24999
2803 2904
36961 37120
51003 51084
16966 16968
50755 50768
53797 53913
44634 44652
60408 60505
28893 28972
61859 61945
24959 25159
21503 21520
54420 54442
2300 2408
32507 32579
33579 33681
29094 29248
46114 46202
51879 51927
1023 1028
2232 2248
72266 72377
51803 51831
46389 46443
17993 18001
76204 76326
70333 70466
73901 73993
7243 7320
27630 27842
39229 39454
71750 71841
37161 37212
13935 13983
79148 79233
30904 31031
76072 76133
55375 55668
18371 18401
35702 35714
21365 21379
75323 75355
73595 73640
52392 52438
65557 65558
20828 20928
79208 79209
67327 67356
36601 36620
11961 11992
34943 34961
65326 65346
25156 25172
68617 68782
60217 60437
64223 64408
65758 65820
68060 68110
59188 59190
21056 21142
28222 28223
74314 74443
39618 39738
20540 20609
37470 37905
54372 54493
61557 61616
4906 4913
51126 51218
59448 59519
2288 2361
14238 14261
58945 59161
23319 23486
75443 75480
47409 47435
45101 45240
12769 12791
36035 36046
57491 57673
74531 74546
64748 64883
25228 25231
35572 35726
29653 29745
62378 62432
8776 8793
27012 27022
41562 41578
11498 11508
22755 22772
75700 75956
75456 75459
25203 25305
29624 29627
70012 70050
75518 75578
32463 32504
57759 57778
55953 55994
75585 75603
19538 19650
56531 56728
62353 62392
45440 45593
61915 62080
13697 13743
64708 64714
17679 17958
38969 39195
54983 55051
63162 63221
63461 63527
16124 16143
51233 51287
76197 76247
39904 39989
39145 39191
39121 39685
56162 56286
42656 42736
52243 52283
47876 47939
60855 60902
202 257
5869 5895
79872 79948
50355 50358
53891 53938
27943 27953
73042 73094
27777 27825
47740 47768
78794 78961
59101 59141
37459 37479
63324 63380
54157 54223
33043 33083
19716 19892
63284 63372
44186 44291
51963 51998
75847 75936
32472 32568
71264 71310
40200 40275
16580 16619
32496 32503
39631 39660
59126 59138
12032 12040
16937 17130
52293 52334
26058 26116
22323 22426
26891 26953
79856 79970
67715 67830
73715 73753
57574 57616
26636 26835
60378 60386
56782 56904
44480 44493
60618 60664
1435 1491
53548 53646
65133 65188
4237 4327
15785 15843
52682 52768
69151 69197
47784 47799
36485 36499
49788 49817
4019 4028
54643 54693
57671 57739
11173 11189
27220 27223
34407 34488
20341 20365
74963 75107
71686 71896
9834 10172
36603 36643
16745 16757
11305 11441
52622 52635
56151 56216
16795 17246
15108 15134
13528 13605
13478 13514
76022 76056
40796 40905
72951 73036
32812 32855
12630 12747
16884 16928
14400 14437
14080 14300
48475 48556
28862 28882
17173 17697
16325 16391
69426 69545
21723 21797
28900 28901
8863 8909
651 666
20795 20876
30906 30937
52284 52500
25761 25765
5614 5723
49092 49217
55326 55433
16025 16130
52286 52533
60884 60915
6741 6799
49980 50051
63740 63808
60462 60604
45259 45274
53284 53304
48153 48393
402 469
30653 30660
19755 19915
14566 14641
12817 12868
24438 24676
2961 2968
62168 62176
8098 8115
70839 70869
20739 20805
33341 33601
28571 28616
78243 78323
64637 64651
29836 29839
54394 54450
57722 57745
21667 21759
17376 17388
67228 67254
8306 8404
16819 16824
45624 45652
44793 44843
36506 36529
61775 61883
29471 29590
56629 56767
67915 67932
31309 31336
43285 43292
57260 57422
19008 19224
68978 69021
6375 6407
54582 54648
28300 28314
39691 39709
29852 29913
50498 50581
74926 74982
73339 73356
49932 50103
53908 54097
61015 61082
39509 39538
63933 64085
27996 28002
74874 74896
23769 23877
31571 31582
5392 5403
23111 23175
23521 23540
67700 67740
21644 22097
70030 70058
55579 55580
271 311
72429 72533
72362 72434
41415 41649
39791 40104
39192 39201
56540 56593
39813 39899
8980 9046
44102 44108
62119 62153
33209 33277
32804 32859
4960 5000
57596 57647
39552 39646
8184 8188
44172 44396
54232 54238
68873 68883
42608 42679
57124 57338
6059 6128
49048 49050
67287 67338
55743 55763
62356 62410
31772 31797
73796 73844
55226 55257
34607 34631
69813 69823
75666 75709
52784 52788
28284 28297
44670 44792
57881 57993
63598 63797
22165 22176
77818 77820
58333 58351
68771 68925
18145 18181
46848 46852
18896 18903
29504 29686
15427 15520
11116 11130
35554 35585
68863 68872
2895 2924
30790 30828
62008 62037
28411 28418
45563 45606
47755 47756
58515 58743
64961 64984
58323 58380
19376 19391
60479 60577
43699 43737
23194 23199
22683 22869
13044 13120
21217 21277
41317 41450
75036 75038
77441 77483
72509 72587
8539 8656
27752 27826
3583 3617
43163 43196
13489 13620
39003 39068
48690 48858
79445 79488
79152 79177
33849 33963
4871 4910
35746 35794
17869 17881
2320 2435
44304 44355
12291 12305
70784 70810
4887 4897
57975 58026
39377 39416
7101 7328
79866 79892
12849 12872
34648 34658
30324 30364
2676 2844
74534 74613
30317 30320
50141 50205
64936 64937
6956 6964
63307 63308
68030 68091
65083 65099
5441 5447
36703 36807
40457 40598
18585 18646
59135 59252
5116 5153
54753 54890
37771 37848
70389 70393
1040 1160
41497 41609
61605 61612
10724 10738
50670 50691
15297 15315
60798 61011
21784 21874
17164 17178
43170 43209
50733 50884
60687 60813
21006 21063
46696 46701
54543 54641
36697 36728
45157 45235
37820 38011
43780 43869
48550 48572
64683 64927
43444 43474
33815 33903
55952 55979
7527 7541
61174 61255
43545 43659
39216 39275
48062 48071
55777 55810
43825 43887
76747 76832
75612 75877
8269 8350
79494 79530
44425 44614
29903 29933
79139 79189
25182 25290
52216 52249
59051 59269
65121 65322
54402 54501
13184 13197
69119 69120
16165 16198
48459 48561
71794 71830
28701 28918
53651 53680
72970 73007
75384 75420
69828 69835
23344 23373
60622 60627
22504 22526
29940 29945
41713 41721
41341 41427
73055 73090
25056 25242
14802 14914
19211 19220
779 945
12450 12815
27719 27732
3215 3261
28523 28550
19560 19698
19129 19243
65411 65564
47601 47664
32815 32860
1000 1030
65726 65746
65569 65585
43421 43440
72295 72350
44427 44435
45328 45356
23051 23105
42809 43173
18297 18361
26619 26670
72475 72741
66588 66671
41179 41181
49137 49227
594 599
25005 25282
71850 72004
62589 62610
4030 4149
52029 52124
16541 16563
19311 19335
51892 51968
62426 62488
75583 75628
25346 25373
31164 31221
33046 33126
31330 31489
21281 21327
67233 67261
59718 59731
6609 6663
77670 77674
71016 71068
5420 5613
13480 13501
16693 16755
76915 76932
4055 4058
47356 47384
5669 5828
32559 32633
54384 54455
26384 26424
20428 20458
21378 21386
74964 75166
47892 47897
18494 18497
9821 9852
75061 75105
55350 55496
33680 33794
26479 26566
44500 44566
18572 18648
75303 75468
57611 57622
73481 73489
60977 61006
32438 32453
55008 55056
20304 20338
56724 56821
15994 16111
30990 31025
53802 53834
27584 27709
42777 42985
58016 58028
9844 9858
61940 62035
48376 48397
61176 61257
67673 67697
13254 13319
61731 61762
60061 60182
72518 72622
13458 13559
57853 57952
9800 9886
63102 63172
40878 40909
16268 16306
44475 44519
54260 54278
58386 58414
36909 36913
71334 71352
20042 20048
38831 38995
17427 17459
21214 21441
74280 74342
37038 37184
52460 52528
62617 62658
68396 68421
43059 43092
72687 72704
48614 48684
35286 35384
31603 31646
30100 30195
79925 79973
68766 68775
74920 75067
22041 22125
63836 63889
59205 59230
54531 54552
74384 74428
60579 60597
39100 39120
24063 24133
1667 1668
44477 44508
3877 4033
64665 64685
48789 49110
57382 57384
74091 74097
11310 11311
71606 71636
59500 59998
69205 69245
17230 17231
40693 40716
7805 7813
74618 74756
59283 59346
14099 14104
6138 6172
36668 36730
34106 34231
69876 70007
40965 41020
39706 39718
23066 23119
36786 36800
956 1031
65080 65108
74453 74498
18387 18466
45286 45334
32116 32177
33487 33574
16630 16640
49724 49770
42787 42848
18003 18094
67680 67895
76716 76735
7162 7254
48050 48079
57919 57954
7203 7238
31516 31524
28765 28870
38207 38226
7560 7610
28408 28582
18990 19094
31211 31264
34674 34749
57961 58092
42873 42888
51684 51746
76702 76864
74611 74681
45551 45713
26638 26744
58313 58315
32241 32298
62817 62838
73357 73366
71683 71702
38874 38926
16345 16398
23484 23511
62669 62810
32563 32575
48060 48117
54132 54308
25796 25838
6571 6698
69701 69715
9182 9364
71188 71234
11488 11499
33326 33327
10206 10234
20221 20391
66687 66769
6825 6866
48450 48468
75726 75826
19831 19907
10196 10198
28044 28226
76951 77029
1503 1523
10752 10759
13385 13448
11604 11651
23882 23915
10456 10744
71839 71878
13778 13824
70443 70465
72484 72540
65288 65391
7221 7365
79455 79560
41278 41328
40855 40920
25778 25818
37725 37795
72399 72479
79266 79359
45219 45270
41492 41588
52992 53014
57062 57188
76450 76493
59688 59743
9372 9439
24078 24201
47552 47594
78755 78806
57202 57205
48800 48914
30096 30257
49989 50081
12047 12056
74147 74179
69884 69945
36933 37174
65618 65627
51200 51306
31975 32020
71134 71149
13352 13406
5595 5628
59460 59509
6323 6337
37754 37855
42466 42477
44452 44520
49290 49349
28232 28278
64513 64521
48637 48896
46685 46704
25475 25499
42261 42521
50215 50238
58304 58392
24789 24812
64428 64623
53493 53535
61626 61666
17109 17188
47871 47900
21790 21876
6932 6968
5261 5374
35919 36051
9006 9030
50737 50771
13021 13027
1441 1522
61418 61444
40476 40544
17162 17193
9378 9482
6381 6401
47013 47018
78607 78871
500 603
13344 13451
61497 61547
54517 54587
73828 73989
26988 27026
43980 44104
29012 29093
43122 43139
79098 79301
42268 42352
46083 46387
2625 2668
14808 14813
66603 66640
66572 66660
15155 15187
66202 66422
59861 59992
60526 60538
69246 69317
24280 24482
48600 48699
10119 10145
36527 36535
61611 61650
17260 17271
18570 18745
68414 68575
68512 68555
29235 29258
77880 77929
866 885
45309 45375
69051 69080
48541 48601
3496 3498
49786 49805
17087 17098
63449 63538
66339 66821
24016 24050
45263 45314
38468 38522
10285 10345
4712 4730
59157 59273
39050 39127
11684 11788
31820 31926
3128 3227
41808 41861
69050 69113
64982 64988
24413 24470
12505 12517
14465 14540
21521 21575
22156 22170
3133 3385
51615 51723
69592 69656
22550 22556
25184 25268
51891 51896
58178 58305
2010 2035
3116 3134
61323 61335
57848 57880
17324 17426
33181 33228
66665 66736
19109 19125
79155 79326
46718 46745
53945 54076
66653 66713
47738 47916
51671 51681
38928 39338
34618 34803
9208 9223
42560 42667
54311 54314
67415 67494
1557 1558
38030 38031
37637 37683
71570 71628
55195 55318
49398 49429
72174 72232
33338 33356
78380 78474
27081 27101
32203 32263
24879 24940
28513 28568
15527 15550
2720 2970
11205 11224
48196 48213
61352 61532
14147 14262
70656 70729
14457 14476
16672 16681
63397 63417
52259 52354
62385 62393
17491 17644
56056 56064
30594 30608
26975 27032
33336 33352
68547 68628
50336 50405
30315 30371
856 929
4979 5087
67275 67295
72283 72351
24500 24620
42669 42745
30357 30360
67463 67498
35079 35592
69440 69452
79295 79402
64586 64669
66152 66192
35446 35464
3841 4057
78216 78231
42475 42501
34577 34598
51201 51282
11644 11673
16369 16412
20995 21106
2395 2468
5598 5644
19221 19235
30293 30400
78751 78837
35060 35306
66016 66109
76712 76822
3083 3085
12245 12354
70908 70963
67845 67946
12823 12825
13600 13676
24443 24454
21570 21587
2448 2469
30416 30439
65654 65687
63911 64083
45592 45634
39341 39376
44610 44630
25419 25571
24239 24478
28289 28417
35100 35108
52 67
39726 39728
62116 62194
73332 73423
76597 76616
11162 11184
47139 47192
25961 26036
18360 18415
78681 78790
2902 2931
54335 54360
33213 33225
59337 59407
53416 53432
53871 53903
42285 42490
40858 40937
66828 66975
67158 67349
68172 68212
7631 7714
1831 1838
44754 44763
39242 39284
57341 57367
5884 5903
40925 41038
10126 10197
49719 49729
33975 34049
31140 31161
35008 35042
36430 36433
69132 69159
37735 37762
32671 32687
42153 42370
65146 65294
21488 21506
50767 50824
44626 44807
32872 33070
12945 13111
58397 58425
56529 56676
14968 14999
20832 20965
40837 40844
42179 42181
19351 19380
57135 57144
50154 50169
20591 20619
58921 59035
45528 45643
42398 42479
62087 62113
11970 11974
35173 35203
61741 61870
71124 71176
47928 48040
59226 59308
69742 69851
23165 23329
56157 56844
17916 17937
49765 49794
60113 60158
38262 38499
49754 49931
78656 78703
36755 36760
79268 79430
74779 74820
79212 79217
14521 14602
14770 14841
71312 71417
38162 38189
70291 70305
11759 11779
59163 59196
41674 41684
16848 16865
40405 40411
69600 69609
34462 34464
73752 73764
1624 1630
30583 30644
65665 65879
41582 41605
42903 42936
18894 18953
54379 54389
8668 8849
11729 11733
30846 30858
20991 21209
66790 66953
55028 55037
16572 16617
28444 28533
55193 55290
75415 75430
79803 79965
62529 62546
19952 19961
16166 16172
11653 11670
39218 39220
67376 67379
6072 6129
9535 9609
38916 39187
56119 56149
45389 45450
45768 45806
41340 41356
74621 74715
56845 56887
40954 40984
27178 27190
5594 5636
38728 38792
74890 74929
6875 6889
56260 56391
70312 70324
3639 3707
27235 27241
43080 43141
5494 5567
22273 22352
28145 28171
8475 8480
25585 25590
44258 44384
13706 13859
20889 20960
33065 33077
70806 70808
37834 37849
14758 14826
61892 62286
53434 53861
26720 26874
8126 8244
49025 49134
70155 70336
20136 20184
56658 56663
34089 34141
62031 62195
52206 52225
24715 24798
1854 1948
52443 52484
60620 60675
35063 35106
67226 67263
49472 49570
55464 55570
77668 77673
56045 56230
4276 4338
44734 44790
35406 35452
13424 13634
70169 70286
4556 4704
50233 50307
42004 42174
10952 10991
56642 56643
23178 23250
56422 56508
67987 68002
56818 57162
37235 37258
66039 66135
79062 79123
79577 79598
65789 65914
47210 47261
19840 19842
54156 54281
6470 6479
53718 53765
46554 46688
53831 53833
7109 7316
4312 4334
68097 68155
74830 74886
48754 48760
16914 16988
41791 41807
69579 69655
18968 18982
51192 51438
71109 71133
47984 48009
10821 11128
73792 73804
60142 60199
77955 77986
35360 35587
71741 71786
78895 78932
40469 40507
71755 71764
19038 19063
18638 18654
40585 40754
77333 77436
42542 42614
22837 22928
10277 10329
71307 71317
31380 31438
46707 46864
3825 3909
66915 66945
53109 53118
45184 45308
66366 66438
69422 69510
24797 24806
24140 24141
73946 74092
71833 71916
54318 54342
66986 67041
26990 27159
62161 62253
60384 60435
57096 57206
11560 11594
52879 52898
55973 56177
13546 13561
56783 56788
16646 16654
12464 12512
62773 62848
18168 18323
25126 25140
59375 59608
63094 63145
54339 54487
18178 18252
24459 24486
50343 50469
35513 35880
25321 25403
40089 40116
1844 1941
4157 4176
23028 23098
37400 37430
19837 19917
60018 60029
41481 41616
6729 6751
8138 8141
75436 75439
18704 18864
55774 55805
56214 56254
29778 29809
62656 62679
54446 54598
49071 49077
42320 42331
38243 38271
46662 46699
51486 51618
62000 62076
46960 46990
7022 7061
73295 73378
12531 12532
13048 13167
46181 46187
78067 78125
1797 1850
42254 42339
72617 72626
16668 16691
31151 31231
17261 17270
51181 51362
58733 58752
72430 73408
79998 228
44255 44301
44433 44563
2370 2402
3021 3058
76213 76248
79906 79931
67126 67187
45754 45849
65620 65712
18196 18217
65883 66018
32520 32528
75903 75928
62791 62853
64096 64123
59656 59765
69499 69635
40482 40549
24833 25067
58584 58619
74340 74520
54270 54287
3803 3886
19195 19325
10959 10988
5175 5517
66458 66523
5640 5675
13715 13827
43025 43269
61876 61954
5745 5771
55720 55784
63873 63937
73480 73779
731 813
20082 20109
26810 26876
29830 29919
48493 48525
36145 36166
28504 28525
22063 22069
49158 49221
44171 44379
41970 41972
39168 39169
72707 72782
17956 18039
9613 9765
941 964
75801 75846
55796 55882
9666 9675
965 970
5968 6016
54518 54564
38531 38679
24354 24401
28830 28861
11743 11749
61447 61487
64919 65005
25851 25928
34323 34482
55820 55881
7387 7409
24730 24749
56038 56132
65962 66056
67369 67427
10178 10193
4365 4389
77959 78059
48011 48025
46947 47002
21900 21902
53934 54184
20477 20525
64055 64119
38726 38786
37353 37380
46359 46388
28087 28099
40690 40723
1022 1044
69004 69057
21529 21600
79413 79420
61078 61114
11096 11285
21544 21651
28306 28361
27108 27269
31490 31503
75449 75541
76158 76191
69134 69158
50912 51040
61080 61085
35198 35245
17792 17865
62786 62884
27469 27595
19713 19722
67089 67098
29874 29909
64227 64409
39086 39110
3093 3163
18396 18409
42889 42895
57522 57703
47737 47782
23634 23680
31640 31654
17177 17526
76228 76261
4051 4056
78855 78927
23840 23876
61052 61105
74099 74175
61492 61493
1015 1109
8439 8489
280 455
34053 34101
22123 22146
67842 67852
15210 15313
21911 21938
54282 54411
2296 2319
22483 22507
24003 24164
52280 52307
25469 25563
14480 14517
67615 67640
74238 74408
55985 56030
65085 65292
63667 63683
51872 51921
27175 27196
46066 46219
31166 31177
58343 58371
34655 34659
43174 43203
28085 28106
42111 42157
53711 53717
31882 31899
7860 7996
65623 65673
2673 2889
69254 69346
54731 54755
33581 33594
13908 13942
39513 39603
79977 80
42958 43028
64944 65002
14497 14510
24349 24404
53106 53156
12003 12034
14528 14544
77575 77662
72340 72345
47541 47618
35765 35813
59379 59534
39361 39422
35711 35776
39674 39712
19558 19578
74502 74505
33217 33238
58417 58488
34798 34845
30424 30449
54838 54847
64681 64724
73570 73756
28483 28555
31809 31852
13926 13927
65263 65282
8739 8838
39424 39433
69290 69361
1887 1997
67813 67952
18366 18369
38849 38935
75171 75253
34151 34177
8524 8538
61678 61850
17583 17617
23580 23743
67777 67780
53051 53101
5846 5876
62870 62880
39392 39439
25731 25866
68327 68378
52046 52054
5649 5730
2324 2524
15532 15551
46913 46918
58084 58111
24850 25026
13865 14025
46570 46577
78034 78182
39038 39061
6123 6135
28821 28864
33410 33651
14297 14302
54994 55011
75077 75122
25427 25437
40085 40177
72018 72057
59168 59198
15186 15253
15656 15722
11714 11727
27149 27157
56989 57032
19419 19584
45290 45408
3041 3127
54112 54530
40203 40322
8557 8673
1258 1299
35462 35499
79830 79961
77390 77410
74263 74298
65290 65362
46115 46258
50255 50286
11606 11622
54721 54876
74540 74595
68543 68673
27508 27561
59291 59317
34910 34945
61576 61604
14631 14672
2900 3069
5785 5883
17609 17655
76884 76946
14242 14344
14229 14246
41683 41736
44571 45023
66183 66317
25855 25913
28443 28473
23489 23508
73310 73369
52999 53007
10275 10302
57664 57674
4588 4627
68526 68616
66885 66912
5072 5109
20673 20728
15521 15687
17444 17454
38099 38113
67769 67833
6307 6506
77615 77616
43805 43811
37907 37938
72414 72451
57934 57964
42990 43004
14711 14723
63925 63969
67592 67684
26509 26513
19706 19994
25659 25708
6077 6144
50967 50974
41891 42021
66117 66161
52942 53009
66084 66131
22943 22979
51228 51353
62146 62209
28637 28731
24366 24396
28363 28674
61801 61853
46895 46912
8742 8816
7095 7211
42313 42338
11578 11808
56747 56860
75532 75785
15360 15418
76746 76872
53562 53577
51460 51474
16684 16783
26663 26699
17320 17332
14534 14594
69817 70118
19773 19890
64150 64244
6850 6900
50929 51152
14296 14363
21958 21959
28562 28754
77899 77944
55280 55415
54904 55151
15292 15318
7198 7271
37678 37679
39102 39285
11099 11194
74321 74422
72901 72953
4239 4287
70210 70213
69096 69109
34894 34955
13745 13813
78615 78632
25257 25262
47099 47103
48747 48875
28394 28452
6231 6252
75818 75886
73151 73154
56990 57025
70157 70205
60263 60312
38283 38549
7841 7894
12742 12777
79078 79101
61067 61115
78167 78301
18509 18566
78976 78985
54700 54788
7800 7856
57834 57980
77851 78054
6414 6419
68388 68600
23905 23979
40487 40647
45254 45367
62199 62341
3662 3670
51169 51253
36417 36451
33027 33074
25330 25531
64778 64788
38780 38873
51031 51060
28458 28486
11457 11489
57855 57879
59200 59290
58027 58056
76468 76611
41126 41178
53775 53805
76385 76420
53052 53396
46661 46684
33179 33260
42582 42654
78528 78545
47704 47923
54183 54201
2215 2327
67643 67646
41675 41717
1568 1646
28333 28421
36700 36737
69150 69214
78562 78565
77064 77068
18603 18642
41529 41561
25524 25591
62419 62522
10235 10452
25951 26124
49239 49274
9089 9099
12290 12310
7954 8024
15240 15409
11668 11725
12677 12879
18655 18673
52565 52839
57572 57658
4578 4633
24216 24399
60485 60513
55 212
62844 62918
73367 73392
2801 2883
58770 58811
1654 1674
69186 69236
4886 4949
25654 25665
31016 31036
58281 58327
45436 45543
37884 38023
27885 27913
48784 48908
2958 3080
56986 57001
66864 66910
5717 5724
12066 12087
46996 47117
29169 29178
23406 23436
8579 8607
8820 8932
77801 77942
3288 3297
6384 6495
15574 15611
37471 37560
12606 12654
51177 51186
13421 13504
16658 16740
43879 43952
10765 10780
16722 16828
60965 61005
55352 55387
72030 72101
34192 34264
47885 47886
43472 44439
40934 40987
33123 33289
47034 47068
61169 61173
34413 34454
15094 15118
22401 22487
45053 45177
58099 58120
77636 77651
22902 22948
71162 71201
70883 70887
48799 48801
79303 79353
68213 68426
47123 47238
65875 65877
12098 12100
67112 67288
26852 26904
56720 56739
10062 10087
64902 64954
3245 3287
30149 30256
13664 14137
58833 58882
68271 68474
72436 72510
51263 51379
75843 75892
6811 6819
14996 15018
32686 32792
59251 59284
74616 74632
1136 1283
60107 60136
54665 54820
30520 30576
56023 56143
77695 77756
56019 56053
72476 72546
36264 36368
63656 63687
78929 78971
30139 30216
17015 17141
26185 26194
7106 7172
44848 44876
5521 5709
72958 73027
34690 35049
65042 65048
20949 20982
37755 37871
3748 3843
39558 39564
3612 3751
32078 32165
34164 34271
65498 65613
51012 51050
13463 13467
25003 25004
30078 30157
43849 43926
38284 38536
53273 53481
34245 34308
28638 28691
33416 33447
11751 11850
54066 54275
74923 74940
4425 4435
26504 26731
64889 64966
19371 19410
35687 35719
23179 23278
67449 67515
54483 54495
45428 45535
68019 68079
69213 69228
37650 37713
41407 41480
71682 71701
3141 3217
24206 24325
29772 29781
48242 48248
15958 16096
26911 26915
54856 54879
60639 60646
76323 76425
262 344
70467 70520
17169 17224
33713 33801
32091 32142
72141 72259
48633 48669
38432 38464
10462 10478
28172 28183
73348 73448
21301 21326
71886 71922
76111 76121
56980 57020
55793 55848
12927 12961
78112 78196
73047 73193
2674 2707
40992 41018
59787 59893
30481 30768
54657 54678
53558 53603
48125 48220
57453 57561
13118 13156
17018 17159
9726 9728
48745 48861
58846 58943
49647 49662
14505 14537
37037 37075
65732 65752
6486 6575
57355 57397
17228 17385
70882 70894
48003 48042
62171 62193
3371 3491
3469 3486
29211 29214
62091 62157
44137 44602
75168 75203
19310 19341
76745 76787
9412 9448
18590 18615
4325 4386
19474 19520
50099 50149
13177 13263
58311 58365
79753 79943
33989 33995
78069 78129
1475 1512
52231 52318
37273 37336
21297 21322
7233 7250
32889 32915
44302 44319
70322 70380
14383 14418
43000 43305
64070 64250
21398 21460
64157 64208
72466 72668
66146 66185
23793 23866
9435 9437
11411 11575
17643 17713
57541 57775
15511 15556
74228 74467
53388 53468
51938 51970
17287 17366
29739 29759
45951 46309
19240 19729
45491 45522
21091 21173
10694 10726
64258 64348
47361 47395
52927 52980
29233 29263
67466 67479
61541 62463
79095 79143
62226 62404
37267 37299
75932 75964
26019 26051
33431 33438
31834 31874
13384 13641
71777 71799
78308 78322
53866 54000
71941 71989
12130 12395
21901 21995
15575 15592
79458 79696
33820 33944
19151 19152
41813 41846
56322 56359
71855 71861
40334 40344
22949 23271
65270 65351
74223 74246
54965 55052
20985 21092
4363 4417
4739 4790
79085 79092
77078 77087
65605 65633
58017 58150
52009 52033
22326 22329
3956 3961
18275 18352
40798 40869
68855 68856
33252 33501
32817 32831
64953 65111
63456 63489
20436 20501
77700 77920
42009 42195
51191 51300
22839 22840
7864 7941
10442 10550
40534 40757
78804 78845
52088 52268
63558 63574
60145 60211
22563 22581
4893 4926
42764 42775
11715 11757
70016 70079
16997 17118
74656 74702
2960 2998
37950 37956
32810 32877
61344 61389
33271 33408
68156 68187
77154 77348
59030 59063
53257 53322
57454 57479
47006 47008
10092 10129
50476 50536
9889 9928
53143 53175
1968 2200
12909 12920
70696 70800
53363 53403
54007 54764
78193 78207
39740 39776
30539 30565
44837 44839
71058 71168
12059 12126
22243 22298
51324 51345
56591 56650
8681 8910
3049 3091
61528 61624
51810 51822
22800 22846
14769 15049
63288 63315
14623 14675
58312 58387
21756 21801
4927 4935
58192 58657
5142 5199
60841 60849
365 496
18527 18577
30941 31024
6975 6985
56455 56521
37524 37589
2331 2387
13266 13486
70329 70370
72099 72240
31921 31996
41572 41598
35781 35832
30313 30329
7392 7577
79282 79400
79317 79448
70976 71026
44506 44518
59950 60152
67645 67663
38958 38960
57122 57450
31700 31821
70638 70683
60153 60220
62384 62442
73101 73148
35271 35346
16754 16812
52529 52657
27902 27922
60141 60259
72256 72309
64884 64950
37889 37973
71427 71483
20634 20868
2393 2505
69280 69344
12771 12819
21194 21231
43144 43150
62505 62521
73867 73953
40712 40751
3420 3534
74424 74442
71971 72215
16311 16424
23577 23662
51462 51477
66329 66403
30795 30812
38642 38717
21481 21532
39610 39695
8866 8903
78943 78951
14270 14492
20315 20386
20474 20502
19868 20044
748 774
6318 6331
20750 20811
58476 58511
20427 20475
9815 10096
41869 41924
11458 11543
70832 70951
44713 44766
7839 8066
41554 41724
15747 15766
71250 71358
2740 2763
37349 37405
10043 10073
59762 59863
3136 3160
48762 48792
19217 19393
67749 67751
9946 9979
28156 28188
10384 10413
73344 73360
52227 52237
53725 53754
70022 70041
50359 50396
74212 74241
13857 13965
18746 18782
46044 46160
1572 1578
32186 32266
39082 39114
73393 73433
52494 52557
1256 1306
14833 14917
50796 50899
36627 36724
1974 1991
27907 28003
18011 18047
75617 75662
7509 7565
39746 39768
67065 67077
41167 41192
53214 53258
19944 20061
44332 44440
77076 77268
73667 73672
34127 34286
8265 8784
9162 9166
34956 35055
18223 18315
34573 34594
9206 9374
26463 26475
67456 67475
21513 21562
30374 30410
28190 28249
25477 25496
51248 51296
29072 29206
37736 37878
31406 31472
67138 67262
68272 68304
33261 33399
14342 14367
14978 14990
13992 14020
78616 78758
17335 17420
15569 15582
63798 63978
14778 14867
65741 65792
53530 53598
70375 70425
1808 1879
41826 41834
75910 75966
66470 66706
73643 73666
76135 76200
42578 42660
7676 7768
8097 8166
72016 72121
4377 4479
67517 67531
8526 8590
42744 42748
66410 66593
76429 76518
79712 79782
76496 76533
70059 70088
32934 32935
52886 52960
62343 62363
66938 66984
53111 53158
33402 33841
58997 59232
70296 70435
13063 13107
76212 76427
64069 64086
6311 6327
17676 17766
38125 38174
58567 58652
50292 50305
12253 12349
656 745
9171 9332
4122 4222
58122 58165
38341 38371
40847 40867
56649 56688
25810 25824
79550 79590
41981 42137
61511 61537
60829 60835
41555 41595
2383 2463
78662 78701
19763 19776
54412 54475
48925 49069
6801 6941
46705 46739
27575 27703
42259 42306
61098 61272
59169 59210
70547 70607
46329 46477
62223 62335
34391 34455
64500 64559
20864 20878
62765 62903
71368 71383
12230 12276
76989 77089
74577 74678
76866 76878
41414 41441
12934 12953
39766 39770
60395 60409
53767 53794
8433 8441
41940 41960
79381 79428
65421 65553
65404 65588
49651 49682
14839 14939
48652 48661
68445 68498
48130 48158
33971 34023
30519 30580
43445 43635
20831 20848
68052 68067
2562 2597
39116 39147
32293 32312
21697 21749
68431 68473
50903 50947
8076 8096
75708 75710
19717 19792
39451 39483
70507 70519
39481 39568
67536 67636
24497 24524
14083 14125
60518 60556
68589 68593
2062 2110
63638 63663
42368 42691
41191 41213
32090 32104
74073 74205
46778 46784
37717 37726
46081 46313
66486 66524
25178 25245
37230 37270
992 1177
12377 12414
62704 62782
17757 17770
51945 52450
69286 69328
62345 62376
75098 75120
30035 30038
19193 19252
26461 26555
74062 74121
3094 3118
77080 77146
60122 60149
39070 39090
71633 71653
69443 69445
22669 22702
28094 28257
9469 9534
60492 60571
74057 74129
10012 10068
47278 47331
8876 8886
27120 27243
77774 77794
72397 72454
35232 35261
33478 33590
33055 33096
49624 49639
110 133
74592 74612
66886 67132
9069 9095
65783 65805
9963 10007
12481 12504
6810 6905
70704 71057
54359 54385
12607 12816
36118 36139
77678 77758
75699 75805
19616 19627
25700 25828
56929 57102
74552 74689
42989 43058
663 894
79247 79334
41655 41965
74203 74264
22348 22392
32304 32319
72921 73004
48230 48252
45295 45302
9686 9775
16202 16206
333 538
66289 66315
38175 38315
15372 15420
24869 25029
34919 34946
34848 34867
72812 73336
42972 42988
63690 63715
2284 2308
57305 57319
22679 22777
43569 43590
73185 73214
64662 64754
14568 14807
41557 41603
52854 52863
56667 56709
52537 52935
59714 59758
4801 4843
29045 29157
15377 15379
68356 68391
67029 67125
44685 44735
26428 26518
53607 53709
34042 34135
62483 62490
71099 71399
69849 70026
880 938
4726 4763
70454 70552
46713 46716
861 975
66086 66102
43625 43751
38021 38102
16320 16349
18165 18285
50592 50928
40453 40569
652 701
75659 75674
6648 6679
62342 62427
31620 31634
38568 38810
47894 48470
66236 66239
5633 5711
14330 14502
48108 48233
21475 21525
30406 30434
35629 35648
19981 20022
5774 5816
73361 73362
45125 45419
75976 75981
68403 68418
59794 59864
17671 17762
42580 42599
75622 75750
38420 38564
78330 78378
11339 11355
43381 43427
34540 34603
27468 27501
4165 4196
63506 63573
22870 23389
9149 9302
68483 68484
30550 30558
41113 41175
18938 18964
13874 14035
21980 22171
51213 51313
77468 77497
68669 68676
26062 26227
569 696
65489 65536
26163 26264
69147 69312
40291 40332
66871 67018
28074 28196
42288 42369
59266 59325
11231 11300
56664 56707
25869 25917
43495 43498
16356 16386
27507 27593
52106 52112
74015 74050
15180 15475
29119 29134
37196 37218
38370 38466
71422 71512
3285 3313
65658 65682
74066 74074
18358 18359
15981 15987
7009 7013
10736 10912
36784 36805
52360 52493
48292 48451
23124 23187
51381 51387
1864 1920
7475 7538
62619 62648
11849 11889
64742 64785
53567 53570
22003 22098
12625 12762
8082 8197
27491 27524
32866 32991
71913 71995
47654 47734
77392 77419
15038 15188
17889 17906
36962 36986
42013 42036
48701 48790
46946 46953
34317 34365
55346 55507
24205 24247
34899 34908
54933 55030
39250 39312
42250 42263
5512 5574
40382 40386
53078 53129
66466 66609
74180 74191
46171 46216
5800 5815
57531 57544
44098 44105
63606 63650
12031 12136
8675 8691
44957 45014
58796 58830
44679 44684
29252 29421
26604 26625
3006 3013
76364 76457
30924 31033
30673 30694
72602 72648
36636 36725
39687 39753
21751 21818
78949 78954
27122 27133
61509 61657
4610 4630
25043 25086
18893 18958
65895 65909
41290 41388
33555 33722
71377 71448
15807 15849
8400 8425
10301 10372
23698 23718
36579 36587
17323 17329
33648 33669
6433 6450
21150 22480
57114 57186
78823 78826
56281 56501
76394 76446
3732 3802
48542 48787
61903 61985
61131 61231
71464 71490
56462 56548
77884 77926
11324 11358
3616 3626
53764 54031
5322 5349
62103 62523
21691 21706
51622 51643
26723 26798
59870 60058
2279 2371
39054 39162
21486 21489
73859 73930
48613 48654
52221 52291
27853 27986
68936 69067
29333 29403
55424 55506
50618 50661
59261 59366
3574 3591
57545 57667
68301 68306
45192 45196
28794 28903
25401 25453
13744 13782
13190 13269
57763 57860
53508 53575
71161 71455
10811 10845
7335 7465
34934 35073
43241 43276
67182 67355
78191 78229
72523 72676
61123 61208
79648 79687
35152 35176
45347 45350
9756 9831
55209 55252
7424 7449
59788 59799
64377 64426
30418 30467
78720 78782
11447 11502
78 109
65948 65974
28677 28695
60728 60759
55954 56112
29410 29452
17892 17918
38057 38066
24996 25046
59355 59440
72395 72405
19759 19770
55333 55361
34967 35127
58535 58645
47554 47662
29693 29733
43602 43691
10626 10628
42554 42605
76011 76020
65159 65163
77289 77467
34310 34397
52502 52570
10970 11056
51502 51504
15130 15239
69238 69375
10685 10757
14691 14832
1951 1955
2589 2611
56741 56801
70920 71053
37395 37557
70056 70255
9419 9459
78469 78471
64019 64100
8500 8555
65678 65718
5964 6032
32741 32763
67610 67632
68160 68224
6133 6230
72011 72114
8845 8847
25840 25896
4022 4039
49886 49995
74660 74683
33117 33157
76969 76996
7555 7612
41620 41623
22382 22544
31986 32015
77251 77264
15826 15876
291 305
68243 68427
1603 1691
50553 50604
13698 13790
38771 38785
76638 76748
65612 65628
39884 40033
14396 14461
42116 42287
57800 57825
12708 12787
26260 26325
69092 69115
76767 76799
77525 77532
55974 56046
15647 15740
37155 37222
64648 64694
56575 56622
20499 20520
55824 55977
50861 50892
1294 1315
39135 39313
11954 11980
33916 33928
54498 54502
5021 5033
9541 9546
11341 11343
62328 62460
57526 57532
53638 53667
63314 63359
66662 66707
71494 71566
62583 62780
53655 53774
32492 32498
7667 7702
61008 61071
8085 8117
72567 72614
69490 69550
49909 49916
11737 11875
10248 10425
67905 68114
41817 41934
78046 78062
58097 58153
31605 31690
24419 24420
34281 34314
54712 54786
60995 60997
54798 54813
8880 8882
73038 73044
45307 45315
48078 48101
18010 18014
32396 32445
2760 2783
27748 27811
55915 55946
35143 35167
12821 12855
59311 59329
20649 20776
69253 69330
44827 44841
41285 41379
35959 35962
45387 45471
2819 2835
13437 13532
69326 69502
57646 57690
1872 1921
13597 13683
25021 25116
52659 52729
55465 55493
46982 47022
33269 33471
51766 51789
45179 45276
61587 61682
76037 76142
77155 77206
74019 74109
16758 16815
20217 20245
69783 69882
52049 52076
25201 25202
14255 14287
67043 67291
41759 41803
71923 71933
17318 17394
51407 51521
33232 33343
36148 36190
21517 21538
52876 52954
19532 19577
41127 41144
79584 79679
41439 41587
28440 28484
58242 58246
51897 51957
23747 23853
63658 63720
47778 47821
25652 25698
67320 67399
66091 66175
23654 24158
75321 75465
42853 42887
24480 24722
61786 61901
23801 24014
73872 74006
78234 78311
60924 61267
68533 68567
8625 8639
3603 3613
65798 66362
73874 73931
5305 5306
14864 14899
10158 10353
51149 51176
57987 58025
15974 15975
72633 72660
26531 26553
65155 65230
63957 64000
42290 42417
26591 26800
16122 16257
55542 55584
74416 74420
27647 27796
4291 4330
2197 2203
35873 35891
12215 12219
62756 62784
45531 45581
59164 59235
1179 1231
60817 60893
43882 43917
58971 59077
71665 71696
54776 54932
44450 44495
56969 56974
55800 55813
35066 35113
44047 44215
52093 52154
69170 69208
6163 6201
54794 54806
41781 41799
26211 26248
44177 44187
29948 30063
57239 57293
13749 13785
39870 39955
18878 18884
55905 55966
21351 21458
61024 61083
39697 39756
49085 49109
33587 33615
76230 76290
4421 4513
17000 17126
32837 33013
58049 58094
20105 20119
54975 55031
49930 49948
56862 56907
78064 78098
71115 71135
64857 64956
63367 63490
24207 24290
69973 69986
75952 76012
16842 16879
22959 22999
31113 31128
15715 15730
19011 19052
53900 53901
7955 7974
19396 19426
10435 10735
71319 71463
53199 53374
74113 74330
70264 70327
8815 8862
59120 59296
38434 38509
2896 3084
39320 39351
68710 68715
13094 13169
65702 65925
42384 42500
3964 3967
24564 24693
14851 14913
41043 41091
70438 70439
43860 43873
13261 13340
23400 23414
22771 22804
5344 5394
79439 79447
75132 75135
61233 61350
10496 10542
73873 73939
57284 57298
31771 31789
42011 42026
34885 34898
9286 9392
22659 22763
6385 6388
8642 8754
76718 77030
5444 5536
69501 69620
69153 69209
40248 40308
45802 45805
15984 16070
69368 69409
36600 36635
11400 11431
6205 6260
47797 47816
9817 9888
52671 53234
75744 75745
53809 53965
30376 30378
33397 33421
29401 29451
514 581
73510 73655
42170 42188
79044 79190
44277 44283
14974 15000
24122 24195
33424 33443
10066 10136
54588 54647
36136 36147
65510 65607
2988 3029
25979 25988
26143 26149
11994 12012
48210 48215
27888 27978
59505 59532
23313 23440
57925 57937
14598 14660
21849 21906
69687 69699
61631 61733
23399 23560
55548 55782
31914 32025
27545 27706
14071 14076
25715 25752
72423 72499
28572 28604
4247 4307
65087 65116
25666 25771
39832 39854
52375 52605
48466 48517
36885 37004
38968 39053
54658 54727
33022 33312
37058 37066
61268 61282
46425 46437
27571 27710
69137 69200
25691 25730
44209 44296
7872 8037
31817 31962
49154 49167
3775 3782
60966 60986
63270 63390
40151 40233
38029 38048
21512 21573
46481 46485
76623 76669
12085 12089
72249 72346
40372 40392
78523 78574
75509 75564
11440 11580
618 633
9406 9528
12449 12503
55585 55602
74319 74439
8493 8517
32286 32345
14244 14273
61702 61863
34194 34252
40401 40483
55026 55092
22186 22310
66392 66435
74042 74043
13880 13930
1513 1517
16940 16983
41219 41270
66055 66116
56088 56182
33303 33306
11236 11238
45170 45232
5460 5529
31621 31841
3481 3577
22910 22971
28564 28770
33335 33426
70865 70903
22476 22479
43563 43687
33509 33568
49232 49296
71707 71776
78743 78791
10691 10714
37346 37388
54779 54782
52214 52217
12062 12227
51167 51183
47955 47978
34494 34516
64372 64380
39632 39689
48278 48284
35419 35447
39062 39083
24945 25012
43413 43537
55563 55715
76285 76296
67619 67621
26968 27092
11615 11634
37466 37614
41211 41215
60904 60963
71261 71306
66887 66927
3266 3370
4134 4215
69183 69221
23276 23304
22238 22301
17409 17543
64373 64547
71658 71666
41397 41447
52109 52139
12905 13159
40521 40739
30451 30578
60535 60616
2925 2990
65090 65150
44540 44777
2528 2585
12372 12451
6807 6947
78637 78664
77994 78119
75914 76014
3922 3981
46573 46651
71171 71196
60499 60657
46369 46397
32734 32895
62050 62054
49836 49866
54640 54679
12847 12861
49046 49082
54291 54362
33491 33510
70550 70565
34529 34604
35994 36066
27923 27981
59026 59185
7124 7236
8892 8901
47408 47436
61881 61928
2 162
79971 79991
53964 54020
43069 43084
35606 35628
9387 9460
57630 57632
40677 40720
8196 8236
31289 31347
11667 11778
49634 49790
3879 3991
59546 59636
76789 76794
21567 21576
832 841
5012 5017
65597 65638
39477 39508
69587 69590
6145 6174
12194 12225
33736 33746
74785 74846
16889 16916
8916 9031
33784 33791
71035 71095
39059 39065
31537 31550
57141 57251
22264 22279
56557 56582
74888 74893
23757 23763
22166 22230
57978 58193
59207 59274
44030 44060
33842 33888
12333 12353
20284 20309
72840 73009
67582 67670
49857 49970
38753 38767
25899 26226
6182 6257
5456 5647
69727 69748
42754 42792
56587 56729
12070 12083
58003 58061
20148 20194
8222 8272
65272 65311
17781 17860
78271 78436
56493 56570
31106 31165
50651 50782
53960 54081
71902 71931
30155 30259
6202 6248
42114 42120
11280 11304
38650 38711
55635 55644
30755 30774
36373 36393
1404 1409
29916 29970
77207 77258
26045 26052
68195 68468
19468 19539
22715 22719
55591 55638
37099 37106
11475 11478
60445 60543
5977 6012
75309 75412
36936 36950
1370 1434
49710 49782
27590 27604
30393 30579
73065 73192
39619 39676
71502 71563
64455 64635
33790 33792
75475 75523
49708 49743
36862 36875
30890 30917
17573 17646
54905 54940
54482 54516
67936 68013
71984 72008
42283 42377
31468 31493
25991 26275
15335 15465
63784 63803
52348 52358
18621 18730
49804 49891
53594 53602
67478 67519
16474 16608
23805 23850
60193 60279
18090 18134
77079 77131
27544 27622
229 260
26023 26044
34640 34650
16860 16869
57022 57067
48728 48743
69776 69871
39467 39468
17503 17513
44116 44142
48380 48407
48055 48120
40910 41047
2814 2841
8989 9080
42010 42240
47422 47446
58087 58201
15632 15703
18296 18348
19321 19348
66965 66980
68435 68477
41282 41284
65697 65738
31763 31911
43253 43273
29321 29348
52292 52340
10379 10457
10909 10920
75553 75575
43843 44158
12993 13176
60763 60812
24384 24414
63611 63852
61395 61417
6611 6630
59428 59434
34589 34624
2058 2099
50954 51019
17471 17545
59880 59910
19260 19282
64471 64486
24172 24175
38114 38173
14872 14940
71037 71074
73316 73322
28680 28721
903 948
15354 15497
43224 43398
4876 4946
29630 29632
28084 28134
74164 74165
54032 54043
29752 29767
66542 66700
45288 45425
69045 69130
70615 70755
46756 46760
22852 22894
55928 55930
61994 62183
50023 50043
15736 15741
57 59
77369 77403
29383 29426
59572 59655
38408 38441
51857 51868
46867 46944
33307 33322
53694 53799
79611 79663
17117 17185
74481 74490
31784 31793
10084 10242
48320 48330
71669 71694
54073 54353
65161 65178
53440 53492
76775 76780
8347 8495
62017 62053
33880 34020
31277 31306
29390 29460
25864 25905
60941 60950
24716 24731
2817 2834
13079 13113
16428 16526
59744 59815
13569 13679
22111 22179
51673 51759
66021 66127
41571 41642
42317 42358
26926 26934
71735 71857
69630 69637
48274 48279
61498 61501
50556 50654
11816 11861
16427 16500
71790 71837
30403 30517
65793 65935
55502 55545
78414 78442
29344 29507
29605 29664
77316 77347
23604 23667
26899 27176
58497 58526
45830 46072
38340 38461
10883 10917
63294 63331
30068 30117
17694 17777
6336 6348
7448 7454
58593 58757
30143 30163
25760 25769
31989 32029
5123 5139
66817 66820
61136 61260
54431 54597
64764 64836
19405 19428
37694 37714
78652 78690
34664 34672
75888 75908
36203 36301
4655 4705
17970 17981
13202 13245
19589 19824
39744 39812
14217 14406
32271 32573
8108 8114
47853 47872
17486 17487
31645 31922
10568 10598
38769 38828
65643 65791
70436 70543
20722 20781
66167 66240
61181 61301
41700 41710
42378 42383
52473 52479
79468 79627
35968 36011
10268 10365
74537 74547
56702 56716
15019 15070
59831 59846
47949 47958
42074 42082
15790 15903
18709 18747
51146 51232
62201 62263
37574 37638
72694 72713
42523 42545
16846 16993
24871 24878
6859 6994
5735 5756
35150 35154
14787 14815
17623 17690
37282 37487
47651 47716
39140 39305
50275 50316
6087 6181
30710 30733
24647 24663
23220 23228
76161 76342
47064 47224
26239 26316
45557 45635
15901 15929
25252 25335
32777 32833
59663 59722
32031 32063
2539 2564
28980 29073
26383 26484
61761 61832
38498 38667
55457 55508
7033 7079
51500 51525
75109 75127
57821 57935
39889 39892
64053 64056
19753 19798
20413 20468
3131 3244
6213 6263
76958 76959
4682 4851
71043 71337
42982 43005
36785 36852
79156 79361
17931 17966
21987 22257
3926 4127
105 112
24130 24235
1922 1958
46029 46057
57629 57717
33998 34043
75153 75419
47167 47402
55406 55490
46888 46938
17779 17874
11782 11913
3984 4073
69645 69668
31193 31243
75893 75901
68677 68708
30690 30777
4442 4465
68623 68765
49153 49242
4642 4687
32553 32598
4091 4109
76849 76938
34513 34531
5688 5737
38200 38216
8503 8601
54631 54720
25710 25746
29065 29082
30546 30569
79 181
19857 19889
60198 60213
27353 27405
18637 18712
60973 61037
21762 21811
66605 66667
22396 22400
24539 24679
2957 3155
73982 74026
2360 2729
56684 56738
50325 50372
32215 32217
57606 57732
24800 24979
25678 25711
43043 43060
17938 18002
39929 40019
58086 58146
68511 68590
72844 72889
51800 51889
11997 12005
14102 14118
47591 47692
8155 8178
2685 2701
44088 44173
40272 40301
45150 45155
74432 74474
22730 22868
26991 27057
14845 14884
27165 27271
40168 40170
56611 56740
1582 1606
39984 40021
58897 58905
72049 72060
42380 42388
27598 27620
33932 33991
33982 34017
68185 68385
60727 60795
11048 11109
26370 26380
61354 61429
40835 40839
71659 71703
25157 25680
78194 78284
6620 6728
46955 47011
29475 29671
51639 51648
32185 32210
7463 7494
58842 58843
1237 1282
71943 72045
3219 3230
10076 10105
74550 74558
45018 45085
4437 4491
60219 60369
25442 25466
49029 49126
3340 3357
68266 68289
6492 6493
71030 71083
35695 35698
63700 64139
42150 42158
7434 7483
28908 28911
52226 52260
49996 50044
44842 44845
54916 54948
63820 63968
7688 7698
78973 79010
25916 26097
4641 4936
55617 55806
67706 67815
12526 12592
44152 44190
67367 67405
44607 44619
56793 56800
48910 48957
48948 48997
7788 7820
35658 35671
15163 15226
36074 36137
75072 75108
70730 70757
41442 41468
58523 58605
40232 40361
61550 61579
68210 68326
73702 73727
70316 70340
78276 78357
18733 18803
27396 27520
57823 57854
45362 45390
35432 35510
54834 54964
41304 41315
60651 60713
23822 23863
6547 6563
18000 18004
38625 38663
31482 31562
27656 27690
61063 61065
11540 11579
13711 13722
4378 4381
77925 78065
13488 13531
45169 45202
28237 28267
2778 2795
62843 62930
40303 40644
46249 46293
50637 50735
35526 35595
37853 37946
15254 15791
64361 64407
34003 34032
50512 50605
17100 17151
77988 78050
32045 32101
21783 21810
71420 71450
5483 5489
21817 21909
10551 10722
16431 16432
50804 50885
31080 31144
218 249
72214 72265
70437 70623
59577 59628
11665 11745
51910 52072
14021 14077
58217 58391
49090 49121
70298 70310
8378 8474
34746 34776
43310 43542
58552 58568
10846 10928
59988 60091
73277 73341
78851 78857
51836 51861
2849 3037
4280 4394
21222 21298
73382 73407
10584 10602
45579 45705
31767 31844
60002 60082
4844 4858
56708 56711
3050 3059
168 180
8509 8521
14720 14857
74707 74727
57813 57907
36009 36016
79620 79716
65840 65859
67738 67832
61781 61885
75103 75255
62625 62633
18338 18419
3937 4111
14753 14806
1263 1609
64744 64790
9484 9555
14106 14140
64805 64900
17272 17293
58466 58548
70085 70154
48180 48191
68424 68444
32984 32987
17539 17566
21854 21935
45880 46463
39860 39921
25414 25464
76305 76312
73962 74017
50707 50725
4035 4293
37496 37550
3966 3998
37011 37165
79694 79817
54534 54589
35102 35220
48056 48115
13050 13210
24197 24208
63014 63068
27358 27361
49283 49302
33026 33035
55078 55159
70064 70227
2282 2325
25526 25663
37125 37133
29112 29163
63353 63462
17605 17730
56233 56303
2521 2693
8502 8643
7637 7701
34505 34852
69537 69634
33129 33133
18583 18830
14429 14478
4177 4195
72896 72952
31296 31532
69102 69161
246 372
13372 13432
9426 9500
3113 3186
48584 48656
41835 41985
7851 7988
5733 5823
18076 18085
44618 44640
63577 63602
51529 51537
42515 42529
35807 35822
58899 58940
41327 41394
40574 40582
29302 29408
71711 71801
50313 50320
67081 67164
31697 31785
7135 7201
46426 46428
30664 30687
30984 31032
53152 53210
64476 64495
20824 20849
52822 53059
59986 59997
76920 76933
53478 53486
46956 47120
2798 2818
11044 11053
25015 25019
42486 42518
48660 48716
64202 64297
21760 21932
73860 74128
39546 39713
1891 1935
39428 39431
48749 48761
66130 66186
16407 16495
39748 39788
27994 28080
25007 25103
12216 12360
32133 32173
61009 61039
66188 66306
37105 37351
22494 22545
32626 32656
12582 12694
23737 23767
40285 40349
2236 2357
52079 52125
57970 58014
38853 38881
46490 46572
75432 75552
6856 6857
63517 63532
1229 1265
20256 20330
15980 15992
54476 54654
17060 17082
34839 34862
77098 77148
35417 35531
53362 53433
65284 65542
24640 24700
10604 10880
63822 63856
10406 10424
17026 17039
7369 7383
71453 71461
28907 28989
32115 32136
27990 28017
72191 72195
4836 4908
10476 10557
11427 11568
22843 22847
49308 49405
42055 42062
273 543
52198 52526
38003 38015
28815 28829
79766 79773
69369 69378
66345 66361
32519 32602
4948 5119
50302 50321
54620 54642
61416 61427
18505 18513
30646 30661
43216 43222
64599 64682
37635 37721
34218 34228
51272 51321
34270 34568
23934 23962
54421 54507
21882 22053
11956 12008
4636 4690
76806 76829
55525 55547
43670 43700
5229 5379
1069 1126
37520 37599
42489 42623
21593 21679
30524 30597
61951 62032
75486 75488
32665 32693
9566 9611
15452 15474
40928 40939
23784 23847
52726 52779
354 361
49819 49847
23790 23800
30437 30448
27046 27188
66066 66110
42796 42818
31816 31883
67735 67792
68037 68080
56167 56187
32787 33001
11679 11746
72164 72178
53169 53237
46967 47131
74958 75028
57325 57354
59374 59424
19113 19168
70251 70301
18016 18251
53924 53982
42983 43017
13411 13453
8632 8748
35131 35215
7624 7633
47113 47171
58461 58572
2599 2682
10110 10256
63709 63717
25041 25105
20732 20758
73196 73219
19820 19833
77153 77209
7940 7979
697 710
75678 75693
78933 78975
42081 42105
58954 59017
3356 3401
62703 62869
48381 48832
25870 25900
6267 6286
17425 17508
66411 66426
16291 16315
24126 24171
2390 2446
79222 79240
20872 20955
68662 68692
50848 50887
64686 64696
21636 21648
56136 56184
79522 79537
18453 18560
46060 46134
43262 43400
8189 8193
3249 3383
12658 12775
58507 58586
73609 73612
41885 41911
20079 20090
76714 76728
50379 50468
11486 11506
25850 25945
67222 67244
52880 52909
12432 12472
6893 6930
20770 20783
9699 9740
44541 44673
39017 39109
10808 10818
9793 9918
6777 6812
56225 56238
50723 50754
29969 29989
30650 30651
71067 71082
63012 63120
35826 36161
71219 71278
20177 20203
45493 45590
41865 41876
13758 13774
51111 51154
72065 72301
8508 8608
73040 73228
27367 27383
5941 5967
67149 67175
34056 34116
66650 66685
20931 20939
33229 33321
40470 40576
67765 67823
25033 25106
75897 75992
285 299
2789 2802
50913 50920
50211 50243
29187 29241
1965 1977
68698 68842
15512 15786
74383 74393
44721 44817
17754 17764
25879 25887
22757 22831
3546 3700
34858 34878
62558 62638
34887 34891
70724 70748
51104 51252
39638 39651
69156 69300
11013 11050
79646 79651
2160 2219
3780 3817
12233 12302
73370 73532
14747 14796
14992 15027
3770 3840
34060 34093
18167 18383
39281 39407
33185 33189
73977 74012
59965 59993
32624 32956
13869 13901
15259 15314
29453 29479
51386 51388
39113 39244
74605 74728
6691 6816
22378 22405
48594 48607
53205 53219
29292 29382
62672 62739
31790 31897
31162 31268
17089 17090
46136 46142
69217 69239
59875 60094
75865 75872
12636 12642
33740 33781
73495 73661
42867 42902
43888 43996
48404 48420
38381 38413
2070 2116
11187 11291
40567 40708
27472 27611
63082 63115
40273 40312
64344 64386
23701 23738
47510 47527
41525 41544
5548 5693
26834 26843
35845 35865
14773 14781
20887 20934
40747 40772
37147 37149
62561 62580
49853 50060
77658 77672
30693 30709
79408 79539
45114 45117
25386 25389
57296 57321
70759 70844
53419 53437
36557 36633
7682 7737
15893 15963
31272 31273
21171 21364
25405 25461
26853 26877
70404 70431
404 503
70962 70988
24514 24555
39265 39316
5874 5892
15056 15179
25256 25302
5151 5272
39843 40122
19144 19228
63958 64518
68910 69027
25450 25498
2104 2150
8253 8276
57850 58009
21112 21146
39824 39981
65874 65990
79089 79097
31009 31071
16219 16248
1448 1794
78217 78233
55959 56066
53675 53676
844 878
8722 8801
25620 25636
19610 19624
50170 50199
49180 49253
24576 24612
54424 54436
65919 65922
68487 68491
56339 56400
49829 49903
56423 56490
62030 62060
25488 25564
76960 77083
60991 61001
13991 14079
34367 34369
33892 33979
26727 27049
21234 21305
55427 55460
5635 5642
11771 11880
73538 73766
41474 41485
41288 41323
20447 20476
76954 76971
55970 56074
18245 18364
13251 13292
58845 58922
38445 38447
47143 47237
1075 1116
31946 31969
12415 12426
993 1006
66522 66530
50667 50783
67482 67913
74333 74356
3384 3433
6294 6400
15563 15651
9466 9472
23524 23646
69773 70046
77363 77444
76061 76079
9955 9959
3012 3042
30033 30142
15765 15902
25617 25649
55458 55492
63838 63855
45067 45088
24918 24936
27689 27816
77034 77039
12850 12917
75719 75731
43021 43045
75333 75556
22912 22960
34422 34430
43096 43191
53857 53983
42925 42996
18066 18222
48681 48719
34499 34502
47153 47204
32636 32651
68827 68852
39492 39554
68639 68667
49586 49685
18607 18612
10290 10306
15394 15456
12662 12776
54496 54510
3594 3651
29173 29185
62809 62914
47839 48064
22225 22268
53092 53203
61897 61907
8797 8877
11799 11810
56044 56065
22590 22662
53243 53253
62280 62375
45461 45547
58183 58230
44128 44203
70004 70031
31005 31028
35749 35811
15697 15743
15358 15421
46971 46994
58298 58317
66062 66096
54239 54242
47111 47479
7178 7256
1869 1878
50065 50098
77522 77564
31150 31180
25166 25366
57236 57261
2870 2875
74269 74562
23920 24018
59287 59298
73394 73518
58390 58428
50346 50435
21122 21235
79580 79661
78245 78265
44913 45204
52357 52419
45069 45124
38081 38215
6951 7005
18411 18539
51458 51466
53018 53044
57386 57400
444 466
10977 10984
27153 27172
14401 14417
51028 51135
76169 76325
77442 77451
34615 34623
26087 26098
63437 63441
14339 14423
51026 51132
57839 57840
39252 39466
59602 59612
53768 53858
4183 4219
25200 25276
5686 5727
58376 58452
59857 59878
28601 28607
60424 60465
38427 38467
32580 32694
53521 53540
58550 58694
52811 52816
32527 32556
55762 55773
30909 30983
52664 52677
4212 4241
64197 64306
54191 54237
12692 12707
6512 6623
69797 69895
14183 14278
18355 18423
28778 28824
43756 43868
29330 29343
18819 18836
41075 41114
57695 57735
53689 53734
41569 41602
49119 49342
68996 69015
53436 53439
30183 30219
69396 69528
24929 24977
41511 41558
36803 37159
5576 5589
73509 73583
52757 52923
24281 24322
45080 45106
48142 48244
42732 42784
38170 38177
51531 51557
9148 9205
35233 35296
5095 5275
21796 21804
57784 57787
48704 48755
55417 55478
30274 30289
79711 79761
65392 65443
77536 77538
60086 60231
10828 10858
19916 19947
52663 52705
23350 23469
27330 27414
31253 31312
5078 5079
22056 22078
1033 1057
74658 74798
14782 14890
64571 64611
28510 28536
9020 9107
18309 18370
14488 14524
33890 33977
5485 5501
1588 1598
63316 63385
14456 14459
28433 28446
15062 15162
41951 42046
4706 4752
22390 22394
25077 25142
70287 70292
13477 13610
67954 68049
36158 36267
33135 33207
66891 66899
71599 71612
24076 24132
11911 12144
15565 15610
27078 27121
3702 3714
25407 25439
69465 69491
72571 72623
66540 66583
17963 18038
8402 8431
5383 5387
62207 62219
53228 53238
13450 13541
9025 9075
23010 23013
51175 51271
15933 15936
8540 8842
17944 17968
51110 51151
25500 25502
6820 6882
6053 6112
24534 24536
2922 2936
70558 70573
70178 70181
34535 34633
39521 39535
27847 27895
37321 37368
77326 77422
62686 62696
13583 13719
32826 32869
36278 36346
38707 38751
68801 68876
48956 48969
14507 14527
27955 28036
66421 66450
57573 57610
7967 7968
16772 16852
34034 34061
24946 25000
54645 54650
74188 74262
9806 10049
42672 42794
28860 28906
74983 75053
9883 10020
59730 59791
75861 75954
62715 62771
51411 51487
19347 19349
65713 65851
74636 74644
26096 26108
50084 50135
57359 57398
63636 63681
57575 57712
12827 12831
14624 14714
12848 12904
13374 13430
16322 16448
8021 8080
21288 21362
70033 70054
57150 57235
13696 13796
57021 57101
79747 79752
32927 32950
52402 52425
12133 12139
30307 30536
41596 41643
24030 24100
52754 52860
36127 36164
43997 44028
1240 1293
40927 41067
9957 9961
17572 17601
55636 55656
25835 25859
12576 12644
16708 16831
17834 17841
44979 45059
73732 73799
27207 27281
30533 30541
70330 70392
11797 11839
48010 48041
45063 45071
65675 65698
13948 13976
76206 76239
46530 46546
41173 41186
12221 12224
48004 48069
46012 46283
36912 36915
26779 26795
62329 62330
2066 2095
73673 73724
36532 36564
54987 55053
29006 29138
63362 63448
20389 20412
25250 25310
20514 20561
6973 7000
35478 35491
31819 31828
22819 23000
61491 61603
7205 7361
7113 7116
38542 38744
46694 46777
74881 74985
34665 34708
57320 57344
3929 3936
53864 53904
35944 36057
9833 9842
30743 30872
45303 45324
66382 66398
70352 70388
17105 17218
41610 41676
20034 20225
76149 76160
61864 61865
8452 8504
70618 70655
52490 52504
53292 53310
31752 31766
71159 71229
29846 29873
10754 10772
56584 56791
40025 40409
68087 68198
22693 22744
39727 39735
62322 62373
17964 18062
70743 70749
69664 69685
74406 74535
44274 44398
70408 70457
32466 32548
57771 57791
15488 15533
54849 54946
17939 18109
47119 47129
77114 77295
22604 22691
65544 65743
6423 6458
66 82
4486 4544
672 674
22628 22827
41390 41435
38528 38598
30982 31006
11753 11790
68074 68103
68943 68974
57603 57683
77753 77831
29599 29618
24032 24179
43145 43162
59877 59882
18954 19107
40366 40368
62660 62718
4585 4624
46516 46520
40341 40358
42920 42987
22904 22915
64427 64439
38382 38481
79500 79587
14283 14338
1442 1451
71122 71141
10643 10662
18948 18994
20880 20892
8046 8073
34008 34076
15844 15853
56957 57015
43504 43533
16558 16627
70167 70206
46059 46213
71249 71279
68747 68760
65240 65479
43067 43094
49327 49410
7936 7957
26758 26831
24475 24526
11500 11513
4839 4896
9465 9543
27004 27016
16490 16582
23621 23676
79814 79815
78402 78408
34769 34777
18413 18452
35037 35046
11321 11439
35288 35342
46786 46834
10364 10466
72478 72480
14044 14078
12020 12045
54686 54716
67270 67457
42238 42359
17488 17500
29710 29942
42707 42968
66750 66879
31711 31853
62214 62281
18534 18536
49492 49535
60410 60417
52907 53090
51801 51976
54113 54162
75670 75965
43232 43265
42722 42746
18698 18724
66281 66290
73432 73669
4072 4097
60708 60729
48759 48985
49906 49929
49251 49294
27814 27903
2003 2022
72711 72725
42695 42699
22440 22453
44393 44408
32868 32958
56451 56519
56704 56888
23808 23815
43051 43219
54298 54309
4350 4360
17971 18176
57966 57967
32886 32887
52667 52680
48368 48405
66032 66044
49035 49199
28678 28682
19726 19750
57402 57648
30659 30707
60859 61000
40735 40746
44437 44514
73585 73588
48452 48467
63240 63281
20506 20662
50283 50295
31540 31551
76858 77038
18007 18177
53932 53950
22774 22778
28381 28445
18517 18548
25595 25657
2784 2856
26697 26776
3795 3806
41632 41657
79903 79909
54071 54095
1947 1963
36842 36897
6424 6448
60988 61225
50889 50934
34705 34733
34707 34905
25964 25976
38460 38514
36577 36615
63872 64009
33798 33819
58888 58965
479 625
70937 70958
68614 68798
25275 25309
11952 11965
5187 5196
32456 32517
42000 42022
52300 52345
69753 69792
72398 72402
30873 30935
64603 64622
52137 52155
21515 21583
61263 61305
50352 50429
55435 55450
45874 45948
65117 65127
68329 68375
48185 48227
10995 11100
49787 49815
77218 77238
71651 71719
28252 28392
61941 61943
5062 5084
4968 5016
12540 12567
64931 65316
41801 41812
46482 46555
13911 13921
12458 12490
34800 34871
31552 31583
32913 32977
76219 76287
32836 32882
20707 20803
3099 3135
32386 32421
4333 4353
66198 66223
8898 8987
12936 13052
73255 73279
62468 62613
8308 8444
71720 71747
49979 50003
23337 23433
13227 13497
31100 31381
62595 62647
3082 3139
864 896
72400 72472
29005 29024
33060 33092
45958 45989
49911 49954
58677 58700
59544 59603
24260 24390
38681 38809
32137 32178
78173 78239
2692 2767
73741 73866
73191 73216
42067 42077
12283 12314
71955 72005
74735 74748
129 132
24479 24515
65794 66199
37948 37954
77017 77128
33632 33637
47990 48099
78134 78222
27541 27697
75288 75290
62829 62842
15640 15712
6180 6285
29279 29585
79566 79591
51467 51473
25529 25739
19177 19225
19858 20067
38801 38817
10721 10746
37154 37246
29136 29213
39816 39925
1032 1034
60907 61033
45968 46094
12140 12163
742 751
57366 57394
47584 47702
51663 51697
48912 48994
58802 58903
66333 66342
30328 30337
8685 8810
71025 71090
53779 54027
20524 20555
56309 56539
19708 19728
27037 27161
34520 34534
966 1091
8724 8768
42525 42527
821 940
78086 78320
38819 38832
2756 2779
63058 63079
23607 23649
32135 32192
32085 32111
54811 54830
24561 24598
22588 22643
22313 22317
4874 4877
43010 43100
10670 10684
16011 16129
24786 24841
65135 65137
45784 45941
35130 35224
14669 14727
3151 3238
73163 73243
43068 43192
68251 68309
72933 72954
52263 52374
56354 56390
16012 16040
57362 57434
59285 59332
27345 27360
76980 76984
56248 56269
76695 76711
2063 2128
21497 21588
62506 62541
27406 27477
15731 15763
38572 38633
29894 29897
30477 30478
30542 30545
31065 31208
5764 5999
13737 13759
68906 68954
21411 21429
74033 74193
78889 78983
57461 57546
58746 58797
75052 75121
52435 52446
39381 39478
55112 55133
34066 34071
27963 28000
72865 72882
38796 38802
65684 65749
17612 17718
79099 79157
76680 76699
36084 36170
32209 32260
10528 10740
10697 10981
32619 32622
71506 71546
59129 59165
7341 7382
67750 67906
66472 66525
71117 71128
47088 47276
40547 40646
9784 9796
16193 16326
23901 23957
38993 39043
75519 75570
5184 5212
24876 24917
62445 62455
11906 12028
18155 18208
63906 64081
40356 40445
35177 35227
10156 10608
47 63
76347 76434
13612 13666
32390 32526
27704 27727
10556 10866
75285 75491
17878 17911
58423 58532
74030 74069
66460 66477
61720 61797
19721 19743
37680 37753
40379 40555
36154 36217
16145 16210
35927 36017
26255 26358
77313 77367
59631 59677
66389 66414
46175 46189
63954 63965
72055 72110
67784 67787
76717 76795
38701 38775
21993 22045
37172 37173
23504 23505
40161 40181
64423 64494
20370 20405
32774 32811
27325 27357
48246 48270
68858 68990
35780 35827
33068 33219
17714 17782
76545 76559
36186 36239
48331 48350
52853 52921
7554 7742
3394 3490
45406 45412
52945 52958
35397 35400
17445 17482
55914 55934
79041 79077
52630 52681
4079 4148
49491 49556
65337 65340
71380 71507
66917 66970
64005 64020
16907 16936
15245 15294
61698 61735
53245 53279
75756 75874
9176 9244
39411 39423
61402 61428
45655 45758
76108 76218
37268 37311
77535 77553
72765 72779
68015 68042
13842 13871
75327 75427
49159 49174
27228 27233
55120 55137
48128 48184
72652 72662
48400 48429
4531 4618
37518 37528
47579 47669
56828 56830
78419 78430
61769 61800
3243 3328
49350 49640
55099 55144
42301 42309
67560 67587
62245 62262
7927 8042
28251 28256
58632 58763
6478 6632
30186 30193
48301 48413
64167 64268
62015 62018
47946 47975
43663 43689
55447 55489
34205 34244
29077 29099
23620 23671
77194 77202
26353 26355
8133 8145
75642 75690
34684 34704
30405 30543
43066 43093
8074 8131
62860 62861
10999 11016
8618 8623
835 847
37051 37085
14463 14525
36434 36491
5893 5933
6637 6665
20510 20523
37265 37379
40180 40204
33605 33643
18584 18678
71078 71112
40636 40662
61780 61796
30043 30046
34223 34277
27651 27683
28952 29088
46931 46988
65515 65653
74357 74486
48216 48365
57092 57198
178 187
12456 12491
30237 30271
44690 44712
771 858
8031 8034
49379 49488
11811 11812
57197 57294
10264 10368
67669 67725
70732 70830
27830 27856
26440 26455
48589 48598
43866 44055
33668 33717
44095 44163
20735 20775
38380 38428
2473 2739
978 1024
75538 75627
47387 47430
21711 21721
13345 13509
35551 35577
1322 1336
39778 39781
61251 61314
35284 35570
76751 76768
36893 36980
20328 20505
43589 43730
38196 38229
58555 58653
16813 16878
42845 43039
38997 39057
78821 78870
40718 40871
52111 52143
39585 39608
16838 16956
64493 64661
5622 5672
14634 14749
9989 10042
21406 21461
48363 48460
30464 30468
75350 75394
11134 11137
54551 54556
29165 29239
14107 14121
8229 8371
59926 59937
14323 14340
35339 35370
67797 67881
9677 9937
30431 30447
26592 26719
26090 26220
52041 52075
16575 16599
54950 55006
37890 37972
43469 43572
47206 47277
43649 43668
1153 1202
23361 23549
9921 9950
46078 46095
22569 22589
54903 54990
8172 8183
66036 66037
48622 48753
6834 6842
35703 35736
56524 56599
41606 41614
59563 59607
11786 11798
63328 63382
71076 71192
56795 56815
16816 16840
18263 18299
67192 67212
32675 32846
24542 24585
8466 8533
23308 23356
42625 42632
4154 4208
64608 64627
46781 46820
23394 23395
17693 17699
72069 72094
61777 61844
47275 47322
69154 69441
63843 63901
5125 5143
67426 67516
64760 64802
13731 13752
47021 47271
3571 3578
56148 56158
20435 20512
57074 57137
50508 50617
56361 56377
31333 31457
24219 24240
9422 9431
34131 34152
29531 29595
50163 50330
69790 69852
23659 23684
59259 59340
34768 34772
48552 48608
73359 73389
60600 60680
79109 79130
59003 59010
51471 51511
20246 20463
18739 18777
57083 57159
49015 49054
30861 30889
33053 33115
11161 11331
5120 5251
42879 42914
62992 63069
72629 72634
10992 11086
8322 8422
27788 27977
47532 47540
27982 28053
77578 77613
31851 31896
50125 50126
39446 39455
15547 15549
47723 47891
28388 28414
10473 10649
73918 73957
21408 21424
75515 75577
39862 39872
47065 47135
31262 31265
10006 10013
67274 67315
34504 34590
56050 56072
43109 43117
66505 66532
62722 62764
22071 22150
29978 29984
21992 22021
20563 20565
46605 46642
77151 77165
21785 21814
23141 23265
11815 11826
53590 53706
9694 9696
14567 14788
53465 53526
47481 47549
37407 37484
65298 65356
68752 68767
21689 21695
70642 70660
15808 15823
24523 24596
29304 29419
27854 27880
73745 73754
36438 36477
61420 61512
70521 70549
28591 28602
56340 56380
76368 76467
1341 1433
36257 36401
73012 73111
63811 63853
12287 12423
30624 30641
64786 64807
44645 44674
26357 26394
52773 52775
64756 64759
25721 26049
5975 5988
36841 36882
70875 70905
66568 66682
64024 64025
1766 1826
9772 9792
13846 13887
38651 38719
18332 18354
39810 39829
67109 67197
24013 24021
32077 32153
41687 41704
41405 41453
33009 33036
78345 78393
38957 39267
76620 76651
58798 58814
65577 65593
44999 45213
18293 18322
10549 10571
62045 62055
28469 28493
75728 75755
78366 78429
19817 19918
32617 32654
74464 74557
69621 69626
74657 74695
33391 33409
8134 8235
24108 24112
40208 40258
63071 63232
31553 31625
30099 30191
39614 39647
25421 25449
13702 13740
13417 13435
715 805
44428 44465
65168 65200
38356 38478
56382 56606
47222 47483
68899 68987
77051 77180
26474 26493
10312 10546
2030 2224
39272 39336
32433 32458
1707 1762
74079 74150
9999 10035
46746 46767
46771 46807
6740 6766
6292 6320
4597 4605
54687 54997
48758 48820
29633 29689
79297 79369
56468 56534
47785 47920
77772 77799
42670 42712
5542 5575
11201 11217
21099 21272
25316 25333
23085 23209
57278 57280
45336 45364
21264 21292
25175 25232
37306 37328
40722 40785
5936 5966
20753 21107
13420 13440
3727 3767
37675 37704
60185 60210
33844 33879
28109 28118
47081 47315
6095 6179
23285 23293
62447 62598
31114 31132
40584 40629
2550 2563
60952 60959
52461 52512
53404 53421
45475 45560
31168 31233
41495 41548
39760 39764
40929 40953
50993 51290
1166 1249
59342 59409
6352 6382
60261 60389
79688 79703
21196 21436
74680 74751
56706 56718
45230 45252
43864 43874
74878 74919
33459 33515
9674 9816
71605 71610
5855 6015
3589 3628
49117 49248
30228 30275
66830 66873
54305 54317
78463 78481
15150 15201
72559 72649
49888 50016
73363 73471
18426 18437
57167 57228
692 923
73530 73665
25735 25756
75209 75215
79057 79066
14591 14665
53878 53953
17960 17986
74604 74631
20087 20088
60970 61034
64646 64828
59316 59365
41613 41741
57817 57872
53242 53264
20445 20553
68942 69086
58955 58980
63313 63351
72300 72396
40609 40654
39821 39861
44176 44273
73388 73476
33810 33821
45770 45782
20456 20488
57579 57614
71465 71471
65066 65077
913 950
58690 58789
62046 62220
4439 4515
50629 50692
70584 70613
32283 32316
70397 70416
39227 39326
68343 68357
65274 65303
53425 53460
21442 21485
54452 54581
9909 9992
28668 28694
38526 38555
27006 27034
28812 28837
15607 15744
25667 25682
10706 10758
34193 34206
16550 16616
3951 4025
37102 37121
1459 1508
74880 75046
28367 28419
2050 2057
65878 66052
20695 20752
20909 20943
61533 61543
16038 16169
27591 27616
16348 16366
79354 79512
58564 58654
66006 66092
59649 59889
26577 26622
17016 17017
8674 8687
45243 45289
48200 48299
52737 52814
21494 21590
43402 43555
47000 47155
64667 64887
66869 66896
46051 46350
63949 63967
17108 17135
29918 29973
63438 63470
23155 23156
4969 4971
31546 31558
41802 42002
68012 68117
15595 15636
1398 1405
47305 47583
71027 71157
35163 35181
20046 20064
76879 76921
79565 79623
2071 2140
70589 70681
70299 70376
16067 16176
30081 30084
57707 57768
69029 69406
30585 30616
52973 53027
53131 53150
44769 44816
74344 74524
40972 41095
72871 72983
35120 35228
63990 64013
26305 26308
67677 67817
77361 77429
48961 48975
71387 71393
78251 78589
41789 41804
40850 40904
41287 41297
67271 67334
54772 54827
7035 7041
58642 58682
23405 23416
15961 15976
57418 57426
60780 60788
4991 5046
66902 66903
8339 8348
53053 53166
9692 9755
22547 22612
62413 62430
3941 3976
21654 21713
18816 18856
59372 59401
19445 19516
15800 15845
25937 25946
53394 53458
57744 57757
47642 47690
4964 5073
75332 75374
5389 5478
74788 74845
35831 35854
53139 53220
16847 16894
69949 70008
10522 10580
72428 72433
63850 63912
47004 47122
39042 39051
77997 78002
2138 2152
72656 72906
5081 5085
14257 14318
60336 60510
31580 31631
49289 49328
46691 46693
12187 12373
51207 51258
67959 67983
7660 7696
53879 53981
30599 30655
28505 28520
74072 74153
42118 42126
51626 51650
24738 24772
32336 32366
46446 46500
78887 78987
73176 73188
63436 63495
39343 39426
70669 70674
31304 31361
9529 9574
73934 73961
29501 29637
37070 37078
21509 21519
61244 61246
27774 27791
58890 59025
77281 77344
53080 53104
25792 25822
17035 17068
11940 11969
20332 20533
13246 13353
72025 72090
69273 69320
76777 76824
54542 54694
66248 66441
49572 49581
65845 65862
75340 75344
75230 75247
17553 17580
34002 34112
42311 42510
43450 43511
12862 12890
41695 41763
55410 55412
25994 26025
27625 27641
13443 13491
16615 16633
79411 79461
13925 13940
27417 27431
10632 10642
59945 59962
71097 71233
18557 18602
73308 73354
5029 5051
5419 5454
33730 33767
40440 40459
41369 41380
65852 65871
12846 12858
70738 70769
28950 28965
46731 46743
72570 72581
76903 76947
67437 67508
68651 68687
35647 35728
16342 16411
79813 79827
13807 13884
11859 11923
38387 38710
63781 63804
44017 44072
51179 51367
60686 60695
8370 8397
1111 1119
7310 7425
7853 7949
71308 71331
79403 79450
71921 71928
54364 54388
58491 58524
59462 59481
56325 56326
37090 37115
79362 79443
64930 65073
10790 10797
52534 52684
13002 13095
55855 55926
53936 54003
72415 72457
27581 27610
22187 22189
7569 7713
38214 38319
24222 24224
19197 19272
61407 61410
3106 3170
53796 53888
60227 60233
42043 42151
42236 42329
31294 31374
14590 14605
76268 76288
63150 63178
41202 41280
14491 14543
3708 3778
6929 6946
46891 46902
66139 66174
65405 65514
56207 56289
42275 42293
38198 38211
69302 69450
54259 54406
59103 59160
57895 58024
3744 3759
42849 42891
61686 61693
4329 4337
32160 32218
50337 50494
73774 73818
1712 1713
11910 11953
78211 78262
53782 54018
35470 35537
7051 7117
49956 49974
49756 49865
69692 69858
47310 47405
46026 46035
45972 46015
31051 31082
49938 49972
22803 22815
74045 74064
79452 79463
75029 75056
23261 23299
38288 38490
48581 48627
29545 29579
79914 79923
50972 51070
28651 28693
7817 7821
19663 19666
38182 38184
55440 55517
10504 10507
7396 7531
26771 26785
60831 60856
79357 79358
50620 50623
45238 45357
69018 69031
55438 55533
2865 2938
20974 20990
26960 27011
66579 66709
27570 27644
26827 26830
75698 75752
21765 21779
20515 20564
57772 57824
30326 30363
30853 30907
71531 71533
74449 74485
6462 6595
11279 11317
49421 49446
2762 2906
37016 37386
9557 9589
49808 49809
1549 1574
22374 22399
34144 34163
74437 74459
66729 66770
62218 62229
78608 78689
73293 73309
66778 66801
18598 18605
8660 8679
4194 4392
63789 63871
34903 34904
58481 58494
8975 8976
5615 5645
33959 33985
989 1014
5741 5748
35940 35961
14775 14868
32620 32621
79626 79630
24391 24491
107 135
14006 14039
78042 78049
70785 70788
54323 54422
43407 43458
35304 35484
69148 69164
74533 74687
56500 56504
71119 71227
74859 74936
56010 56016
13203 13264
24142 24214
35511 35683
51633 51686
40062 40087
76075 76093
33835 33855
34525 34558
59320 59402
63127 63135
54181 54210
46038 46100
14582 14592
60189 60309
20697 20701
12743 12758
47076 47079
11019 11047
24074 24094
62052 62126
75868 75879
10356 10363
63840 63900
12026 12036
33377 33430
9786 9835
51714 51754
33803 33894
16406 16436
57212 57245
11221 11260
74328 74381
76365 76436
23235 23245
53611 53620
59901 60054
54205 54273
61336 61419
13895 13973
47059 47150
28383 28512
15526 15558
4900 5005
23799 23896
22109 22159
48329 48377
33373 33415
34622 34635
72341 72381
57249 57363
10185 10316
60937 61064
59072 59136
77585 77641
41756 41776
40978 41071
57189 57254
23809 23829
3786 3799
13608 13823
29705 29742
23492 23502
55611 55631
46919 46951
8025 8039
36992 37002
66727 66772
55134 55643
69856 69910
46011 46018
2640 2641
79124 79281
47679 47822
76139 76195
16332 16371
20063 20077
24830 25016
48555 48564
68307 68317
39364 39372
48859 48923
47208 47231
41077 41101
62040 62129
19646 19746
65466 65468
54918 54937
13185 13221
70218 70238
11254 11269
29802 29828
69706 69842
21955 21964
675 680
67714 67814
54150 54177
78096 78104
2605 2614
36364 36448
63192 63196
41946 42016
43347 43369
77141 77224
43587 43657
25914 26008
53909 53990
58783 58819
64425 64438
3812 3903
12596 12629
12099 12112
7484 7514
64077 64126
32996 32999
60340 60411
25364 25697
58785 58822
9039 9052
12500 12520
44959 44973
38002 38044
43359 43371
8124 8127
48624 48748
28622 28626
7100 7111
69917 69929
960 1027
21253 21582
43739 43763
22418 22438
77584 77599
54050 54119
31743 31755
70358 70378
6748 6797
48526 48568
69401 69477
74643 74652
72388 72488
72577 72679
44532 44588
28999 29004
42267 42474
28492 28532
2024 2127
70293 70308
35015 35050
65126 65152
8551 8602
13074 13286
60716 60783
60055 60135
35459 35506
38018 38035
50401 50439
42653 42763
70782 70827
5902 5935
37377 37419
6629 6677
44909 44912
66544 66676
65132 65134
254 296
17650 17677
13115 13157
44090 44162
19438 19469
14209 14218
10484 10526
35366 35381
11098 11136
20083 20125
35706 35887
31332 31383
37223 37275
57387 57390
5152 5319
78274 78278
47627 47653
55202 55319
77339 77360
18166 18210
33008 33227
32652 32761
56992 56993
62423 62472
46190 46229
30229 30356
25747 25827
60860 60894
15367 15389
44019 44143
70692 70708
17872 17990
60332 60402
36621 36648
79376 79386
39363 39367
60297 60301
28159 28221
21065 21083
40371 40410
3872 3895
52355 52372
63403 63522
67704 67835
72697 72876
57928 57941
31659 31677
10475 10494
55462 55473
31635 31777
21701 21702
45737 45915
30832 30876
63566 63570
76760 76826
3698 3791
73107 73223
28740 28783
78159 78223
28699 28734
36367 36384
12836 13030
33493 33525
16374 16381
140 170
39708 39877
29494 29669
5579 5679
31413 31498
19724 19765
77716 77859
17919 18049
40394 40430
34094 34120
67067 67186
73436 73440
64166 64181
19566 19617
32399 32505
36229 36271
23462 23490
78043 78056
23527 23587
74792 74817
28608 28653
76867 76917
77012 77016
65147 65149
39699 39710
49353 49362
76916 77008
13755 13768
7087 7128
11885 11920
18023 18112
8328 8383
2089 2118
4992 5009
30956 31093
23430 23485
8747 8970
76935 77000
20060 20154
9619 9663
13461 13507
9866 9872
19437 19509
6996 7016
62519 62620
5254 5342
39133 39154
41183 41205
70514 70527
59395 59397
13906 13958
12610 12665
13249 13397
71287 71351
1972 2007
19266 19322
58439 58442
38213 38305
45921 45949
24638 24680
3890 3960
3323 3342
32784 32808
31579 31658
68486 68534
15619 15637
12673 12681
79047 79108
70175 70258
36225 36226
48179 48195
77953 78124
47482 47536
49455 49548
24810 24868
32755 32766
34077 34117
32109 32124
55301 55330
61277 61293
50950 50975
36471 36498
67693 67730
73536 73803
62014 62020
27266 27320
33150 33166
45506 45556
43684 43806
213 292
39866 39924
8052 8090
34300 34330
20646 20656
75131 75139
17554 17564
8990 9002
53254 53327
49623 49644
60574 60603
41942 41952
70290 70304
62742 62768
38108 38116
5479 5518
62741 62840
53929 53974
46163 46168
242 261
3982 4113
60787 60851
54729 54745
52619 52731
54395 54403
20342 20716
26630 26669
53107 53185
48085 48146
1792 1795
14995 15022
14889 14904
75780 75857
25908 25957
57724 57803
9221 9402
2453 2518
64036 64037
351 382
26205 26210
28149 28163
6132 6197
62912 63025
48742 48821
46641 46711
51771 51779
62456 62537
13831 13934
42422 42520
59724 59725
61965 62019
58745 58751
28920 28939
56295 56344
68668 68704
3644 3749
37613 37674
28809 28937
28789 28817
41967 42035
78908 78978
27171 27193
39194 39215
52551 52595
58832 58848
11148 11215
3865 3874
24441 24484
69516 69540
15923 15996
6588 6745
53155 53198
7031 7047
52012 52053
73365 73374
76267 76275
56994 57027
4776 4807
65142 65210
44830 45058
31930 31965
23561 23576
21737 21830
58441 58477
73200 73209
46476 46501
16829 16883
72133 72162
34099 34130
39906 39947
14948 15035
58283 58331
45398 45546
55090 55119
28072 28119
25510 25775
33625 33830
52623 52714
71269 71316
46336 46352
69271 69272
63198 63603
60755 60838
79174 79185
32489 32547
57708 57725
2488 2522
38265 38282
37778 37801
51543 51609
48262 48406
34483 34496
72071 72160
46758 46789
2820 2862
6 15
58282 58336
36163 36167
33825 33827
37228 37277
12078 12111
48713 48724
17790 17796
38448 38449
37347 37360
41892 41902
16098 16170
51912 51923
77167 77201
27202 27206
36775 36795
28022 28042
68702 68773
36288 36312
51158 51165
47030 47061
61014 61018
53677 53856
13147 13195
50921 50949
20352 20375
10438 10441
71960 71994
74229 74307
2995 3004
28355 28495
50956 51023
58426 58457
65814 65938
63916 63951
51887 51986
4248 4259
56449 56528
73462 73473
29385 29423
36533 36549
56015 56027
15493 15508
51249 51259
25867 25939
26033 26152
20637 20706
8318 8334
60834 61017
49523 49637
57660 57666
41631 41646
66669 66832
67213 67302
68604 68622
22990 23004
55866 55872
19490 19498
26293 26344
44715 44794
64830 64910
32416 32451
70593 70727
34723 34744
55140 55160
10986 10996
67215 67224
38463 38469
20402 20484
67620 67622
4253 4326
73941 73950
72532 72544
27948 27954
26406 26413
66120 66144
14109 14314
77125 77126
7861 7943
47190 47211
14322 14331
77606 77643
53121 53137
32951 32959
63984 63988
50879 50977
44400 44404
70146 70160
14067 14289
72963 72973
5408 5482
26702 26751
33614 33654
2246 2378
29663 29725
9106 9132
56318 56507
63182 63340
37144 37202
59453 59468
41534 41641
74116 74119
30847 30863
19084 19085
38376 38422
10114 10204
10927 11017
61035 61044
15365 15396
5663 5721
9606 9626
38121 38132
28712 28805
52928 52938
58117 58167
41512 41537
11834 11902
2389 2484
73461 73475
69607 69641
79578 79599
56803 56919
57429 57509
49332 49355
55312 55320
17771 17797
51538 51596
36569 36617
57662 57755
28871 28888
45146 45164
52359 52421
46538 46580
64416 64450
4216 4226
79009 79019
42141 42222
70254 70269
40388 40504
9509 9531
33676 33683
32436 32470
26510 26627
33257 33262
51862 51909
52833 52842
17870 18025
61096 61106
63245 63253
60564 60583
13793 13982
62327 62412
33499 33573
40898 40989
42252 42284
76487 76520
2675 2710
61060 61097
44422 44426
32749 32802
70972 71004
4868 4892
38122 38124
8831 8927
30255 30392
6094 6122
19160 19162
79270 79294
72890 72895
17031 17116
30950 31023
263 321
38548 38626
3192 3268
78781 78833
36946 36972
49946 49958
41172 41318
59973 60017
14603 14685
8226 8286
54269 54306
54164 54175
6939 7037
13684 13689
25495 25539
76132 76192
33272 33350
5360 5397
21747 21758
59634 59635
40732 40794
70224 70244
62629 62822
13313 13320
18956 18976
65881 65888
29703 29930
50893 50976
32685 32842
63263 63276
57656 57661
18721 18751
19250 19431
68318 68325
16358 16461
75657 75687
76549 76577
41589 41608
50510 50515
76995 77007
22152 22241
79187 79262
23454 23522
799 870
73772 73800
52700 52771
36561 36720
45587 45605
28001 28045
70285 70297
64963 64995
30817 30888
1653 1745
65429 65660
31701 31749
62006 62044
15663 15738
63753 63866
2975 3003
35336 35372
18556 18558
68671 68810
21776 21871
73770 73905
53559 53639
35844 35963
77867 77877
28658 28744
49676 49728
62269 62366
69615 69693
27096 27216
25381 25388
11976 12049
63620 63635
56875 57082
5873 5909
64837 64921
70364 70366
35942 35974
56466 56516
53968 53976
30559 30639
41337 41375
43558 43603
26801 26817
14546 14597
17962 18063
42076 42095
44154 44241
27875 27889
30905 30911
58618 58663
39953 39968
49484 49704
37903 38040
38560 38688
46654 46722
46845 46907
18500 18526
34526 34575
33088 33284
49276 49384
77388 77393
7775 7935
60964 61050
21951 21991
32521 32538
33069 33101
40977 40982
39852 39918
77397 77449
24773 24781
34681 34695
78914 78924
24369 24370
32057 32079
34756 34789
42483 42636
36669 36679
63230 63327
26439 26464
53961 53971
22028 22036
34024 34027
17144 17222
18228 18281
51678 51715
13334 13342
24405 24544
59095 59119
50983 51089
56607 56656
8772 8806
38723 38821
12601 12688
51184 51239
60752 60790
6959 7093
77157 77329
6501 6592
3030 3189
4657 4670
45413 45553
32350 32434
13888 13907
36906 36924
49038 49156
63592 63649
28910 28957
59159 59186
31803 31865
61345 61436
9357 9393
77024 77109
69810 69818
883 884
63801 63870
50208 50319
64206 64270
60239 60266
59883 59907
11947 11964
24341 24360
77374 77395
69341 69402
59410 59542
20020 20035
34647 34675
22181 22182
13716 13717
35048 35205
79826 44
5761 5790
51920 51962
75064 75071
66570 66574
10681 10703
810 815
53290 53338
27066 27267
28644 28672
42913 42942
10901 10939
27835 27947
20578 20846
66607 66751
29988 30059
37091 37247
12508 12621
37052 37057
16871 16874
34725 35159
47804 47836
58775 58794
13999 14051
63108 63113
24147 24196
14600 14656
18644 18790
18947 18989
22462 22501
318 408
30763 30837
69889 69915
23624 23647
15727 15788
74755 74774
32065 32098
36058 36091
31652 31699
26055 26067
69899 69911
5412 5504
58330 58379
18283 18335
15514 15538
46954 46983
59775 59778
19481 19537
24407 24431
37811 37869
46285 46355
57822 57868
54939 54953
9990 10041
43832 43841
33021 33061
42898 43075
4042 4059
4631 4646
79349 79404
10889 10968
78150 78175
7481 7558
23288 23301
49278 49401
1311 1312
10839 10862
77254 77345
35901 35925
67431 67600
45304 45320
39397 39437
11232 11237
32364 32407
79660 79802
40829 40853
59212 59253
5497 5538
70879 70889
52295 52339
27965 28082
43198 43205
56330 56438
10265 10294
59263 59288
48805 48811
10231 10266
63615 63659
16855 16880
15978 15999
9428 9505
52865 52969
18851 18925
62203 62275
55550 55620
31360 31402
57204 57230
71819 71823
59981 60010
17883 17908
68713 68828
32325 32395
57651 57694
17371 17397
667 726
34428 34442
4833 4879
28498 28561
9071 9111
31998 32131
30283 30292
23685 23731
35521 35571
35194 35239
9732 9789
7952 7956
76484 76499
16770 16799
53054 53091
53868 53923
27229 27295
76309 76375
39438 39456
46496 46569
24733 24844
69339 69392
40169 40224
13198 13200
45089 45096
20724 20908
27908 27962
8084 8194
19930 20084
19003 19056
38891 38917
19460 19470
51065 51078
21943 21997
16827 16854
19192 19206
19515 19588
39988 40048
4548 4558
27498 27587
40914 40926
4846 4861
13310 13460
75715 75761
28052 28070
13988 14015
70541 70542
32565 32663
36717 36791
75090 75114
7769 7790
45311 45358
14404 14408
36245 36287
39820 39900
52173 52256
15659 15729
73587 73618
69394 69397
65889 66019
42900 42956
66293 66311
65106 65165
13896 14000
9287 9405
38059 38061
75216 75233
31077 31130
58761 58773
26362 26385
27270 27324
43167 43217
30349 30361
49830 49868
15567 15605
28211 28234
33310 33331
16921 16989
59334 59642
69953 70020
44828 44877
15835 15883
23214 23262
5115 5280
52750 52769
48162 48182
24215 24326
1209 1210
30200 30251
50842 50915
30069 30074
29197 29212
54015 54072
55277 55304
41350 41424
42411 42528
12978 13008
52329 52366
44770 44775
64299 64327
19715 19865
4625 4703
38331 38347
46153 46257
57863 57878
74852 74870
24485 24520
25208 25237
17593 17641
19506 19533
53378 53417
59522 59657
45541 45664
35633 35718
74975 75022
529 544
20726 20799
19699 19794
27728 27781
6832 6837
71257 71272
74151 74159
34726 34809
35039 35043
55170 55194
29610 29616
75961 76039
37893 37931
48586 48593
47281 47352
11026 11087
70850 70912
43604 43722
59361 59388
57103 57193
26643 26791
20861 20898
14793 14928
75563 75681
204 436
36832 36891
79399 79415
67307 67346
58145 58191
47196 47466
67659 67662
62859 62893
904 967
59944 60012
59530 59653
77566 77605
18667 18693
5553 5562
67292 67358
5650 5697
24922 24926
15109 15113
56756 56774
44874 44970
42286 42326
47902 47921
41932 41991
27298 27304
12433 12453
72583 72624
76475 76503
67628 67678
66359 66479
72554 72569
72783 72796
72213 72231
48727 48802
9126 9144
16394 16460
15948 15962
77303 77325
225 297
43169 43261
34435 34489
15082 15084
54202 54315
74974 75003
30445 30473
2512 2514
21986 22031
18432 18480
26884 26902
47426 47449
70468 70469
31232 31302
236 334
36812 36849
56867 56896
5835 5878
33796 33981
29864 29883
7772 7774
73233 73241
75576 75584
38299 38317
17434 17589
75392 75542
23590 23614
50996 51092
22491 22728
678 684
15034 15167
43531 43678
24775 24837
75894 75926
78162 78199
64130 64152
31382 31434
6758 6846
47257 47349
32918 33023
53813 53951
22917 22950
68528 68535
39512 39525
79391 79419
43363 43431
27214 27230
32911 32914
52235 52242
22458 22459
51427 51693
40755 40784
13659 13713
44546 44561
21219 21323
36741 36771
76913 76936
4414 4454
75305 75316
26389 26446
38112 38136
18920 18939
45645 45803
51953 51967
36614 36660
55198 55228
7777 7802
54864 55032
61519 61535
21447 21462
3736 3785
51877 51884
72370 72482
58093 58109
49235 49243
11650 11775
1545 1677
1003 1038
64717 64855
35840 35867
29603 29650
56592 56617
52489 52538
10559 10807
1161 1165
58046 58055
57028 57142
38240 38328
18996 19032
29559 29613
45354 45368
31769 31795
40055 40080
37940 38494
56061 56077
6726 6742
11936 12006
32056 32067
26869 26875
40076 40086
2748 2805
41259 41302
52215 52281
45662 45674
52218 52306
51309 51346
76449 76528
53134 53154
9494 9516
26100 26110
41733 41782
60837 60854
10388 10397
72225 72339
75929 75933
73430 73488
22371 22377
14264 14290
20011 20159
43119 43186
46010 46019
19630 19656
76380 76407
70387 70410
31563 31616
66259 66277
5972 5984
10454 10509
23172 23234
58812 58877
27084 27125
19787 19795
79888 79897
57599 57655
67163 67183
25130 25173
8043 8048
53127 53167
74532 74812
26400 26469
4984 5137
75485 75529
11395 11512
13408 13466
54033 54147
76194 76202
76812 76839
73343 73468
2084 2144
48347 48351
765 892
66937 66998
67732 67734
56985 57113
27071 27089
78300 78313
74625 74650
68877 68888
6754 6803
49106 49108
23830 23899
22630 22692
48325 48370
5925 6105
4153 4265
5267 5450
12999 13018
24034 24077
44449 44487
42438 42494
20241 20267
13025 13042
74706 74760
73467 73525
78289 78421
41384 41451
17406 17542
2742 2761
69613 69636
14068 14232
114 122
59569 59590
71193 71410
1608 1615
7228 7244
23257 23274
16663 16689
68627 68690
20239 20251
30070 30082
34694 34747
39588 39623
31860 31864
18711 18825
11289 11319
8915 8944
77082 77096
69347 69387
62436 62504
45736 45871
22919 22947
14496 14559
27053 27063
26895 26942
29090 29106
69518 69543
36713 36746
71142 71206
66344 66352
75347 75377
51711 51734
8905 8918
74204 74211
57642 57653
76583 76618
30666 30926
29334 29484
38739 38864
16975 17056
16732 16739
21346 21366
64906 65028
70989 71008
26477 26520
43576 43592
52302 52381
48694 48825
72270 72287
46013 46188
71113 71132
30567 30598
63654 63716
73500 73549
18378 18389
6156 6160
13033 13056
23627 23643
73420 73455
32483 32490
31662 31705
24681 24744
50655 50724
78435 78539
50555 50570
73504 73514
78512 78638
73001 73022
28581 28618
63000 63036
53826 53839
8287 8324
45079 45090
29679 29736
74438 74455
23993 24188
30500 30557
31154 31199
28588 28605
9658 9693
70234 70278
16906 16922
38186 38202
12968 12977
13517 13563
50659 50717
56802 56817
32261 32306
40857 40897
53313 53411
38861 38938
38973 38978
16902 17008
13534 13640
77203 77205
39210 39270
27572 27574
24905 25076
47560 47649
22521 22557
59012 59032
5369 5417
12670 12713
56144 56284
47794 47800
1917 2029
60126 60164
77778 77788
64004 64043
70319 70326
60793 60879
24856 24890
39023 39036
23225 23292
75065 75163
70280 70335
78298 78334
12793 12829
78081 78121
50672 50819
60624 60704
15137 15193
35025 35038
4529 4568
56237 56251
53355 53365
44953 44989
40863 40883
33861 33866
53663 53713
57843 57857
44840 44885
52223 52252
14286 14313
72730 72744
1443 1488
54492 54529
56868 56899
4552 4564
6251 6402
57766 57876
75136 75189
44109 44124
55736 55830
60853 60954
45785 45848
49552 49711
29402 29432
59023 59115
18031 18046
59469 59513
8513 8546
49872 49902
75555 75611
25380 25615
76582 76625
26328 26363
67604 67708
5318 5372
51851 52004
41081 41111
18028 18143
11931 12050
76779 76811
32033 32161
30285 30321
62601 62634
32442 32476
9565 9575
23404 23418
67969 68044
12386 12442
20778 20854
37382 37384
1123 1208
42827 42928
54726 54763
65453 65471
29414 29520
8224 8238
55776 55834
48049 48059
3859 4034
22194 22267
60692 60700
29061 29070
3854 3860
13003 13053
11946 12001
17755 17793
45831 45878
36075 36128
51102 51109
9664 9668
22745 22903
56666 56893
10474 10569
14906 14998
64873 64899
71180 71291
64374 64483
73315 73320
70152 70374
12241 12267
62471 62503
9652 9667
7857 7865
78130 78133
30667 30711
32256 32265
65681 65740
27632 27648
10705 10720
15415 15425
39237 39257
66288 66305
79444 79603
48857 48866
8617 8651
6246 6280
58712 58726
47070 47140
57246 57286
40852 40915
30860 30965
30605 30647
66211 66275
35122 35188
17244 17257
9498 9523
26788 26846
78396 78400
78180 78204
77166 77216
6719 6720
78426 78472
47265 47320
29152 29177
79249 79340
43661 43690
45845 45904
70095 70131
33403 33428
62642 62705
10109 10113
66619 66649
5259 5289
5082 5103
49478 49480
36182 36236
79889 98
57920 58076
10191 10334
50022 50053
46748 46803
14910 14943
13955 13974
14694 15004
58463 58583
73091 73270
31439 31515
58750 58884
19938 19940
13937 13950
71426 71482
44778 44789
25255 25473
29927 29974
57650 57736
37472 37489
68857 68870
24516 24549
62241 62261
33275 33324
37685 37703
65860 65885
9690 9708
45910 45927
16767 16934
37579 37628
78282 78296
12800 12947
12699 12731
41974 41992
64766 64783
57200 57385
19366 19385
73399 73406
59523 59526
36940 36960
35128 35155
65376 65458
9411 9689
32300 32309
49335 49399
662 725
15020 15103
3653 3729
49318 49360
70140 70194
33580 33626
39380 39531
58701 58704
53392 53488
31848 31893
51125 51155
12363 12375
52845 52873
62487 62538
59047 59071
67070 67326
71862 71869
7765 7849
73830 73900
68291 68346
79176 79244
71361 71423
44829 44872
51352 51688
13289 13297
21249 21267
30272 30280
59911 59925
76925 76953
4764 4771
76424 76565
43030 43038
22858 22895
45699 45788
54988 54989
20772 20807
43553 43624
48486 48533
77307 77330
19452 19600
7187 7194
19681 19702
6234 6259
50196 50257
67890 67899
49452 49485
28506 28643
49918 49919
67576 67581
25664 25716
38393 38593
7897 7903
68124 68157
1460 1473
32912 32919
24651 24684
48657 48668
25573 25609
34646 34683
60115 60282
25368 25371
71434 71435
9724 9768
5825 5845
43972 44071
60367 60490
19979 20001
29961 30005
21880 21903
43593 43598
69471 69506
19465 19547
27929 27970
63926 64028
39612 39686
59991 60111
43571 43596
8413 8426
17902 17913
66166 66171
39780 39849
39417 39510
26734 26797
31753 31811
72731 72769
33833 33850
28784 28807
73427 73445
23297 23307
25689 25806
61459 61470
17640 17733
11587 11623
27642 27645
74549 74654
44948 44975
19496 19504
72103 72157
40456 40568
70701 70762
57483 57588
50373 50456
25394 25396
74032 74088
3096 3114
64488 64543
54660 54738
22107 22240
11062 11088
65279 65320
56276 56293
74996 75040
32781 32899
4830 4837
3236 3264
53077 53117
64506 64575
50599 50647
12960 12987
16438 16492
70208 70219
30556 30607
61665 61671
60702 60809
64907 65046
21597 21613
38261 38306
34901 34983
11614 11794
5474 5608
6151 6203
24296 24311
20579 20600
34111 34129
58267 58285
33751 33800
3887 4107
16041 16042
41797 41816
57060 57302
39668 39751
1327 1407
25280 25318
31895 31928
33242 33281
33702 33758
31389 31393
45247 45285
30020 30061
71372 71389
48795 48819
6496 6543
56834 56903
11265 11308
33856 33858
55405 55413
46435 46483
56402 56413
24725 24770
31327 31371
10305 10366
6597 6598
67572 67584
62548 62770
32474 32569
15132 15181
67135 67166
45031 45104
43244 43268
50108 50138
23121 23325
34316 34348
27849 28031
33691 33737
20604 20640
64302 64419
584 838
38004 38054
13361 13373
9145 9169
71539 71579
36622 36745
15890 15960
51396 51456
32805 32873
17584 17624
7234 7237
65985 65994
22866 22896
25557 25626
61076 61086
62654 62708
34263 34303
57026 57059
16601 16609
56367 56443
69841 69874
9777 9947
2688 2700
5954 5995
62264 62344
55336 55360
37598 37752
42298 42415
2250 2428
36327 36464
75598 75668
32460 32514
17197 17225
28971 29000
53739 53772
48008 48077
46875 46929
76359 76371
19518 19648
44120 44146
77757 77768
62835 62858
53312 53319
9645 9691
22505 22529
48243 48277
7390 7452
64996 65020
38221 38232
1824 1890
9702 9827
44689 44711
57049 57081
51063 51101
25085 25109
53384 53519
57065 57085
19572 19739
34552 34562
35129 35169
17984 18050
27131 27136
49413 49430
8485 8514
26369 26631
14503 14547
17652 17666
57269 57279
2695 2755
4180 4182
47909 47972
76444 76721
68163 68226
32818 32830
27385 27452
27673 27798
66766 66822
45352 45360
65984 66033
41964 42020
39074 39263
44809 44920
36570 36605
69974 70094
49934 49963
25599 25610
58015 58113
58613 58622
67120 67154
47225 47233
62160 62189
75614 75618
65325 65409
77983 77991
68867 68884
47491 47493
55145 55172
39103 39106
56168 56305
62569 62727
27480 27484
36918 36926
48482 48495
69212 69325
39957 39978
1551 1694
909 962
25199 25233
46592 46644
78735 78773
20292 20296
72375 72390
40465 40540
70982 71036
50838 50918
50334 50391
28066 28141
41699 41745
69082 69091
16255 16283
45317 45331
35973 35989
57670 57756
72853 72903
34055 34088
32359 32369
4420 4451
23251 23289
52755 52826
27315 27363
75202 75301
40975 40981
9851 9856
20530 20559
39139 39186
36516 36674
1323 1340
21726 21735
11084 11110
10369 10417
28725 28750
21633 21719
29053 29078
4782 4791
70811 70845
26937 27005
54819 54835
61164 61165
21983 21996
42929 42997
41764 41795
22373 22411
7574 7587
53471 53479
57413 57452
59472 59537
65408 65589
68136 68154
20216 20231
70318 70381
54600 54685
54663 54690
8758 8769
41082 41298
22940 22951
9217 9264
69688 69694
3010 3018
39159 39160
36759 36901
21263 21344
79615 79629
57201 57314
60433 60436
66853 66857
35937 36043
15450 15540
7781 8057
63631 63648
54174 54186
4937 5047
70996 71156
45098 45148
53662 53671
48070 48090
73071 73096
6190 6258
28281 28459
12184 12285
54303 54334
62307 62316
71571 71667
59543 59580
31058 31169
34485 34572
47126 47137
73576 73621
41519 41527
25641 25764
22571 22594
51405 51415
75154 75172
77035 77062
39750 39831
76331 76345
14622 14637
27391 27497
24912 24933
25679 25722
51724 51795
34278 34291
2633 2671
65832 65846
69509 69530
65089 65145
7845 7896
50451 50675
34465 34512
42687 42693
34701 34752
67055 67076
45867 45900
28480 28542
6452 6468
35540 35686
68423 68481
70750 70771
56530 56632
27736 27760
26851 27128
34239 34320
39542 39634
42649 42688
61659 61680
30672 30722
69627 69734
18470 18488
64161 64276
75606 75610
27805 27810
6694 6739
55248 55298
50910 50955
17886 17887
47643 47718
68620 68621
76873 76956
78858 78884
55425 55449
53463 53546
75536 75596
56447 56475
2792 2825
23839 23887
7804 7874
3979 4001
1852 1913
21242 21256
72566 72582
25081 25097
3606 3619
58077 58202
4118 4203
47632 47648
24513 24704
7588 7622
68966 68971
40375 40385
5603 5664
48996 49062
55765 55767
61676 61723
22623 22726
43574 43717
43337 43525
78694 78705
16239 16250
20089 20145
3315 3381
19459 19476
18337 18374
26319 26337
35395 35401
66807 66814
3367 3369
38071 38115
53317 53331
5872 6008
39922 39963
18952 19002
61522 61691
20180 20191
75672 75697
53074 53135
46020 46061
65756 65833
7866 7899
56945 57054
3044 3165
70895 70942
60845 60942
50850 50890
38260 38296
63197 63264
25712 25754
75145 75150
67330 67362
68200 68241
28320 28327
76262 76277
19279 19288
38220 38275
36078 36108
27163 27170
75732 75797
5240 5279
76810 76844
2538 2561
41711 41750
34649 34790
34305 34309
49877 49913
59302 59312
12166 12180
10539 10663
65464 65503
52683 52718
49603 49608
54127 54143
16265 16372
56024 56123
26178 26181
22640 22788
71939 71963
2416 2425
77935 78016
19960 20012
5382 5415
62312 62326
64390 64443
71935 71952
33178 33243
57420 57440
120 191
13336 13338
45730 45752
7415 7497
65616 65714
36908 36978
16898 16958
28713 28733
74182 74225
15616 15625
9716 9880
59922 59929
16185 16218
26001 26009
73325 73337
45684 45739
47732 47815
5580 5590
48382 48396
854 910
25215 25240
77043 77063
58212 58239
68586 68733
61200 61206
39434 39436
55219 55359
8215 8263
21948 22016
70744 70778
66197 66231
67084 67147
22282 22387
19281 19329
79947 79979
34771 34892
13388 13399
2239 2294
79632 79738
22560 22699
63862 63863
2716 2727
63413 63444
68446 68460
34816 34924
16044 16087
15710 15724
53750 53761
18628 18630
33351 33556
1706 1708
53533 53550
10250 10273
20967 21051
77507 77539
60589 60630
79968 5
5480 5481
47450 47467
78566 78619
61120 61261
32035 32081
3917 3957
35779 35842
13212 13234
9296 9301
53621 53630
29315 29506
27420 27470
37691 37705
79727 79885
75023 75073
15915 15927
68759 68784
22277 22293
21149 21182
73472 73517
29147 29231
24607 24609
20918 20978
17581 17629
64375 64387
74235 74250
61104 61234
62767 62811
30446 30454
18926 18943
17921 18008
55957 55958
49230 49268
28275 28323
9781 9785
20518 20657
66755 66763
59081 59097
73737 73761
50601 50635
78454 78459
6922 6953
27301 27342
4151 4166
7645 7647
10538 10671
48960 48971
28839 28985
13685 13729
55087 55123
50693 50757
23221 23224
77118 77405
31839 31845
61791 61816
15734 15846
2016 2043
74646 74669
37176 37315
41218 41225
20378 20599
14282 14310
69740 69829
57190 57221
33274 33291
46146 46148
67647 67709
35031 35071
65113 65235
78260 78336
54213 54225
67853 67867
37044 37049
69176 69198
21942 22014
67370 67612
28437 28508
58717 58857
56763 56785
26057 26069
1223 1305
20271 20282
707 717
29002 29023
38151 38197
16324 16331
40156 40166
34039 34108
38851 38911
3175 3282
34663 34918
46245 46318
6788 6844
49499 49502
20562 20704
71438 71513
75746 75804
66173 66249
32583 32647
53361 53469
15007 15015
10678 10793
73937 73954
41516 41560
12493 12514
78906 78910
36366 36408
19875 19896
52156 52158
56928 56932
66827 66861
72688 72752
25847 25871
72268 72384
70092 70093
30920 30940
16749 16768
31189 31218
26818 26978
29141 29236
77919 77998
2850 2880
48198 48236
44622 44692
18148 18171
72692 72837
18750 18783
66425 66465
12838 12954
39035 39137
17738 17749
18542 18549
10021 10069
67278 67319
18294 18324
57457 57948
25460 25482
43153 43293
77177 77186
57255 57350
75205 75361
21131 21181
61634 61699
33878 33927
53112 53250
21261 21291
72580 72586
32628 32680
32888 32924
45933 45966
60038 60066
9455 9649
41740 41786
51331 51365
44611 44719
36343 36362
3975 3992
17410 17437
73566 73575
26176 26212
77231 77249
48273 48425
43159 43185
44733 44736
13350 13482
63540 63547
29780 29786
70420 70488
54048 54126
32368 32459
55675 55693
78010 78094
43446 43818
15554 15614
41336 41377
47007 47036
10426 10540
19377 19389
7677 7683
65169 65175
77137 77267
61872 61891
73265 73401
52957 52997
32002 32066
75044 75070
54844 54920
72280 72294
74794 74819
48080 48083
16833 16890
59182 59216
27095 27146
38017 38028
23583 23625
23219 23397
10518 10553
43994 44040
58615 58683
78579 78634
15198 15256
54680 54718
49547 49611
33504 33523
467 505
79183 79256
55682 55785
10381 10455
55384 55418
8409 8428
7641 7644
62949 62954
66989 67000
22884 22953
44080 44106
75638 75706
2309 2337
49641 49650
41243 41522
15479 15498
46407 46479
60318 60325
71321 71367
75524 75525
61421 61552
7723 7726
3645 3665
63833 63907
25929 25956
9759 9873
25314 25378
22409 22416
15244 15260
68130 68238
7846 7858
36779 36844
47855 47888
44298 44326
50184 50266
7219 7356
78135 78145
66531 66564
31245 31269
18328 18347
40740 40887
44467 44478
15969 16137
24671 24683
26576 26598
77106 77171
66156 66226
26607 26621
7717 7798
25651 25718
75722 75904
24866 24887
22786 22794
65699 65700
9976 10016
65446 65484
55466 55471
26072 26120
1846 1856
24137 24272
4008 4080
73222 73334
36363 36398
55989 56036
65231 65264
23971 24089
34820 34855
1304 1319
61481 61514
32146 32162
15120 15133
20349 20355
137 143
58459 58473
11854 11935
61526 61563
69956 70006
54710 54761
19454 19464
22889 22897
6266 6533
11461 11515
28711 28771
60804 60940
23608 23636
49 93
12801 12844
48073 48150
59770 59853
75329 75429
60611 60621
78784 78859
14931 14946
19851 19921
45112 45120
12623 12655
42092 42107
10770 10809
59904 59909
57148 57157
48503 48530
43360 43433
23816 23895
53624 53627
64652 64678
52829 52875
73490 73574
53039 53050
23670 23716
19398 19440
38089 38146
6578 6631
3864 3869
56059 56092
325 391
48321 48340
12117 12218
11829 11890
76978 77048
78711 78816
35307 35343
31440 31450
63249 63257
77420 77432
21500 21548
46441 46478
59972 60101
50242 50453
10958 10964
31681 31710
10142 10223
9441 9569
17122 17184
19873 19888
18601 18749
63632 63666
5193 5232
11991 12060
67035 67050
6399 6417
37786 37788
48604 48662
7618 7767
74398 74404
31 43
24352 24356
28967 29020
52552 52599
72186 72254
77184 77282
52614 52636
72635 72695
13123 13181
77069 77113
35308 35330
1800 1929
1339 1384
610 627
79750 79818
31594 31636
55876 55886
35190 35208
15997 16053
61291 61292
25574 25588
52535 52541
9163 9213
18960 19005
67462 67488
22646 22780
40427 40496
31510 31534
45435 45444
24675 24691
55725 55741
43577 43613
40293 40304
10856 10860
50542 50577
71588 71608
60754 60839
62562 62572
50858 50862
13398 13505
67403 67428
491 593
69117 69216
1689 1714
77116 77189
62480 62666
75358 75397
66789 66815
42493 42507
33215 33266
63551 63552
57971 58033
67779 67783
49456 49481
19201 19215
78525 78531
15955 15989
21581 21646
66708 66725
74647 74716
57364 57365
61799 61830
27138 27150
78354 78377
77514 77516
25435 25509
54699 54746
58588 58672
50007 50013
26323 26366
19049 19130
49595 49617
8175 8182
21380 21487
66818 66878
10951 10969
50436 50458
51655 51666
20187 20207
52908 53005
9062 9247
21840 21862
25102 25107
17250 17315
71835 71926
65506 65517
54410 54479
28254 28301
58628 58689
8902 8961
37651 37772
14627 14636
29420 29433
23025 23053
23415 23434
48648 48658
60295 60307
6640 6642
36213 36230
42336 42555
12808 12886
62493 62515
56378 56389
8936 9238
43194 43367
27759 27773
49945 49967
68795 68819
67542 67543
35926 35949
38720 38731
67876 67896
66297 66312
2544 2620
79053 79072
38386 38525
63509 63518
33018 33197
40435 40577
56083 56150
72612 72766
46360 46408
66011 66081
27831 27912
63726 63770
48296 48312
63408 63473
68656 68707
53892 53928
4660 4723
26562 26602
1079 1167
38984 39004
9114 9128
34842 34937
77486 77489
46027 46071
24628 24668
35196 35222
25973 26166
53941 53952
38798 38877
10908 10936
43087 43208
12326 12332
35609 35634
24634 24711
67372 67401
71860 71898
43575 43599
77634 77796
37538 37615
46429 46497
24104 24307
11007 11009
37879 37934
67242 67363
60596 60606
51045 51173
5943 5948
41931 42080
45765 45833
37276 37300
55896 55910
73212 73232
39517 39576
16948 17104
73439 73452
40522 40570
66043 66049
78184 78228
5031 5096
14985 15010
7506 7525
29063 29075
24593 24632
71504 71957
823 824
27694 27789
75261 75318
38611 38627
6010 6045
35097 35498
952 981
45621 45688
3838 3873
9134 9142
33628 33672
6444 6517
35913 35967
77537 77773
56094 56116
42893 42897
20173 20210
2799 2832
43420 43452
46347 46363
54293 54355
40741 40851
10956 10985
44107 44349
12635 12646
44653 44676
7174 7177
15028 15207
22057 22094
6774 6784
49005 49043
40211 40228
63030 63043
77745 77780
56952 56959
72105 72183
13473 13613
64252 64318
6186 6221
72698 72850
64420 64460
25553 25570
1463 1524
34576 34721
68193 68202
60544 60587
26696 26721
19885 19922
26965 27007
41500 41523
46252 46303
77243 77279
68148 68152
72720 72948
58973 59241
52245 52267
31414 31447
60532 60595
49797 49846
49098 49249
61908 62038
15839 15904
75081 75194
50631 50640
39715 39729
56696 56719
75453 75580
53180 53190
48933 48944
74287 74391
64908 64940
10317 10410
50645 50721
77554 77638
1147 1181
36531 36619
77426 77465
11115 11197
561 574
73434 73556
42601 42619
55377 55385
9370 9382
75455 75609
17985 18084
8666 8694
8615 8692
26065 26093
37548 37561
1244 1260
44175 44231
17340 17478
78270 78391
15850 15878
21924 21957
58465 58566
12595 12697
37182 37312
72124 72152
52183 52190
18067 18154
78383 78390
39358 39362
56103 56113
44783 44803
3126 3142
41734 41784
5365 5437
35923 35971
32947 33012
20621 20654
28442 28496
31013 31109
23749 23751
57043 57052
33836 33857
68749 68805
36719 36729
32789 32806
15638 15661
32997 32998
21696 21732
31884 31887
20019 20249
41216 41269
34836 34889
42539 42574
13961 13967
42040 42057
69765 69801
39516 39567
45194 45397
37416 37636
62150 62180
41001 41025
66504 66508
74867 74903
71009 71102
46529 46553
36279 36359
32233 32288
58493 58525
22754 22854
62499 62508
61193 61196
6101 6214
35359 35431
66587 66632
38827 38937
3851 3916
75809 75856
22414 22425
58355 58541
10825 11176
27751 27763
28182 28295
65997 66013
26224 26288
35011 35027
40287 40310
13224 13237
20998 21176
52896 52964
69984 70036
17928 17951
54396 54459
31868 31951
62947 63128
57976 58052
25759 25816
42472 42714
62466 62605
16009 16121
5157 5161
16574 16636
43299 43314
58916 58920
73194 73199
43022 43040
26694 26722
79137 79283
20189 20201
67115 67150
39027 39029
17808 17987
27713 27723
51488 51524
28792 28816
34216 34331
12908 12913
25328 25429
16631 16662
46166 46174
58269 58284
41207 41241
71660 71725
11567 11618
65459 65504
27251 27381
25774 25800
71320 71392
60154 60214
45190 45266
70690 70711
69846 69875
44469 44510
55650 55681
10207 10236
36315 36423
40985 40990
54688 54751
50492 50541
56180 56195
51406 51426
59935 59943
69256 69259
61473 61564
18305 18341
55823 55920
76029 76163
43968 43978
37761 37766
68400 68428
62296 62311
65501 65647
49614 49635
24669 24673
21970 22193
40970 41102
15874 15940
4345 4461
11031 11090
12361 12384
6278 6290
5145 5158
45300 45379
33969 34012
52655 52693
19173 19174
29491 29552
62374 62439
66375 66377
29052 29132
54928 55033
41446 41461
8382 8384
21985 22038
42859 42870
77515 77520
70871 70929
52554 52588
50264 50265
64115 64121
36609 36645
55874 56007
8101 8106
48043 48093
68596 68693
19762 19902
908 1017
8447 8572
37083 37179
17161 17163
33743 33780
48148 48187
73287 73342
24903 24997
65382 65463
29877 29890
5064 5091
24602 24938
22733 23182
70774 70804
38899 38914
75351 75354
32822 32850
49977 50042
56259 56298
42662 42696
62451 62555
17959 17982
47440 47524
68666 68728
65084 65167
62758 62867
22134 22158
17339 17343
73992 74085
6033 6074
77411 77494
22449 22464
19574 19580
49411 49445
73466 73477
6984 6988
9384 9515
11869 11909
39917 40057
71375 71386
37537 37617
28296 28331
71845 71888
73447 73469
15172 15177
55279 55288
41412 41437
41156 41161
43490 43554
70986 71147
76474 76530
59931 59954
66799 66854
69366 69412
51470 51478
14095 14123
40613 41026
67927 68027
76317 76346
64337 64378
66760 66797
35735 35797
41371 41392
16470 16486
50966 51027
16823 16837
76466 76492
49693 49750
11363 11463
22753 22793
60910 61053
63152 63233
58131 58166
44048 44057
67117 67153
7991 8135
41279 41301
48197 48204
70344 70347
40461 40474
27662 27702
38456 38506
20509 20592
29735 29758
39648 39653
39790 39833
62166 62191
31840 31849
31035 31055
4310 4380
31859 31885
53599 53635
76051 76092
44115 44139
78506 78524
20709 20817
70001 70073
61975 62005
64510 64553
11922 12018
44806 44836
66567 66690
31799 31800
50985 51046
76833 76896
37707 37741
20065 20070
21684 21688
17023 17063
69647 69670
12186 12288
33039 33149
54416 54636
58787 58810
53360 53386
43323 43486
4595 4608
4629 4661
22470 22500
54909 54926
67539 67561
34978 35090
58039 58070
53608 53659
22262 22302
36686 36740
33883 34021
13646 13762
68452 68556
72809 72884
13928 13947
36778 36787
14607 14822
61851 61871
60652 60683
17469 17495
53785 53791
13647 13653
19353 19395
45564 45613
65769 65849
63519 63609
33286 33299
23246 23267
198 234
32053 32112
63979 63987
15855 15957
69741 69806
49670 49684
63971 63998
74126 74141
51035 51054
39609 39640
5537 5666
36822 36824
26692 26813
76428 76440
70722 70838
35516 35566
30505 30509
68003 68024
50520 50569
71656 71672
9399 9432
40779 40856
74645 74698
73198 73245
40668 40767
1652 1719
74292 74294
12560 12575
44693 44718
41528 41536
25139 25146
5255 5325
36597 36704
1925 1939
60351 60368
67789 67843
67051 67054
5287 5338
6990 7019
58834 58896
26496 26534
63583 63616
45188 45255
13119 13161
57761 58051
2130 2139
11333 11396
71999 72028
40107 40114
15643 15709
19026 19033
56710 56805
76840 76841
68965 68967
43845 43922
70314 70368
23820 23875
44558 44627
28305 28378
27813 27860
76940 76942
57405 57432
60514 60552
37442 37475
60283 60342
63083 63237
20521 20535
55606 55826
17073 17119
77783 77791
65000 65013
20162 20277
62418 62441
7102 7204
14817 14865
49543 49696
11781 11791
59521 59548
9065 9078
17636 17660
33600 33604
47849 47896
73537 73584
36524 36574
25253 25274
34914 34954
38806 38837
33538 33553
60598 60679
24636 24799
78999 79004
78210 78227
15002 15206
33613 33697
15073 15085
36124 36238
26356 26401
76568 76599
21026 21039
53032 53086
11070 11081
23409 23498
43382 43396
26271 26290
30372 30381
5638 5681
25055 25061
27083 27088
75705 75735
30427 30518
72836 73050
18402 18431
58236 58328
49431 49460
61007 61056
63333 63368
55557 55577
49785 49791
69826 69830
20797 21038
76877 76901
9167 9330
56810 56881
16175 16190
46523 46597
79894 79972
49377 49387
23623 23693
3188 3292
45990 46032
21053 21068
39808 39826
51037 51059
38698 38764
53807 53906
12876 12899
48002 48007
50464 50473
34199 34221
11710 11726
65703 65803
60507 60563
23551 23569
38994 39124
75363 75370
11216 11282
49514 49534
78668 78672
4728 4731
23281 23354
53103 53124
32208 32243
34906 34935
45313 45337
43406 43459
59545 59566
7471 7478
66518 66558
6662 6683
30351 30385
71084 71136
32618 32697
54634 54638
13341 13383
42127 42171
71595 71604
42543 42561
24783 24947
62406 62485
1399 1455
33813 33846
6897 6913
36233 36285
69163 69201
77356 77357
46815 47003
78903 79059
4981 4995
42783 42795
4462 4520
34873 34929
35305 35362
30851 30897
26662 26707
62689 62749
19283 19317
61317 61483
42094 42099
64549 64577
38224 38252
10698 10701
76035 76080
68709 68800
41017 41036
15229 15255
26459 26652
51503 51556
67698 67733
60044 60070
67257 67294
34977 34991
47232 47273
49175 49228
30204 30234
47828 47838
9381 9398
56691 56736
39289 39356
161 177
52309 52342
4622 4651
10787 10926
61648 61669
66462 66620
45552 45576
25141 25197
62452 62500
25098 25181
59327 59456
5337 5367
61571 61627
36860 36864
47033 47047
41041 41366
19368 19451
45472 45477
58937 58941
44861 44867
8249 8267
35256 35489
32159 32197
24236 24305
11490 11573
41068 41121
76598 76619
36259 36262
41591 41618
19643 19651
3459 3474
46277 46308
72880 72908
68073 68149
1883 1934
39473 39496
36442 36453
78057 78136
68379 68495
42655 42676
58090 58102
4733 4743
59805 59982
6184 6321
32550 32790
48729 48780
22112 22231
53372 53383
65778 65802
11503 11576
54828 54829
33019 33071
46646 46657
77754 77793
37517 37677
34612 34680
14307 14378
28091 28140
71155 71303
60772 60916
55275 55276
6256 6265
43322 43481
54219 54230
32491 32586
28076 28157
33522 33657
32928 32969
73633 73648
50482 50509
68345 68366
44878 44898
52152 52195
74297 74329
25114 25118
65360 65461
40962 40997
13495 13525
41671 41727
78144 78156
46434 46445
72095 72169
37611 37716
78053 78164
39269 39283
40996 41006
72862 72955
37289 37301
71442 71468
41162 41210
56075 56147
7607 7648
3108 3274
60523 60527
49843 49861
44476 44489
7643 7666
48571 48590
21846 21860
38007 38009
15793 15833
6048 6057
33171 33174
51710 51743
67409 67459
7359 7376
4407 4415
49086 49141
56958 57023
2578 2645
31250 31348
4606 4616
20068 20096
52445 52501
44944 44946
28984 29022
36318 36329
55950 56003
42706 42758
12812 12869
55386 55395
2240 2244
55063 55166
485 520
39944 40010
43686 43774
76060 76147
69489 69498
78538 78553
79877 96
16887 16977
33211 33278
40536 40543
28075 28125
71547 71553
70890 70921
12153 12165
46150 46211
53728 53741
50153 50186
44294 44335
60671 60684
3800 3805
20075 20132
67723 67773
65465 65491
430 582
17435 17457
30786 30793
79864 79919
76710 76814
59062 59107
50344 50371
48532 48721
37373 37397
13989 13998
72347 72359
12435 12477
79091 79272
47582 47596
35838 35855
79544 79548
6446 6499
29128 29153
67088 67137
70956 70966
26423 26447
60400 60406
49373 49655
78958 79007
23834 24007
9407 9438
38829 38844
52128 52148
13337 13469
49904 49924
27199 27217
23249 23362
13861 13870
48887 48892
38339 38452
7727 7758
2921 2932
48137 48199
43235 43242
660 665
61880 61953
46147 46256
50477 50496
74519 74627
41011 41021
57436 57441
14564 14569
69266 69289
74492 74512
53528 53553
70024 70099
25733 25738
25576 25686
20038 20107
58863 58944
9198 9246
78865 78918
70133 70176
58706 58742
30756 30782
39291 39350
66082 66101
56975 57009
38321 38360
27934 27935
38178 38258
79118 79120
22779 22834
5715 5726
21105 21109
29928 30114
14891 14932
63858 63935
49859 49883
23848 23854
49669 49677
10997 11039
36276 36277
13987 14011
61368 61385
4604 4643
41063 41070
69337 69420
24706 24723
60181 60258
26170 26183
12674 12725
61435 61499
54540 54596
46108 46170
57942 58320
56536 56588
9874 9902
63628 63710
16384 16393
39798 39809
31587 31638
36480 36525
2793 2796
3995 4026
59277 59279
56555 56620
21286 21341
53969 54040
47685 47720
23925 23944
15749 15859
48864 48873
79518 79700
73169 73327
78925 78937
11142 11186
55852 55857
78960 79111
30453 30472
18059 18139
4429 4516
78208 78226
69287 69315
34394 34404
44709 44788
19147 19200
21549 21589
79658 79665
7431 7512
8506 8586
2349 2433
58844 58851
72367 72382
54832 54851
35589 35653
17062 17076
13567 13593
65599 65719
21740 21778
40831 40902
61351 61394
73823 73864
54915 54991
8065 8154
36641 36777
6605 6607
28603 28666
78892 78938
59673 59737
69333 69398
22052 22119
30836 30840
7657 7732
66224 66326
50073 50079
18924 19000
29496 29513
34890 34920
59698 59862
30201 30244
74855 74861
41423 41444
41052 41084
41754 41771
66656 66678
15623 15685
12641 12895
28654 28665
23238 23264
72379 72439
75855 75873
77247 77331
57244 57290
38503 38571
21619 21635
30943 31040
77682 77704
37178 37304
61893 61916
8814 8817
16814 16841
61836 61924
9739 9810
43127 43134
1847 1865
13803 13816
46636 46700
48098 48100
53132 53183
50027 50061
16277 16323
74468 74563
8597 8610
72799 72860
39873 39931
17866 17905
37573 37619
56193 56196
78254 78494
32954 32976
2211 2237
28491 28545
72420 72461
35156 35165
48592 48709
31957 32070
57930 57968
65904 65933
47910 47914
75367 75376
1788 1860
60464 60468
40299 40309
56480 56502
20155 20169
23989 24000
21603 21650
78267 78281
23396 23411
42231 42247
1261 1290
17477 17519
47464 47534
52211 52279
17467 17514
57158 57214
935 995
20806 20830
48012 48044
31924 31976
19582 19606
52387 52485
10916 10961
28702 28735
61340 61405
13594 13602
40231 40251
31687 31718
55672 55706
12401 12487
3925 3987
58431 58467
43768 43782
11530 11625
26927 26970
66374 66419
57444 57506
42684 42762
25992 26039
59845 59961
15907 15916
34610 34628
7871 7905
62279 62284
928 939
60935 60967
71144 71194
7184 7208
23725 23729
23828 23965
11121 11139
18818 18872
11246 11364
46802 46813
29905 29920
42102 42103
14412 14485
75810 75816
74302 74338
47586 47587
4282 4362
67309 67455
8008 8017
25930 25989
65158 65177
24717 24727
51227 51236
2085 2123
19932 19949
39941 40029
38953 38977
30151 30196
31059 31094
9845 9875
30028 30047
20039 20050
58213 58232
72982 73075
7900 8012
69241 69248
22543 22593
20128 20161
52167 52205
19601 19608
45482 45527
1664 1697
31685 31756
40269 40282
74312 74317
4772 4818
39183 39205
63815 63848
47615 47639
68112 68146
25379 25392
63670 63774
26336 26338
55474 55531
73624 73680
78277 78374
28976 29030
34038 34128
21471 21491
72650 72651
59777 59821
58864 58871
57176 57256
39844 39986
24653 24755
28716 28749
66675 66858
51558 51651
12021 12101
70779 70852
20667 20691
35399 35402
69878 69930
1870 1944
1060 1112
31256 31314
43278 43300
62857 62871
72750 72825
54956 55060
48384 48465
45586 45677
65016 65055
40413 40653
22331 22376
20915 20922
6412 6457
14222 14381
79757 79762
51828 51834
48776 48782
23021 23045
70188 70196
52048 52070
2088 2212
37378 37401
79671 79690
5313 5362
42177 42274
76413 76453
10822 10835
190 267
67289 67506
52069 52145
45706 45772
7995 8009
8690 8780
51761 51787
27576 27594
27276 27284
44717 44749
39520 39553
37069 37088
30794 30953
62531 62565
5556 5624
4070 4086
37880 37894
62668 62757
59613 59652
13230 13339
67022 67023
17848 18114
34759 34784
1025 1105
78982 79003
79482 79509
79115 79119
38628 38646
47982 47985
10220 10224
74729 74791
58168 58229
12318 12321
29576 29588
4907 4954
32450 32461
33155 33235
33635 33663
24838 24860
61451 61462
31379 31392
51584 51585
8247 8312
48531 48575
43611 43632
48168 48308
9082 9143
3713 3717
16347 16359
22346 22406
51446 51459
35291 35345
24467 24554
5700 5836
72009 72032
35912 35943
7159 7160
74793 74849
74962 74969
43731 43789
77241 77271
23529 23568
79963 92
66206 66295
18026 18044
38641 38709
53954 53985
49779 49795
4105 4121
20788 20900
26409 26588
49010 49026
76581 76644
30150 30154
63195 63219
50963 50969
38543 38582
57820 58018
25672 25681
64570 64585
36093 36114
44545 44559
65539 65570
70736 70747
48412 48596
37509 37532
10111 10148
58915 59014
78631 78650
45007 45019
28557 28567
70971 70980
40580 40771
60062 60177
63047 63177
34718 34785
54630 54635
46045 46130
53441 53489
45584 45658
21680 21699
26195 26254
76438 76531
2420 2476
29692 29764
74766 74778
45704 45710
59726 59768
20958 21008
34299 34346
51662 51679
60321 60358
36306 36399
44297 44307
57368 57475
2949 2956
57264 57273
65651 65695
10281 10296
1465 1478
19479 19661
68772 68861
51870 51994
59836 59848
54451 54460
71443 71475
25057 25087
69934 70018
5354 5355
20491 20516
60938 61133
6108 6125
35329 35361
35230 35280
58521 58536
51819 51871
24318 24336
54550 54571
24026 24051
45062 45087
2782 2816
35567 35622
35820 35830
55556 55691
79251 79265
19778 19790
48710 48720
30270 30322
449 510
762 848
63915 64007
26547 26639
31748 31754
37305 37313
66800 66804
61388 61477
51349 51519
40063 40197
48205 48228
66014 66070
36868 36883
63800 63851
21550 21628
3107 3378
35313 35387
2565 2569
8070 8089
13556 13575
6838 6854
39886 39969
25959 25971
1357 1390
45755 45763
55331 55370
31875 31888
58901 58986
56166 56256
56022 56224
75950 75958
22974 22977
2023 2025
55434 55480
27818 28009
47093 47189
51106 51130
22090 22202
22607 22680
73890 73913
18302 18336
77111 77130
43485 43633
72417 72530
6046 6058
30170 30184
66554 66672
70799 70868
24255 24323
62068 62102
35460 35466
38403 38552
6643 6646
63266 63289
17207 17221
11921 11979
11219 11234
14549 14565
34710 34767
55197 55254
51096 51115
44680 44740
17515 17540
71820 71848
42318 42337
27623 27649
43953 43995
32610 32635
63539 63641
23752 23794
43408 43448
49767 49858
69903 70110
33029 33048
21310 21367
51240 51333
45488 45558
72669 72672
10074 10082
33869 34064
6365 6451
31941 31990
50840 50908
24741 24823
70307 70309
17150 17176
17727 17842
3296 3311
71325 71342
65543 65562
57672 57686
50152 50156
44442 44457
8688 8717
30590 30596
5582 5707
47234 47289
3417 3464
76635 76676
11693 11694
48771 48777
38974 38989
22242 22249
52449 52492
19939 20025
14963 14981
9980 10033
37712 37758
23035 23076
22322 22366
43801 43816
72403 72419
7638 7654
64938 65011
17165 17209
46578 46624
44409 44417
1647 1665
62255 62304
29562 29628
34090 34187
18897 18940
51964 51969
72641 72808
35247 35275
43971 43974
19879 19881
35252 35292
27500 27530
78810 78836
44797 44855
65864 65967
65241 65276
44486 44515
55297 55324
63310 63320
77376 77377
44233 44240
23956 23992
29783 29815
27337 27343
37337 37383
16375 16480
24641 24656
53661 53742
27289 27312
42244 42280
64634 64797
60245 60256
24994 25093
25889 25919
43113 43114
36088 36099
39462 39472
61022 61058
20891 20895
37833 37839
73729 73776
56069 56090
54878 54880
41819 41907
39287 39396
53379 53418
58310 58368
30622 30635
56278 56348
79508 79541
36814 36820
24692 24728
6553 6706
23652 23674
28288 28353
74347 74351
13954 14018
68297 68368
18881 18912
22656 22677
78230 78237
59869 59923
66418 66469
27852 27867
35202 35218
54875 54969
9009 9018
32314 32376
77056 77140
38635 38705
16913 16949
32614 32632
58562 58565
64875 64879
24739 24751
68448 68455
51863 51949
30016 30025
63973 64003
23372 23385
45386 45430
34761 34915
47695 47834
36836 36858
71473 71476
77828 77871
11132 11180
8041 8150
1773 1867
33729 33776
6747 6779
1110 1187
33505 33517
76885 76918
45015 45049
70562 70583
40730 40876
19254 19359
30432 30470
11598 11632
63256 63355
36487 36502
79414 79520
26646 26674
38163 38309
49841 49864
52232 52272
36985 37150
61536 61599
40859 40891
78082 78205
7055 7207
1700 1747
66999 67069
3901 3946
3592 3595
22512 22522
4044 4137
25785 25909
21568 21671
50463 50487
28503 28507
13085 13166
52149 52185
27782 27807
20356 20489
51403 51469
22089 22167
30430 30459
35547 35549
56730 56809
38072 38518
4340 4411
63388 63420
56777 56824
46047 46154
36781 36830
33495 33575
68602 68634
64886 64913
9157 9279
28216 28246
26864 26914
15279 15295
21863 21889
66516 66610
58873 58933
34178 34183
14555 14639
54576 54577
41993 42007
79571 79635
62267 62310
48829 49018
1487 1490
42392 42524
56580 56631
35861 35936
18794 18937
39818 39845
58646 58664
73324 73422
54326 54440
40327 40362
34860 34884
51552 51567
67002 67056
18835 18882
8396 8496
33741 33863
4756 4780
39414 39499
13841 13897
15063 15095
15383 15400
64203 64211
79184 79197
5385 5396
11080 11093
43336 43346
17431 17449
25619 25662
68927 68935
15629 15688
7125 7136
58909 59217
50564 50578
37993 38095
53756 53838
31538 31575
74122 74162
2603 2690
4077 4144
31765 31810
10395 10404
20841 20842
19135 19204
44539 44651
36332 36360
11584 11592
57844 57973
29594 29634
11986 12069
38250 38318
36303 36321
77385 77482
59029 59067
20275 20276
63596 63633
12736 12782
26131 26216
45181 45239
47321 47362
74051 74132
23792 23819
75891 76025
46975 47023
15771 15776
45884 45892
50134 50188
60903 60948
72293 72342
71884 71919
50200 50231
64514 64527
34073 34267
11801 11827
10465 10529
53872 53897
29226 29400
16423 16450
22610 22714
37639 37668
24953 24978
7545 7550
37358 37396
28429 28553
50751 50766
51120 51196
4331 4399
45366 45371
59199 59215
7832 7888
24732 24774
38734 38800
28412 28439
76411 76571
41073 41159
73653 73683
10375 10412
15735 15804
61363 61375
66895 66919
2842 2863
78247 78261
72804 72826
4816 4881
47378 47414
34063 34143
78747 78756
50191 50323
75590 75660
24277 24333
11891 11929
66179 66230
32546 32574
31684 31805
73039 73095
17294 17405
62172 62175
59416 59436
39739 39749
50162 50193
55365 55391
412 428
30810 30821
28343 28350
53391 53482
44053 44054
45695 45728
31867 31909
8111 8164
65513 65709
43528 43583
34689 34751
77508 77569
35495 35496
55860 55917
15275 15280
30721 30864
26650 26685
50700 50794
34508 34588
11633 11744
51332 51385
72201 72221
65640 65641
27638 27661
23023 23052
51607 51660
55560 55702
76945 77067
51814 51848
46772 46775
22816 22874
50644 50648
1809 1815
45154 45176
17152 17157
9700 9738
14248 14285
61969 61999
6732 6764
34879 34883
22599 22624
43585 43608
71661 71668
68430 68465
18792 18834
28956 28961
33718 33732
68235 68240
1045 1046
43665 43718
76977 77018
74052 74134
29015 29037
9654 9742
38247 38274
37612 37642
35404 35475
50992 51002
13000 13029
68463 68501
17709 17740
19145 19183
59214 59360
47881 47922
69840 69904
54797 54802
73493 73505
14277 14357
61697 61712
77293 77315
45919 45973
62649 62814
31267 31292
10472 10483
24221 24245
74692 74759
35725 35755
63020 63125
74372 74397
56949 56984
6982 6993
19332 19375
58022 58044
24098 24105
77097 77133
15237 15268
4471 4474
16494 16538
74430 74433
40753 40813
27865 27972
37955 38022
44908 44982
40691 40701
10143 10144
11702 11734
11296 11320
67682 67728
26678 26729
9133 9138
22068 22121
31919 31934
45233 45292
6593 6617
53161 53380
20522 20528
22682 22739
38484 38516
69759 69935
18719 18752
47960 47995
11717 11837
7656 7730
10449 10490
37361 37422
37020 37241
8233 8240
44464 44499
73744 73783
67676 67692
17079 17174
25875 26037
2471 2587
52043 52097
30767 30886
48685 48695
46565 46604
22982 22989
78676 78770
72496 72578
75472 75574
29557 29602
34475 34521
42751 42765
20248 20260
58813 58840
1693 1721
67601 67720
7511 7519
44036 44058
69503 69572
45836 45854
59031 59042
35791 35978
5807 5852
35852 35920
42834 42838
57099 57184
64659 64699
44528 44615
77311 77337
41792 41823
38738 38748
17765 17829
9446 9491
62806 62924
13216 13238
13351 13476
12335 12371
3520 3550
18149 18194
77073 77093
28270 28364
66279 66284
46404 46462
2398 2503
58277 58316
27525 27566
50803 50826
17632 17686
23945 24008
55214 55263
9243 9253
69708 69714
20093 20124
38541 38789
66365 66434
20122 20143
49851 50001
45421 45427
58279 58429
23638 23642
50206 50236
77233 77237
56488 56567
74299 74300
53370 53395
70855 70944
77913 77979
5839 5930
11229 11253
16344 16380
60601 60637
38850 38857
35624 35631
17474 17534
61923 61968
70379 70412
9180 9353
48088 48152
7427 7469
2577 2616
22283 22332
42027 42044
4332 4383
30702 30765
50951 50952
56421 56469
79618 79695
14997 15119
27882 27938
63878 63885
34288 34294
197 294
29843 29845
26714 26763
60874 60886
11023 11117
23496 23503
76019 76122
71066 71070
26225 26287
63694 63697
53225 53320
34736 34737
50317 50327
39401 39410
2142 2189
24496 24538
35860 35885
72931 72943
71757 71767
78769 78885
31855 32037
6552 6601
19185 19268
55262 55264
21536 21542
79323 79332
62665 62678
72172 72233
46726 46812
76672 76691
33518 33584
20896 21001
6085 6107
57289 57297
46855 46899
64725 64763
54578 54625
78832 78923
54366 54546
1438 1479
62114 62139
32443 32462
6622 6695
14299 14329
74452 74601
72525 72539
4401 4402
33955 33956
25428 25465
53545 53596
17219 17248
48737 48842
25125 25243
18273 18311
35882 36210
72781 72818
67691 67764
20214 20240
497 507
48973 48977
10979 11106
40381 40460
65061 65192
41482 41621
18687 18748
27070 27107
6849 6918
28979 28988
50037 50039
32970 33064
75692 75720
465 477
76107 76116
37393 37418
39914 39942
3681 3683
62592 62609
32838 32894
7342 7344
56220 56252
55981 56011
42379 42442
69807 69824
58208 58247
24437 24453
2220 2235
11150 11160
22825 22893
12605 12698
11022 11072
69103 69177
71106 71108
55699 55739
19483 19531
26909 27029
54265 54268
63821 63846
76790 76825
24625 24630
55541 55555
1632 1639
18103 18123
62137 62156
23626 23864
60735 60760
26003 26014
28386 28398
32668 32737
36211 36292
8957 9088
32485 32560
75769 75899
30824 30827
54141 54159
38990 39002
7707 7708
71254 71288
47283 47326
24344 24406
69728 69784
55396 55400
41342 41635
29814 29853
34222 34225
955 979
19338 19345
11456 11524
19675 19751
32480 32499
63358 63399
887 890
64032 64122
58486 58527
55255 55295
62386 62390
41783 41854
49162 49185
41276 41292
66698 66704
69138 69168
34654 34688
25470 25485
6098 6114
21994 22006
64479 64497
3449 3483
17851 17876
76065 76187
899 1054
32179 32212
30726 30753
2249 2258
55351 55380
37476 37500
6467 6526
17387 17401
32692 32725
29137 29144
1352 1365
68774 68812
64354 64356
11301 11433
28692 28745
20171 20261
2262 2268
30773 30785
73723 73787
75187 75405
71798 71849
12319 12365
8921 8939
66840 66900
70888 70919
9474 9499
4214 4232
15041 15045
31738 31740
16666 16703
76114 76153
35421 35426
57699 57721
4683 4698
12357 12438
63061 63086
55084 55142
30949 31030
20554 20595
9943 9978
36758 36967
12523 12544
21111 21138
57316 57317
47620 47636
40933 40948
33470 33483
1768 1811
73888 73895
21763 21869
22723 22724
51956 52062
78598 78622
77675 77681
67238 67272
44026 44065
2122 2257
64935 64957
65187 65196
70731 70752
67190 67237
15001 15043
77117 77132
64044 64062
26105 26126
21455 21499
18551 18575
15552 15566
1118 1130
70139 70174
54444 54533
75646 75683
4530 4534
6343 6370
12645 12733
6431 6590
35732 35763
17531 17551
5889 5921
31461 31492
5040 5056
58681 58691
48903 49045
65088 65110
71400 71412
58302 58447
27067 27130
39138 39144
58923 58976
35659 35688
76757 76765
69342 69357
76310 76352
44429 44503
33346 33355
6843 6858
27629 27761
74764 74838
76279 76311
8529 8591
778 786
2120 2125
70977 70983
42164 42228
61912 61929
43308 43315
2490 2501
9622 9766
48272 48303
46502 46543
6873 6877
70676 70686
9232 9336
68723 68725
5433 5462
56678 56682
6435 6518
61866 62003
57005 57125
4384 4457
75165 75192
27992 28008
61433 61446
74947 75017
10614 10650
44165 44207
42079 42168
39799 39879
9519 9527
68389 68470
60981 61224
32275 32360
4076 4104
55804 55809
52204 52332
51987 51988
52996 53001
45229 45282
6989 7114
44337 44345
71355 71384
77229 77244
77042 77049
3658 3697
46886 46972
57417 57476
43376 43476
58913 58924
70426 70449
69421 69485
38338 38373
57864 57867
63332 63334
38223 38249
22664 22700
51351 51422
13125 13183
23055 23164
52694 52837
58779 58808
26201 26215
71714 71803
34787 34799
39112 39115
37257 37330
64721 64815
55046 55066
63511 63576
2436 2470
61285 61321
77943 77952
3140 3225
5671 5680
79886 79905
42882 43343
56589 56645
3443 3467
75939 75941
621 659
34518 34524
55594 55613
10323 10336
76827 76888
67429 67439
7933 8014
2940 2964
3610 3677
55961 56000
56816 56847
45982 46156
13705 13725
48013 48014
66757 66809
68081 68101
71098 71150
68746 68757
61339 61366
36070 36122
40155 40268
76974 77020
72615 72616
5905 5910
28615 28619
16925 16984
37329 37376
44922 44927
79170 79175
55047 55091
20627 20661
39779 39817
66951 67031
30412 30435
65760 65770
16742 16762
2684 2697
26490 26556
67555 67597
49389 49400
61134 61161
51807 51925
39572 39677
18853 18919
32992 33051
50810 50811
67001 67062
64507 64542
57266 57268
28375 28402
7323 7355
71440 71561
26804 26824
73540 73551
54235 54246
4207 4308
8239 8344
31108 31122
51416 51484
76791 76834
68682 68780
29532 29566
65341 65361
20902 20925
52890 52917
41624 41785
78359 78369
39421 39461
28652 28673
68582 68655
43286 43311
49123 49140
10357 10398
40447 40558
33563 33606
22275 22307
15016 15033
70807 70953
42207 42208
69136 69257
42959 42961
60626 60731
30227 30250
20546 20710
78917 78940
63724 63757
573 596
61681 61727
32752 32807
28946 28949
62237 62238
59002 59005
7231 7284
10573 10578
45843 45887
68115 68392
25903 25924
67928 68158
24829 24886
50669 50686
42154 42191
45944 45983
11664 11742
68279 68341
6426 6487
54573 54603
702 850
29629 29666
70288 70383
12929 12985
17052 17067
5625 5657
70508 70522
18665 18727
13201 13329
27926 27979
26158 26162
64958 65015
47285 47377
51423 51533
68615 68658
39977 40084
28884 28922
54677 54722
75647 75667
6288 6341
42650 42658
67618 67634
67397 67526
57349 57357
71459 71478
44286 44290
40214 40329
40913 41049
63823 63869
17786 18055
57241 57326
59432 59454
68630 68660
63206 63292
3502 3519
13459 13500
1011 1050
73550 73557
11819 11825
40443 40475
5775 5840
66839 66882
45002 45050
50157 50212
27458 27466
60118 60172
72925 72947
31340 31397
63546 63578
4302 4349
3856 3867
29606 29657
68233 68236
50567 50609
28229 28238
18707 18742
27863 27924
4890 5042
79853 3
37594 37689
50454 50560
45825 45827
48138 48165
9012 9014
50137 50161
48636 48647
38981 39045
59697 59764
79926 79937
33731 33752
12704 12973
15291 15296
58711 58730
15436 15628
673 712
66584 66586
11418 11442
75471 75473
62336 62364
9899 9904
31854 31902
50634 50656
46800 46868
35425 35461
18970 18985
68638 68640
40575 40782
45215 45218
64379 64531
26188 26197
15432 15463
47763 47775
26796 26806
38624 38634
37322 37343
23026 23038
2573 2624
79649 79733
19758 19871
61584 61711
12162 12348
1035 1144
74717 74740
43339 43349
64149 64176
35784 35874
1066 1090
78761 78843
52640 52653
29887 29912
600 622
25211 25287
2643 2666
58203 58255
35515 35604
45700 45822
37221 37280
16790 16822
7810 7922
69437 69558
48326 48362
77689 77763
22288 22398
62381 62388
6999 7164
36446 36458
69542 69547
11583 11588
22315 22335
51393 51401
2094 2102
42673 42716
16849 16857
9386 9409
3072 3195
71190 71237
70580 70598
12234 12242
62421 62536
17139 17160
10408 10508
62079 62090
78677 78693
18146 18195
16459 16467
41837 41859
41995 42119
49088 49112
23357 23380
23700 23721
53122 53202
57471 57557
59639 59693
23672 23726
57247 57487
72753 73020
1570 1591
24244 24275
59256 59280
62916 63267
51782 51797
53568 53579
43543 43551
23597 23611
72048 72078
36116 36199
56310 56342
48207 48269
11803 11918
18362 18388
19274 19277
51150 51279
2786 2810
40280 40288
48214 48219
75772 75779
68494 68643
7530 7586
474 555
77524 77534
69729 69737
45369 45396
12811 12922
43904 43955
76890 76927
11065 11135
46742 46788
79441 79475
19967 20021
71049 71116
71011 71059
43616 43629
49511 49561
24986 25001
2977 2986
9718 9757
44897 44961
33245 33250
78724 78779
19159 19163
36202 36204
45923 45956
63930 63942
29261 29317
17735 17826
18895 18916
60288 60355
47647 47652
20920 20972
64645 64736
49256 49269
42125 42134
46766 46792
74762 74777
78340 78411
23493 23526
56128 56206
28624 28755
22303 22360
7132 7229
40139 40149
63754 63793
45072 45099
27370 27442
37292 37308
25247 25248
11872 11876
17447 17470
11793 11802
50999 51044
49920 49941
18395 18449
1842 1895
77006 77057
33378 33405
22765 22790
33456 33533
43835 43838
56732 56776
47205 47256
42233 42256
59551 59571
20094 20126
32676 32677
52468 52509
68565 68603
40015 40054
24492 24599
1705 1804
17856 17909
38581 38589
77305 77358
61215 61223
47832 47844
46221 46226
30209 30232
24831 24843
23558 23566
38822 38836
47235 47236
10432 10433
49700 49783
64710 64811
63378 63396
10709 10750
23687 23720
43647 43669
31204 31239
4225 4231
35616 35630
40027 40073
21728 21753
21337 21357
266 268
66020 66046
40935 40963
15087 15089
67193 67210
41222 41399
60011 60027
25801 25877
19784 19796
18215 18278
17423 17429
69079 69178
9311 9333
31401 31657
71497 71591
44781 44784
53811 53822
56212 56236
24642 24664
988 998
13283 13366
50484 50497
14208 14256
65021 65063
22747 22789
76355 76356
50935 51014
74214 74216
60059 60073
75784 75793
60053 60081
24312 24342
73935 73994
33886 33899
7479 7499
43723 43791
22318 22328
52275 52324
58405 58408
21816 21865
72761 72773
29926 30008
71204 71296
28449 28462
73264 73282
32164 32313
12684 12716
56624 56635
23960 23988
75296 75297
24363 24550
72987 72995
56538 56559
75359 75365
2097 2106
59336 59393
34805 34829
51315 51318
37137 37153
67221 67283
11223 11388
39463 39475
47258 47368
55753 55869
8732 8751
23463 23475
37429 37451
46547 46557
76315 76343
60175 60326
33795 33808
47404 47456
79200 79211
30 119
35437 35473
62833 62836
64155 64173
19934 19962
64644 64692
58708 58737
39254 39266
79871 79987
71715 71812
60867 60933
60908 61003
67260 67269
20228 20268
47877 47967
21741 21766
17546 17596
41580 41611
17036 17285
35953 35970
64370 64388
66498 66533
57424 57523
39271 39331
42025 42085
68562 68566
49317 49441
37850 37917
13540 13550
76850 76875
8822 8857
18676 18753
63496 63501
7582 7669
69061 69064
4078 4133
79547 79553
18472 18474
3310 3324
30300 30411
28761 28834
66443 66494
61715 61813
33992 34036
37734 37814
57299 57472
23564 23707
60644 60648
26029 26084
1189 1196
43497 43523
18795 18865
59512 59574
56661 56743
38876 38905
4798 4835
49303 49304
79280 79370
48886 48895
42221 42239
12167 12197
61099 61152
9068 9090
67729 67747
52641 52654
18737 18757
10876 10896
55341 55373
70261 70279
724 730
53351 53358
27061 27274
31136 31179
12735 12764
27246 27248
1631 1671
37792 37815
67984 68088
15236 15299
7209 7220
23909 23912
50828 50831
77490 77518
49427 49434
29172 29190
49976 49986
79396 79449
34632 34668
73933 73952
50537 50574
36890 36896
74904 74916
6415 6491
6007 6042
69190 69233
38687 38749
71318 71339
63600 63691
63059 63173
76483 76585
32916 32937
56324 56387
34653 34661
42265 42361
18609 18741
13637 13667
6009 6070
26414 26460
43487 43508
58914 58957
3422 3471
32120 32219
64998 65219
26269 26335
67574 67613
19314 19427
49390 49412
55150 55180
42999 43085
73980 74117
40515 40519
55630 55687
40370 40414
77863 77872
4283 4290
22163 22232
1820 1904
52161 52193
25503 25530
36090 36119
69883 69954
65602 65631
20542 20548
12418 12454
24740 24816
64490 64544
44767 44820
28898 28940
40449 40484
71940 71946
64969 65019
53631 53698
58324 58353
11450 11452
34104 34158
51577 51583
41146 41170
10072 10188
58685 58721
55929 55997
49184 49247
13545 13551
17989 18032
73224 73231
21852 21891
28841 28850
22850 22879
2206 2208
36629 36816
39757 39782
15646 15707
38033 38038
35214 35254
32391 32406
27821 27848
73155 73165
22207 22246
45899 45955
26048 26077
1587 1589
24705 24724
14792 14809
13962 14005
22030 22050
74306 74394
72893 72937
21601 21652
48853 48862
11760 11763
71639 71679
27444 27532
34190 34197
18984 19010
64437 64505
8078 8091
56097 56125
22443 22510
7046 7064
26507 26528
5989 5992
7141 7147
30808 30823
16741 16753
29118 29167
15126 15227
79617 79683
9948 10028
53260 53287
48418 48421
33452 33698
65584 65669
52867 52884
16288 16294
77843 77912
26299 26314
70185 70303
54261 54316
24167 24233
16511 16528
42203 42243
45479 45515
57788 57795
29201 29228
11129 11133
68348 68405
27123 27180
4664 4679
55709 55733
44710 44823
22806 22824
67990 68174
20566 20575
9224 9226
21632 21655
58349 58482
69746 69757
48708 48711
76349 76351
38654 38665
32510 32540
17461 17476
33031 33033
1257 1368
17843 17849
18356 18372
18110 18216
158 269
31727 31741
73811 73832
32149 32264
58420 58451
29425 29435
46630 46665
53286 53298
72255 72291
57008 57068
59618 59666
5712 5734
55511 55514
61725 61728
2992 2999
67489 67491
25942 25955
68150 68184
33652 33671
60391 60396
54004 54065
1614 1620
20153 20215
26483 26499
8227 8364
16146 16160
25410 25430
43473 43482
48306 48343
27394 27407
19248 19251
11607 11724
5814 5822
19364 19471
20369 20393
46826 46839
16785 16892
38921 39128
30586 30600
32848 32953
31325 31337
24005 24160
40554 40583
11251 11272
38623 38632
18635 18680
20384 20387
60447 60491
33202 33301
55858 55870
4579 4586
45996 46152
10443 10468
50406 50511
7070 7071
2196 2228
15348 15553
46304 46310
15322 15376
53233 53349
71283 71294
62230 62233
69553 69596
24835 24861
43766 43773
75626 75770
50247 50252
37030 37074
51708 51733
10922 10950
46265 46444
14385 14424
56472 56514
47890 47912
5486 5499
27348 27351
43947 44033
76886 76893
30060 30115
16171 16177
51245 51267
78412 78423
46393 46416
70591 70680
42328 42341
1695 1734
65102 65131
49313 49394
28160 28166
70418 70475
77903 77936
20243 20288
17904 17922
22482 22523
51136 51187
23929 23966
37013 37032
45445 45495
5703 5716
9390 9490
72248 72316
54929 54944
66762 66826
56093 56105
46205 46238
73110 73117
39661 39678
57726 57862
17375 17392
31680 31682
17096 17124
7265 7299
75106 75130
52711 52716
10492 10554
55088 55110
6277 6306
77777 77786
68147 68164
126 255
44517 44533
52789 52871
15013 15065
36754 36806
66254 66282
51145 51160
20734 20742
44372 44394
5445 5507
990 999
54513 54565
75404 75411
59924 59971
34849 34869
36304 36316
46282 46371
43178 43267
75499 75520
51689 51707
28546 28549
8168 8191
8346 8376
42819 42825
25304 25331
64282 64283
14558 14621
3130 3167
19167 19205
71241 71248
4102 4136
52770 52892
43411 43436
30205 30226
41246 41320
11971 12007
44955 44986
72017 72024
66582 66595
43885 43905
37985 37987
36644 36683
74776 74790
35741 35756
8821 8823
31428 31470
2980 2989
51509 51547
4170 4217
65854 65872
66160 66209
77150 77152
21201 21258
22066 22076
58470 58544
244 339
28010 28028
5911 5913
68722 68726
41004 41042
52017 52136
25613 25623
3989 4063
62827 62839
30575 30631
7257 7291
50116 50241
65367 65414
28768 28810
55260 55315
26449 26595
7017 7018
45006 45055
25099 25177
28660 28685
1197 1225
60807 60880
73253 73266
61503 61525
61316 61348
9832 9881
20961 20964
8913 8954
60781 60796
34276 34313
28122 28137
68670 68681
37883 37912
20300 20344
33411 33463
3272 3283
7533 7627
3892 3914
28348 28358
56229 56240
64160 64201
15706 15758
6839 6869
51590 51610
23709 23832
64319 64404
39974 40024
10167 10226
57187 57281
62250 62278
17702 17746
28802 28836
77740 77890
26645 26784
31764 31823
59262 59267
6580 6606
9632 9635
67493 67544
37367 37406
65249 65257
60921 61127
46230 46247
41255 41344
69649 69650
17667 17688
67422 67434
27052 27055
76632 76660
26996 27000
16000 16078
51276 51322
611 986
56186 56203
56412 56420
61158 61162
35407 35486
34881 34888
37359 37404
75960 76024
11274 11334
65661 65824
2967 3039
32891 32907
68225 68299
17211 17249
12344 12403
63996 64061
74965 75015
65172 65216
18735 18736
48221 48239
21296 21353
78362 78375
17511 17615
63452 63555
67533 67594
23543 23594
75300 75356
74640 74661
21717 21895
70480 70484
4252 4318
7557 7584
19114 19138
2699 2713
62074 62109
37392 37417
79321 79407
66368 66378
57134 57143
3242 3260
73419 73438
45489 45548
65104 65120
30593 30609
19346 19557
51390 51399
41955 41975
57677 57933
10383 10447
57769 57797
74368 74375
47683 47781
15492 15559
42616 42675
29032 29129
54724 54818
57504 57524
62936 63074
65830 65941
10894 10897
40243 40354
76045 76144
79821 79854
7496 7503
33308 33401
30629 30640
19517 19568
5899 5919
48930 48965
33441 33557
65396 65519
47727 47813
43986 44021
17498 17499
33000 33030
32448 32454
2672 2681
13019 13020
67719 67742
37354 37364
2983 3078
78552 78569
57774 57866
34005 34011
43143 43246
4046 4197
52527 52586
8386 8387
21226 21271
46858 46878
51915 51917
60374 60456
36109 36120
64612 64655
16579 16629
31826 31910
28518 28577
75407 75498
65432 65481
68523 68536
20156 20202
3110 3206
45813 45838
76130 76207
8007 8100
35731 35757
14680 14738
45409 45426
72314 72363
16618 16690
57979 58004
35626 35663
72682 72706
13951 13960
64313 64316
9140 9283
4099 4110
66336 66360
6153 6269
73395 73413
16252 16289
65462 65473
1235 1284
25813 25831
59891 59912
43726 43735
4563 4583
45453 45463
7603 7621
79585 79604
51798 51821
46653 46762
868 944
63664 63790
47628 47697
57570 57618
37577 37648
76300 76302
4589 4688
12786 12893
21939 21954
74177 74255
38164 38199
63430 63439
9146 9159
8120 8151
8715 8718
29010 29040
41821 41862
21612 21656
76469 76586
69019 69024
44886 44905
71505 71560
40744 40811
30335 30465
53645 53700
73276 73326
8775 8794
6477 6485
12542 12563
12405 12411
62891 62898
1538 1565
16036 16043
36038 36063
58058 58112
55246 55411
29028 29140
56781 56789
75271 75283
41990 42017
62904 62934
18564 18574
77626 77713
50743 50792
21868 21904
69960 69964
18571 18588
47318 47381
49364 49397
13632 13806
5983 6038
37862 37989
78241 78266
70979 70995
23387 23556
27191 27226
61212 61245
54891 55068
18978 19058
42211 42251
78155 78157
58782 58836
28580 28586
76071 76199
46358 46442
27993 28018
75644 75703
39874 40008
53527 53574
66955 66968
39069 39075
29667 29718
61303 61306
54286 54553
46096 46133
9220 9258
51489 51490
34992 35095
7828 7834
65592 65615
6397 6406
46600 46608
41003 41015
17374 17464
65022 65074
61198 61210
71590 71616
77506 77608
56365 56379
42767 42830
40780 40820
75791 75920
53186 53206
55521 55559
10237 10298
5366 5370
25533 25625
42755 42815
2124 2132
6271 6274
56495 56513
41116 41130
36999 37043
62340 62397
5546 5588
72168 72188
32342 32347
62977 62979
47827 47842
22221 22336
67306 67365
206 328
64614 64690
61183 61197
61430 61434
54881 54884
28867 28872
49102 49208
12958 12980
51075 51255
37564 37686
69575 69606
77134 77277
47917 47931
41333 41418
21316 21389
72909 72916
57533 57571
17004 17021
26270 26298
997 1077
3648 4074
7028 7107
71259 71275
52736 52739
20759 20823
22567 22631
75684 75688
71487 71491
77931 77966
79481 79659
17932 17941
78617 78648
58932 58966
11517 11525
18582 18617
50853 50866
42400 42508
64047 64093
42587 42594
54885 54899
25970 25984
58458 58504
72465 72491
26331 26349
44605 44616
54497 54536
23599 23609
36556 36558
33867 33912
75059 75086
46449 46507
72597 72608
12912 12946
27486 27494
20927 21020
1233 1326
16254 16318
51827 51900
28272 28376
23691 23692
27181 27201
17291 17460
77572 77594
13611 13649
68871 68887
8613 8726
68276 68280
44411 44421
73328 73368
6084 6092
38088 38094
19223 19276
8765 8837
26367 26378
19704 19725
71238 71282
45514 45589
42421 42476
734 772
72130 72147
50849 50881
37911 37913
74061 74112
34600 34636
25861 25978
32328 32346
35635 35691
17284 17322
50192 50225
77792 77812
56839 56843
28325 28326
50376 50445
3558 3715
27653 27660
56431 56441
58128 58143
50775 50818
5736 5786
71664 71676
74166 74186
38278 38303
50900 50925
47335 47366
1546 1554
41828 41832
47041 47069
9005 9081
21922 21936
44590 44621
36492 36554
58098 58158
21096 21163
4973 5055
27321 27354
23481 23488
11346 11415
62069 62115
8203 8204
55035 55040
53373 53412
38897 38929
47726 47750
8219 8225
56433 56450
4850 4859
19564 19664
61178 61204
31585 31599
16620 16638
77699 77707
75689 75716
56417 56440
15699 15756
32557 32590
63088 63105
10464 10499
68868 68951
60442 60493
57160 57177
33294 33367
79037 79082
12324 12341
37941 37968
47348 47357
14570 14577
6514 6540
42375 42393
24589 24639
34930 34958
21120 21170
4867 4888
78536 78542
13617 13651
51409 51464
69324 69343
32587 32664
11516 11523
37649 37658
65260 65278
13584 13590
39593 39602
44289 44313
79758 79780
38961 38979
14150 14173
28852 28894
53438 53443
78077 78108
13966 13970
21927 21972
32084 32099
50533 50575
6155 6169
16743 16756
32291 32292
63133 63202
46897 46917
75479 75513
33081 33086
28746 28752
44875 44974
17988 17992
862 876
2809 2826
57217 57285
24248 24266
8588 8606
11870 11914
11628 11806
65283 65353
16763 16810
37673 37709
35525 35560
37943 38152
1012 1068
16911 17049
15419 15472
35715 35748
11188 11284
47412 47457
29797 29952
45654 45665
75858 75863
32449 32609
46099 46119
67904 68000
21546 21561
31750 31778
69922 69962
56726 56735
45214 45257
3229 3252
57136 57203
59980 59985
74011 74013
48931 48942
5907 6117
19536 19565
10689 10708
21592 21663
77285 77346
3046 3098
43197 43207
39385 39409
71499 71514
49178 49244
58603 58623
57999 58030
79238 79284
33268 33273
20677 20682
21285 21314
29838 29854
31081 31103
1143 1188
14786 14816
29029 29055
6195 6206
11367 11468
67101 67119
16447 16509
64705 64829
69017 69032
20056 20062
72877 72900
1380 1408
14608 14625
47031 47096
29748 29761
23983 24004
26241 26265
63265 63296
48959 48963
58200 58207
75033 75207
50830 50832
55347 55364
12881 12898
32191 32302
11104 11108
13206 13208
8342 8377
78559 78627
75125 75183
27958 27976
57706 57746
63273 63297
1676 1704
66203 66310
27925 27940
37866 37885
23710 23802
48367 48408
65097 65107
76722 76770
32154 32232
75767 75796
18679 18817
50063 50158
54604 54659
22576 22716
11518 11533
15664 15674
63630 63699
15251 15321
24285 24331
43764 43950
7139 7222
9974 10001
45962 45977
6178 6209
9016 9139
37805 37837
33708 33714
31090 31133
77842 77852
36307 36319
36006 36007
52098 52142
62981 63121
64978 65009
72456 72490
79535 79545
47307 47309
52278 52298
9383 9417
57375 57392
25506 25520
47397 47406
31230 31259
45318 45456
26623 26955
65921 65959
30866 30879
48692 48733
40678 40695
77981 78023
42726 42799
22663 22767
38934 38998
75945 76028
15219 15302
23936 23940
13282 13294
11347 11348
57181 57208
31903 31974
76683 76725
72847 72875
3436 3480
25519 25596
59947 59949
20229 20233
61020 61031
30050 30101
50114 50190
19552 19562
20782 20787
76808 76820
30735 30744
46155 46236
51410 51476
40509 40589
67741 67757
41644 41654
71643 71673
30899 30910
67361 67364
52563 52574
13944 14034
76931 76949
75414 75435
42324 42365
44252 44303
18643 18682
24269 24375
25627 25630
68419 68441
41709 41787
71529 71602
74651 74700
8611 8750
31676 31679
68618 68635
60393 60399
31116 31214
61221 61229
1214 1219
76148 76211
55451 55453
22798 22801
32782 32823
50413 50437
54188 54214
50091 50107
45817 45839
18692 18776
36244 36254
15596 15601
18917 18941
71295 71311
30915 30932
52064 52119
70491 70493
10054 10056
17232 17313
47829 47859
52385 52498
20615 20639
75973 75993
66697 66705
61852 61862
69756 69833
77496 77505
65180 65197
61831 61917
67546 67559
21899 21920
43674 43749
65923 65953
37981 37991
24445 24452
52987 53042
77946 77969
21669 21675
47472 47600
22909 22932
21998 22023
12933 12962
76708 76740
62058 62081
64983 65014
44015 44069
20100 20121
76338 76357
45485 45486
2634 2926
51776 51854
57812 57816
56409 56446
44543 44551
47174 47200
35069 35104
57112 57210
70325 70343
47814 47825
12055 12158
18728 18773
15544 15589
33256 33300
68263 68283
54791 54817
76417 76481
10813 10888
56223 56232
60582 60723
13775 13779
13358 13426
65318 65532
65811 65838
74133 74148
19042 19047
51241 51275
3728 3734
13720 13760
15523 15593
23946 23958
79647 79789
58196 58197
59582 59594
230 241
48436 48469
76564 76578
5459 5465
4745 4802
2401 2437
36676 36707
18443 18520
741 773
69619 69657
50130 50178
14481 14531
8429 8476
31796 31857
14145 14228
47051 47058
42986 43097
68740 68753
12741 12752
68956 69023
20534 20574
43779 43865
71950 72029
73098 73119
15090 15110
17346 17363
77502 77512
51260 51308
14490 14535
62945 62970
29247 29284
16132 16153
33248 33253
33442 33464
10817 10868
1638 1663
2131 2166
58574 58575
71485 71521
40160 40162
18244 18279
67925 67995
6309 6390
56411 56486
50399 50433
39259 39302
683 705
74984 75021
23248 23320
18202 18326
32387 32471
52608 52704
4957 4966
25820 25904
14784 14791
25836 25922
59246 59247
25572 25655
43738 43790
39085 39092
46843 46872
76857 76868
15271 15334
33292 33316
33288 33342
60403 60423
46874 47016
12894 12923
11566 11609
13099 13130
67396 67402
75308 75311
78715 78728
13795 13833
23633 23719
76532 76542
77829 77908
75477 75487
33390 33437
6645 6735
1097 1124
16413 16464
3949 4066
38188 38194
62566 62623
19102 19137
18775 18800
64184 64195
66094 66151
30554 30564
66630 66663
69887 70009
32411 32482
56939 56964
15725 15753
33976 34070
75955 76004
47323 47379
67866 67889
59264 59286
36989 37007
38064 38098
60176 60286
14111 14219
58560 58596
14818 14842
31947 31971
50682 50713
68139 68207
28330 28360
62769 62783
40119 40140
61790 61982
75851 75887
18559 18600
5427 5464
37978 38001
12370 12455
28558 28679
20933 20944
64739 64827
11766 11941
48471 48481
53821 53841
37785 37859
35344 35389
54010 54023
15374 15402
72590 72613
73789 73807
45250 45260
29655 29727
71165 71240
27373 27401
18485 18508
44531 44609
59419 59423
4676 4694
77533 77712
66931 66983
54297 54321
9634 9651
78800 78834
75990 76032
18289 18307
40417 40420
63745 63819
8321 8398
1690 1728
22665 22689
70399 70428
33908 34105
35569 35618
27069 27077
23935 23954
29309 29357
26764 26814
45790 45812
48687 48712
11455 11469
35674 35729
15098 15107
42729 42770
21225 21331
46601 46625
62165 62282
76229 76231
18669 18685
59647 59682
38459 38534
42187 42212
2048 2069
35216 35332
65552 65676
4714 4715
66075 66149
51701 51742
76433 76441
49166 49170
47808 47843
47151 47159
36966 37003
24870 24884
79601 79650
9897 9945
78007 78024
8011 8027
70424 70442
60824 60882
71967 71970
4027 4038
59996 60014
14703 14718
67667 67686
74891 74913
23061 23106
4587 4607
25416 25425
21143 21153
41477 41547
31837 31898
5759 5765
6636 6711
41456 41473
22641 22658
12337 12358
7847 7893
16696 16724
23112 23114
66847 66849
20487 20504
39761 39763
2456 2478
61230 61275
27104 27113
3439 3460
79255 79289
69340 69356
69403 69405
5220 5228
34861 34864
18156 18266
1218 1238
31375 31398
20507 20550
50507 50530
30098 30180
58249 58296
1914 2075
41874 41904
23855 23917
7662 7689
51024 51085
23173 23233
56637 56644
15990 16013
6948 6978
61143 61160
22047 22051
74194 74272
79138 79263
2353 2358
32729 32797
53316 53376
33946 34029
48818 48833
26139 26232
42723 42885
38236 38239
65139 65238
48106 48151
73920 73924
18446 18506
21693 21708
54613 54619
74575 74619
34617 34734
73006 73016
72794 72797
63660 63682
62682 62792
69940 70045
16222 16243
14686 14729
4251 4300
700 723
24601 24635
35322 35328
48264 48391
74483 74489
13468 13536
74553 74599
54329 54357
55708 55853
17647 17734
38062 38073
12182 12191
63349 63476
70446 70461
20629 20687
12132 12154
26825 26862
32832 32879
75739 75869
14454 14466
6692 6795
61718 61736
29123 29223
45732 45756
64247 64338
24782 24808
38433 38608
34507 34509
28664 28669
68273 68288
51847 51926
43852 43859
29367 29411
73822 73852
70014 70044
65207 65247
51536 51578
46668 46702
58252 58329
28373 28385
52287 52317
29924 29993
67748 67763
8948 8971
28004 28014
45046 45068
19805 19841
55467 55470
6848 6970
32326 32372
40123 40188
29092 29097
57499 57502
42023 42101
3927 4093
7149 7180
23785 23814
37119 37169
73138 73172
6360 6367
65977 66031
61324 61409
36813 36847
27262 27296
3813 3835
32083 32122
36135 36146
31878 31880
47094 47101
17012 17065
75372 75382
49513 49649
66744 66791
58162 58262
63415 63479
42629 42631
60789 60803
53483 53516
28597 28706
6272 6283
75219 75254
76472 76519
42789 42810
79729 79746
20381 20438
6356 6469
54583 54606
40518 40552
40949 41009
34527 34544
36939 37018
31216 31295
12457 12460
40286 40333
49219 49246
38166 38171
42495 42548
76693 76729
38300 38336
66412 66416
71997 72047
9433 9502
35914 35915
35237 35240
33694 33735
40097 40110
35505 35561
43352 43395
11338 11366
32884 32933
72464 72522
9561 9602
67891 67916
39607 39655
16477 16482
77732 77770
20966 21017
65176 65205
64499 64587
9587 9621
5743 5758
49272 49341
78478 78495
69892 69926
61194 61195
34161 34203
76766 76830
58637 58662
38694 38699
10048 10052
66758 66776
41363 41402
73345 73449
78980 79021
37087 37107
79224 79271
40675 40686
53957 53958
34432 34486
68679 68744
61028 61167
3105 3109
30729 30796
17 45
25560 25582
16527 16624
48291 48307
74031 74104
27286 27310
21254 21304
17548 17683
63370 63398
43506 43581
77816 77819
33577 33592
24606 24633
15096 15102
58602 58696
70770 70792
63623 63662
61922 61959
74480 74528
36507 36534
49165 49179
53011 53177
28868 28876
36606 36656
75259 75269
42205 42246
23317 23472
62082 62088
42910 42916
16656 16660
26761 26762
38845 38870
18237 18257
5544 5658
27155 27162
57563 57643
13527 13609
34556 34561
52141 52168
7217 7218
52131 52180
45395 45454
15644 15695
72927 72961
37327 37334
2145 2201
6021 6056
3202 3267
55136 55139
8058 8069
5107 5129
72125 72153
24761 24771
63078 63092
7597 7598
4123 4126
39966 40007
47590 47597
45533 45538
47551 47567
47671 47689
2317 2330
21079 21087
26512 26579
52361 52370
57521 57535
9763 9779
30928 31072
48796 48841
55327 55328
74813 74827
27588 27589
70070 70136
59952 59994
35782 35835
26943 26966
33622 33659
57407 57411
33 46
10941 11008
60293 60365
75012 75055
56018 56041
64225 64230
74446 74472
18841 18887
6421 6510
69952 70010
7002 7072
23907 23914
8924 8937
33453 33503
35164 35217
44761 44768
36710 36731
74848 74937
39856 39881
56424 56439
73554 73629
68016 68029
67348 67424
32767 32828
921 959
45330 45388
62721 62731
52391 52428
12892 13091
71239 71324
51793 51806
31432 31435
60098 60138
14012 14023
58753 58774
31410 31444
6018 6060
62952 63038
26435 26456
43306 43332
76572 76629
40572 40742
59046 59099
60993 60994
27482 27505
17720 17767
26704 26737
62248 62270
33184 33290
56274 56277
72519 72538
77350 77353
3641 3655
36345 36353
35808 35846
27211 27247
27409 27462
38988 39048
2135 2143
18473 18507
5998 6002
29614 29690
68957 68976
48265 48266
34564 34619
3325 3426
32253 32351
49992 50015
39209 39245
2412 2526
30152 30168
17810 17871
72181 72303
74614 74677
26253 26333
12995 13041
57641 57668
66941 66956
79657 79710
66142 66168
4988 5028
48394 48409
36876 37167
30490 30658
19110 19154
14926 15017
60187 60215
15264 15266
35607 35617
74905 74953
73136 73142
76339 76378
37014 37021
52801 52844
55589 55601
17784 17803
21856 21937
37493 37521
18087 18107
18519 18581
52388 52400
70247 70271
67718 67724
21095 21135
56243 56407
14353 14389
1535 1580
78813 78856
19493 19511
3409 3427
62856 62921
60238 60361
6876 6914
35985 35997
56578 56616
13390 13391
34936 34968
42302 42349
55477 55484
31623 31649
66657 66703
3060 3095
27855 27909
12516 12619
55253 55269
45401 45404
43179 43304
58163 58214
76318 76340
53837 53863
63568 63571
34811 34921
67425 67432
9003 9015
319 332
31733 31744
13100 13199
2647 2662
45615 45721
47796 47798
34627 34630
48544 48602
3354 3388
25967 25998
37200 37238
76988 77060
3602 3674
9187 9210
79350 79364
73582 73600
59605 59632
8888 8973
45261 45365
61896 61900
68691 68711
15258 15281
45917 45922
52536 52583
9958 9982
26167 26187
44893 44895
32940 32961
3754 3781
54705 54750
28033 28077
44600 44702
21875 21879
74395 74407
45030 45140
66264 66298
10814 10832
50228 50268
52187 52196
54942 55027
8796 8808
30128 30222
65761 65943
70707 70751
20372 20382
20350 20450
22968 23071
59485 59535
48223 48268
76684 76694
8659 8676
5401 5424
61858 61868
47461 47489
60568 60572
79503 79521
62260 62290
9248 9262
79343 79344
62169 62211
62347 62349
56880 56898
76151 76235
62902 62978
22308 22353
51830 51883
74386 74401
57038 57055
4163 4174
12938 12944
36612 36701
70841 70867
52389 52422
26285 26341
32710 32748
18874 18885
75875 75977
54417 54425
53844 53885
44431 44444
30706 30780
30745 30792
56668 56714
7122 7168
57620 57849
21101 21133
66973 67026
64015 64030
22671 22678
14435 14446
50742 50786
19294 19300
32682 32722
26465 26473
9017 9024
36839 36851
33146 33147
66278 66283
14371 14462
31293 31367
28851 28995
42553 42572
3538 3554
1180 1192
8161 8167
45583 45641
18187 18189
31399 31417
50008 50182
45748 45760
29363 29389
27809 27822
54320 54344
15231 15247
50501 50614
12580 12661
71213 71228
27928 27945
33332 33344
53474 53543
63427 63464
55861 55911
42051 42064
72337 72442
79891 79921
55344 55528
44351 44413
13 88
67354 67391
68475 68518
10091 10117
61529 61562
47243 47251
64746 64784
78841 78849
17005 17014
29568 29584
9623 9655
38818 38865
26920 27212
47693 47707
52724 52734
6831 6865
7150 7173
75561 75573
49299 49301
53789 53819
7318 7440
15408 15457
54671 54692
48851 48882
52620 52647
55614 55632
19838 19863
30881 30887
41822 41898
53538 53549
8483 8550
61216 61217
37015 37131
809 1047
12057 12113
17239 17302
43828 43861
45057 45168
44292 44334
16683 16746
1540 1602
29535 29551
31573 31626
70071 70078
17563 17582
52648 52720
10386 10411
4119 4131
23161 23171
76017 76042
23601 23651
69877 69880
19126 19181
67200 67246
59033 59065
42568 42640
43615 43631
24531 24557
29732 29740
30611 30617
18410 18445
79248 79258
72224 72244
50759 50787
53817 53827
19392 19404
38425 38443
45156 45178
79740 79756
32994 33007
23318 23348
62774 62808
78446 78466
7098 7146
50663 50697
19711 19846
68886 68949
65239 65256
23995 24039
50612 50678
15979 16101
4611 4645
24210 24330
45857 45946
36388 36439
31505 31581
30126 30269
36798 36881
70048 70065
11535 11627
69691 69726
66400 66413
52006 52094
1853 1960
34773 34827
23893 23943
34344 34383
35029 35054
78700 78730
66121 66150
49080 49209
12202 12261
50427 50432
72727 72733
58375 58440
65939 65945
17752 17753
5772 5799
12173 12293
25986 26060
42671 42680
55865 55948
6804 6805
35951 35986
34174 34184
3335 3337
54084 54086
23575 23595
62877 62887
41305 41324
51661 51682
23639 23663
39896 39949
18116 18120
64698 64740
3515 3522
36298 36432
35392 35434
4735 4737
63775 63864
53605 53637
58869 59175
53887 53898
76692 76720
45629 45632
53801 53848
74822 74832
7339 7428
69959 69992
57974 57989
55486 55530
74084 74176
62332 62351
39548 39578
23432 23483
18708 18862
9340 9350
71300 71332
64557 64566
73203 73226
36357 36378
15290 15323
53466 53490
33358 33366
14126 14188
67296 67322
39579 39592
27488 27490
3910 3972
6509 6570
27904 27967
53899 53919
42544 42604
6933 6997
2338 2346
58412 58464
55016 55038
25212 25220
68140 68227
21616 21715
14359 14361
8947 9007
77631 77724
22210 22259
15105 15225
1051 1082
75240 75272
47313 47389
73092 73280
42045 42047
11157 11178
29832 29835
8153 8228
51588 51613
44257 44284
15039 15286
31486 31496
27250 27333
62509 62524
69215 69229
1288 1307
7138 7143
57086 57140
78361 78433
56356 56396
43290 43362
42391 42441
17560 17639
48048 48067
59894 59899
36670 36682
13012 13032
75483 75493
66291 66332
69913 69965
57267 57327
48909 48943
54652 54684
78008 78032
20957 20981
30504 30613
59362 59429
8959 8967
14058 14114
40908 40980
53686 53688
40592 40656
17479 17567
1750 1784
51011 51041
54852 54902
7403 7513
4114 4198
71433 71479
43307 43318
50229 50263
7671 7793
12696 12718
13326 13356
24768 24785
60475 60483
3898 3932
2602 2627
71689 71692
77697 77746
15405 15626
68478 68497
37601 37745
36280 36290
7673 7729
10905 11027
67870 67957
54168 54169
39633 39673
619 620
29054 29068
55004 55062
79363 79384
309 347
22415 22451
27132 27135
907 926
79459 79471
32144 32188
42698 42700
55898 55899
53786 53812
51709 51767
16774 16776
10510 10545
47346 47371
42232 42289
74060 74078
36421 36568
32038 32060
24696 24875
63406 63584
63401 63416
31017 31079
11177 11243
61201 61248
41664 41760
76221 76222
17258 17377
58047 58079
61466 61561
49801 49824
21308 21309
34439 34449
24019 24020
66787 66928
70072 70096
23533 23645
350 401
37506 37514
75141 75147
2269 2270
35656 35668
15047 15067
63748 63782
75338 75383
71953 72020
65307 65331
66781 66792
1492 1552
76050 76097
484 494
19457 19488
29726 29729
20557 20573
19461 19467
32596 32600
32788 32793
38290 38322
75880 76066
17925 17930
47979 47997
4824 4834
79995 10
47471 47476
48846 48865
26348 26377
15573 15608
43928 44025
42550 42624
66545 66566
11207 11248
27725 27733
79191 79204
29949 29986
41234 41295
61441 61495
35195 35197
78303 78326
60186 60287
55897 55945
17277 17304
74538 74596
30725 30734
64992 65038
40546 40594
29601 29636
30185 30199
62135 62141
79631 79672
29202 29282
33251 33323
8645 8686
36331 36336
19409 19442
33918 33924
54438 54484
47650 47665
26816 26901
72276 72311
42478 42498
79633 79644
5805 5806
51696 51726
36313 36337
61454 61496
58578 58591
65736 65910
62298 62365
77294 77437
32986 32990
33240 33241
79843 79862
11276 11306
77938 78137
16373 16395
23546 23563
75188 75236
74415 74436
30390 30426
32335 32379
14730 14752
26980 27019
49761 49827
56190 56241
59050 59057
12148 12159
6713 6746
50502 50518
19914 19995
18438 18451
58626 58666
15666 15680
79986 79989
44791 44822
13031 13054
14325 14343
24859 24873
71271 71297
14790 14850
13170 13194
9614 9620
42759 42807
55073 55111
34880 34895
64042 64045
35268 35438
5618 5655
1798 1833
21802 21825
54599 54616
63471 63484
22653 22766
367 368
25339 25391
26071 26177
54804 54841
14308 14327
34351 34387
65358 65399
32645 32742
44079 44086
13071 13191
77752 77755
53732 53751
36772 36792
64021 64103
76539 76610
52444 52453
45521 45530
19654 19682
39541 39600
20290 20358
68577 68605
55181 55185
14654 14657
3834 3858
12616 12683
5690 5753
44977 44980
67824 67868
25669 25770
26681 26682
23741 23742
44193 44242
816 843
43416 43479
16642 16687
6906 6907
47852 47953
28081 28101
2615 2619
49361 49366
17204 17208
22738 22759
20394 20415
33450 33474
69529 69531
50072 50100
50414 50420
27017 27051
67831 67860
26526 26549
51756 51804
54931 55057
33461 33498
40529 40608
46690 46738
70241 70246
56766 56780
37652 37670
5678 5856
33357 33363
60590 60707
56034 56085
77317 77335
34026 34087
28264 28304
54703 54728
78273 78275
48024 48164
45518 45532
65932 65955
25244 25279
58134 58233
7815 7842
48691 48696
44844 44917
57715 57764
46325 46377
49953 49973
4200 4320
43900 43914
62198 62204
1019 1020
75457 75505
40520 40632
74590 74594
17297 17395
48634 48643
72059 72082
47250 47311
9819 9960
9799 9841
16409 16483
77342 77364
10183 10342
75845 75919
12952 13009
147 203
32022 32093
39448 39471
67871 67894
29623 29652
27643 27696
63760 63826
52021 52057
28248 28317
26481 26730
59201 59281
66844 66901
9087 9103
57798 57846
47141 47178
15675 15704
42940 42984
79879 9
36898 36976
8696 8762
45912 46062
59371 59525
15581 15641
63625 63657
68790 68811
52200 52261
61592 61662
9242 9275
55149 55200
5298 5376
48779 48783
13726 13975
15865 16058
36628 36711
73236 73286
72204 72207
34729 34739
40398 40500
46512 46539
79205 79232
56222 56245
2876 2899
42444 42536
20593 20633
59886 59892
54730 54801
48785 48803
43035 43070
72646 72693
76254 76390
28233 28291
49533 49537
43716 43793
17818 17882
78646 78653
9341 9358
17528 17758
12603 12638
63610 63707
60171 60229
23359 23367
75808 75913
28540 28570
41706 41731
61810 61822
61745 61750
78437 78498
59411 59420
66735 66768
76580 76612
10482 10587
63766 63844
34578 34699
20197 20209
32147 32151
10470 10558
976 985
40614 40652
45980 46007
60099 60116
68407 68443
3338 3343
2444 2489
47100 47160
2190 2194
45149 45160
760 776
20123 20188
68918 68921
31430 31473
20092 20114
71929 71959
2399 2403
38721 38776
24699 24726
19127 19340
64584 64605
29684 29695
342 371
71023 71040
17952 17972
61155 61168
11307 11345
30892 30894
37026 37031
60331 60359
3788 3819
41887 41927
33665 33712
73743 73746
58841 58885
57490 57498
66184 66204
42719 42768
54695 54698
1849 1933
76972 76982
27126 27222
79229 79253
79593 79616
17614 17653
5885 5890
30818 30856
37681 37740
59705 59706
26557 26594
24825 24846
41273 41316
64720 64801
71431 71619
6281 6335
31724 31775
39495 39594
10083 10160
15025 15040
67241 67341
64869 64880
61146 61265
71064 71158
10660 10713
75613 75639
8299 8417
62217 62395
36626 36659
19413 19525
42711 42846
15672 15759
60397 60501
5243 5250
60724 60736
49418 49465
49152 49197
49515 49525
64929 65023
25458 25476
53623 53681
69072 69139
28705 28769
63189 63244
29922 29985
16507 16603
33040 33089
69948 69998
63788 63847
71413 71444
54773 54810
41986 42041
79510 79538
64300 64311
68020 68038
63542 63599
40095 40124
70906 71063
52986 53026
25205 25234
60699 60782
56908 56933
59771 59811
26422 26470
1419 1422
35056 35212
29925 30014
22742 22785
24621 24721
6255 6338
57830 57897
53179 53191
51366 51371
46847 46908
79033 79046
35533 35538
43044 43095
35758 35790
79507 79555
8326 8411
68893 68946
4088 4130
32896 32966
22007 22018
76892 76911
37829 37882
6979 7058
51916 52102
14251 14298
13645 13648
54633 54682
46124 46151
78073 78178
31418 31442
2537 2623
10340 10346
65072 65115
75433 75501
42269 42291
56646 56771
7085 7094
59888 59927
12430 12496
40141 40176
11696 11723
2100 2109
28714 28759
26295 26311
34639 34645
5918 5923
34925 34985
43018 43064
37760 37794
24320 24379
51898 51944
73267 73268
42855 42919
49668 49792
51178 51264
79680 79705
33688 33719
30912 30933
62048 62186
16216 16231
25640 25705
61904 62025
33387 33389
72658 72689
70802 70809
46381 46385
44312 44347
276 310
5639 5708
51598 51664
23217 23324
40793 40873
31445 31488
25073 25108
34671 34678
21229 21260
36291 36324
3709 3710
35353 35374
471 519
34656 34795
51564 51580
13607 13650
37535 37607
51056 51062
768 775
16764 16788
30178 30301
33072 33148
70120 70165
71652 71698
61163 61180
9917 9975
17408 17417
52002 52181
56341 56404
74542 74569
50774 50805
14659 14679
69410 69428
3547 3596
72409 72447
21023 21059
39693 39696
44956 45008
11120 11172
51413 51437
69747 69768
43854 43891
37426 37468
76431 76451
30441 30458
52967 52983
32901 33016
23312 23371
834 849
35699 35798
13281 13343
13821 13868
76291 76308
11809 11820
30499 30529
63035 63067
79725 79772
42869 42894
63560 63563
48827 48831
32733 32764
69226 69242
8663 8697
44219 44389
14771 14804
46316 46338
60678 60730
871 905
38713 38742
76544 76558
2221 2251
71822 71879
25438 25491
528 535
11393 11406
74917 74931
45159 45291
76152 76241
6599 6600
7711 7739
47253 47486
55947 55949
42389 42447
60167 60205
70423 70450
556 558
74960 74968
1155 1247
39163 39174
414 447
75324 75403
28448 28478
28143 28144
4525 4546
54691 54719
29084 29100
28277 28287
19867 19912
29498 29525
7700 7738
13718 13734
47611 47629
33554 33565
3566 3567
67981 68111
26007 26021
69036 69038
41542 41600
70214 70236
30930 30996
18807 18831
66453 66503
73834 73861
47380 47443
69977 69995
67374 67375
9056 9096
33658 33700
11481 11496
68246 68274
39935 39993
57308 57336
8313 8323
62646 62685
24529 24541
65355 65423
69717 69725
49202 49224
78748 78817
79257 79296
25658 25748
1573 1625
6210 6222
20408 20419
67796 67822
14934 14951
43470 43562
16441 16556
22290 22347
5555 5569
72155 72175
41229 41286
8454 8463
34667 34679
14629 14683
17524 17728
38892 39063
69991 70066
64641 64663
72042 72073
64809 64835
13788 13801
24257 24267
11278 11352
64774 64882
26792 26865
54310 54401
36013 36034
75814 75935
70427 70517
69659 69743
29257 29275
77546 77577
54200 54231
50250 50258
1990 2001
5461 5469
25559 25589
23340 23452
12429 12489
60761 60765
41978 42012
44537 44569
31217 31394
73794 73833
42199 42219
27372 27434
37414 37424
52313 52319
30959 30966
47161 47246
76387 76602
10771 10801
64114 64131
56910 56934
70082 70087
22955 22957
51731 51762
72460 72549
66247 66265
39754 39815
7050 7232
67744 67746
77453 77454
45975 45985
32088 32123
49961 49971
19198 19271
58259 58273
18459 18468
60016 60130
34209 34350
4305 4372
6409 6413
29954 30022
55432 55437
33922 33960
44832 44884
26101 26104
15777 15779
40389 40421
42808 42912
20569 20582
64866 64896
56746 56758
55316 55335
1373 1406
40117 40196
64561 64653
22432 22448
39386 39452
68845 68928
77637 77655
52073 52123
79478 79527
38668 38692
14260 14267
29103 29184
8511 8542
58141 58148
77932 77950
24877 24993
64668 64709
78777 78829
22508 22524
26859 26868
42949 43012
12561 12572
46231 46298
10159 10168
46926 46933
49568 49593
12071 12094
75222 75243
27720 27734
403 457
60143 60160
21443 21484
16523 16549
63161 63170
47451 47499
42901 42992
79345 79388
72864 72873
24304 24327
68191 68247
51052 51081
66328 66356
47108 47177
53016 53099
31049 31053
18286 18312
3212 3314
31569 31574
42540 42592
34448 34484
20235 20340
10118 10203
19140 19146
5264 5310
35550 35591
56560 56562
48901 48955
22305 22319
71001 71007
74653 74665
20885 20994
66670 66710
55832 55836
35694 35713
8340 8389
59964 59978
40658 40671
33673 33685
23772 23775
59699 59704
57127 57146
70781 70819
56922 56976
63060 63062
64163 64451
44232 44285
65500 65583
20053 20081
53144 53147
79567 79610
22802 22811
75550 75597
68626 68738
11574 11699
70596 70633
12380 12389
59369 59381
28416 28460
75204 75210
28415 28494
77909 78009
72440 72455
39802 39806
78385 78460
55429 55430
14407 14471
1476 1497
30166 30197
19155 19169
7285 7329
473 571
68779 68788
8860 8894
29461 29463
25155 25185
5406 5435
10460 10572
18205 18303
75084 75095
35847 35886
1636 1645
27344 27427
4272 4299
46619 46692
11924 11927
26111 26144
78556 78623
59747 59780
30555 30566
77904 77939
3672 3742
62929 62953
44694 44737
21159 21218
55390 55431
3023 3097
31311 31387
51143 51278
47365 47399
65527 65548
38142 38160
51312 51376
48558 48628
45510 45628
20560 20577
5014 5048
49058 49070
34478 34481
8366 8423
60719 60720
33703 33723
22936 22964
21552 21572
73048 73054
10023 10040
75871 75940
42781 42782
46103 46107
17744 17778
47830 47847
46235 46294
2464 2525
2455 2535
8491 8501
53576 53634
48934 48954
35081 35114
48175 48193
78583 78611
7007 7040
69552 69603
67108 67171
44315 44328
50764 50789
34817 34818
31483 31502
7480 7490
7918 7925
42197 42230
70914 70973
19747 19772
22427 22457
56062 56188
39842 39864
69745 69836
23699 23714
72348 72361
38191 38206
10847 10895
19053 19164
46123 46178
41465 41552
68194 68204
53962 53987
40805 40807
35091 35121
42266 42278
41494 41501
68500 68516
76034 76053
27467 27471
33865 34019
16059 16069
597 677
4162 4167
61278 61295
12754 12783
70102 70129
11933 12019
72560 72606
23959 24045
49370 49392
39669 39688
58740 58756
52171 52203
40919 40947
50576 50584
73278 73311
69532 69640
74993 75000
7898 7944
70544 70548
13427 13472
63943 63950
76002 76082
20351 20374
39418 39458
46981 47001
70677 70678
17280 17316
28951 28974
76234 76274
45554 45577
74059 74111
38788 38886
44118 44212
20590 20635
74198 74202
14812 14866
19415 19444
30056 30110
20196 20205
36436 36473
35408 35414
33576 33582
42641 42665
16247 16274
5803 5848
25387 25412
29699 29716
49731 49738
25219 25317
55996 56048
2519 2635
20247 20273
3769 3772
48672 48686
19088 19242
23715 23734
65496 65565
19301 19312
64277 64278
65807 65844
54408 54511
65050 65086
67900 67953
78424 78673
61890 62007
47577 47605
58034 58067
10050 10108
35142 35210
48553 48585
56552 56581
45128 45136
20863 20886
46383 46454
38768 38866
44826 44831
23708 23713
53777 53793
36068 36198
9102 9135
26274 26283
40307 40387
3150 3248
24059 24087
13815 13858
59955 59983
54762 54778
70106 70117
6920 6925
15068 15077
10121 10229
38379 38406
44374 44381
79172 79275
729 836
26235 26243
12726 12740
41443 41530
58629 58641
60984 60985
33111 33130
26949 26989
76842 76894
13155 13179
20641 20647
52609 52610
17502 17527
13791 13879
13915 13924
68286 68320
25936 25990
50558 50628
5373 5405
62951 63004
60260 60343
65693 65701
16682 16731
10595 10624
226 308
52566 52612
60065 60085
54470 54526
70600 70609
26917 27013
14515 14520
28704 28729
60494 60548
25326 25365
19590 19653
65259 65285
614 623
1281 1300
69623 69769
61754 61779
47837 47845
10005 10030
9627 9639
11549 11569
26340 26372
37449 37455
42617 42635
46049 46074
1156 1172
57408 57419
30268 30399
21841 21853
22287 22321
1942 1987
18422 18491
68844 68865
36504 36537
27799 27871
58850 58868
76813 76854
23658 23690
68 75
31429 31481
5695 5696
72053 72085
40789 40808
67828 67846
56655 56660
71816 71871
71407 71495
1302 1314
73670 73722
51545 51594
18512 18531
45441 45573
43644 43655
1637 1657
17785 17830
2169 2210
57950 58029
3318 3319
16927 16933
68705 68840
52877 52919
67935 67966
73919 73971
51565 51569
26497 26561
77825 77837
59789 59838
36937 36975
55862 55863
7057 7080
21577 21584
14187 14249
69223 69301
27775 27806
74140 74171
58123 58303
8920 8962
8977 8982
50585 50596
30601 30618
53399 53402
47919 47973
38661 38680
53912 53997
25719 25757
29975 30137
71003 71020
20996 21098
40246 40252
46581 46612
71322 71356
24246 24273
30368 30379
45003 45083
17642 17726
40917 40995
73886 73903
30233 30265
25677 25736
7625 7685
46596 46652
36185 36400
15399 15462
30995 31014
8633 8662
2242 2245
18972 19034
44570 44573
44780 44824
26749 26769
4766 4852
23102 23123
47080 47090
60444 60549
41463 41478
18157 18190
1041 1087
25323 25347
8785 8804
19040 19061
72373 72413
54289 54769
42666 42704
21744 21761
44850 44860
58995 59009
21338 21438
79207 79210
78604 78642
791 801
27793 27812
65056 65065
70281 70306
39126 39164
39319 39325
68410 68413
61452 61458
17698 17760
30294 30325
69712 69758
66246 66324
53672 53748
4369 4371
75421 75474
49359 49385
17364 17455
68597 68644
62391 62437
18624 18627
4012 4021
72728 72757
62712 62892
10063 10221
61254 61371
38440 38485
29215 29396
68579 68645
19303 19315
48423 48454
46070 46079
28312 28313
44866 44890
45668 45692
44910 44926
79149 79167
45143 45144
46281 46290
22514 22527
69220 69232
13182 13236
48458 48537
1383 1466
23653 23678
3996 4005
10778 10823
5912 5926
7691 7712
4684 4686
27975 28023
8619 8640
63065 63084
57888 57909
66890 66892
55218 55247
47792 47793
73560 73586
63366 63548
69999 70199
29744 29763
38946 38949
37098 37101
52405 52463
1683 1684
72663 72722
69987 69996
52258 52305
10194 10199
52330 52337
40868 40889
26013 26018
17510 17568
79052 79162
31160 31238
45325 45402
70237 70252
16402 16418
76490 76550
55665 55688
28261 28307
77065 77101
57192 57194
24618 24698
79228 79305
11401 11437
27481 27618
19098 19189
23825 23841
23702 23711
77548 77598
40836 40877
67885 67941
54041 54042
34438 34453
55683 55692
3724 3807
62093 62149
45041 45137
11932 12110
27730 27750
19821 19843
6753 6757
49638 49642
69303 69307
29003 29017
48966 48967
51928 51952
256 358
23868 23919
19886 19894
70702 70715
29250 29262
63702 63761
45262 45284
40357 40369
63002 63028
16140 16158
29057 29159
1127 1220
69695 69751
31735 31747
35335 35465
14785 14830
5368 5378
63983 64010
59206 59209
24834 24862
71629 71678
38276 38286
20449 20470
54333 54368
56357 56403
75648 75671
26238 26251
37458 37473
8437 8525
46893 47005
40038 40121
31244 31257
56474 56542
65174 65266
22783 22929
61478 61479
35946 36027
78410 78432
3239 3240
10015 10037
737 749
27721 27792
63887 63993
55843 55847
55932 55975
2187 2223
22384 22460
30401 30443
9656 9681
57962 58013
3341 3399
73301 73319
32140 32171
50851 50874
63673 63722
27518 27549
23500 23509
38280 38334
69565 69594
70029 70037
7307 7401
169 172
57123 57275
45034 45111
53604 53707
66140 66172
44468 44484
50859 50875
69599 69652
43289 43303
17462 17559
75298 75366
37928 37957
78420 78452
54936 55003
18901 18907
61036 61130
4623 4635
73806 73842
63672 63909
49560 49663
50318 50356
47846 47854
61638 61675
24758 24803
36179 36187
36311 36358
19734 19748
36080 36181
53346 53405
22106 22120
3461 3475
64643 64688
317 399
17044 17075
23168 23211
2600 2609
43164 43165
47411 47424
51832 51906
24985 24988
53041 53061
74053 74087
31949 31977
12693 12715
7757 7801
22149 22168
63077 63157
7045 7074
54532 54579
38462 38537
37291 37296
12967 13007
22538 22541
25628 25644
40099 40118
34692 34702
25189 25190
16789 16791
40239 40271
19306 19333
40581 40616
44748 44805
59053 59110
55634 56121
13404 13409
25579 25598
59604 59687
55382 55394
24096 24192
4930 4972
45130 45139
32027 32040
2851 2854
4940 4965
16476 16504
12178 12277
40591 40596
47427 47434
46050 46065
40113 40135
37001 37056
51935 51965
44919 44931
11892 11897
77736 77776
2053 2112
46816 46998
25191 25214
45385 45574
78669 78683
75157 75159
60771 60869
863 867
13049 13057
15434 15473
26529 26533
72245 72258
68063 68098
38863 39018
59874 59908
60585 60668
8298 8327
29881 29904
58367 58449
37718 37773
49375 49376
21204 21246
78994 79020
78101 78139
41518 41607
79088 79128
29793 29827
24288 24292
31876 31894
21210 21257
35602 35651
7929 7930
27240 27323
12383 12448
9580 9607
10575 10613
59254 59305
9416 9440
47766 47772
40611 40645
53192 53217
49661 49695
629 636
30880 30936
58765 58792
51378 51448
10414 10666
68165 68214
21401 21428
39692 39724
67227 67252
9762 9998
41939 41956
2173 2205
68581 68649
75623 75664
26208 26209
36308 36385
45594 45701
69247 69298
37045 37064
29541 29544
34362 34421
18173 18276
18479 18518
23057 23083
19023 19046
34110 34162
44039 44132
8725 8763
8351 8369
47027 47029
23158 23197
26715 26717
79806 79824
3363 3379
23286 23295
72117 72122
21325 21333
41732 41739
45780 45954
22515 22539
1289 1392
13062 13110
53297 53328
36968 37206
54405 54439
49744 49746
57091 57100
75907 75951
37756 37823
15587 15634
24182 24218
46487 46586
10217 10243
58815 58911
30969 31019
47548 47581
18688 18691
37569 37656
52669 52672
28379 28487
47173 47183
6353 6366
52952 53015
15702 15714
76538 76555
15352 15380
63260 63319
20804 20815
56737 56779
77703 77715
2036 2051
14364 14431
45738 45773
47580 47595
25341 25355
39654 39671
20786 21000
47444 47448
78384 78392
60271 60339
5505 5520
48352 48358
65972 66007
3391 3421
70714 70723
11672 11764
59318 59394
75336 75360
33454 33469
23570 23571
26580 26644
62556 62579
7391 7412
77456 77457
68383 68538
20585 20603
2881 2966
2413 2432
41503 41546
26900 26971
36031 36041
47517 47530
50351 50366
30218 30254
7799 7825
58498 58500
64253 64275
61618 61705
70765 70801
24184 24200
61465 61480
35221 35299
32494 32529
47086 47104
9292 9300
40886 40924
39013 39080
12998 13084
16594 16700
38867 38894
13518 13539
40814 40894
21611 21672
74668 74697
22592 22618
6261 6305
18097 18105
9489 9503
51833 51840
72269 72273
78718 78722
31467 31508
17957 18018
19691 19707
54796 54913
17288 17314
34170 34198
52546 52602
68940 68960
56712 56725
27038 27050
74842 74900
35363 35368
13853 13872
9745 9771
56872 56889
78948 78957
45459 45467
58182 58190
2298 2321
32589 32723
26530 26539
77887 77905
4037 4049
25940 26073
79487 79493
40452 40472
176 184
9927 9940
28073 28079
36023 36077
9209 9218
11732 11758
22019 22055
23754 23770
53400 53420
2213 2227
30130 30167
45869 45902
60876 60892
76258 76270
575 688
17441 17453
30834 30875
20568 20645
37024 37036
49736 49745
11852 11943
30718 30742
53265 53275
47965 48089
50298 50522
8430 8450
6504 6555
3173 3226
43137 43183
10246 10249
55993 56009
33381 33407
62273 62283
45017 45042
54815 54842
23047 23065
2275 2281
36092 36129
52596 52649
31251 31260
66182 66220
60635 60733
4309 4336
21177 21276
67623 67710
55628 55674
32385 32392
49504 49508
68282 68285
73973 74009
48317 48369
62797 62798
63586 63639
14580 14585
46195 46203
3500 3604
56334 56362
21537 21579
4560 4599
59953 59990
71199 71276
9820 9830
22433 22441
31078 31123
6363 6364
6136 6215
51327 51380
22033 22088
49876 49887
45898 45932
61930 61991
13010 13097
39155 39213
34260 34274
38674 38752
45497 45588
38101 38155
30182 30220
71086 71125
22296 22367
18412 18482
72513 72572
59059 59064
1946 1953
39049 39096
40022 40030
951 971
69007 69025
14036 14041
16093 16109
3743 3757
12127 12134
56175 56215
37183 37204
48302 48327
22309 22350
50833 50839
50527 50551
77834 77861
39796 39800
11652 11669
74679 74682
68196 68203
53037 53081
42874 42899
22412 22445
20865 20899
69331 69345
3787 3810
49621 49632
57790 57792
4864 4916
64016 64179
48646 48757
53948 54034
39134 39196
69009 69046
9794 9877
5455 5498
10373 10393
64385 64447
30177 30208
46828 46831
58518 58528
74065 74118
73878 73984
39182 39197
21931 22020
43694 43747
63051 63072
73869 73891
47254 47295
39374 39393
11591 11691
69085 69227
45520 45611
72040 72088
69386 69451
23836 23897
10851 10878
1507 1553
22211 22248
506 524
19502 19553
14358 14388
51443 51482
12956 13132
77368 77373
31717 31725
77632 77649
33360 33370
2703 2706
29062 29066
45434 45442
6233 6314
69125 69181
4912 4934
49928 49952
57370 57372
34574 34584
1817 1828
75401 75425
46587 46724
27232 27245
50030 50048
77001 77053
33786 33824
45943 45947
48387 48395
9661 9782
23640 23656
54204 54257
49271 49326
77862 77907
63503 63545
53640 53666
30867 30882
224 301
2278 2307
50844 50873
48848 48849
1534 1562
9136 9233
12928 12937
59813 59814
14439 14512
24358 24378
55637 55639
46968 47040
46217 46241
63090 63116
25040 25050
33845 34013
66637 66642
44859 44881
21472 21507
36112 36115
21896 21947
73353 73372
75262 75307
13838 13993
7877 7881
14756 14768
73247 73283
71202 71304
15944 15952
31427 31458
67948 68104
26015 26140
44182 44221
49753 49760
6377 6386
19665 19667
79477 79504
13231 13252
31542 31567
76697 76713
51100 51153
72515 72574
19845 19854
45411 45470
21283 21348
74209 74313
48075 48114
54853 54898
19869 19872
1245 1267
9803 9846
24068 24168
34240 34246
59343 59415
60975 60978
39684 39707
41762 41805
46637 46663
72988 73031
67407 67495
73706 73759
47372 47502
1313 1330
17404 17413
22009 22039
4632 4654
74476 74567
29560 29582
21077 21158
40826 40882
78107 78123
77808 77873
70068 70075
68891 68933
22247 22265
24428 24435
78287 78297
5557 5587
69076 69094
22809 22877
17334 17390
33362 33449
41198 41203
67078 67099
48545 48565
57494 57624
35166 35182
73242 73269
42030 42039
26969 27119
3352 3392
31959 31966
9518 9568
63813 63839
76471 76473
36653 36666
66386 66407
8787 8829
32343 32426
53869 53874
63064 63124
52431 52467
65711 65819
5239 5257
47272 47293
31931 31982
49749 49775
21773 21789
56025 56031
61939 61946
10890 10892
76180 76181
60871 60905
39022 39046
60471 60540
36508 36517
21321 21571
10656 10741
9855 9894
30648 30674
337 349
15157 15235
33854 33920
70386 70400
77531 77544
14240 14250
53547 53557
33882 33904
56444 56461
3390 3432
46719 46732
12959 12969
41196 41208
9643 9701
9049 9076
33247 33270
50309 50311
29751 29768
38192 38208
8407 8415
39611 39652
13836 13855
33980 33993
43422 43425
13629 13692
59859 59881
75442 75452
51621 51676
44662 44664
41653 41748
10913 10954
63460 63483
2148 2168
22598 22633
35474 35493
19559 19599
79983 1
74131 74173
30036 30067
45934 45957
19086 19095
7745 7792
54995 55021
66219 66238
79071 79094
74441 74458
32039 32041
11349 11375
8295 8303
76540 76554
18318 18325
68377 68390
11371 11423
27075 27091
68898 68916
1650 1660
77459 77480
26854 26896
55154 55267
29915 30049
77562 77565
35767 35769
897 902
37952 37963
31200 31270
55586 55598
60230 60269
6342 6358
64346 64389
16280 16337
53075 53098
20497 20503
61333 61393
51620 51702
20324 20377
16513 16533
17973 18013
24309 24345
39378 39383
77557 77571
21607 21649
75548 75635
49768 49781
22212 22252
18791 18815
4669 4708
39279 39293
27897 27910
24920 24925
36052 36102
56823 56841
74933 75018
68797 68821
74908 74957
69676 69700
10389 10415
57861 57918
34970 34988
79957 79981
22429 22465
39314 39427
79467 79496
26431 26503
23104 23130
32310 32322
69095 69124
16830 16861
67400 67417
25273 25351
20481 20527
25342 25409
29398 29427
49998 50106
53842 53907
36566 36595
73153 73186
64569 64697
40458 40631
33432 33445
22042 22070
22657 22775
66835 66952
66347 66351
33305 33330
55641 55658
26637 26640
62095 62099
50807 50823
18043 18099
79331 79341
39412 39415
56058 56137
66309 66353
43746 43829
41622 41638
46779 46794
1548 1601
33234 33254
47507 47531
22882 22887
12618 12680
7585 7590
61846 61887
53695 53720
3255 3269
29964 29982
28645 28698
41629 41660
14745 14774
59898 59932
62063 62127
43078 43099
69589 69639
58699 58707
12853 12882
78367 78403
23461 23562
550 554
47429 47513
9313 9464
20401 20403
22292 22300
50907 51039
79218 79223
53073 53209
78557 78601
53427 53445
68001 68031
43334 43341
42038 42152
12327 12392
49573 49574
9219 9230
46860 46881
52855 52866
68476 68559
5356 5404
3761 3820
16091 16156
9824 9828
3327 3466
25943 26059
33137 33153
18933 18955
45609 45617
68520 68612
37375 37381
63861 63959
46218 46280
26948 26982
43129 43215
4199 4257
66974 67048
31660 31742
53855 53922
34173 34220
47981 48021
14640 14646
31858 31870
20940 20977
35354 35358
5687 5755
47484 47509
13162 13173
44677 44699
1480 1520
63960 63975
73024 73034
40106 40230
59507 59556
66308 66322
11281 11409
65960 65976
44583 44603
31056 31097
69795 69814
29442 29458
63091 63097
45746 45820
9920 9934
15778 15817
31092 31104
74582 74584
56172 56185
28243 28247
35645 35679
2808 2829
3634 3652
36790 36825
30665 30696
61250 61252
21792 21848
72666 72708
20283 20294
60578 60594
50450 50472
62925 62968
63238 63246
6052 6131
72205 72223
76575 76622
35012 35072
21413 21425
30908 31012
49755 49821
52544 52629
70648 70670
62179 62268
28457 28467
72197 72218
54243 54249
59249 59275
50701 50747
79470 79556
11845 11863
39624 39645
1590 1610
47684 47744
22864 22938
73008 73052
64391 64501
57696 57748
237 340
19669 19727
5207 5248
19482 19499
15501 15518
67540 67627
63357 63387
65295 65329
14962 15050
36826 36857
28423 28427
48879 48902
64567 64647
53008 53022
53816 53840
27712 27715
71528 71534
76659 76662
3790 3822
15012 15097
55941 55963
73547 73593
47102 47144
28842 28865
20318 20336
41930 41980
63787 63927
54821 54870
44126 44166
47116 47127
68988 68995
22164 22177
4054 4061
51168 51172
54733 54822
25786 25833
37551 37664
72603 72605
6950 7004
16773 16839
8669 8683
60805 60844
74410 74447
60609 60615
62687 62702
13395 13412
61950 61993
45483 45562
21015 21016
13255 13277
48918 48939
65645 65816
53873 53881
19142 19194
69941 69982
9993 10024
26193 26233
23598 23602
67229 67251
55182 55225
34984 35016
78854 78941
25263 25291
48631 48651
15232 15233
19462 19485
78292 78310
44810 44834
38737 38843
67116 67191
35153 35234
20919 20929
78092 78106
34542 34569
65242 65262
7909 7966
41335 41360
173 248
50959 51107
9838 9933
51491 51495
11756 11776
38134 38147
25901 25963
11353 11376
12906 12926
9628 9657
28843 28853
71338 71408
54992 55000
45855 45920
7413 7508
77987 78005
79287 79401
30224 30258
31320 31346
30654 30714
11898 11912
36604 36650
72131 72165
43933 44032
36732 36733
19035 19037
18265 18321
24176 24213
27980 28041
51216 51222
48295 48304
25614 25668
12256 12417
76127 76143
43358 43403
24081 24125
22906 22908
7302 7364
21361 21377
20200 20213
35524 35558
61077 61087
20335 20453
14969 14989
33216 33258
13364 13403
48348 48375
31317 31368
11762 11841
71585 71654
54787 54792
29071 29145
60352 60372
14628 14645
15189 15209
34519 34557
3897 4014
22649 22687
57615 57659
19433 19456
30591 30610
68471 68551
51131 51148
49151 49189
48505 48547
48618 48639
65541 65574
29493 29511
44934 44963
27225 27328
66022 66024
49437 49490
24153 24157
6995 7060
2636 2730
24901 24968
76957 76994
63523 63529
32089 32220
51924 51943
20220 20227
39539 39637
63894 63963
245 258
40624 40642
42003 42109
28298 28311
77845 77892
24657 24661
57911 57990
35338 35351
79768 79784
73329 73335
22812 22863
74930 75020
7735 7770
45670 45714
70177 70275
48798 48807
59812 59855
67785 67794
78346 78458
54363 54373
24840 24848
67918 67949
31117 31126
14016 14094
2963 2985
79194 79196
57713 57758
65387 65415
28235 28259
12306 12328
55086 55148
73180 73182
31176 31194
21368 21423
26318 26320
46196 46261
65729 65790
39916 40037
74127 74158
66387 66401
3233 3284
63867 63876
21535 21563
50896 50911
75905 76008
61154 61166
18377 18433
24759 24760
36964 36979
63999 64280
48066 48103
62995 62996
31240 31287
41076 41079
18652 18706
4260 4374
45081 45126
41433 41445
19190 19262
9172 9181
79497 79526
21036 21076
65837 65911
22565 22600
71838 71843
72290 72298
25683 25706
61937 61987
4006 4020
67760 67762
58139 58171
30831 30955
42161 42235
13707 13735
71811 71824
53356 53366
7439 7451
17466 17483
72881 72886
73636 73641
17286 17290
72986 73150
1425 1446
16419 16439
35253 35270
17419 18091
65768 65787
13626 13686
2913 2930
11152 11200
18922 18950
51220 51221
8218 8221
58506 58553
4204 4223
9473 9485
34204 34250
18981 19029
32708 32819
40628 40648
58983 59055
32019 32026
526 585
70563 70575
78686 78763
20511 20558
20784 20814
42689 42690
13309 13367
53189 53222
54653 54871
53095 53096
76521 76525
58686 58725
9673 9676
20208 20289
75214 75224
49066 49207
16867 16924
9788 9804
53500 53514
74142 74192
43353 43405
63306 63339
15529 15649
52600 52626
183 232
34298 34382
76329 76376
46749 46750
59558 59616
9452 9462
20652 20678
43867 43877
25780 25784
55633 55694
44900 44964
18854 18863
47542 47570
41054 41197
41899 41928
51955 51958
67492 67502
57927 57956
17811 17940
53910 53915
56848 56849
59412 59431
49125 49144
3045 3119
43492 43507
50816 50868
35497 35535
9125 9131
71477 71486
36216 36247
10622 10651
28202 28345
74230 74361
53531 53565
62752 62779
39960 39967
15971 16003
29113 29142
4914 4919
64328 64340
18784 18787
22880 22900
4692 4749
33705 33828
57339 57342
51377 51420
29818 29875
58793 58806
4769 4775
36539 36563
42414 42423
8938 8946
43387 43475
40153 40278
55414 55422
2712 2735
12613 12632
20877 20946
38956 38959
28648 28676
22934 22945
34897 34922
72279 72328
77379 77466
58341 58394
66913 66979
28657 28689
22258 22320
50562 50681
58968 58970
23094 23113
9797 9887
3321 3368
63231 63280
41504 41590
14316 14319
4538 4557
39574 39590
57183 57427
15293 15326
13932 13980
39249 39276
28116 28205
37789 37810
39241 39290
2158 2302
16597 16644
21750 21774
34528 34629
43848 43925
54866 54868
20663 20761
18231 18264
10075 10080
37494 37510
3637 3657
74574 74589
348 384
4279 4281
12612 12639
77139 77178
53780 53927
67551 67614
21533 21627
41134 41140
72137 72146
5466 5468
34750 34770
47390 47413
33119 33220
21383 21450
70487 70489
3532 3568
69367 69383
79666 79713
55752 55856
10459 10479
38652 38708
44854 44856
15369 15424
77027 77112
44724 44771
42123 42176
13346 13359
14876 14887
10751 10806
79505 79579
53943 53963
11617 11685
10719 10725
25158 25169
56869 56909
54319 54352
30279 30348
71197 71268
32799 32854
45789 45893
10376 10407
6324 6359
70479 70592
32046 32050
18993 18998
28455 28465
4229 4244
35685 35720
2274 2344
21078 21117
55935 56073
32143 32289
7833 7907
16397 16453
38383 38397
5506 5514
7196 7223
37822 37842
33756 33805
33512 33583
10416 10429
9389 9436
25148 25213
53076 53085
1344 1353
3570 3576
3659 3686
8850 8851
40335 40351
21376 21393
31465 31525
54621 54627
44244 44281
53495 53499
16652 16711
37130 37156
11141 11270
36106 36125
4202 4238
67266 67297
17895 17955
572 647
3828 3839
49436 49448
29569 29598
3888 3940
25198 25226
19136 19143
37490 37503
27116 27143
58784 58895
60623 60676
17532 17538
66748 66759
63514 63520
67888 67898
26548 26618
12393 12396
6411 6453
33479 33490
30960 31088
47677 47752
47358 47392
49402 49447
5472 5550
8292 8296
74376 74387
57237 57242
24380 24494
46128 46144
50071 50093
61189 61211
5205 5270
4639 4668
18525 18608
16559 16566
52545 52573
788 798
22996 23050
32786 32821
73340 73346
66808 66811
47659 47741
51230 51270
68880 68892
3985 4024
34999 35068
13956 14004
65194 65198
60974 61055
37211 37224
2252 2263
41085 41089
76489 76497
30355 30366
7500 7571
35123 35168
24163 24204
71029 71045
45811 45840
56004 56029
48597 48615
67331 67436
28043 28146
64002 64023
2962 2971
58010 58066
69427 69504
30602 30614
29076 29188
52262 52296
9741 9774
54098 54102
39066 39081
26712 26753
34169 34175
73171 73229
59732 59823
8132 8170
17101 17125
60338 60356
4803 4814
68998 69042
53510 53542
17574 17604
64255 64257
28773 28788
12539 12574
5330 5348
9045 9091
38714 38755
70294 70328
23961 24049
38330 38350
42829 42850
62520 62640
75539 75569
5953 5986
45618 45675
65666 65670
63411 63530
23916 23924
31531 31535
71600 71615
63677 63734
75393 75417
45084 45203
17438 17472
1103 1151
19730 19893
20581 20584
78543 78576
25821 25886
49512 49519
55717 55738
2536 2548
79718 79767
27636 27698
15423 15445
57908 57995
68881 68885
18129 18140
6813 6829
11619 11675
75729 75757
20407 20410
32487 32595
19870 19897
63581 63619
33099 33143
48847 48872
56329 56335
29770 29787
14154 14212
57705 57727
45712 45725
37034 37076
69722 69788
21884 21888
9268 9278
15752 15767
14117 14157
4150 4164
16606 16688
75979 75984
41744 41766
8734 8740
13516 13519
27740 27802
26487 26515
46809 46823
13767 13814
64233 64256
40588 40595
25562 25676
62907 62910
25893 25966
43397 43437
28925 28953
43824 43831
79418 79432
42710 42713
77841 77857
61629 61632
40890 40951
61875 61970
46253 46299
52451 52478
49707 49732
64762 64772
43338 43340
30848 30865
27666 27747
10627 10654
73062 73130
27254 27303
49592 49601
30878 30895
56374 56406
14799 14800
19166 19179
66189 66316
11449 11479
46491 46528
6672 6727
21834 21844
64017 64068
974 984
4788 4817
72360 72394
29878 29899
42595 42646
78511 78540
38135 38143
24857 24895
30633 30636
46056 46102
45850 45935
42294 42312
62574 62587
42800 42820
72969 73023
29229 29244
63279 63336
31954 31968
28337 28395
36003 36015
55536 55558
70587 70671
8507 8522
70098 70105
76749 76835
36834 36865
51137 51138
48869 48877
63493 63580
46682 46721
21855 21864
59828 59871
38736 38741
28114 28164
5200 5202
24969 25028
44251 44268
35707 35738
78201 78235
15805 15919
49129 49135
54737 54743
16292 16385
57534 57578
68433 68454
52133 52184
17142 17255
58072 58176
42904 42918
73289 73299
9124 9129
38613 38619
6328 6330
9201 9204
14883 14930
78066 78161
47324 47370
8123 8137
47168 47239
58082 58121
46008 46068
66972 66985
48238 48240
2028 2090
59683 59686
49588 49604
73246 73272
61828 61840
26544 26620
62462 62474
69090 69098
40331 40355
60089 60344
67616 67699
48176 48226
60262 60291
61045 61059
46883 47050
66285 66318
16893 16964
12137 12164
68879 69041
65936 65947
79145 79180
13952 13979
16182 16285
23007 23095
40425 40429
71055 71089
24545 24584
66176 66177
406 413
29987 30011
46808 46836
71966 71982
12413 12420
53470 53472
61228 61232
69660 69763
32594 32667
47089 47092
42766 42797
2034 2086
41088 41119
33638 33661
50580 50613
20146 20175
23438 23465
11682 11690
764 782
9343 9352
73442 73446
63827 63881
56954 56961
73938 73974
41454 41470
32361 32388
55221 55278
43526 43619
56290 56355
28225 28265
48936 48945
46448 46464
46232 46269
18703 18806
57951 57972
72563 72593
2687 2776
72579 72600
52380 52398
57304 57337
29681 29697
2731 2745
21881 21966
43754 43819
12984 12996
21498 21502
72749 72754
59292 59354
5897 5928
18068 18069
24498 24530
35327 35334
2385 2410
541 565
42730 42791
42661 42715
73300 73313
26940 26964
51816 51856
57287 57306
46198 46272
74493 74530
14170 14182
19054 19060
66065 66076
67159 67211
53597 53679
20906 21031
51835 51901
12703 12875
63268 63278
5551 5584
47473 47508
60304 60381
25980 26129
71347 71365
28228 28292
8548 8561
13134 13218
44410 44416
33950 33987
31219 31220
77004 77031
22933 22942
1268 1308
39122 39152
46370 46422
48578 48606
21066 21127
45992 46048
64031 64078
41685 41701
78142 78148
18061 18092
79765 79838
39384 39488
637 646
76706 76719
60717 60764
30013 30121
65171 65195
5532 5535
58501 58571
19045 19065
9991 10019
9715 9731
59483 59510
2247 2254
31720 31761
36580 36602
79409 79485
22026 22175
60673 60701
38477 38513
75912 75953
38363 38385
25343 25353
44279 44308
6892 6916
9401 9434
61827 61921
5752 5809
56037 56086
1378 1396
2368 2375
4924 4943
2087 2137
23803 23811
54173 54199
63402 63412
25344 25443
79178 79186
26882 26905
6661 6697
73969 73995
31694 31729
32180 32228
50948 51009
35614 35640
76943 76963
7127 7156
19133 19246
39959 39996
16454 16561
11029 11061
10852 10869
15499 15525
18071 18095
17107 17114
68167 68181
75117 75191
845 851
74990 75007
71071 71077
43646 43680
48817 48834
44751 44762
51629 51677
57508 57514
17917 17978
3611 3623
61220 61270
11472 11621
6443 6466
60580 60588
55758 55775
69943 69968
29923 29935
56895 56901
71795 71804
48258 48275
43229 43274
31252 31303
38488 38512
52679 52747
29409 29454
70161 70223
57478 57520
55527 55623
42957 43180
47674 47714
49546 49567
65442 65494
74315 74323
10133 10225
27364 27514
5699 5714
36983 36984
37240 37281
65483 65571
46458 46493
60330 60413
64926 64986
23507 23528
66606 66622
27974 28005
65806 65825
58898 58985
50897 51005
46349 46390
78047 78100
53342 53371
19613 19618
25512 25532
67672 67702
5311 5331
6559 6572
76404 76464
77721 77797
63952 63982
50056 50077
31812 31825
55239 55259
25009 25084
1063 1099
61112 61119
35542 35557
77805 77875
3253 3277
66495 66527
16979 17020
26164 26191
69365 69439
79582 79668
50246 50347
55653 55680
7824 7939
52631 52652
15208 15218
16295 16336
43785 43804
51722 51737
70650 70654
64046 64075
73845 73870
62315 62331
47604 47613
4904 4932
64153 64194
73626 73656
11459 11474
41457 41487
59079 59482
45373 45377
14274 14280
73451 73594
49136 49182
25113 25115
79027 79068
67438 67470
54266 54279
75104 75129
70207 70220
43510 43550
34933 34990
42376 42413
41310 41351
61530 61575
59936 59957
64309 64335
70568 70646
12604 12643
42443 42513
54101 54123
57462 57542
12270 12289
2011 2013
45209 45212
40991 41124
71880 71897
19009 19015
54277 54322
30146 30305
76898 76922
26411 26491
64689 64735
50034 50090
28587 28592
6494 6529
32384 32428
42056 42148
60696 60714
73762 73781
33112 33122
32731 32750
50331 50404
52835 52850
29466 29528
14373 14475
38082 38141
24719 24814
10501 10521
56966 56967
40130 40195
52809 52812
8445 8600
10308 10330
61222 61239
66719 66774
45865 45877
66225 66242
14252 14258
3382 3413
64787 64838
11118 11166
22093 22122
15044 15059
52869 52887
22025 22032
79259 79267
38677 38683
19803 19809
45466 45481
71951 71958
17838 17912
2790 2807
23180 23185
26307 26393
51992 52055
3355 3403
50095 50112
69385 69431
70490 70578
4275 4422
7567 7675
76905 76965
65309 65422
31554 31590
62944 63045
57006 57018
36482 36513
15602 15639
52244 52270
36255 36272
47245 47268
27311 27419
27612 27621
23928 23933
28718 28763
42589 42593
67639 67657
10261 10328
46521 46582
50441 50465
42564 42570
76125 76170
14882 14888
78640 78706
10791 10815
13180 13290
40936 40950
7601 7655
8462 8482
43410 43428
64960 65044
6422 6430
29817 29823
17398 17506
73503 73709
77883 77897
75545 75631
17088 17128
61382 61406
18290 18316
31288 31358
5069 5093
66967 66988
65190 65208
79308 79319
73443 73459
33986 34083
44704 44726
29194 29388
78894 78931
31280 31323
17344 17353
50395 50407
14237 14288
13168 13232
54215 54217
56054 56055
25090 25091
61708 61730
9805 9812
74125 74138
64445 64498
8001 8020
10946 11004
58592 58595
16926 16930
3077 3210
75314 75406
2114 2229
47329 47351
31362 31373
65004 65101
1727 1761
4501 4511
9152 9173
79811 79841
47055 47072
17670 17691
75749 75786
23552 23603
33283 33293
56812 56842
4958 4962
46552 46593
6542 6583
49894 49925
37633 37669
78152 78187
49799 49907
26476 26500
38272 38279
42405 42471
77208 77212
27582 27600
76685 76752
57649 57663
77464 77579
72914 72940
36242 36252
40462 40491
65724 65799
28191 28203
35269 35283
37314 37390
15435 15464
70039 70151
54655 54752
45121 45161
2214 2265
61475 61484
23169 23256
12918 12924
53293 53308
15627 15658
34728 34742
52542 52578
74821 74851
24637 24659
40115 40173
60862 60898
2323 2342
62971 63055
54108 54124
15476 15490
35984 36056
31139 31175
60883 60917
50835 50836
47666 47682
38253 38266
38052 38110
2724 2791
68373 68381
42190 42201
77630 77647
10422 10439
45010 45012
63235 63283
52202 52207
35075 35189
6398 6519
59117 59189
79639 79667
29424 29434
6828 6910
19937 19943
35675 35710
54387 54413
15768 15819
22961 22966
54491 54505
69105 69264
10362 10399
52020 52047
40190 40220
3938 3952
6815 6890
69003 69089
40092 40148
73889 73898
6254 6303
54447 54456
21681 21739
79664 79669
53504 53513
59142 59170
50146 50172
52761 52767
62478 62545
40606 40660
79346 79366
77214 77220
28346 28357
61013 61139
47057 47075
58095 58104
72116 72136
6106 6134
44599 44667
1401 1489
72325 72330
5683 5725
50561 50649
33631 33655
64520 64533
10123 10396
52066 52132
67347 67360
70647 70673
27893 27905
26125 26151
37802 37832
6840 6868
35289 35295
16591 16596
41346 41354
23424 23445
52025 52081
59711 59723
44565 44586
41299 41308
54045 54054
43335 43365
22362 22413
46879 46890
73561 73568
57582 57639
32380 32509
54985 55067
8864 8896
5182 5186
40930 40974
13271 13288
18860 18870
52628 52632
3980 4003
8703 8714
72251 72272
3232 3250
23457 23482
72013 72062
26701 26716
60460 60480
54503 54549
76335 76344
73124 73137
72681 72717
43671 43683
78212 78232
52182 52213
35579 35619
54771 54808
63137 63169
61980 61988
6773 6785
18185 18219
75653 75704
23365 23542
28334 28347
46246 46275
15339 15375
7039 7054
29668 29722
54216 54229
45598 45647
56574 56579
11963 11972
78862 78899
62645 62673
63832 63859
39992 40059
77947 78014
44092 44121
9376 9475
22635 22768
59902 59928
32773 32775
73695 73814
1094 1101
40350 40404
44383 44387
59324 59380
66673 66674
6065 6120
3664 3739
46649 46658
37068 37104
5626 5676
67342 67505
46549 46563
58893 58925
20826 20839
27919 27959
72913 72934
71782 71870
72997 73000
39111 39125
66745 66775
18684 18768
40433 40485
11901 11907
36921 36925
55659 55686
25283 25292
40736 40770
27833 27966
44656 44675
69563 69588
54180 54234
56145 56265
62847 62900
9695 9750
41355 41367
12254 12255
74935 75034
22330 22342
24961 25143
2430 2441
78246 78286
71517 71568
16508 16518
44414 44453
47463 47468
78355 78373
64159 64178
43556 43568
24395 24448
24469 24535
23421 23460
20116 20140
37775 37782
4431 4488
41061 41097
66201 66237
64860 64863
34186 34195
15381 15395
44114 44161
79328 79387
38574 38620
35375 35385
43927 43932
55938 56002
40044 40051
51980 51997
34363 34403
27336 27384
34786 34810
30621 30692
31847 31871
58280 58361
16519 16539
40804 40817
70074 70125
74239 74270
5652 5685
2426 2450
37800 37813
56118 56178
65186 65254
7161 7169
36687 36811
78778 78811
14293 14294
12640 12705
17411 18021
11581 11626
41448 41476
4799 4829
2451 2540
56971 57047
40806 40870
74334 74348
41493 41533
35875 35883
55199 55241
47037 47043
64187 64220
18661 18683
3928 4009
76534 76573
17673 17742
33140 33154
37587 37588
72408 72471
30120 30147
9305 9318
11255 11329
31335 31370
33572 33608
34700 34783
8278 8354
27314 27318
10034 10097
56427 56496
24617 24646
78807 78953
24964 24974
29851 29861
31225 31310
43202 43237
4262 4297
33564 33630
52146 52162
49633 49720
5160 5176
2566 2574
43936 44007
56861 56879
42813 42828
13449 13454
15104 15156
69144 69173
65725 65795
30019 30042
69207 69282
34813 34874
72705 72736
43880 43920
46710 46736
52497 52539
35712 35759
716 735
63868 63880
37901 37914
20688 20717
51991 52059
54615 54649
8301 8329
3627 3668
65079 65160
11035 11043
31653 31671
20424 20426
42597 42615
37062 37112
16792 16796
52698 52728
37666 37738
16181 16200
35383 35388
21660 21673
10131 10245
19305 19328
27949 28025
37287 37294
77028 77081
19362 19388
16192 16245
9736 9787
27790 27843
52797 52810
51197 51208
14587 14618
73061 73083
44576 44628
5508 5566
72642 72670
39190 39199
31061 31085
18850 18902
44857 44918
9951 9987
68041 68051
6334 6354
77474 77488
56194 56200
7088 7115
8925 8998
78546 78550
486 499
37621 37696
39485 39498
385 439
31912 31937
44117 44169
576 588
30358 30370
67194 67214
65095 65232
21490 21541
14954 14958
53606 53628
5844 5860
60801 60820
31802 31813
22534 22535
12205 12217
79980 94
16736 16766
27322 27395
19793 19802
63597 63621
68716 68792
79002 79116
5837 5904
68558 68650
21556 21608
74517 74561
55452 55499
32972 32985
17950 17974
79378 79476
16117 16133
26397 26432
61622 61701
47904 47940
42877 42906
59128 59145
15941 15968
68802 68813
51751 51773
5470 5493
3688 3731
41678 41682
36782 36833
41650 41668
8026 8068
68789 68804
18675 18715
70080 70107
45942 46089
5023 5053
63796 63830
48599 48621
77671 77679
30111 30223
52393 52437
30436 30515
6560 6589
27440 27578
41680 41811
10629 10630
59866 59890
54296 54393
29807 29865
57858 57913
19826 20101
24023 24035
36348 36349
17337 17368
49420 49451
7014 7086
18373 18379
4828 4903
12498 12568
9539 9578
62989 63007
66636 66780
39742 39752
52455 52499
43541 43547
29155 29171
13474 13499
79114 79132
22626 22629
3241 3281
25222 25254
57442 57458
41790 41814
38368 38378
69978 69989
15178 15202
51532 51570
66050 66071
5586 5802
45646 45649
34297 34301
7315 7348
43776 43813
62431 62453
40854 40923
44950 44972
16442 16522
59713 59742
75727 75753
15877 15896
7986 8056
30730 30736
22324 22419
61989 61998
63809 63816
18521 18599
61286 61312
7721 7970
27515 27534
54924 54966
24084 24138
67656 67679
49356 49419
67568 67579
47994 47996
42938 42947
8861 8923
69495 69500
16501 16515
38617 38685
14916 14922
2231 2272
24048 24072
28098 28129
6750 6762
29271 29319
5004 5039
19786 19810
53815 53823
47856 47875
11996 12051
33782 33898
442 552
14879 14924
78394 78453
37620 37744
77408 77455
11257 11303
19199 19212
65621 65667
341 360
13023 13028
10574 10646
63896 63899
46928 47009
62597 62604
76882 76902
23364 23388
41922 41949
31693 31713
20792 20890
3630 3632
22015 22095
118 131
50424 50457
5888 5931
43451 43512
36194 36214
942 973
7081 7090
14394 14442
39767 39797
56759 56804
30572 30582
73349 73352
440 468
70946 70952
40824 40838
53668 53690
76401 76405
13273 13279
14177 14213
41579 41584
77312 77321
57538 57601
26952 27009
18271 18280
13375 13376
66601 66638
28453 28456
71370 71385
34444 34446
26765 26773
61102 61132
37964 38046
8421 8477
32439 32440
24623 24654
32464 32535
55302 55306
37631 37634
5308 5343
9497 9522
72965 73029
15494 15496
75723 75789
44130 44181
42006 42033
23467 23600
39714 39722
64898 64903
68089 68092
65560 65606
55734 55768
71954 71988
66069 66079
54114 54117
64106 64135
49659 49660
7553 7595
14341 14380
34951 35019
20080 20230
70761 70818
76094 76106
69199 69202
55825 55829
103 115
7773 7837
44996 45074
49752 49834
70720 70735
77136 77156
7969 8019
4696 4761
60090 60125
79736 79751
64943 64955
2721 2754
1007 1008
4994 5015
7026 7036
40969 40983
42575 42585
61159 61209
19382 19387
69777 69793
31773 31779
30805 30813
73671 73682
70003 70052
63459 63531
60353 60360
59975 60005
19936 19992
31453 31469
67503 67509
23407 23408
4418 4430
2853 2868
57451 57473
42596 42613
35149 35187
44229 44247
63383 63428
38145 38227
48455 48464
16201 16333
26916 26928
59122 59233
50271 50273
47242 47259
32917 33017
36053 36133
25023 25032
75396 75496
10135 10155
44555 44579
7549 7617
68969 69022
7791 7879
23953 23980
6550 6569
34401 34414
47841 47851
63974 64018
44723 44786
24847 24908
1874 1894
29565 29577
50632 50660
36685 36734
49072 49122
38570 38583
45601 45622
43912 43990
70555 70657
42350 42364
36335 36518
36390 36391
63582 63645
79920 79936
77822 77893
62621 62622
67807 67818
36431 36452
40342 40437
46659 46763
44940 44941
31403 31504
51226 51229
323 357
75008 75047
59620 59694
14662 14710
47319 47360
35101 35192
8418 8434
5611 5701
59125 59147
65251 65286
21712 21755
75221 75277
39679 39700
71814 71831
13323 13349
53503 53552
42883 42948
18604 18629
64444 64448
9054 9061
63561 63590
21252 21269
29464 29497
7495 7551
26541 26550
34095 34122
13565 13622
22703 22736
13862 13905
38361 38388
54701 54735
37974 38005
74719 74726
67313 67344
6459 6483
28426 28434
33085 33116
53984 54037
34928 34941
76973 77003
35621 35660
3758 3861
57077 57154
19910 19913
56316 56333
11402 11405
47539 47568
53382 53398
15708 15726
58031 58060
18404 18418
67999 68010
17061 17210
41044 41148
54197 54198
26842 26967
79533 79549
58338 58373
23205 23335
66510 66511
9359 9442
53116 53138
66823 66863
78431 78488
24155 24170
57851 57886
2982 3020
11465 11487
32311 32412
30918 30945
52411 52426
53776 53889
69684 69696
57105 57171
44644 44746
70860 70960
54085 54087
6879 6904
24748 24807
30105 30113
18088 18102
49200 49234
47850 47874
56651 56705
18871 18942
28879 28931
41689 41708
42277 42342
56294 56315
10213 10251
17530 17549
9113 9269
77789 77809
72918 72920
6503 6549
76937 76990
71403 71405
51277 51284
65338 65393
70128 70171
23412 23417
68580 68619
29465 29490
33829 33838
40822 40830
44073 44081
63914 63961
22467 22469
24678 24695
23074 23088
49774 49793
6345 6346
23987 24015
62314 62360
62065 62121
57652 57680
50827 50872
70511 70524
76591 76593
32993 33056
23823 23824
57007 57070
44846 44868
28620 28628
55061 55115
25471 25483
33173 33176
61724 61820
10327 10382
44178 44189
62751 62923
16310 16368
45480 45507
43313 43328
24209 24377
72166 72182
15806 15869
2661 2708
13750 13812
18849 19241
52803 52828
1571 1595
18172 18238
43697 43803
25295 25345
72611 72639
43503 43636
68633 68654
28801 28832
59633 59733
51528 51544
70932 71017
79234 79241
5131 5134
30974 31110
61328 61517
21018 21021
41893 41906
42050 42063
75069 75079
54058 54194
3792 3837
5166 5201
56463 56464
67141 67146
52482 52562
26793 26799
68395 68422
29289 29352
15576 15600
15301 15327
78880 78920
46923 46934
78115 78120
46584 46585
61649 61664
78809 78825
41818 41878
19477 19500
27478 27516
48980 49004
71677 71700
49047 49051
72468 72494
8855 8885
57346 57379
32062 32095
55891 55894
8761 9033
17179 17266
23686 23688
66456 66485
9969 9972
79855 79873
61643 61802
24796 24928
63995 64048
28400 28447
68409 68456
4446 4467
32408 32431
1421 1456
25135 25154
73970 73978
46542 46603
69997 70015
31477 31518
21940 22008
73064 73082
43705 43721
49837 49899
14275 14315
30039 30103
47824 47840
27765 27778
62324 62400
31559 31588
77162 77235
55769 55780
16891 16918
42169 42204
65128 65143
49528 49539
20135 20144
2495 2527
28737 28767
48439 48479
41171 41220
6121 6236
7303 7336
26578 26582
8791 8844
8516 8562
21505 21516
31576 31584
27960 27964
25807 25812
67036 67064
16510 16520
74610 74671
60452 60506
22117 22138
33049 33090
64971 64976
21733 21781
20495 20517
42664 42678
9365 9368
17888 17891
78959 78965
16974 17006
60473 60478
65001 65006
41566 41568
5399 5443
77173 77190
9713 9733
59800 59803
32071 32106
55605 55646
18987 19024
37341 37385
64148 64164
33073 33091
49233 49285
8773 8774
52273 52276
25246 25266
76445 76546
17594 17597
73183 73292
56081 56109
74326 74418
15169 15175
49288 49354
16882 16932
66053 66114
52656 52787
64243 64264
25035 25044
72334 72349
47198 47201
23006 23012
48978 49027
43529 43544
27749 27829
16484 16557
12690 12748
11527 11552
68904 68930
55695 55735
9231 9270
76705 76754
76036 76049
67032 67133
63186 63295
76353 76363
71174 71210
24911 25018
63920 63946
192 302
58942 58962
72107 72179
79793 79816
30440 30534
50020 50033
45077 45172
71081 71151
60240 60250
72868 72929
35996 36032
11966 11978
24677 24729
75005 75170
13678 13728
77667 77766
64315 64358
76100 76131
1310 1486
50722 50765
60420 60458
26860 26910
55175 55232
41345 41422
833 859
63434 63492
31339 31341
67027 67073
30395 30433
8630 8637
72993 73003
8250 8255
53065 53182
7099 7123
42681 42752
60345 60362
59763 59827
48523 48534
46717 46774
47012 47028
13885 13986
46197 46214
35562 35615
45223 45268
15320 15430
10885 10886
37583 37591
54383 54454
22553 22648
31274 31285
63023 63026
31715 31770
36134 36153
64568 64619
2787 2797
34040 34045
39789 39814
13943 13964
61978 61992
59709 59735
37923 37936
75410 75431
19540 19640
3122 3149
56873 56897
75604 75760
8187 8217
9837 9840
52981 52984
20009 20051
50086 50096
69087 69167
10577 10588
56943 56950
19412 19421
41157 41163
34476 34491
61318 61399
14098 14141
36085 36192
62733 62805
61574 61578
73317 73364
21596 21606
14583 14620
46672 46677
78532 78544
45669 45691
51718 51730
10344 10394
46109 46121
6333 6355
30263 30282
32930 32952
33297 33319
41092 41125
15116 15234
23501 23589
2352 2391
31993 32042
3919 4031
10002 10010
66652 66679
36425 36460
14828 14892
60329 60350
33165 33188
22583 22605
10309 10380
27879 27886
21014 21035
19446 19478
74939 75001
48019 48022
36957 36971
59913 59976
17281 17303
16246 16258
43966 43982
57692 57845
47743 47791
18070 18072
65075 65148
67453 67468
37888 37900
62368 62411
29824 29847
22796 22805
13968 14008
33139 33168
27288 27329
47071 47138
20748 20765
9996 10047
21317 21400
53043 53097
35067 35077
7736 7762
15982 16027
74945 74992
9397 9447
2874 3002
68323 68359
75694 75702
4023 4036
51554 51563
55544 55588
15451 15467
4264 4266
57777 57783
56239 56246
71670 71783
74243 74248
72885 72960
45340 45345
36273 36282
55065 55069
68683 68714
73598 73608
79795 79798
35 106
66559 66618
62438 62496
69171 69192
10854 10904
29101 29125
3691 3763
76950 76976
75824 75828
55818 55835
40493 40517
56526 56605
8825 8827
29196 29207
74837 74864
70991 71056
2377 2409
66701 66738
53330 53348
20327 20343
39514 39526
30626 30627
59112 59250
33589 33641
29034 29036
36870 36884
18268 18277
53444 53480
62690 62694
28800 28818
26392 26405
13354 13402
2935 2937
49818 49845
55730 55812
60425 60441
31423 31529
5631 5793
6199 6264
49910 49921
25841 25927
43784 43797
12871 12878
1186 1234
29850 29871
73997 74008
20711 20714
37578 37616
37413 37457
61138 61150
54448 54570
60383 60392
61153 61156
44527 44585
38254 38255
7322 7350
57869 57963
24 48
43594 43601
13082 13165
11538 11545
39153 39158
18101 18106
36872 36879
69399 69467
23706 23885
60767 60769
4535 4609
39318 39375
65372 65390
35276 35379
6926 6961
1617 1672
6765 6770
39288 39315
50864 50904
48372 48373
72150 72159
78218 78256
51389 51436
77701 77764
47431 47469
16244 16329
38391 38414
74521 74597
64063 64129
16014 16032
3676 3726
78708 78814
38185 38267
54569 54624
64296 64305
42031 42054
42563 42606
36938 36965
66549 66560
8283 8300
18211 18221
74034 74055
51033 51034
330 376
42279 42308
37320 37323
15011 15052
28942 29033
68688 68696
51876 51971
47730 47753
34255 34279
41977 41984
1469 1500
29879 29907
74713 74730
46028 46055
66608 66641
51638 51683
15366 15370
46805 46825
45135 45173
19828 19848
56761 56775
71614 71722
24321 24335
79427 79436
5453 5471
48222 48249
42701 42771
8345 8355
55583 55649
75915 75918
22552 22582
65258 65315
42798 42804
64343 64368
42974 43002
48417 48562
6818 6851
35768 35833
44522 44544
21820 21839
73201 73206
13538 13543
76781 76804
47903 47908
53979 54022
13267 13284
52627 52642
15135 15160
21232 21245
33593 33707
50695 50711
79540 79561
9174 9185
40561 40603
1270 1274
74823 74844
42506 42522
10103 10147
4085 4179
14028 14101
46959 46986
76934 77036
14009 14047
23031 23033
37824 37827
3536 3573
30106 30122
59221 59272
56556 56610
76150 76168
10831 10877
67806 67809
77570 77719
36927 36935
58137 58138
34399 34406
8840 8883
16655 16667
74839 74879
11754 11800
6357 6389
12016 12024
6532 6537
11328 11379
47658 47713
51792 51805
63156 63241
28195 28214
40495 40510
59149 59156
44228 44343
62148 62177
30568 30685
11247 11332
67477 67575
75996 76006
59786 59849
45864 45873
65850 65896
35548 35612
56753 56786
21193 21227
1692 1710
73380 73498
37743 37780
4778 4805
21137 21154
46804 46869
76224 76280
47878 47966
10210 10215
46882 46922
6760 6767
74783 74799
69718 69786
29102 29116
47175 47229
51506 51507
60196 60251
67448 67608
56721 56772
3076 3200
13746 13787
22037 22108
6949 7069
16585 16610
47182 47213
51441 51494
55338 55354
73580 73632
58069 58096
67883 67903
44213 44253
9236 9327
2515 2629
17276 17283
60906 60944
59089 59213
55803 56012
36987 36995
60750 60802
47585 47599
52943 52949
24466 24499
61404 61425
6086 6124
68878 68915
41131 41138
16242 16303
61656 61704
65243 65250
65940 65970
14158 14160
77439 77440
315 370
67131 67273
67589 67630
59721 59728
46900 46932
52369 52371
22311 22333
45227 45293
44643 44697
32757 32772
50333 50409
56205 56235
34533 34550
76579 76609
74392 74427
57743 57794
72910 72939
18126 18162
30160 30194
39037 39052
21437 21465
21787 21794
23070 23078
14811 14827
2363 2411
16150 16314
13663 13693
22609 22737
60179 60197
72691 72768
5282 5347
57222 57250
64041 64116
75386 75467
12756 12792
22661 22694
49280 49295
69455 69524
58880 58928
50854 50906
60431 60470
29332 29339
44260 44269
34229 34477
53703 53705
46131 46167
76157 76216
67844 67878
41362 41382
22537 22540
18230 18269
11611 11624
7283 7305
48433 48492
23279 23309
26387 26404
62787 62804
49063 49079
46113 46184
67057 67096
70235 70262
57050 57069
21678 21692
38553 38567
41034 41037
21851 21857
5208 5273
35593 35599
61240 61283
52895 52922
70115 70149
18758 18788
68007 68017
22370 22497
47668 47670
78909 78939
49978 49988
41703 41729
36916 36954
64421 64464
15139 15144
68208 68231
4343 4358
58627 58658
20708 20730
1592 1599
40134 40171
4250 4261
14499 14532
66292 66296
25794 25832
45001 45020
52617 52625
46660 46689
55044 55113
42253 42258
70597 70605
35960 35966
40526 40527
48884 48889
8099 8103
35888 35928
47391 47417
54328 54336
59491 59508
58688 58764
45487 45501
59664 59672
16266 16284
56657 56683
60434 60495
77246 77278
51297 51299
43011 43048
48907 48920
67994 67997
24791 24815
40625 40634
43991 44077
35013 35053
78974 79031
67143 67202
19031 19057
6527 6539
48538 48570
8289 8307
47038 47082
16174 16180
73085 73088
58468 58502
857 969
79745 79777
44063 44100
35266 35293
22375 22423
52944 52966
52821 52915
32518 32623
58705 58829
18160 18284
61311 61364
38640 38750
26379 26429
41663 41669
66684 66686
24932 24935
10872 10882
55482 55573
50597 50603
10253 10300
77005 77011
51397 51424
11720 11722
75066 75088
48824 48863
27398 27453
23827 23851
21463 21464
69616 69658
25837 25839
19971 20028
1266 1360
9553 9630
78848 78904
44167 44224
6461 6489
67066 67136
33935 33938
72176 72202
63013 63118
72001 72037
11585 11842
55469 55485
71557 71592
65323 65344
19526 19527
19950 19969
59028 59043
49084 49113
25763 25782
60555 60562
40295 40406
12537 12559
48038 48113
10561 10566
46427 46457
1471 1525
70497 70534
18040 18133
58697 58727
48626 48629
7542 7556
18928 19006
54984 55015
76486 76522
63593 63692
2018 2073
49509 49526
78257 78259
42642 42648
71267 71270
67408 67419
33382 33427
51631 51675
79056 79075
31495 31499
43786 43809
22892 22972
5163 5169
45832 45841
19898 19903
70981 71002
77425 77447
16567 16588
43750 43759
69866 69932
58948 58960
43883 43886
29992 29996
58085 58091
20829 20873
438 450
63749 63756
46841 46903
11838 11866
72093 72102
49709 49716
14498 14504
25338 25406
59930 59967
23103 23154
987 996
67486 67510
76437 76439
68832 68874
57311 57324
12789 12796
70849 70861
53204 53223
9423 9488
48127 48178
37025 37029
48410 48515
31948 31967
14306 14311
22954 23039
3057 3199
41833 41905
10900 10990
22368 22431
77596 77603
68425 68736
56522 56568
56283 56336
35975 36065
78798 78801
79472 79515
70113 70170
8999 9028
18188 18191
64189 64240
78879 78934
79451 79491
21034 21073
76663 76709
71388 71406
39641 39682
15328 15371
25521 25592
42549 42558
77071 77107
60382 60401
6297 6325
26671 26673
69838 69862
56995 57080
8049 8118
29176 29243
58388 58395
7444 7546
62272 62317
40641 40663
72972 72994
17458 17489
68924 68929
31043 31107
39171 39214
45976 46004
3235 3279
46418 46424
50262 50315
71620 71632
14241 14253
10355 10402
19906 19924
10753 10850
61074 61108
14734 14739
26651 26750
9967 9973
5523 5531
55567 55615
19463 19473
70659 70694
20174 20195
70402 70430
14949 14952
10625 10655
53306 53329
18640 18670
48786 48839
76333 76341
46536 46560
43566 43570
79112 79144
11658 11688
60315 60316
62402 62482
61873 61925
20465 20539
79594 79640
37089 37100
78318 78338
14138 14171
66626 66702
40994 41103
10617 10653
1470 1484
11286 11290
16748 16859
5188 5191
45416 45496
55980 56042
31613 31664
56139 56161
42292 42335
30010 30017
25048 25195
3721 3733
22924 22925
48383 48411
40918 40938
68189 68192
74373 74409
20743 20809
54057 54091
22101 22205
30815 30838
71167 71224
24289 24295
38313 38358
64213 64216
53457 53464
38344 38345
33037 33050
31411 31416
40774 40795
75781 75794
7998 8028
29995 30000
74710 74753
75811 75841
50082 50083
19291 19309
74704 74731
59734 59769
30444 30474
50817 50822
16929 16953
61256 61290
64458 64477
73546 73578
52662 52713
22627 22642
46362 46406
37398 37402
53737 53755
64317 64349
72777 72792
49615 49826
6291 6316
4346 4382
60253 60270
39730 39769
26999 27064
3764 3801
76966 76983
65377 65438
16634 16648
68939 68955
5217 5238
1954 1957
47130 47164
25472 25537
27757 27834
42403 42412
73983 74007
19118 19134
62133 62151
55256 55270
57992 58021
11981 11990
62894 62901
6069 6104
16503 16506
42907 42933
10601 10658
39581 39604
72760 72770
14554 14584
74107 74146
17310 17336
72151 72171
71859 71863
50328 50349
71255 71298
41190 41228
65349 65373
6028 6071
49432 49454
66042 66085
4729 4800
33733 33761
73076 73106
44412 44460
11042 11049
14295 14354
40986 41012
77560 77580
67014 67075
28374 28387
75387 75458
2878 2893
15345 15362
60934 60953
1388 1411
19551 19556
10887 10911
65781 65868
22338 22339
38130 38140
79988 73
66841 66924
70502 70513
16110 16116
34724 34779
44574 44575
72208 72239
51768 51778
52685 52686
20071 20095
14511 14518
35083 35103
74843 74853
12759 12810
25376 25423
11430 11464
12345 12410
40745 40932
56343 56364
72807 72810
55587 55600
7309 7338
2103 2129
50652 50706
71022 71065
17555 17590
7960 8107
64532 64541
64267 64303
47074 47142
21716 21727
39014 39041
48893 48958
41915 41945
15998 16006
39175 39235
36014 36019
78549 78609
4681 4762
22853 22878
67198 67216
38480 38492
67637 67688
65897 65996
61431 61440
32735 32783
70780 70790
75245 75286
3102 3103
37117 37124
34440 34467
32344 32508
22472 22499
14825 14869
63626 63668
60364 60373
31412 31415
66483 66488
68731 68770
10162 10177
46550 46613
1876 1899
7429 7437
52333 52344
75549 75551
45724 45747
719 727
18037 18051
39274 39349
37421 37437
71449 71496
36465 36520
76664 76687
21808 21836
58413 58512
32141 32205
5648 5665
48422 48510
54509 54601
24231 24302
68895 68922
60454 60496
62184 62196
4087 4095
48126 48156
37949 37960
4537 4545
18647 18701
26767 26812
27260 27277
33496 33543
52743 52862
25399 25447
26941 26959
20802 20833
65 76
27290 27293
31913 31942
12160 12172
46021 46320
9315 9351
57109 57185
72716 72748
19403 19443
8408 8432
54070 54096
5293 5326
37357 37366
58999 59013
27209 27273
13730 13738
42186 42262
4810 4821
37492 37542
20779 20793
65757 65767
42741 42743
19297 19298
34882 34896
22012 22085
73041 73056
37251 37350
73616 73663
78808 78828
141 207
55446 55491
74288 74309
9705 9729
18458 18487
24457 24495
43073 43118
66072 66235
20696 20700
36219 36296
57836 57910
32446 32468
21307 21374
16981 16995
39839 39919
40254 40266
56399 56429
40053 40056
17468 17493
5180 5183
23650 23821
70746 70840
53882 53902
70097 70112
45151 45163
74522 74554
40431 40438
23774 23806
68109 68211
9735 9748
57361 57378
26089 26146
25354 25390
31992 32014
55286 55294
64120 64156
7397 7416
72618 72632
1884 1906
2594 2660
42541 42581
51748 51812
26931 26932
64877 64892
231 252
8826 8833
46451 46511
631 699
42402 42420
11066 11076
78618 78625
69126 69155
53845 53905
28253 28262
36018 36042
31407 31452
15938 16017
22899 22935
65731 65763
25385 25398
711 732
5808 5833
10531 10548
14550 14671
69682 69690
36382 36457
12538 12554
75268 75310
11165 11249
61569 61588
75802 75806
69643 69644
73775 73879
7048 7052
75783 75799
48500 48521
12854 13013
1627 1659
1680 1698
48047 48104
3234 3300
26219 26247
63037 63164
64186 64259
33067 33078
5013 5068
12274 12298
57805 57810
51499 51514
24002 24121
53931 53949
35895 35896
56787 56837
67440 67451
49538 49549
54152 54167
66164 66258
65842 65900
55595 55626
64868 64881
73218 73227
27917 27931
55173 55215
36958 36982
5769 5770
6484 6545
36098 36178
49014 49032
41627 41634
73375 73396
34145 34268
20232 20280
67651 67782
1661 1670
22937 22952
22274 22286
70661 70733
25829 25891
33726 33745
15243 15248
69957 69976
39028 39031
50446 50471
5488 5522
76621 76701
69767 69812
70197 70215
70005 70100
493 570
12336 12364
4939 4978
6604 6625
68674 68678
41520 41524
56510 56564
67848 67861
40942 41007
23615 23632
63468 63487
19406 19436
15711 15745
77573 77597
59060 59108
60877 60945
59843 59844
16517 16534
21974 21975
41141 41261
57169 57215
2833 2843
66454 66467
49095 49163
6418 6442
65199 65234
4284 4288
29089 29117
8881 8907
68734 68756
53467 53539
62608 62680
56811 56832
10205 10263
21724 21768
8552 8624
459 489
44018 44066
54935 55019
36347 36361
43778 43783
35238 35244
71770 71775
18594 18616
2155 2241
47367 47432
11477 11582
16657 16678
60797 60799
7258 7261
48836 48838
70353 70361
7286 7353
57045 57056
59934 59940
26364 26451
11629 11637
11770 11780
42644 42657
26974 27054
74503 74556
71344 71366
422 445
50990 51004
14434 14516
70401 70516
74841 74866
17220 17227
36678 36702
25505 25575
68721 68783
2725 2750
72111 72115
33193 33218
45186 45205
31405 31464
18042 18058
41636 41693
74568 74585
421 540
16194 16205
34018 34041
15560 15561
40360 40377
61273 61284
44293 44353
52061 52096
37610 37695
11382 11383
7489 7537
8984 9000
51047 51049
16088 16106
22668 22705
4812 4862
36895 36911
15183 15190
47578 47699
6449 6465
13241 13265
38291 38351
44882 44911
14647 14649
9085 9112
47400 47420
55967 55971
25685 25696
14040 14049
50847 50923
21858 21859
1164 1178
70687 70706
76059 76105
55216 55235
60998 61030
63764 63884
42708 42785
50727 50732
46024 46053
26042 26115
25508 25554
75507 75530
51975 52042
36169 36208
24286 24298
37164 37256
78979 78996
12485 12513
63792 63857
6769 6942
78188 78225
11818 11831
57921 57953
53089 53181
66677 66683
14642 14757
31027 31044
58947 58989
39690 39711
39167 39184
64920 64949
37549 37575
37234 37324
18962 18979
37701 37774
64916 64934
26169 26200
36815 36817
56040 56111
28610 28636
47393 47501
6216 6284
55677 55698
12837 12907
21407 21476
53830 53860
34979 35000
59581 59588
46239 46288
11277 11326
64918 64945
38948 39020
45026 45054
35803 35804
38117 38131
35429 35450
70603 70679
43210 43214
76128 76185
22114 22213
13972 14027
60170 60204
46382 46395
42546 42565
27705 27746
27213 27244
52176 52186
78001 78006
76631 76639
75998 76016
53699 53704
62915 62967
26102 26134
52752 52781
58538 58581
22810 22830
42372 42427
24865 24907
23034 23152
60083 60127
28917 28930
69128 69142
29656 29672
64716 64738
32006 32012
20054 20055
46822 46833
31120 31167
33667 33744
64565 64628
28857 28943
23001 23022
68382 68387
75030 75062
14715 14759
72038 72051
72537 72621
42779 42917
70719 70786
79107 79164
43050 43103
79531 79552
78146 78192
60134 60169
75764 75777
67398 67460
1793 1835
30343 30398
78089 78097
15252 15288
55837 55849
46286 46328
2749 2764
22190 22201
51086 51105
45630 45640
4492 4499
23419 23420
51481 51493
62821 62828
72926 72981
65547 65556
59536 59573
31454 31478
42147 42167
5934 5940
64864 64912
45258 45326
38297 38298
48878 48974
64704 64715
74978 74979
1843 1861
11112 11126
17813 17821
21999 22013
64598 64601
49579 49631
20738 20794
25206 25227
68948 68963
52101 52135
60525 60584
7259 7293
78061 78085
30415 30419
54434 54467
36447 36589
51113 51133
23089 23260
78356 78520
47557 47565
38622 38648
68524 68564
33996 34067
46182 46220
53020 53023
61241 61374
1356 1394
76563 76649
43787 43842
65892 65905
2551 2583
23272 23347
48826 48837
59708 59717
44376 44455
15531 15555
7784 7869
53684 53692
57111 57225
40009 40067
6500 6528
53343 53452
27197 27210
52585 52597
74220 74224
4652 4675
56748 56750
15199 15200
5746 5754
33966 33994
67290 67305
11683 11721
47525 47573
32531 32581
10222 10272
11949 11950
13802 13878
52894 52925
15535 15620
72789 72800
20531 20570
75193 75206
17613 17620
78364 78416
42374 42432
3191 3196
46086 46101
59093 59130
74282 74304
35828 35841
16209 16224
19991 20016
52650 52673
4469 4473
50705 50734
60132 60173
77257 77291
3063 3065
9521 9533
17696 17706
18634 18674
860 873
77686 77706
64825 64861
57048 57051
24397 24400
39327 39340
12258 12266
77115 77215
1982 1988
23844 23867
18199 18204
43761 43767
56608 56647
2310 2312
72104 72139
59533 59539
16184 16214
73990 74021
47811 47823
8180 8223
11904 11960
6715 6759
30450 30471
10766 10775
14776 14789
15117 15123
62762 62776
70892 70897
58831 58860
5380 5439
48791 48804
13315 13324
57156 57170
76266 76286
77726 77751
4637 4656
54895 54945
68316 68362
77957 78027
50710 50715
963 980
29115 29120
15953 15964
68999 69000
48313 48388
44157 44192
54697 54715
20032 20043
20464 20494
42343 42353
64174 64224
39405 39408
19492 19507
61804 61848
35555 35559
25413 25454
17504 17558
18259 18270
44111 44129
20942 20953
30978 31002
30129 30156
7435 7473
17134 17195
15959 15965
1474 1532
72041 72058
8569 8664
34311 34312
11222 11252
52727 52740
2973 3038
22349 22395
76677 76704
8159 8165
29027 29031
72470 72542
29480 29522
56481 56523
2256 2380
28828 28919
76876 76887
54182 54292
43720 43765
11258 11275
63033 63042
29160 29192
70002 70053
2260 2273
43642 43711
78946 78955
47801 47819
29515 29620
31426 31446
68546 68576
56477 56499
39221 39335
49378 49386
34159 34171
37420 37446
7517 7521
23675 23679
22188 22226
30922 30942
75823 75884
48283 48294
36766 36796
66923 66961
19111 19203
64384 64398
69418 69454
62118 62138
11052 11064
44958 44967
10288 10289
17274 17321
35070 35138
1931 1986
76289 76313
75906 75930
19280 19285
15834 15841
49065 49068
64894 64948
12579 12609
70821 70857
55622 55651
9807 9826
64712 64713
9394 9443
63191 63224
9760 9818
64424 64534
75437 75451
22260 22270
28955 29025
67217 67247
53653 53665
20702 20773
64411 64440
78127 78166
21604 21641
34057 34115
33983 33999
25612 25670
24582 24702
39991 40039
49257 49352
71721 71818
43881 43984
9319 9322
23020 23037
54122 54146
61996 62001
30461 30523
71021 71032
79375 79383
67264 67323
28936 28954
54302 54338
67169 67203
65572 65595
34837 34857
62318 62321
59335 59405
53397 53454
5973 6035
47883 47898
11930 11957
14653 14701
36512 36530
21433 21445
35836 35839
35825 35858
16752 16771
72565 72576
19519 19535
63902 63966
35074 35109
54128 54131
40661 40704
1145 1154
62274 62292
63442 63554
7785 7796
73815 73856
39705 39716
30913 30946
8214 8231
17561 17799
4626 4648
55716 55722
62300 62425
14022 14045
32068 32094
78516 78519
30489 30538
41376 41409
30663 30677
9123 9202
25049 25064
63485 63488
75246 75251
33771 33843
21623 21645
64848 64852
23127 23145
55024 55042
34682 34697
32641 32648
34501 34553
34643 34738
66147 66153
64080 64087
49927 49962
35349 35382
25661 25690
20837 20935
14677 14709
34388 34434
27 128
10618 10648
43364 43379
34100 34132
17317 17325
14980 14983
59667 59691
77698 77744
65482 66045
1106 1117
2941 2950
36831 36845
73507 73519
67945 68035
42951 42973
28748 28796
58519 58570
67652 67664
20110 20192
1584 1611
2580 2588
55662 55712
23923 23938
75787 75832
23449 23519
61101 61157
44259 44275
63423 63443
46289 46306
34657 34780
20086 20104
40532 40573
31331 31363
40289 40305
63714 63845
46361 46366
16425 16458
4413 4416
23976 23977
67755 67775
63318 63341
22481 22484
75511 75559
66358 66388
77037 77041
34963 34996
29776 29810
7240 7253
58987 59056
3660 3705
42865 42866
62802 62830
24867 24921
30485 30573
68005 68006
54092 54116
31045 31046
65685 65705
11847 11877
79501 79551
79819 79829
61313 61401
74213 74274
38976 39000
57469 57500
33534 33542
16673 16723
1335 1343
13268 13308
30925 30998
44272 44295
32274 32287
78037 78040
45891 45911
18158 18159
29587 29611
5066 5074
26770 26778
19928 19963
65706 65762
5451 5554
74484 74514
78651 78658
45171 45198
24025 24047
54858 54860
23280 23315
20295 20306
64001 64035
31692 31739
19602 19647
55208 55233
34634 34637
52037 52039
53035 53070
19723 19731
51291 51337
5063 5086
18186 18253
18142 18183
74316 74331
14991 15136
40198 40205
63910 63944
66591 66627
23538 23539
40783 40801
56853 56865
5641 5763
44103 44113
15398 15431
7616 7661
6161 6279
35743 35754
50883 50942
69380 69382
74388 74396
23096 23100
76272 76307
29225 29310
36776 36818
16125 16141
74718 74721
34295 34327
32469 32477
61990 62022
29898 29917
48854 48900
57728 57729
392 424
12501 12502
59258 59301
37516 37522
73972 73975
63634 63674
22180 22191
44309 44342
10929 10931
56375 56393
71183 71266
38051 38120
76322 76354
9077 9100
32689 32704
11565 11648
42394 42397
69204 69240
62956 62958
59752 59756
46233 46234
79684 79704
38587 38607
54118 54163
22059 22064
52806 52815
25404 25494
7993 8004
69822 69900
2570 2622
11483 11532
16270 16341
11938 11944
26309 26313
76141 76173
53357 53364
1753 1799
59427 59435
47857 47943
17954 18006
40241 40276
3846 3876
13984 13990
66795 66845
49145 49241
59651 59715
46091 46129
54473 54490
24972 25031
548 612
25289 25313
66996 67030
12431 12461
64336 64345
68479 68537
632 648
22749 22751
12295 12299
17858 17877
22420 22488
12231 12340
74025 74071
11206 11214
12181 12201
59061 59086
43895 43977
7290 7295
36130 36149
30192 30311
42960 42980
8964 9010
5692 5742
24262 24284
36469 36474
41087 41128
64350 64362
3747 3783
73371 73384
54166 54179
74518 74591
63693 63701
15503 15539
57965 58000
64136 64232
48689 48723
51729 51736
70938 70947
63114 63131
42718 42724
65869 65898
78555 78578
22873 22941
62641 62695
50408 50418
11796 11821
75388 75402
40765 40803
69494 69574
52717 52722
46806 46819
67329 67337
6238 6369
79261 79288
64979 64980
12399 12436
42588 42591
58762 58786
10918 10924
70559 70595
57583 57585
58695 58728
53201 53212
11868 11873
55596 55618
8405 8486
34614 34703
46747 46791
12200 12210
30116 30124
4870 4884
54980 54981
43964 44052
11271 11292
69663 69667
21306 21312
23351 23375
25874 25888
18842 18888
55931 55942
24339 24493
14220 14226
40109 40137
20904 20938
79992 34
28969 29019
76614 76615
64859 64878
29803 29826
70846 70851
33311 33361
76226 76242
6861 6981
40451 40477
16971 17050
7626 7646
42049 42083
53213 53247
5922 5981
22116 22233
41386 41410
25110 25132
53942 53977
74869 74955
73019 73089
9595 9601
66227 66268
64111 64112
52350 52353
27984 27989
14050 14070
27896 27900
52783 52831
35062 35093
28200 28240
456 513
7694 7764
16020 16077
55230 55261
66911 66964
36286 36340
67025 67172
49653 49727
12482 12495
7552 7561
7778 7783
18450 18456
7027 7043
49554 49612
6689 6712
74308 74370
77729 77735
33259 33309
22516 22578
78675 78733
50583 50593
13891 14010
28293 28299
55398 55409
59606 59609
11078 11091
75178 75199
38026 38126
45220 45256
38925 38982
65456 65460
56122 56130
52746 52766
46204 46207
60063 60076
52127 52222
19070 19117
76633 76637
55745 55746
61567 61617
63962 64040
15943 15949
8087 8148
38804 38879
12667 12668
58116 58278
52121 52166
33186 33203
65109 65122
72023 72064
71404 71430
70924 70940
12106 12129
19668 19718
71501 71551
48309 48338
45993 46005
67444 67944
462 480
7332 7393
9850 9896
60207 60354
34913 34932
28007 28029
76987 77044
78793 78820
25489 25522
54742 54767
2289 2292
54888 54970
66471 66476
61899 61902
17893 17898
20390 20399
57716 57731
8192 8200
56566 56638
8293 8358
49990 50054
25144 25151
60234 60268
47290 47314
44759 44772
16938 16944
27412 27439
68496 68571
1246 1287
44320 44327
10562 10591
67558 67570
18694 18699
29121 29126
18083 18086
76033 76074
40516 40523
23697 23781
16455 16478
15820 15895
66481 66490
11817 11853
45686 45711
13639 13668
55497 55537
78780 78802
16360 16416
46472 46495
6428 6460
29932 29980
57898 58073
20642 20670
60476 60500
68123 68135
31020 31054
67286 67293
33263 33296
72959 72968
50611 50699
19320 19629
48667 48671
70610 70703
57064 57078
77102 77122
46599 46609
38778 38782
19623 19662
54725 54784
3642 3679
22503 22509
58370 58383
75736 75740
45066 45108
76601 76605
16915 17013
27421 27563
41722 41746
8756 8767
66767 66771
63140 63151
10032 10085
26866 26893
73757 73819
2364 2392
63895 63917
47788 47790
38813 38816
44008 44010
12248 12265
17961 18053
59183 59255
54220 54228
6241 6244
29286 29354
29512 29524
45636 45642
49424 49444
78118 78131
16213 16228
32681 32695
49529 49544
4311 4456
15392 15440
57168 57209
27846 27878
71828 71840
68646 68675
17847 17862
53973 54008
18565 18611
77424 77446
38631 38703
26808 26820
20951 21069
39301 39366
1998 2015
72696 72746
64616 64626
39148 39177
36576 36578
77273 77283
65424 65502
66838 66851
34333 34390
44110 44160
17242 17259
44641 44681
13154 13164
36478 36546
25895 25958
30314 30318
4825 4842
42071 42100
42136 42185
23157 23237
53613 53685
39129 39178
5722 5729
38550 38569
66448 66492
49832 49874
15426 15443
75063 75174
39670 39741
37461 37545
46250 46270
6302 6317
10152 10157
62777 62796
36689 36735
71852 71895
15911 15928
21208 21224
51157 51190
803 817
76406 76412
65201 65204
47124 47147
3454 3495
12830 12839
56613 56618
37958 37959
61095 61111
24533 24537
22289 22327
78285 78290
78911 78926
63678 63696
52496 52506
79893 79960
31703 31736
20910 20914
9294 9354
40827 40842
46225 46227
3784 3857
46961 47025
12891 12902
61422 61443
15848 15875
25153 25192
39243 39264
5525 5572
60610 60645
13618 13638
45696 45719
49107 49196
26222 26230
37776 37787
15821 15909
15954 16046
49016 49101
31656 31668
68632 68637
79874 79875
14875 15023
38423 38529
20840 20874
39540 39559
51057 51061
55106 55122
30202 30213
43125 43148
78151 78168
72756 72758
27670 27675
5037 5061
65062 65064
11058 11075
59313 59338
53849 53859
40676 40717
75273 75312
40478 40505
79735 79749
4321 4356
24334 24367
29771 29821
38307 38325
74343 74377
19808 19929
38119 38209
75111 75116
57537 57581
5955 5958
39489 39497
27731 27755
75889 75922
2193 2216
20853 20867
47747 47765
28517 28524
38024 38053
14912 14975
34859 34902
6806 6853
15799 15866
19742 19769
11895 11977
52407 52414
30997 30999
57014 57016
1337 1350
24053 24075
55116 55189
6641 6669
43645 43713
28161 28168
8693 8704
65032 65040
13335 13564
35775 35785
32176 32251
75632 75677
12551 12558
51344 51370
378 407
71874 71936
4065 4068
17598 17664
3092 3159
37127 37135
32533 32542
39310 39337
19378 19390
24503 24586
17850 17852
40956 41028
57548 57564
26739 26742
20771 20796
21971 21979
53730 53787
66987 66995
47644 47675
32703 32715
56115 56155
43639 43651
72229 72246
61620 61636
56146 56173
50521 50565
14355 14382
60370 60418
21977 22022
5801 5804
3153 3176
1295 1328
1806 1825
34306 34343
16389 16445
79723 79732
15931 15951
61486 61506
77513 77550
63171 63185
78759 78787
73769 73793
17725 17729
33212 33221
64633 64752
48913 48921
12297 12304
44354 44361
18077 18079
79543 79570
28048 28103
50423 50447
70997 71015
6164 6177
869 888
8878 8899
44329 44339
74603 74642
39030 39039
33231 33276
29272 29295
15882 15887
67856 67901
64794 64822
19106 19122
8574 8682
62863 62881
6967 6972
6782 6817
7455 7572
50666 50674
67248 67304
77727 77775
19239 19354
4191 4201
59692 59701
59518 59540
26847 26888
79113 79202
50272 50288
42821 42876
33144 33180
26605 26668
54839 54921
63477 63564
28822 28827
29448 29474
14700 14722
7733 7746
15404 15428
42319 42345
49042 49044
1291 1316
73981 74058
25052 25054
77471 77492
62420 62443
48052 48144
51261 51326
49458 49495
36583 36584
23973 24031
2669 2722
45443 45452
25809 25814
75995 76005
49190 49205
58422 58448
74266 74303
34359 34400
19491 19494
20388 20398
58288 58308
12151 12223
49620 49643
35717 35723
624 641
69781 69901
21049 21070
15885 16024
61523 61556
63098 63130
3774 3831
52883 52897
13036 13075
33650 33692
51658 51692
3620 3667
17923 17926
65448 65487
606 607
29706 29906
17182 17241
69049 69131
76386 76410
33539 33558
75208 75211
65604 65659
24012 24145
60766 60828
39223 39225
68732 68735
60739 60744
16022 16035
51680 51695
14129 14268
26745 26766
62408 62510
38986 39024
11998 12067
67577 67590
42089 42178
42939 42975
32696 32712
27682 27700
42860 42862
32278 32317
27619 27657
8088 8121
60890 60972
67500 67511
26614 26628
41145 41235
65052 65093
14902 14911
63410 63481
322 373
13137 13138
35899 35934
47374 47376
57348 57377
42281 42307
60095 60161
32944 32971
53235 53285
36028 36047
61889 61906
4963 5010
76137 76154
31266 31321
69196 69285
66341 66423
73128 73213
12581 12587
64467 64468
43423 43430
25272 25334
25819 25834
43056 43071
1818 1915
65364 65475
46733 46866
32747 32791
8259 8262
2757 2788
50684 50688
28772 28781
27565 27606
69970 69980
2502 2506
49542 49562
68561 68653
13598 13625
36632 36651
77854 77906
55828 55840
12518 12535
46785 46790
17123 17153
68647 68659
10606 10636
21162 21166
18429 18489
64546 64593
29269 29299
51712 51728
36505 36511
13209 13233
54572 54574
4296 4313
15784 15830
22976 22991
71900 71924
79927 79974
15246 15263
72012 72056
9178 9183
75398 75408
68900 68981
27002 27059
48386 48401
65100 65140
28899 28927
30830 30845
55041 55045
8467 8481
6870 6872
22380 22404
49067 49091
75844 75853
34791 34830
12543 12675
58199 58240
73914 73966
12710 12712
31541 31555
13856 13866
38520 38547
50625 50626
49527 49578
52031 52060
45082 45153
26489 26543
33114 33127
79554 79569
51082 51122
70086 70121
49656 49666
69033 69055
39303 39357
62041 62062
10695 10789
22454 22475
75013 75089
33728 33789
66688 66692
28509 28522
15900 15935
41122 41136
53172 53267
66008 66041
7388 7430
24386 24509
36998 37023
6962 6991
6147 6191
27580 27624
22437 22591
50739 50746
26017 26028
11125 11163
76392 76400
54831 54857
1122 1162
56987 57029
78687 78714
2038 2107
77737 77761
52011 52023
61674 61694
24203 24297
23586 23591
64796 64814
41123 41230
7251 7275
54883 54912
38172 38180
78990 79024
62287 62333
55472 55475
65227 65345
58698 58710
36888 36942
40100 40112
16363 16435
37019 37040
67707 67810
9778 9808
76930 76986
35320 35333
50763 50841
60407 60412
61179 61258
68663 68712
14309 14350
73100 73204
24648 24689
78863 78864
6738 6852
75695 75701
62550 62576
62663 62698
1544 1561
51656 51713
51844 51880
1369 1400
48166 48171
34907 34931
67381 67386
52115 52122
62486 62513
15051 15058
64964 64999
36377 36481
53484 53487
24393 24421
6194 6211
43515 43549
63039 63229
50500 50528
15832 15884
67465 67476
25303 25337
55308 55329
66509 66562
78803 78824
65884 65902
21686 21694
7984 7987
60642 60650
58149 58152
49261 49305
57343 57358
20018 20052
2291 2314
20485 20490
29555 29556
17627 17657
13256 13285
75651 75656
7171 7195
39101 39131
73486 73487
13903 13909
77691 77723
51199 51237
40748 40749
4793 4797
19774 19789
39951 40001
46751 46757
54872 54897
16651 16710
31606 31721
47603 47660
67924 67996
46821 46829
38943 38963
4591 4602
63874 63938
2040 2082
44639 44654
18619 18622
68724 68824
30327 30336
609 657
17424 17481
29467 29477
77055 77120
52732 52790
64901 64933
26527 26538
35430 35433
65428 65437
11425 11636
67058 67389
44481 44485
11878 11919
12525 12548
14690 14716
6218 6224
43105 43193
32082 32086
55749 55750
44127 44245
31196 31205
60955 60961
44491 44498
23967 23985
54441 54453
60264 60317
69870 69893
77517 77555
70533 70577
47963 47987
64281 64333
7406 7422
1952 1975
7097 7144
16263 16313
38912 38922
34202 34214
77984 78051
11590 11605
54723 54748
78762 78764
51198 51217
21431 21440
36988 37033
25987 26011
63772 63818
1569 1643
29959 29965
46810 46856
75469 75528
73719 73767
61449 61463
38888 39016
68642 68672
69219 69327
60557 60632
41612 41625
51289 51310
65674 65690
71630 71808
41540 41545
3889 3913
12466 12530
12884 12911
10392 10419
8728 8737
56890 56916
65388 65425
66920 66922
25059 25060
77614 77656
35690 35733
38294 38301
5559 5616
30869 30898
41425 41458
18330 18346
72661 72673
57328 57333
45346 45363
3393 3402
42598 42639
59442 59444
5677 5682
73607 73628
79786 79799
68066 68105
76863 76967
13396 13433
41364 41391
75276 75293
51973 51996
15439 15524
6960 7034
5528 5530
2467 2480
2780 2785
69908 69925
37845 37854
57765 57779
39389 39443
32044 32074
70339 70372
52823 52827
26601 26610
24853 24894
75686 75748
63298 63338
71154 71215
70317 70535
33104 33106
51483 51526
31034 31048
10773 10802
24958 24980
20979 21013
74765 74789
45417 45433
18478 18535
20301 20305
4918 4985
2202 2243
67185 67243
19523 19791
71500 71508
15140 15238
61280 61294
27024 27140
50546 50559
64554 64560
39479 39524
62818 62882
35857 35903
26844 26897
37434 37444
41277 41303
11384 11386
21530 21555
16735 16781
47771 47862
78754 78757
27319 27355
26078 26112
65118 65151
7510 7600
68121 68159
68458 68606
75156 75238
47148 47166
46266 46273
795 812
78343 78401
20800 20857
41848 41883
56937 56951
61714 61817
30073 30135
4490 4505
60846 60848
35650 35652
27072 27080
38080 38104
63099 63132
35223 35231
61149 61175
32486 32554
4738 4767
31589 31597
66054 66059
8251 8261
77785 77849
71242 71292
14674 14699
4620 4621
77387 77433
32630 32674
62747 62750
37870 37919
58372 58378
12015 12023
27658 27674
75343 75369
62831 62926
73262 73281
23345 23352
70229 70230
814 820
50040 50041
54930 54934
75774 75776
52956 53060
61764 61765
35124 35185
57994 58036
53406 53422
8053 8054
3087 3088
8232 8268
13295 13300
50339 50360
21883 21926
34579 34616
34980 35003
43951 43957
39720 39736
43662 43679
69628 69632
12367 12409
40607 40619
34450 34451
56432 56465
51225 51285
55978 55992
25787 25788
3562 3599
61381 61392
70885 70907
71419 71493
29301 29346
48698 48717
54749 54770
36064 36123
5136 5141
14014 14087
3231 3246
26024 26038
4993 5008
50462 50479
77790 77803
52916 52926
77135 77164
74959 75076
15211 15214
21345 21370
23466 23479
50187 50287
53683 53758
78176 78202
22885 22898
23379 23391
67324 67351
18997 19051
36369 36394
18963 19030
38834 38848
33711 33738
53280 53345
47608 47631
10127 10139
39550 39566
71138 71152
66370 66372
9577 9583
74305 74310
74708 74732
73693 73694
50731 50750
65561 65566
46942 46950
10677 10728
41820 41849
19658 19697
76078 76096
2794 2858
50374 50422
3468 3479
42360 42366
72206 72234
78742 78768
57589 57600
16276 16321
77937 77958
2546 2665
51412 51461
52965 52972
30669 30704
24517 24519
65267 65335
57802 57829
60762 60899
13434 13456
72589 72599
44046 44061
59137 59152
14689 14719
14413 14469
8102 8186
12470 12488
36515 36639
79069 79231
14560 14562
38355 38367
68820 68875
20947 21005
46468 46556
10332 10348
9581 9597
3265 3293
79645 79654
61758 61958
43673 43744
66897 66916
70608 70664
37543 37553
4614 4634
77798 77804
36227 36235
50047 50055
55322 55374
69496 69534
66898 66930
9470 9480
73601 73637
44536 44562
9981 10011
49964 50006
30689 30699
49216 49229
9304 9375
3143 3213
77309 77328
52465 52523
47706 47709
2445 2493
13751 13754
68217 68267
36889 36973
72552 72556
4433 4482
5781 5788
41912 41929
68206 68265
43965 43989
54611 54667
73404 73482
54555 54557
45897 45970
66859 66862
6229 6301
43794 43847
33224 33230
42822 42835
25058 25217
64776 64780
10335 10339
51823 51837
45846 45847
1720 1755
74744 74784
54955 55013
51516 51535
43146 43154
36261 36289
78102 78111
3682 3692
23572 23578
29404 29412
57110 57132
14074 14161
6439 6455
31528 31560
58444 58446
76801 76874
36596 36598
22613 22621
21024 21041
78083 78095
45341 45359
19434 19447
36496 36555
57493 57527
44815 44849
65644 65656
12427 12444
56091 56165
27499 27512
63301 63311
16502 16548
48415 48453
18786 18789
54474 54515
5539 5578
48970 49060
29109 29127
48356 48357
15783 15822
48426 48431
47459 47544
15410 15441
48280 48305
60706 60725
9915 9935
583 604
15856 15910
25720 25728
7374 7380
4273 4278
23270 23302
36501 36514
47109 47114
33818 33871
74276 74283
9298 9338
2919 2934
55844 55850
11631 11687
38585 38649
199 215
67325 67421
54449 54489
74471 74482
24128 24165
19381 19399
32236 32267
58656 58669
43893 43939
40191 40292
37189 37232
33653 33765
62477 62512
1716 1813
25586 25608
70035 70081
78200 78214
15224 15250
45682 45743
66547 66592
36061 36079
51457 51475
39545 39586
47049 47084
61187 61203
75587 75665
39328 39390
20322 20326
54144 54151
49415 49500
53563 53573
7436 7438
50342 50393
72228 72262
39236 39247
65189 65212
13764 13786
55986 55998
19293 19336
38491 38524
56911 56920
30159 30214
47354 47415
53125 53133
77200 77240
66651 66681
77526 77530
47187 47455
77280 77340
68823 68864
76776 76788
11867 11888
78635 78645
11656 11712
55621 55669
73645 73650
69372 69381
22822 22871
40256 40317
51908 51913
40700 40761
26886 26944
52841 52847
25723 25749
50245 50259
77045 77052
53031 53079
72541 72562
71018 71046
12235 12237
75123 75160
44730 44752
71326 71340
21746 21835
21988 21989
16544 16552
54044 54062
2547 2591
24828 24924
70013 70049
8113 8156
16235 16300
5879 5880
31758 31791
2952 2953
56227 56228
27837 27839
35929 35931
25995 25996
46640 46698
65297 65369
54874 54892
66404 66463
37935 38006
47306 47328
8807 8841
56938 56944
17127 17158
62803 62862
8700 8719
66319 66323
27823 27838
37567 37576
75039 75048
69845 69855
55748 55759
63373 63374
56573 56595
34315 34319
31102 31138
4976 4982
61297 61347
16942 16990
52723 52753
73897 73902
34395 34411
11387 11390
20008 20030
43937 43962
78952 78962
39413 39484
60663 60718
15093 15100
66812 66829
9612 9631
2752 2848
29573 29665
21657 21664
54713 54732
78447 78490
29777 29795
76110 76129
11412 11434
44196 44249
25981 26082
56 95
43499 43610
40061 40079
4142 4158
64816 64818
12013 12131
24565 24569
4899 4947
67869 67989
15270 15277
43557 43573
55188 55205
69456 69473
15213 15242
70062 70069
46973 46991
5945 5949
53148 53241
16551 16554
24934 24965
77645 77652
69060 69084
62417 62461
72450 72473
5812 5871
22185 22195
5891 5901
69480 69557
43375 43392
59377 59391
42801 42841
32058 32076
77977 77978
10729 10795
3448 3563
64799 64833
79416 79437
19694 19700
13898 13917
19302 19370
26083 26153
10258 10269
26551 26574
19256 19290
74914 74948
2283 2287
55342 55355
46706 46769
72607 72678
11716 11736
10843 10899
78349 78386
33550 33585
37394 37423
8735 8745
72250 72274
71280 71327
31907 31932
13933 13938
13614 13644
16641 16649
32378 32417
73614 73685
10505 10513
6660 6686
26121 26161
70259 70272
76600 76641
60056 60096
21780 21827
19048 19078
30483 30501
29885 29946
51268 51294
47217 47230
40325 40367
55029 55058
29386 29416
17535 17547
69832 69834
78209 78219
17844 17855
19632 19652
73411 73478
65375 65412
71211 71258
22234 22284
21140 21156
72795 72815
59707 59738
54962 54973
4361 4396
56914 56924
6146 6148
64110 64140
39938 39954
10966 10967
50076 50176
36519 36585
24787 24793
16086 16152
74662 74674
43621 43638
64831 64840
3294 3331
62125 62185
71051 71069
56197 56209
22708 22872
3147 3168
2663 2694
22651 22676
69505 69513
12175 12195
42856 42868
34998 35002
50377 50430
43701 43752
72143 72198
76944 76962
7608 7620
55701 55783
12524 12547
14693 14780
58453 58462
6958 7015
41585 41592
3051 3055
43862 43890
26198 26221
28393 28399
37081 37157
11785 11851
72431 72485
25511 25518
57831 57835
56825 56854
61716 61778
21919 21952
58384 58469
41851 41860
63738 63744
46440 46473
61129 61142
52288 52310
26190 26228
40586 40600
58573 58580
71160 71200
23196 23322
59903 59906
75265 75270
2156 2176
6668 6723
152 227
37682 37715
23403 23427
24156 24173
50276 50279
49965 49984
20838 20859
20308 20361
63467 63502
17019 17029
75737 75895
57871 57877
75854 75859
67276 67299
56082 56101
51408 51425
76908 76924
21764 21897
8566 8581
19710 19844
51156 51162
70728 70763
59172 59197
30724 30750
69562 69578
36955 37005
33933 33939
58184 58188
7193 7235
19801 19811
41053 41094
33480 33530
20705 20729
19626 19676
4724 4740
18005 18035
22645 22690
59181 59219
43899 43906
18552 18578
59376 59449
54814 54816
20307 20376
73596 73605
2824 2830
38566 38600
34838 34875
17396 17403
76853 76869
79273 79302
28269 28279
44773 44838
53498 53507
4543 4576
24139 24152
16007 16015
39672 39701
31202 31282
42852 42861
37942 37975
60033 60084
1781 1822
3351 3386
75522 75533
72740 72814
47291 47336
31838 31846
50726 50769
19486 19512
58668 58670
4905 4911
53955 54001
26962 27001
20698 20756
61905 61909
21336 21349
45540 45571
56827 56857
62607 62684
20314 20333
75024 75058
34865 34870
35352 35415
64060 64072
55381 55444
27687 27745
2162 2217
43623 43637
24169 24220
24055 24082
18754 18845
19852 19887
51717 51783
49630 49733
7384 7498
4270 4304
39883 39901
76422 76460
15310 15353
78587 78716
44896 44932
27377 27389
69028 69059
61690 61695
58105 58106
37209 37226
19972 19984
62216 62266
35480 35500
79457 79480
8649 8655
12063 12122
34660 34775
61593 61685
46400 46409
11094 11114
3896 3930
27517 27527
2864 2898
1190 1286
6066 6075
44512 45570
72487 72585
14194 14216
22455 22489
15385 15406
34412 34429
71911 71932
6088 6115
57676 57740
26724 26732
10180 10200
31798 31808
61789 61835
18923 18945
67085 67090
49298 49300
15694 15881
70934 70949
73460 73516
40679 40682
53282 53339
525 549
24567 24595
29087 29254
27347 27399
66396 66405
77288 77290
24836 24849
27932 27937
12897 12925
63989 64034
70931 70941
3221 3258
47861 47906
26684 26688
79904 79912
3047 3056
73731 73738
13601 13624
77284 77297
40339 40384
67234 67277
3601 3605
33124 33151
12818 12832
25926 25931
63418 63478
34522 34581
75948 75988
37531 37581
39803 39857
46970 46976
61016 61019
71987 71998
35314 35398
53585 53609
25823 25826
20884 20894
1346 1363
68529 68554
12355 12468
42677 42737
8795 8811
2859 2871
29437 29443
38676 38759
73824 73837
18048 18064
23139 23149
67176 67209
2997 3054
67007 67015
27824 27845
77138 77179
68829 68831
28372 28382
42458 42496
3117 3154
25854 25949
50304 50338
24043 24065
17091 17099
36370 36380
7623 7672
2328 2367
61606 61670
77431 77469
24010 24056
76321 76379
22092 22131
12145 12198
63425 63431
937 1018
71555 71574
75535 75595
66798 66909
70829 70876
26559 26560
71409 71424
71899 71901
26346 26371
8622 8757
68100 68106
11955 11993
51904 51933
9074 9141
73849 73893
16587 16595
68837 68902
22087 22110
5866 5867
57540 57553
45828 45842
73747 73755
30979 30991
15652 15681
62560 62570
77714 77734
4748 4774
19394 19402
76823 76843
66635 66668
52910 52950
62905 62975
10582 10599
15066 15078
43484 43509
48361 48435
4317 4322
4379 4391
64798 64843
71729 71759
48663 48679
21052 21123
43356 43366
56970 56983
42419 42459
76665 76690
20181 20204
67745 67770
13369 13401
72887 72966
69642 69680
76459 76548
63144 63174
73133 73147
39956 39999
62098 62100
69310 69338
37980 38129
69390 69423
70486 70498
73929 73964
54968 54974
8291 8297
13603 13616
43414 43418
37114 37122
39321 39322
24127 24226
52475 52587
60209 60222
33531 33535
35752 35771
25802 25815
6082 6091
39395 39403
68321 68328
64856 64865
25188 25196
3289 3400
15478 15513
62348 62370
45248 45280
2626 2715
14754 14824
70142 70221
18957 18986
71522 71540
68062 68065
74362 74374
18840 18936
2860 2993
72106 72148
54941 54961
57115 57263
66590 66631
68315 68364
19861 19882
74403 74529
4644 4697
66073 66113
62231 62254
75943 75975
56218 56282
37428 37460
23208 23218
57459 57482
27521 27564
40903 40912
75335 75337
34402 34447
79279 79304
10983 11030
76278 76295
25534 25545
20680 20767
17721 17776
29285 29287
16718 16719
11783 11846
11154 11212
79005 79102
56863 56870
7467 7493
32168 32214
40497 40548
18056 18057
12441 12480
36463 36526
18502 18532
19862 19884
44250 44318
10875 10884
17711 17748
47947 47954
49333 49368
77462 77470
58769 58805
18394 18829
30187 30198
20672 20674
70594 70682
28461 28527
47227 47247
62128 62147
11340 11370
77760 77769
27030 27041
47635 47655
14513 14529
17929 17933
28204 28215
63282 63293
51235 51329
410 434
34201 34210
16912 16972
72919 72923
75198 75263
52427 52505
45175 45249
77248 77275
28528 28551
6952 6954
16251 16264
71581 71582
63515 63579
24351 24355
53255 53261
6878 6886
38718 38725
74600 74641
54340 54343
33005 33020
59257 59295
12599 12624
51809 51811
65614 65642
49854 49867
79634 79636
2664 2679
64589 64600
6387 6405
30561 30589
35442 35451
12437 12519
72892 72905
7670 7681
65435 65454
12323 12325
16643 16765
68897 68917
35251 35316
65166 65202
44419 44443
46323 46342
62825 62917
61207 61259
52255 52271
36151 36183
60022 60025
76366 76396
12192 12196
40790 40816
26138 26147
28158 28178
38500 38523
67499 67552
67857 67911
70611 70640
59497 59570
51993 52000
45801 45837
4060 4062
4048 4161
65280 65314
49338 49340
40221 40223
44516 44606
76985 77022
31794 31818
49094 49096
4987 4990
32189 32249
31190 31255
72043 72067
16302 16364
3735 3821
30577 30625
76478 76488
51123 51171
29647 29721
49475 49476
9477 9507
21793 21812
13365 13382
74172 74215
7536 7563
23374 23401
53145 53259
76860 76914
43260 43263
25726 25772
25307 25311
39737 39811
7165 7175
21482 21492
12545 12578
68322 68331
38097 38133
62464 62528
29041 29111
65237 65261
41150 41201
34098 34165
42911 42922
48209 48217
38906 38907
62083 62111
77558 77559
26710 26735
53299 53354
62526 62533
2557 2582
74199 74210
25164 25225
15546 15635
59825 59841
39596 39598
61542 61590
47445 47494
27192 27221
75325 75328
43815 43855
19092 19096
52991 53000
19561 19571
21685 21687
18439 18528
10431 10481
264 304
44976 45025
52229 52230
26624 26698
15356 15413
44067 44083
55781 55811
59034 59049
3237 3353
64193 64204
19583 19593
27603 27654
43248 43271
60294 60337
78264 78268
6130 6175
69143 69194
32688 32699
48480 48490
19684 19737
23884 23941
62024 62057
37389 37507
26453 26486
29018 29059
57517 57528
53455 53485
62107 62244
41841 41845
52253 52264
77741 77749
13748 13797
36274 36299
38019 38204
71925 71937
74168 74259
18080 18111
46870 46945
63277 63290
48496 48546
77767 77847
10829 10840
66337 66338
65635 65657
19075 19099
78680 78736
37278 37348
6894 6912
65138 65156
66083 66088
8311 8362
59211 59227
22391 22402
55539 55612
4572 4573
43706 43817
51029 51099
37904 37944
15005 15031
46162 46199
41066 41106
19100 19104
14530 14557
20875 20882
395 409
25127 25134
38643 38672
12093 12095
59239 59265
60559 60567
75450 75463
79382 79390
32995 33044
37929 37930
889 947
29542 29612
23167 23193
6924 6940
2042 2056
26689 26718
57827 57852
27537 27627
12038 12044
67152 67207
2481 2483
20897 20907
74994 75032
5604 5621
78572 78594
73750 73801
2831 2877
32604 32642
12169 12174
47941 47950
5077 5090
13436 13566
37908 37916
74325 74354
63269 63303
2500 2533
67420 67423
62713 62720
29523 29536
70886 70911
24863 24889
73081 73108
12734 12744
15138 15151
38855 38890
47769 47835
56489 56520
61274 61308
6685 6687
33466 33497
64403 64430
27145 27147
74883 74887
38747 38762
66205 66212
21130 21157
5364 5425
40759 40760
66876 66934
36959 37017
53933 53935
71218 71253
23796 23798
18847 18867
15925 15967
29338 29377
8109 8181
28324 28329
53828 53832
67218 67225
31936 31973
66451 66496
14156 14178
12845 12864
56288 56297
45616 45626
15667 15677
77286 77300
50641 50673
54005 54006
33435 33549
46594 46764
36493 36494
42386 42429
77448 77452
2509 2511
24981 25027
3043 3100
37208 37210
3752 3765
10672 10696
69566 69573
37672 37690
79899 79907
7870 7878
76465 76547
32942 32979
27110 27154
70820 70842
66541 66557
31639 31642
73121 73144
77359 77378
1149 1251
33482 33492
3007 3016
11640 11666
8379 8394
70721 70777
33465 33467
24174 24177
4514 4561
52134 52174
72643 72667
5787 5841
17516 17520
56547 56554
27332 27424
62249 62258
2978 3079
70158 70200
52233 52240
5777 5832
25631 25647
24757 24767
74445 74539
62726 62743
77974 78045
17800 17816
14090 14110
16187 16271
74421 74431
4487 4509
25517 25525
57828 57949
25372 25451
65457 65521
8595 8605
50573 50588
76370 76398
28973 28975
35476 35477
50370 50375
77355 77380
55944 55982
62719 62772
42005 42015
6037 6090
425 451
40072 40074
7120 7134
27887 27894
68717 68750
16737 16760
77628 77639
66981 67005
1840 1882
29753 29799
20057 20078
6003 6027
13109 13133
19012 19072
54560 54662
54789 54803
16699 16744
8856 8858
29643 29651
22359 22397
54863 54917
69189 69211
75423 75434
13995 14037
3955 3983
10972 11006
8316 8325
13291 13301
27152 27158
3070 3121
78628 78663
72811 72816
61089 61110
67366 67385
53336 53423
53256 53295
79312 79335
75162 75173
21148 21192
53722 53727
75223 75291
68994 69002
52192 52201
50981 51008
13654 13741
25167 25168
12990 13172
70422 70481
36801 36829
53195 53227
46683 46787
19501 19503
9456 9506
10195 10326
47767 47780
25129 25137
52978 52989
577 602
15613 15662
35544 35601
19923 19941
76803 76818
77121 77160
14387 14392
40488 40531
20212 20252
72827 72849
39940 39961
3920 4017
45316 45332
10633 10639
41030 41033
67580 67626
66589 66617
44921 44947
69237 69252
75484 75503
29016 29130
45383 45392
65398 65418
58963 59105
49008 49028
25523 25542
47255 47266
33532 33537
45631 45673
38724 38779
62492 62507
51704 51752
49316 49330
9059 9064
20856 20916
48478 48499
41765 41768
64812 64817
24258 24271
51449 51979
12975 13045
32246 32290
21914 21968
54047 54049
19257 19265
12073 12079
47749 47776
48111 48124
42018 42029
74477 74649
20790 20827
44705 44720
32047 32102
76063 76064
52209 52299
39905 39909
47385 47485
29371 29391
24135 24161
35260 35267
28709 28774
48037 48076
48027 48116
56454 56459
33385 33423
62382 62874
1810 1859
42264 42321
10371 10403
27309 27313
75264 75274
19757 19856
32532 32566
51339 51501
66030 66170
70382 70385
73658 73687
28813 28914
26252 26257
71815 71920
43685 43707
45666 45734
64962 64965
45446 45473
79169 79198
57550 57559
21295 21303
4917 4931
16701 16733
2943 2945
78302 78327
54535 54544
54807 54837
77750 77810
65293 65299
52008 52014
47574 47576
35568 35576
52503 52571
54485 54488
1423 1447
33380 33419
58347 58393
42991 43003
20567 20589
54244 54248
77386 77421
5041 5083
19567 19644
36004 36010
58926 58956
69890 69914
5477 5492
61010 61049
72219 72236
21439 21468
40955 41000
48990 49017
14321 14336
14484 14579
51775 51808
25581 25593
4507 4566
66500 66550
32599 32603
20257 20312
60120 60148
40415 40426
67235 67236
31630 31655
13804 13817
39912 39946
57796 57799
8337 8365
22764 23056
52433 52442
32108 32110
64779 64834
7157 7158
78827 78853
16144 16164
5619 5634
32743 32794
30720 30746
18397 18403
71198 71323
77528 77556
68737 68761
71129 71139
15615 15691
17828 17835
59555 59567
63052 63056
57838 57841
77239 77261
63093 63109
12798 12880
29313 29372
13407 13425
48897 48917
37861 37932
55999 56014
8873 8890
32543 32564
79605 79614
26381 26386
38014 38037
55666 55670
18555 18580
27678 27680
16401 16404
45903 45986
14610 14615
21908 21929
75837 75840
78883 78901
10437 10488
34014 34025
76251 76265
57315 57335
20253 20278
14467 14479
56612 56625
76479 76509
69577 69629
46305 46337
22632 22686
42428 42470
4663 4709
33160 33164
3504 3527
14433 14444
6463 6480
40766 40799
66350 66357
61577 61658
25707 25767
67671 67703
65926 65934
79001 79048
77918 77956
65952 66028
20655 20671
71033 71092
35030 35080
27493 27551
60865 60914
75445 75481
27166 27179
16060 16095
32216 32294
11073 11077
45799 45818
46999 47044
29687 29908
76998 77074
79776 79788
51744 51772
45659 45687
22970 23019
9526 9549
74218 74293
57720 57826
41383 41398
73307 73314
21950 22027
26992 27045
32268 32297
19077 19124
20113 20141
27828 27836
32139 32170
8891 8928
42001 42059
44591 44624
74237 74244
19453 19484
56689 56690
70837 70877
49322 49337
14038 14059
79952 79966
28342 28351
13658 13704
3178 3181
16064 16083
62651 62664
1836 1845
36180 36215
74123 74152
40727 40729
58803 58823
68232 68284
61997 62002
43998 44027
11677 11689
24956 24970
9560 9598
72516 72548
52918 52975
36693 36763
69277 69319
75870 75911
24300 24308
54351 54386
14263 14291
77230 77269
57207 57223
52719 52733
78486 78564
75544 75567
26236 26240
1560 1567
33660 33704
70256 70346
7808 7816
33325 33353
68838 68859
26856 26963
33872 33897
25858 25862
79395 79417
23514 23537
52913 52934
13997 14064
68069 68084
4045 4047
62667 62748
23101 23125
4718 4758
78900 78989
65526 65545
14179 14186
60102 60128
57391 57433
65057 65103
9175 9189
23869 23870
53616 53619
41962 41979
20265 20286
79278 79300
41309 41326
79514 79516
29208 29283
71175 71223
16051 16062
45988 46120
2806 2908
79851 79918
62106 62152
31228 31281
26026 26027
31596 31619
10919 10934
16593 16661
10525 10570
61177 61236
67603 67641
40931 40998
35945 35957
68302 68319
77930 77949
74324 74327
34285 34418
33940 33978
43552 43614
21274 21282
7629 7632
67378 67404
64810 64845
46179 46274
12183 12475
57166 57196
71216 71281
5236 5312
65954 65964
19178 19186
79299 79322
21082 21086
46076 46087
7605 7619
470 487
8612 8621
3395 3419
68825 68846
36892 36894
12412 12446
41796 41815
60751 60777
51083 51087
17226 17282
32061 32080
61600 61615
67484 67487
36407 36426
8949 8991
55529 55532
29349 29360
41923 41971
19082 19182
67847 67912
67942 67963
51463 51510
25210 25239
40249 40253
60144 60155
20969 21022
50122 50131
62674 62700
28845 28869
32612 32629
56807 56814
62852 62875
30893 30929
2553 2575
43354 43380
6198 6219
2812 2813
44299 44403
33853 33868
52452 52487
49009 49270
35543 35573
18522 18537
19495 19514
71179 71191
73225 73237
70739 70773
42143 42145
55864 55879
17473 17480
54500 54524
33413 33425
9274 9285
50756 50772
60999 61004
5990 5994
22709 22743
46031 46034
64749 64755
52530 52572
11534 11603
4998 4999
52401 52418
6992 6998
11378 11429
22994 23017
46340 46348
9251 9257
22250 22281
8163 8207
74742 74771
65291 65327
11832 11836
73700 73704
67768 67886
29422 29430
62405 62422
50922 50979
36753 36837
29707 29741
21743 21745
78160 78190
22002 22005
31824 31836
40556 40593
53055 53094
36144 36160
60895 60901
45382 45429
39628 39644
73912 73926
2329 2379
62753 62761
5932 5952
27573 27579
79440 79502
77460 77485
73701 73703
33678 33693
24788 24820
38602 38630
52738 52748
75838 75882
37307 37326
53002 53028
69435 69438
51725 51788
74265 74271
63176 63190
27208 27256
52126 52153
69604 69610
28020 28086
52165 52175
71736 71765
79254 79264
13570 13606
55401 55423
37345 37372
42424 42448
10486 10491
15091 15112
12105 12118
65024 65043
68120 68131
12867 12941
2382 2396
72978 73051
5088 5105
69879 69912
5038 5113
31539 31650
72745 72755
72898 72904
16706 16716
10089 10122
63622 63627
2177 2182
74858 74863
9094 9109
70354 70373
68351 68372
6558 6574
60003 60024
37039 37047
57312 57313
13969 13985
15111 15122
38578 38671
18774 18779
78522 78527
41105 41133
55362 55372
6581 6649
70737 70795
68648 68665
75829 75836
78967 78969
5732 5767
74054 74094
50214 50217
70266 70289
59282 59289
52327 52376
41697 41720
5896 5993
54563 54591
63183 63210
21318 21456
66162 66200
44577 44620
34075 34096
6568 6587
57035 57118
68254 68255
15026 15161
45862 45863
59876 59885
1095 1280
61069 61121
30954 30986
72848 72851
66213 66286
26606 26613
14474 14489
57340 57360
31011 31115
24590 24626
7378 7394
32167 32921
39983 40016
65784 65786
44001 44003
23040 23110
65831 65843
16079 16099
56021 56084
52901 52911
14432 14450
65961 65971
784 789
69116 69195
9563 9567
54826 54843
70356 70367
49712 49840
62879 62890
58996 59022
12585 12594
16798 16803
34713 34781
64463 64492
54012 54149
76855 76906
66320 66335
58514 58540
65771 65812
9150 9312
12745 12751
61437 61494
13242 13250
75997 76003
3339 3412
77948 78055
39176 39207
53618 53715
48424 48447
41779 41793
25753 25766
79642 79682
17656 17717
7137 7200
63679 63713
20622 20632
79355 79356
64550 64594
20263 20272
53716 53726
9678 9712
26938 26987
55155 55158
2091 2113
79945 79946
3635 3636
5304 5358
26403 26407
76282 76284
59933 59969
40365 40422
18949 19018
8258 8352
67798 67829
3693 3696
21185 21190
30422 30429
42505 42557
17899 17920
60241 60255
46725 46844
5281 5296
70349 70363
72628 72638
68050 68064
38384 38410
27100 27105
14303 14374
19543 19555
75982 76009
25856 25910
10640 10665
78335 78342
76506 76523
14368 14415
48984 49000
4794 4804
24040 24058
34538 34591
66415 66424
36749 36767
60873 60927
60163 60178
77501 77521
54585 54595
21905 21918
21921 21969
20400 20409
79558 79559
26994 27023
2838 2872
69056 69074
52644 52646
38065 38084
27547 27599
45757 45761
12121 12150
53743 53784
11057 11082
60979 60980
35111 35116
52274 52301
22585 22587
10077 10093
72092 72132
18381 18382
76233 76236
21815 21850
21385 21395
23937 24029
60539 60602
30287 30291
25420 25440
72699 72737
30332 30386
16414 16420
65317 65365
25882 25921
28723 28776
47533 47535
36941 36970
28391 28424
10938 10957
9537 9605
42446 42454
64249 64254
25550 25639
34541 34806
39783 39793
5900 5979
37113 37227
34160 34200
74857 74924
14443 14447
24643 24667
44463 44471
40513 40525
47993 48023
67311 67332
5583 5596
70816 70817
24998 25117
59750 59879
79835 79932
643 703
29436 29478
61707 61782
37168 37188
66217 66232
28554 28595
25062 25069
78372 78388
22235 22269
23606 23677
15528 15542
42839 42840
71894 71930
7325 7379
36036 36044
37065 37084
57404 57414
30236 30264
30634 30684
34755 34814
54053 54080
11893 11900
2121 2149
13825 13892
1428 1453
64970 65036
8634 9084
22530 22531
39562 39675
14684 14696
16157 16227
72512 72588
51902 51918
54390 54414
34586 34652
20395 20434
70925 70959
49940 49960
20580 20583
18550 18579
69432 69472
53795 53893
27554 27614
26245 26339
30871 30923
8081 8149
77498 77503
58401 58419
55164 55192
76304 76324
17859 17879
13462 13485
77322 77334
10260 10284
76201 76225
69891 69939
54035 54056
34942 34989
43309 43330
59447 59458
3608 3621
47199 47215
26683 26705
6505 6586
71436 71457
60100 60121
26626 26647
50744 50825
2171 2172
29997 30009
24439 24458
77372 77381
12316 12317
49869 49914
10567 10586
29502 29567
54982 55010
41526 41573
79029 79050
41296 41339
75464 75497
6707 6792
74047 74063
932 957
33494 33611
34001 34031
66195 66272
5862 5870
34172 34188
25260 25400
57265 57288
14214 14245
54711 54739
54757 54760
13916 13941
44438 44462
73603 73631
32650 32706
130 193
25363 25375
67908 67926
5262 5268
3582 3593
71039 71094
37116 37185
23128 23142
62599 62606
50800 50809
14348 14356
71107 71111
24756 24776
53248 53325
5297 5317
65154 65162
47518 47521
48992 49263
46172 46262
42857 42871
10953 11003
52929 52946
66369 66371
43124 43133
20199 20244
28535 28552
45195 45200
9083 9252
7983 8003
37244 37271
76271 76303
66860 66872
57617 57738
42537 42633
39432 39435
74082 74083
912 930
67956 67972
49236 49324
4707 4741
43291 43317
26545 26570
11220 11226
15831 15837
65796 65827
47185 47195
51999 52001
10657 10732
44629 44648
63433 63516
52429 52470
71245 71252
62369 62383
68116 68199
70685 70734
52170 52208
446 448
52838 52870
38401 38455
61955 62051
65918 65966
1744 1746
55744 55822
16308 16351
32339 32382
893 919
33961 33988
9413 9524
67170 67219
34103 34109
73066 73069
49541 49545
78165 78169
123 148
5684 5691
67047 67072
75009 75049
26250 26276
47097 47118
77351 77362
79093 79133
38854 38915
23135 23147
45549 45604
34004 34016
20017 20047
22820 22829
12666 12719
27850 27890
31544 31561
52730 52763
63356 63381
41863 41917
57088 57094
13533 13544
48287 48349
67583 67586
16845 16866
9704 9769
24939 24984
69831 69839
63377 63392
68909 68926
1873 1916
38784 38807
29615 29659
18198 18220
18971 19014
62582 62652
59245 59348
6440 6441
69886 69888
40028 40047
34126 34275
51593 51625
34841 34863
53626 53669
8063 8083
19974 20023
48149 48201
69371 69384
45119 45141
79036 79055
74029 74039
26755 26757
63287 63330
8119 8152
39805 39841
10659 10699
25773 25777
64874 64915
22485 22493
76613 76658
20754 20769
69313 69413
17234 17414
74833 74834
18496 18503
27684 27762
54185 54196
13142 13153
45689 45771
69789 69819
78448 78480
10219 10228
36220 36240
18464 18476
62628 62644
44378 44424
58225 58245
23610 23619
58847 58953
74571 74622
75983 76047
16269 16272
36294 36338
2523 2543
23150 23735
45766 45804
68032 68132
36248 36270
33200 33244
7304 7368
15283 15351
35004 35007
23858 23873
6931 6936
21984 22072
44951 44997
37438 37447
26890 26921
53762 53769
35969 35998
52756 52774
37624 37647
55196 55224
69716 69752
32700 32739
40498 40511
23355 23402
23439 23447
46132 46237
8245 8271
38187 38203
44089 44180
41440 41452
36020 36025
22980 22988
31241 31247
50014 50028
53344 53393
35303 35310
63828 63834
1736 1760
76736 76805
42950 43014
21075 21132
19767 19813
36932 36969
70950 70978
30798 30811
6659 6674
54704 54766
73763 73782
47316 47347
7442 7492
32825 32851
40832 40843
58406 58480
23739 23746
20429 20448
44703 44739
47421 47474
48756 48774
41072 41120
60212 60218
1175 1193
47203 47249
40120 40125
39494 39543
34118 34139
33774 33911
25281 25286
21412 21434
1783 1791
72034 72089
48472 48474
41008 41060
59039 59048
35879 35910
63205 63271
68188 68222
34386 34398
69944 69966
28599 28633
24472 24501
41714 41886
1730 1749
78873 78893
66944 66946
58887 58891
48567 48632
44535 44593
20234 20281
20612 20689
64545 64562
10674 10692
39772 39830
76109 76134
40031 40046
48282 48310
7151 7188
28881 28883
51518 51542
73043 73104
42440 42450
13116 13146
31344 31353
32906 32926
62584 62602
73899 73955
42583 42610
8805 8813
27542 27569
42426 42434
76707 76817
73523 73524
32272 32303
24747 24817
76104 76119
28589 28590
66354 66383
25737 25868
3950 3959
47571 47572
36943 36951
58124 58220
51551 51562
54566 54594
35805 35821
59753 59755
55831 55846
65374 65426
31408 31419
59517 59541
5019 5027
5234 5894
43559 43618
68437 68449
64482 64503
20179 20198
51335 51360
25100 25119
4053 4067
13631 13643
39528 39529
62581 62630
49075 49097
50905 50926
55673 55684
73617 73644
50802 50829
68332 68355
59601 59637
26088 26207
72302 72372
54148 54153
10239 10240
54024 54028
22357 22369
32277 32285
45047 45051
4234 4255
44430 44432
54155 54158
1839 1851
72432 72524
2061 2065
51343 51372
64537 64558
78704 78727
48640 48644
69546 69559
21104 21183
73850 73988
41014 51144
17934 17943
48649 48650
10164 10187
69811 69827
63805 63825
750 756
60104 60109
32666 32670
4559 4565
5361 5410
40501 40512
44195 44201
77967 78022
42930 42934
54952 54960
28543 28556
78835 78852
18135 18138
41751 41757
34121 34282
8968 8995
41483 41489
4172 4175
69526 69631
23682 23712
65963 66002
74429 74440
49183 49226
10610 10620
45110 45122
28142 28150
50144 50209
40627 40665
48557 48813
5214 5218
16864 16872
25567 25650
7652 7664
30715 30716
7179 7213
69111 69162
78485 78529
26781 26848
71983 71986
45607 45620
52758 52796
9158 9510
72967 72984
25320 25322
27040 27068
14619 14666
28406 28407
18375 18407
3220 3228
55516 55538
16905 16950
72767 72791
24560 24562
79865 79887
19775 19860
19420 19429
53724 53770
58438 58489
72594 72647
37840 37873
48390 48403
2405 2498
5827 5868
38883 38910
73256 73298
31511 31547
17140 17194
19569 19612
33520 33552
38965 38996
8559 8577
38656 38756
33195 33236
22967 22973
63778 63817
56302 56332
25876 25952
25459 25463
62257 62297
61995 62067
74630 74648
11119 11123
4187 4188
41918 41943
24941 24976
38417 38458
34349 34385
21886 21898
48732 48770
35740 35753
47609 47625
38673 38678
78163 78203
35265 35319
54345 54361
25426 25431
78058 78093
43514 43518
369 420
79596 79653
1464 1468
25204 25218
18319 18544
26929 26939
23567 23592
35762 35773
8985 9029
43727 43732
65440 65452
59939 59941
71510 71515
50442 50449
58248 58271
45474 45500
22466 22564
49675 49681
10971 10982
12757 12770
77576 77602
73402 73457
47970 48057
36623 36625
10512 10536
76753 76778
21709 21736
50341 50367
65281 65328
36350 36371
39982 39998
71536 71558
15036 15121
60785 60819
11708 11740
59595 59599
42805 42854
57213 57227
37875 38016
67801 67854
3489 3492
5132 5133
47691 47703
3852 3853
37546 37555
35139 35144
43098 43120
8252 8280
34503 34565
35241 35250
58687 58718
52396 52430
74010 74081
79013 79160
58551 58625
52024 52044
65578 65590
5887 5917
64290 64295
49497 49510
52931 52947
76587 76592
71173 71178
57292 57332
8459 8464
53896 53972
9508 9571
29622 29646
28464 28468
48518 48574
9895 9923
35472 35541
23186 23266
58427 58513
23268 23303
3193 3216
61647 61689
7928 7981
28703 28738
52071 52080
65989 66001
2555 2556
57612 57678
74808 74847
62632 62639
56244 56247
18034 18052
72778 72842
32870 32904
48982 48998
42078 42091
51434 51465
77493 77519
73611 73678
64118 64141
38757 39253
76861 76909
1868 1902
48502 48507
24600 24615
38787 38811
47957 47980
60051 60119
64761 64795
50690 50791
19827 19830
70083 70162
8904 8931
4120 4274
811 900
76608 76634
67923 68018
49780 49917
42202 42276
8393 8403
23151 23215
46548 46621
11426 11596
42896 42915
59271 59300
35413 35463
57607 57693
20219 20258
30676 30791
40620 40639
79142 79179
51159 51170
65221 65233
32716 32756
32824 32829
29774 29789
54747 54812
37969 37984
65808 65810
67839 67863
26107 26114
64352 64413
47504 47516
56891 56953
34560 34625
12214 12222
12053 12075
46940 46966
35678 36383
60922 60960
19919 20040
65866 65913
2897 2901
68242 68258
61327 61391
46607 46615
21522 21543
42070 42088
18801 18814
78679 78688
59597 59627
79785 79805
34778 34796
38823 38880
73118 73152
55141 55152
38090 38092
52824 52825
6050 6054
55223 55234
50685 50694
19760 19783
75466 75504
76402 76408
77779 77800
1377 1432
12657 12714
3309 3334
13322 13333
60028 60032
49882 49908
1648 1679
9898 9988
76797 76895
52858 52885
11639 11659
43648 43652
12556 12570
59554 59702
35834 35864
37961 38032
33670 33674
14556 14581
73785 73816
77287 77302
51947 51960
8933 8940
62590 62618
61075 61092
4436 4493
75758 75768
35301 35367
10088 10098
41466 41514
35644 35649
74101 74155
61795 61815
42327 42340
65968 65982
21032 21061
53978 54061
46695 46768
10175 10209
44075 44125
55503 55504
36684 36698
63741 63769
76306 76320
31935 31981
28777 28798
62994 63015
72824 72874
8650 8680
1515 1530
2632 2644
74882 74949
14552 14612
16355 16367
72257 72284
34459 34463
28177 28181
50219 50293
32962 32964
22559 22562
67596 67599
11424 11432
6841 6899
69265 69267
76727 76739
66571 66600
61190 61213
54869 54922
35590 35636
15222 15368
9884 9912
37041 37095
67975 67979
49688 49703
30304 30319
49267 49279
43607 43656
6110 6226
65183 65193
23316 23327
35843 35850
55083 55101
50398 50421
51350 51364
34563 34642
21415 21427
13766 13781
10247 10257
44434 44456
54519 54558
25377 25478
41281 41283
1943 1945
72364 72365
65112 65184
46508 46509
45281 45305
22 71
2101 2340
63507 63512
63212 63255
30678 30679
49039 49057
52988 52994
37063 37093
65630 65639
46783 46824
50761 50880
52581 52593
78382 78530
49124 49142
8830 8848
75775 75798
51013 51112
66722 66742
74345 74367
38871 38896
55663 55703
14234 14276
41023 41035
7976 7992
45206 45208
71713 71754
39202 39212
53566 53617
59575 59576
64993 65007
70961 70969
28982 29026
29220 29222
1782 1814
63207 63250
28026 28128
6608 6633
62 108
42322 42325
69536 69551
13657 13699
42156 42159
57173 57307
4398 4427
62671 62717
23613 23616
28356 28362
24819 24839
58858 58865
76217 76227
10192 10211
3530 3585
56028 56883
3539 3552
34711 34748
40432 40494
9730 10132
68510 68560
2655 2659
13700 13769
721 755
35988 36005
49664 49667
22995 23002
35180 35225
32861 32902
45969 46017
211 238
76026 76031
12943 13039
77075 77085
32107 32121
30076 30077
18131 18174
65772 65780
13557 13574
53773 53781
32760 32827
63533 63543
25264 25270
77070 77142
60034 60088
247 270
58579 58617
15873 15947
47500 47523
46567 46589
46248 46301
77900 77934
71378 71390
54256 54272
38454 38479
48251 48276
6524 6531
28039 28049
24745 24752
1877 1881
79336 79347
61315 61355
30389 30407
44496 44502
27489 27538
15303 15343
30760 30779
28584 28613
62969 63041
64431 64456
33739 33742
36269 36328
22456 22511
50097 50110
68173 68223
79783 79790
6312 6362
6830 6845
78294 78339
5032 5097
41673 42213
47498 48202
58577 58597
26700 26713
58499 58616
45720 45733
17245 17254
28650 28687
21614 21653
79589 79602
72806 72852
15014 15021
7990 8050
21599 21620
25600 25702
66180 66193
33079 33084
78897 78907
65477 65499
670 679
46459 46469
69166 69175
21829 21838
37920 37925
69854 69881
45650 45651
33105 33204
13101 13140
54399 54404
75201 75292
62525 62594
18 23
31141 31178
64263 64274
42788 42837
27511 27533
13257 13270
19055 19071
78238 78258
56134 56159
13327 13415
75946 75957
10798 10803
20625 20648
68253 68269
15764 15782
14483 14487
78964 78966
16135 16149
7089 7140
72985 72998
50784 50814
6392 6394
38497 38559
3158 3179
22536 22573
797 827
16343 16346
43158 43176
5509 5513
27048 27097
54068 54089
36544 36607
73707 73829
71548 71554
50428 50455
33548 33566
5197 5260
60067 60068
22890 22911
62692 62699
57224 57233
644 709
7750 7752
54350 54370
13371 13387
4152 4156
41531 41535
33925 33934
64142 64214
59640 59658
49705 49849
10679 10749
79371 79377
37655 37742
61821 61847
52019 52105
45180 45216
44216 44264
37858 37887
64360 64369
52346 52356
46629 46645
61066 61068
33972 34007
41343 41417
41338 41349
74772 74804
58346 58350
73660 73668
24461 24489
8908 8912
66003 66058
24181 24232
25047 25053
58050 58222
47959 47969
46052 46075
38942 38955
43370 43429
5094 5124
18073 18082
74966 74987
41895 41900
23306 23366
52795 52878
32405 32513
33034 33059
66364 66384
18613 18710
1604 1662
5209 5263
37568 37570
50808 50815
64394 64410
53648 53740
15580 15622
49616 49619
11145 11159
49521 49577
32100 32129
54083 54090
67037 67053
46064 46118
46399 46413
9478 9483
53414 53428
21448 21478
19062 19073
16729 16797
77349 77354
20471 20529
79025 79045
8319 8331
57322 57374
79352 79389
17326 17356
31831 31843
10767 10824
16131 16159
69243 69249
35964 35995
36599 36672
38138 38217
17556 17585
24842 24855
32577 32578
19148 19231
76038 76070
16189 16259
16168 16191
78013 78060
12522 12546
10612 10635
39391 39394
1026 1029
7650 7658
30080 30088
37123 37205
15468 15484
37284 37342
57711 57730
59007 59024
23191 23192
3005 3024
4744 4792
44750 44764
52363 52394
67882 67940
40330 40348
67690 67727
12723 12763
22218 22224
66314 66327
44714 44774
10792 10841
55727 55732
25607 25632
47085 47095
16275 16330
77476 77504
60722 60749
46082 46098
21121 21179
68851 68862
72817 72841
32631 32661
16233 16338
12080 12104
69281 69304
65671 65679
29662 29696
39108 39119
72645 72683
57562 57593
60300 60511
1802 1823
79702 79726
24046 24057
3194 3223
76517 76588
63721 63807
67873 67877
55535 55574
3870 3965
55505 55512
36191 36196
49730 49757
24095 24099
9885 9964
34458 34471
48346 48440
13316 13347
15698 15770
40845 40874
45061 45064
47925 47964
10446 10448
21518 21528
41258 41262
58100 58180
18838 18859
36060 36083
18700 18726
14987 15009
71809 71846
60658 60670
58362 58396
34686 34712
44530 44547
58872 58902
45504 45512
71597 71638
46460 46466
11174 11190
20455 20537
64729 64769
53188 53224
73711 73728
53988 53989
35089 35133
5861 5906
18465 18492
36810 36880
35393 35403
47014 47039
20467 20469
53153 53165
56096 56104
1911 1919
75319 75389
9191 9193
52708 52712
11871 11934
19942 19954
13416 13441
6420 6437
50936 51007
48344 48374
74311 74366
63652 63689
34693 34765
1444 1458
59644 59671
40157 40210
13732 13733
9893 9900
51786 51815
4468 4478
44184 44185
67960 67986
19959 19973
2840 2847
49763 49777
22782 22797
50389 50419
45465 45499
8743 8749
59124 59155
78517 78526
67931 67971
25038 25039
26324 26326
35236 35258
43175 43236
44727 44742
4909 4933
10864 10893
9155 9156
17233 17235
59167 59174
56231 56249
48118 48145
37050 37067
31695 31719
6536 6538
25953 25968
13296 13305
44722 44745
71649 71705
2253 2255
13393 13400
31207 31223
9860 9922
2033 2055
63751 63755
34433 34514
1686 1699
47905 48016
12343 12356
38754 38763
31972 31983
3066 3101
19554 19592
34324 34354
10291 10322
29060 29114
14538 14617
79778 79792
24006 24429
21350 21372
41352 41432
34219 34249
17649 17674
3503 3528
57584 57586
47332 47338
41672 41679
71120 71130
62154 62235
21330 21343
29380 29381
1403 1429
49041 49049
26006 26043
60503 60517
72942 72949
16991 17155
43911 43958
31906 31933
52036 52110
35529 35556
32973 33010
42173 42192
79546 79586
31022 31066
13508 13511
10638 10652
60987 61047
15185 15194
4518 4532
65691 65704
13187 13213
36429 36456
69602 69686
73157 73189
79860 79878
14390 14403
19083 19087
43041 43049
33298 33359
71207 71226
72083 72108
58927 58993
40508 40533
31456 31491
74247 74261
14091 14097
25704 25729
73999 74016
59579 59583
39595 39626
76256 76263
7373 7386
53006 53019
54777 54790
39500 39532
27249 27253
74245 74273
10377 10445
51866 51974
32593 32608
14944 14973
73513 73590
61854 61882
6821 6824
72324 72331
7526 7578
9791 9864
42953 42963
27056 27058
46770 46793
38212 38237
69744 69779
35941 35981
57519 57530
24382 24389
37605 37727
62801 62815
58760 58768
68056 68057
56487 56491
30748 30761
21239 21241
55700 55718
21870 21912
3111 3123
71012 71019
47803 47809
43876 43884
14599 14601
66420 66432
57446 57455
10099 10101
4574 4596
32169 32206
23030 23062
52331 52365
30248 30266
26873 26906
47125 47169
53925 53959
61776 61783
31997 32075
26522 26536
6005 6019
23339 23341
34269 34307
77014 77025
73904 73906
64522 64552
70582 70590
70406 70414
10338 10343
40952 40958
20941 20984
27292 27308
73936 73985
34381 34396
64331 64351
39840 39964
38999 39025
72866 72878
56754 56799
61932 61976
10800 10827
33901 33965
21375 21390
68221 68244
13423 13447
29249 29251
21279 21284
62544 62549
40318 40320
14852 14936
42627 42686
32327 32333
77610 77646
2567 2572
7206 7225
50173 50175
9997 10060
61688 61709
27047 27065
77511 77541
62288 62306
41242 41252
34230 34257
13262 13280
61857 61972
50987 51025
68261 68339
23383 23398
78003 78033
68769 68793
4895 4974
33721 33831
17136 17172
7753 7771
78405 78468
22615 22616
40650 40694
58068 58110
21136 21174
61860 61935
32402 32423
39642 39719
68033 68068
66497 66529
29661 29685
17492 17496
3137 3152
2910 2911
52848 52851
71976 72014
75876 75890
25369 25374
79958 79982
8006 8035
61287 61302
47645 47761
12794 12865
54161 54190
49168 49264
54294 54324
31673 31678
63499 63537
72928 72932
2347 2388
10600 10609
61717 61746
34670 34685
58969 58998
12622 12656
4426 4498
78588 78678
68583 68599
40185 40345
17980 17996
3564 3586
42436 42469
30957 31015
35088 35134
31944 31952
16862 16896
22969 23011
16204 16207
43987 43993
10955 10965
15827 15899
5416 5452
46877 46892
43295 43325
74233 74242
77830 77840
18226 18343
15220 15287
41707 41827
18967 18991
52549 52604
69433 69434
37229 37243
57633 57645
3904 4000
13936 13963
5422 5467
14986 15081
75181 75190
39224 39234
55987 56026
36739 36742
10903 11107
3015 3064
5111 5112
59736 59739
14421 14428
12778 12788
46243 46260
50677 50679
41459 41475
27920 27961
47657 47777
75138 75175
67142 67160
64357 64473
74163 74201
7699 7719
23176 23291
6561 6567
29298 29303
24547 24627
72830 72839
34846 34847
21514 21559
35160 35246
72167 72189
49325 49329
48665 48673
54795 54800
79219 79225
23227 23231
45516 45525
17432 17440
69525 69544
11610 11681
61113 61151
61298 61376
10723 10768
1875 1932
1297 1309
22584 22596
64820 64844
43827 43875
78902 78930
15182 15196
6273 6289
73841 73885
75765 75773
16904 16952
43079 43086
27435 27438
73386 73409
74818 74850
39292 39298
51006 51036
933 1004
4480 4485
11294 11443
19238 19261
53496 53502
39859 39926
29844 29884
29968 29981
28466 28489
7340 7357
3022 3036
58781 58816
35868 35869
54337 54341
61073 61088
74022 74076
22597 22611
62077 62178
52861 52902
77878 78000
41723 41728
6562 6634
9430 9468
70453 70483
35309 35311
37965 37986
13904 13953
63541 63572
43047 43065
12797 12807
59589 59600
65248 65269
16018 16039
62517 62535
23082 23099
74894 74895
54896 54925
76083 76088
73698 73721
4316 4342
48297 48353
3510 3521
72821 72823
30031 30048
14324 14422
66977 66982
56677 56679
53518 53731
58748 58791
35057 35087
4423 4444
6896 6909
29314 29323
51074 51095
56760 56769
60486 60542
41226 41239
45716 45753
41947 41961
28854 28873
60183 60192
60429 60430
79158 79252
26165 26174
33900 33931
51548 51559
50799 50877
57626 57697
55445 55454
44937 44978
20970 20986
57492 57501
49518 49564
73126 73141
28502 28539
44906 44915
7062 7082
46073 46077
17831 17836
7679 7776
17362 17378
4841 4863
14265 14397
77865 77886
44214 44248
33546 33547
9492 9496
45595 45596
71101 71104
43024 43026
44682 44725
66914 66939
64218 64226
3316 3359
58636 59383
21110 21168
30758 30770
42499 42509
63955 63956
15204 15205
32457 32501
53712 53723
55082 55098
61342 61387
17708 17827
55389 55393
64610 64620
46097 46200
65136 65141
16049 16249
67282 67371
69393 69414
55236 55325
21195 21199
17949 17975
59591 59619
48579 48582
53187 53229
48315 48339
2005 2021
28566 28688
37216 37295
76756 76785
51512 51573
77472 77487
52483 52547
61100 61118
25136 25194
18027 18030
39200 39206
30612 30643
49878 50139
79884 79910
46341 46343
61583 61595
35456 35471
39123 39141
10661 10664
13117 13124
36253 36256
8544 8573
24490 24504
79372 79397
68229 68249
52397 52441
40396 40402
33885 33937
13174 13207
39469 39474
31759 31788
52379 52404
2341 2422
7417 7420
40399 40408
69476 69527
54029 54030
69586 69614
7923 7946
74734 74752
26480 26488
78723 78750
43729 43758
58633 58648
20660 20692
11227 11230
32673 32707
31098 31170
16530 16586
8216 8248
27742 27758
59345 59385
27605 27628
10477 10500
36218 36250
46533 46635
6223 6247
50702 50752
3407 3410
2443 2496
45777 45797
64789 64851
27279 27307
50957 50971
51281 51283
38689 38765
13555 13661
78890 78898
23494 23517
55937 55960
71768 71773
46436 46488
66095 66111
17200 17212
75654 75675
47179 47184
65359 65403
60888 60889
56698 56734
65206 65215
15534 15586
15444 15466
63569 63589
3442 3444
44135 44140
42435 42465
79100 79106
8264 8273
71690 73257
48524 48563
61148 61191
78329 78371
54253 54301
27797 27817
8512 8554
10201 10218
57380 57416
38660 38684
7636 7659
17682 17739
59830 60235
63001 63009
9093 9153
68125 68137
4901 4920
15080 15174
67280 67285
21202 21215
66145 66169
77375 77434
25703 25750
17053 17055
46681 46708
62449 62454
12362 12394
2884 2905
15329 15355
73690 73692
64095 64133
1324 1354
3905 3997
30553 30603
11002 11020
39853 39950
59459 59484
27087 27093
3074 3146
34356 34374
49606 49625
1005 1013
58520 58557
66726 66824
37939 38201
53523 53529
38532 38565
18121 18124
1348 1387
72145 72200
62470 62494
26752 26759
59106 59134
66696 66753
25065 25071
9790 9862
66512 66526
43270 43417
27168 27183
281 289
17214 17256
5001 5092
57917 58037
48881 48926
21866 21878
7945 7947
74884 74899
65973 65979
27718 27735
44156 44174
829 830
62701 62734
56202 56204
19521 19579
67473 67961
19286 19304
45638 45648
64239 64246
48962 48981
12315 12329
30189 30235
65920 65931
55792 55816
63146 63148
39480 39482
6240 6296
36440 36483
43915 43934
7130 7264
41692 41694
10347 10352
72763 72776
58254 58358
68970 68991
44144 44170
31087 31096
10179 10244
7183 7242
48664 48765
45886 45953
68412 68492
76052 76076
19825 19866
13040 13058
51838 51865
35226 35262
35906 35972
6078 6097
17809 17839
36547 36581
35819 35824
20334 20345
42367 42409
25673 25684
73623 73646
35490 35502
35324 35337
32562 32669
28661 28667
853 872
54014 54017
186 243
7272 7300
67520 67569
51472 51561
171 223
32320 32340
12124 12141
40731 40758
76350 76383
20432 20452
2542 2554
8839 8843
70626 70632
74089 74090
5929 5946
3164 3166
75506 75510
25547 25565
37544 37554
44991 45032
78936 79342
40068 40077
19216 19236
52150 52159
32005 32017
66010 66012
39217 39286
43455 43524
37309 37355
68022 68039
21419 21430
31500 31521
46471 46534
23298 23305
6165 6167
1436 1462
63777 63786
79801 79901
24880 24893
25014 25066
24754 24769
23761 23843
18546 18589
73463 73533
50680 52228
35693 35737
2431 2447
64162 64180
20596 20601
1129 1157
62334 62457
39952 39973
28831 28838
63100 63126
31618 31648
66433 66445
61192 61235
36827 36867
46467 46527
45683 45726
50150 50159
16875 16876
32728 32762
53159 53160
25674 25758
26070 26118
1685 1696
13568 13595
56639 56697
45881 45885
71285 71299
64341 64347
15757 15772
20444 20457
56912 56915
58132 58136
69294 69297
72310 73294
73848 73857
24629 24714
38034 38076
17216 17296
39897 40012
77657 77676
30822 30825
67565 67648
71042 71048
48623 48625
33773 33873
65836 65853
40638 40673
23008 23018
3290 3291
37891 37899
51636 51668
21545 21591
56752 56790
72435 72492
60013 60097
35105 35125
55468 55500
3629 3663
60732 60786
25484 25501
25079 25096
33905 33936
28559 28569
61602 61613
50539 50563
58418 58424
72448 72453
44765 44814
64617 64679
73444 73450
42802 42858
14870 14873
49880 49898
27459 27495
33457 33460
64185 64292
53321 53410
72320 72358
18331 18353
38390 38439
39352 39398
1496 1510
53930 53991
45162 45197
16230 16232
45351 45374
28121 28136
51852 51858
47592 47607
61651 61677
61751 61767
15671 15696
43281 43287
53824 53843
54979 55007
60655 60669
22817 22862
17759 17832
7589 7594
43757 43760
63758 63785
26954 26985
55714 55721
35682 35815
43228 43257
21089 21102
44538 44550
74339 74346
37988 38060
16154 16183
43820 43898
51842 51845
23888 23889
68568 68570
3524 3541
58906 58912
28514 28544
16076 16123
59321 59433
40553 40578
47860 47880
38950 38966
35667 35677
67681 67722
65591 65600
23970 23999
53497 53583
69388 69400
8647 8672
55363 55403
9916 9968
49825 49871
65847 65863
56982 57004
18662 18664
1751 1790
2947 3040
12755 12780
24897 24909
33636 33644
6024 6055
25890 25920
9105 9328
74739 74769
30055 30097
53736 53760
57447 57467
23947 23975
4667 4673
43027 43032
46535 46595
48147 48203
48830 48843
24402 24440
70789 70848
50299 50300
50224 50226
58045 58062
74475 74478
57733 57753
50261 50269
20818 20825
1366 1376
11874 11925
50092 50111
18672 18702
26802 26841
43456 43478
79689 79724
28732 28762
48015 48029
49310 49321
44647 44666
27663 27729
79938 79954
34735 34792
35034 35051
29549 29558
15471 15489
5070 5071
58063 58127
76674 76715
74901 74912
36855 36886
59851 59858
25083 25094
72380 72407
40769 40778
27872 27877
39871 39893
79721 79743
33075 33128
59745 59808
54559 54610
74378 74380
63034 63087
4941 4977
43808 43826
42517 42526
67766 67819
68023 68082
46384 46412
51090 51103
15609 15686
62380 62394
8657 8677
16801 16817
5114 5144
4366 4390
67790 67800
24563 24572
51611 51612
33134 33163
8473 8490
48241 48259
45759 45776
30402 30469
13890 13912
48989 49160
64640 64657
58554 58556
23247 23273
27062 27074
20718 20747
27655 27677
25120 25186
5065 5067
29694 29715
43907 43908
63482 63498
14192 14235
753 761
68408 68417
2049 2078
39161 39193
42455 42487
30062 30064
37454 37464
47911 47918
55231 55282
51185 51210
28371 29139
29635 29660
52580 52591
453 476
24942 24950
71418 71518
38696 38704
21394 21410
12550 12602
67267 67279
31091 31105
8832 8871
32908 32929
67910 67917
26837 26861
66115 66126
39078 39117
14551 14616
4052 4064
70791 70812
23545 23548
23392 23431
4096 4101
5810 5865
59133 59173
45236 45338
67357 67373
55933 55955
12859 13004
8585 8587
52448 52454
69633 69671
71363 71391
74157 74200
73002 73010
62361 62379
42433 42451
74980 74998
71972 72000
17045 17064
4711 4722
60467 60536
56826 56918
70634 70637
1481 1502
73263 73373
40418 40446
43108 43147
77182 77196
33264 33304
14743 14797
2452 2472
40840 40846
75560 75641
76388 76759
58135 58260
16955 16961
14779 14874
28220 28260
47418 47428
55272 55296
3416 3423
36397 36404
44223 44234
41737 41743
36322 36761
59884 59946
30741 30751
49565 49587
24067 24662
39734 39743
70057 70060
6111 6126
52199 52210
40378 40383
5942 5959
64624 64664
3307 3308
70858 70873
25817 25843
43324 43327
19621 19659
18826 18877
46715 46723
16102 16115
18516 18530
16473 16505
69859 69988
40689 40707
33375 33379
30507 30581
19855 19891
18175 18206
8305 8314
62320 62338
14945 14947
78360 78381
25601 25603
16806 16809
69258 69261
64088 64109
16863 16903
58634 58651
26936 26946
47873 47899
42163 42166
7432 7441
75968 76068
5130 5159
25492 25515
23736 23744
27868 27874
67104 67155
33095 33102
32301 32305
40183 40213
75514 75591
44984 44985
40884 40895
13623 13709
5623 5627
50924 50989
43781 43800
70866 70881
21615 21643
66154 66155
50980 50982
24525 24528
61842 62285
19066 19121
65580 65596
40640 40655
17607 17608
26686 26709
9214 9215
33374 33404
44035 44042
1021 1062
40064 40111
15917 15930
47783 47795
43830 43837
7606 7718
24765 24794
75444 75711
52920 52930
53100 53142
42981 43015
4169 4171
27443 27454
62359 62440
16028 16048
2311 2335
36765 36773
10683 10711
25923 26173
44587 44595
72074 72076
24660 24670
75864 75925
11323 11336
68694 68697
46365 46376
22345 22358
61710 61855
60920 60923
46734 46740
56614 56653
20801 20821
70359 70396
1113 1132
41319 41358
75184 75196
20976 21004
75571 75572
62982 63085
25594 25892
66552 66581
74196 74208
44356 44418
40297 40407
61760 61818
54121 54142
41594 41604
31152 31153
43218 43254
50140 50204
76190 76196
69843 69847
79588 79592
65528 65538
69707 69709
74100 74106
26887 26930
36050 36081
12790 12851
31869 31886
23668 23766
45895 45918
69453 69462
36096 36097
60550 60569
79917 19
39621 39663
35453 35519
39920 40035
22695 22696
14957 14964
68588 68594
61843 61845
20013 20027
30762 30809
67167 67184
79298 79307
50748 50793
56181 56199
11410 11511
12189 12208
32323 32362
79492 79517
78409 78415
38882 38952
62889 62946
65010 65054
12251 12303
36029 36039
21213 21221
11085 11127
31609 31612
71740 71763
12702 12721
66994 67092
61527 61539
11655 11680
60221 60226
9641 9653
49425 49442
20264 20287
37079 37109
30494 30512
25293 25301
60009 60037
56840 56852
10921 10948
45997 46022
38597 38614
55156 55167
33559 33603
34948 34950
13894 13923
6703 6724
25258 25296
13092 13103
12135 12161
25236 25277
54222 54267
56930 57003
75581 75655
28184 28186
37249 37285
18108 18130
46835 46837
27485 27509
32516 32525
50180 50202
75422 75492
19016 19019
68264 68311
45952 45965
8130 8136
4388 4393
43582 43617
30463 30493
23027 23029
6445 6497
45742 45751
16650 16713
19983 19985
8564 8638
23253 23269
40479 40492
73261 73297
42977 43006
44076 44119
2683 2732
17299 17341
52191 52219
55553 55575
6079 6102
62959 62962
61125 61137
64529 64556
60561 61279
55515 55523
26354 26373
9130 9154
44596 44655
10514 10527
71428 71445
42113 42128
45991 46001
77733 77743
71821 71903
62047 62056
50933 50998
17071 17110
33386 33388
10619 10631
20134 20167
28630 28707
25445 25474
490 504
29209 29680
15030 15071
37790 37817
32910 32945
55081 55105
28782 28786
11374 11422
68234 68239
54125 54165
41048 41058
41910 41938
64563 64588
45033 45037
49699 49701
26565 26590
53560 53564
41188 41189
19649 21047
6391 6410
6481 6513
18545 18639
74607 74620
59389 59406
67967 68014
60912 60932
71675 71699
62964 62983
65646 65680
898 906
13883 13889
9408 9410
25972 25983
71806 71965
55357 55371
65575 65586
4783 4795
54523 54541
10057 10059
37512 37527
49949 49987
22075 22082
30964 31074
48224 48234
66802 66825
55760 55787
31235 31283
78509 78570
64449 64461
15673 15689
52658 52670
75092 75118
15781 15809
72690 72735
4603 4617
46311 46317
20462 20466
45174 45183
79060 79096
6780 6808
73410 73418
8935 8969
15176 15195
13521 13523
58722 58729
36981 37053
72406 72416
10534 10544
42628 42734
69292 69306
18653 18660
65751 65765
36000 36008
77621 77665
24088 24093
74696 74699
47157 47170
3511 3529
63346 63361
18334 18350
37485 37486
73244 73250
58818 58881
71451 71537
46611 46631
7902 7924
58759 58800
10230 10252
18490 18511
72936 72938
24385 24426
13145 13239
39577 39613
22129 22160
44864 44865
30207 30246
50610 50736
55162 55187
56047 56060
28152 28155
18212 18213
649 704
71577 71603
63258 63259
69206 69235
41274 41293
40763 40777
27998 28035
28283 28294
41151 41180
75909 75942
34424 34460
41550 41581
31142 31183
59228 59237
7850 7904
61756 61757
74560 74564
32481 32502
32097 32113
57875 57894
5503 5533
5819 5821
64064 64079
56331 56405
10944 10994
28175 28185
15713 15728
60629 60661
75231 75267
77491 77510
78590 78696
69359 69395
43279 43294
68374 68416
79246 79250
46617 46754
44578 44580
30066 30079
14635 14678
31366 31390
49245 49282
53491 53494
54170 54172
13682 13708
41429 41462
5204 5213
7779 7812
32779 32785
49584 49597
61243 61266
481 502
76968 76970
67840 67850
73526 73544
79681 79698
41752 41753
69 532
38781 38835
59520 59559
57536 57539
56383 56384
27767 27794
22920 22921
73390 73416
51522 51603
1735 1739
17030 17041
8 20
29347 29364
9644 9665
30562 30615
58430 58475
30253 30297
72072 72087
57149 57178
29441 29455
65655 65664
17358 17361
2704 2751
31988 32008
3555 3556
9642 9647
30456 30462
50504 50524
19904 19911
69766 69772
77210 77253
22965 22997
71645 71688
77567 77581
19701 19703
43969 44013
3438 3441
29253 29278
78036 78087
25133 25149
42773 42793
29446 29450
3766 3776
49722 49725
51468 51513
16759 16873
67524 67532
55071 55108
26262 26284
60174 60200
61227 61276
32465 32534
65980 65995
44239 44265
30632 30652
66468 66475
74956 74977
31513 31549
2927 2965
9371 9395
44198 44204
70518 70557
67754 67805
74670 74688
44879 44925
38277 38292
33167 33172
23644 23661
75146 75177
59629 59679
45207 45221
22040 22062
58673 58734
35862 35924
62029 62039
27692 27786
24548 24566
46911 46927
48237 48271
45024 45045
24340 24374
38268 38269
1199 1217
41275 41300
31146 31174
39332 39353
46741 46798
20031 20073
62197 62243
28410 28428
9259 9271
44070 44074
33840 33914
77183 77211
34379 34409
38349 38352
64209 64248
13490 13506
32242 32281
11005 11032
22192 22256
49297 49320
54099 54106
46307 46315
23129 23131
52889 52903
57438 57439
47437 47452
53610 53641
24746 24750
76198 76210
32413 32429
76007 76159
49474 49494
5606 5617
28154 28176
43101 43131
71969 71990
14820 14855
36661 36677
2163 2170
51582 51627
36675 36688
72869 72888
18875 18915
6183 6187
79424 79435
66029 66061
4387 4445
6704 6937
55443 55455
76643 76655
57033 57039
7457 7466
67268 67281
1940 1969
65677 65745
72787 72802
40403 40464
24777 24801
73093 73102
32841 32844
14682 14721
12511 12541
31781 31782
74743 74787
13828 13876
79103 79141
3862 3868
68141 68178
71153 71185
65779 65782
42946 42964
33906 34233
39530 39584
66215 66221
29592 29609
29146 29198
56257 56285
30970 31008
14416 14425
65981 65988
49404 49423
68292 68312
11153 11164
59984 60087
37580 37623
43247 43272
27415 27416
16712 16717
20346 20348
57243 57257
4975 5026
16211 16281
3447 3476
40184 40281
66644 66666
26787 26794
25844 25935
17689 17722
65737 65744
23817 23865
42193 42229
3052 3086
45511 45513
79915 79935
47944 47956
66513 66519
9344 9347
25781 25803
45103 45134
42037 42090
4089 4184
70916 71357
31376 31378
59387 59398
27744 27768
11795 11864
73284 73355
44501 44504
10914 10930
69702 69762
71733 71751
37979 37983
51931 51954
77428 77473
76257 76330
51647 51706
64402 64508
18857 18909
35898 35904
35760 35800
53836 53852
28941 28958
17833 17845
71525 71527
54651 54672
45076 45100
74941 75025
26666 26672
64383 64516
26273 26396
61785 61803
52540 52582
4466 4502
19847 19853
14060 14073
46761 46909
57981 58059
76502 76526
41139 41168
6862 6867
34332 34371
71085 71123
47764 47770
22674 22720
20354 20367
60861 60864
58854 58867
13135 13150
18543 18561
12648 12701
11824 11894
17032 17048
6471 6520
14810 14821
16468 16471
73087 73166
17680 17684
54514 54548
43394 43454
32138 32152
74004 74005
16456 16472
1395 1427
29336 29340
23523 23541
69837 69869
3132 3161
40715 40764
48856 48871
27186 27189
71006 71088
64400 64415
35610 35627
5138 5224
25306 25359
56314 56338
52607 52696
64287 64301
1248 1255
42131 42132
13211 13276
14120 14153
70027 70448
54971 55097
53333 53334
76627 76642
44390 44397
25635 25740
41331 41347
68166 68190
61457 61505
28117 28126
78626 78654
48508 48512
44524 44617
64823 64824
38241 38244
28255 28263
8392 8399
48483 48494
30656 30686
51320 51347
41357 41387
5034 5044
1211 1259
69584 69662
17003 17028
66654 66764
61814 61838
54593 54608
41373 41393
64382 64480
46952 46978
16377 16396
31601 31607
79086 79090
15470 15486
32394 32398
7997 8002
23181 23183
5167 5233
18666 18668
79997 12
10064 10128
70913 70930
43609 43612
64236 64238
278 282
12768 12774
65522 65533
28057 28058
1885 1937
63985 64022
11686 11703
56388 56416
26587 26635
33612 33617
71329 71345
9891 9953
11235 11241
12284 12296
60607 60634
71140 71166
40082 40108
17997 18033
19342 19355
41661 41688
52406 52439
71805 71829
20588 20594
38716 38729
51231 51234
18144 18147
30316 30344
28189 28217
73351 73383
20347 20364
3845 3855
53862 53886
72976 72979
32315 32383
34872 34877
14092 14122
9544 9552
77545 77588
38106 38157
53352 53367
39819 39838
9367 9424
27340 27375
70164 70211
65634 65649
72971 72991
23681 23724
27393 27429
43449 43464
25070 25072
26267 26292
24995 25024
51922 51937
54602 54626
66134 66165
20538 20541
31632 31643
56108 56129
29738 29804
19115 19131
77722 77739
19269 19270
47241 47279
9053 9058
67013 67019
26878 26892
76253 76391
45011 45027
71758 71892
55534 55564
27397 27433
58930 58939
2736 2753
10053 10078
8527 8567
45269 45283
18203 18214
68363 68404
16352 16387
17577 17592
59070 59203
512 531
7704 7731
51841 51873
42260 42304
6911 6921
64604 64606
53875 53911
63712 63725
26501 26564
76626 76648
16223 16237
6376 6408
75113 75115
79165 79201
12065 12097
16888 16923
16426 16433
78707 78709
55135 55378
56563 56571
30491 30977
9697 9764
59368 59403
78867 78874
50025 50026
19609 19614
67836 67841
1073 1139
66267 66302
32175 32198
39643 39666
36541 36565
288 300
26010 26079
69048 69053
38346 38357
37746 37784
31182 31187
32711 32713
16071 16092
55625 55648
70403 70407
4370 4385
22029 22236
55919 55921
48610 48638
33799 33814
23628 23673
76815 76819
38616 38621
63729 63806
1001 1516
17791 17798
63854 64059
78595 78605
48726 48769
30051 30054
13357 13723
42481 42492
47216 47248
49713 49717
57262 57277
52312 52343
17442 17450
10731 10761
7032 7073
63050 63129
47612 47634
75362 75391
2513 2558
71781 71789
17306 17307
56798 56846
23198 23212
75833 75835
4115 4168
66537 66551
58735 58754
60617 61642
74720 74796
58608 58621
1016 1055
65027 65031
11750 11767
53424 53461
17010 17047
13542 13548
17253 17265
17501 17507
8448 8451
39261 39317
10286 10287
37864 37868
63300 63323
65773 65775
34289 34336
61878 61931
38218 38230
33032 33054
4575 4581
62577 62611
57017 57019
46177 46215
77523 77529
49348 49381
63928 63936
77627 77635
76073 76081
37480 37508
40861 40901
61403 61413
10756 10834
48139 48186
58398 58404
45299 45344
25350 25362
63607 63613
1983 2004
39620 39627
78143 78147
64392 64397
29728 29730
56262 56273
75565 75625
6554 6566
42175 42184
77389 78117
60448 60489
60936 60971
79012 79028
14448 14458
14638 14655
27844 27864
37448 37467
59473 59487
53030 53064
17190 17217
10520 10533
74463 74572
9525 9542
70509 70512
61652 61687
47194 47218
30021 30026
78220 78244
8412 8449
50244 50400
18650 19089
73739 73749
14526 14541
45906 45978
26641 26655
5779 5826
1903 1926
48797 48812
77072 77077
15285 15308
47496 47555
46334 46374
56878 56885
16782 16786
65224 65225
48319 48323
64564 64642
66330 66393
6119 6196
7887 7973
17295 17298
62023 62043
47067 47105
3302 3304
77050 77059
21273 21313
36323 36344
27479 27502
31029 31042
28886 28915
11171 11191
20170 20183
43519 43540
17774 17795
68727 68739
69549 69567
41176 41223
37630 37646
855 877
4541 4551
14561 14596
4615 4693
72063 72100
57106 57179
23252 23259
58979 59019
68699 68741
11988 11989
59457 59479
21311 21352
39400 39429
27187 27194
35369 35440
67124 67145
1495 1521
44044 44056
75795 75812
27167 27177
68786 68787
22721 22769
30814 30829
33472 33476
67951 67974
78891 78915
56960 57087
32023 32048
58505 58516
77972 77975
73592 73602
5346 5352
50059 50069
17223 17333
36174 36221
66783 66794
57815 57889
8419 8457
26419 26441
54019 54079
6001 6014
42618 42721
19219 19234
57231 57271
74145 74181
18141 18163
64839 65321
76723 76734
61307 61341
57689 57929
68256 68262
17181 17187
6919 6957
1682 1743
56351 56419
3298 3330
50174 50181
16524 16555
50080 50101
78242 78250
27827 27841
7311 7349
34028 34068
11772 11774
25543 25604
51124 51161
10686 10688
49213 49252
1203 1275
33394 33468
50606 50639
49403 49470
74320 74322
38539 38546
2887 2920
11024 11025
42457 42473
14688 14903
28640 28642
78580 78639
155 196
7346 7375
5190 5192
64504 64515
14648 14670
55121 55129
62615 62616
50513 50523
45872 45914
15131 15168
27820 27930
51163 51214
15364 15373
79825 79846
18239 18256
17712 18260
9255 9331
75987 76021
60926 60990
33368 33369
47301 47345
72462 72497
19576 19594
73991 74001
59069 59087
60656 60672
2593 2598
41022 41032
29596 29604
45455 45457
28037 28051
58478 58487
42431 42503
77193 77574
28319 28344
26433 26466
42586 42603
64706 64734
33586 33591
35411 35422
37432 37450
21770 21782
72158 72180
77104 77175
23277 23282
61237 61310
73458 73484
19993 20007
29999 30001
32223 32224
7592 7599
70624 70803
78462 78487
49968 49994
35665 35680
18420 18463
17599 17626
19931 19951
20936 20987
69568 69585
45378 45381
8469 8543
77589 77618
23080 23092
7268 7333
24408 24456
374 415
68488 68504
36899 36900
57071 57072
41894 41909
79523 79534
14576 14611
45856 45859
60482 60592
30628 30668
45774 45795
56623 56641
61377 61476
55878 55923
62123 62144
74803 74828
17448 17451
32738 32758
42138 42210
69844 69961
52735 53171
16994 17025
3329 3358
76910 76919
49343 49396
28089 28108
44322 44366
11268 11283
29784 29859
5704 5728
79042 4
54508 54528
64039 64052
72296 72392
77710 77717
10112 10169
48941 48951
4481 4533
17541 17552
8045 8061
27607 27639
60497 60498
4875 4880
62142 76744
70815 70909
18024 18098
47333 47401
16054 16063
11865 11884
63309 63335
75937 75994
9590 9648
18808 18844
14266 14370
20411 20422
22614 22681
71530 71562
73805 73894
38790 38875
50489 50516
58334 58485
76138 76171
62850 62922
61500 61518
9847 9882
33747 33762
56437 56442
10581 10593
79581 79583
63497 63505
79686 79715
33984 34010
72739 72743
2285 2315
66491 66499
37781 37808
28472 28488
23036 23042
39635 39694
51356 51440
43152 43172
69069 69075
49146 49169
76348 76675
39487 39506
51414 51417
3209 3218
26189 26997
29518 29519
22351 22566
41416 41426
58529 58539
48159 48188
125 153
28617 28621
73520 73543
26408 26485
42227 42439
25452 25456
37759 37779
73910 73960
124 142
63964 63970
23861 23911
75602 75650
7459 7573
56100 56106
6883 7583
15165 15166
9234 9250
8644 8648
71858 71914
24064 24083
6935 6943
2702 2705
34740 34812
31069 31083
4221 4263
17621 17625
76238 76240
28858 28877
37264 37286
57147 57393
74289 74318
40725 40941
73028 73059
38493 38604
78767 78772
74095 74108
792 806
56482 56485
77398 77404
26417 26430
13303 13325
28120 28170
16008 16021
39903 39930
63262 63312
11999 12030
36387 36415
58589 58607
20913 20930
66262 66301
11915 11951
7488 7649
38636 38647
27111 27127
8988 9070
66949 67042
75257 75521
11398 11408
39104 39157
2027 2039
51188 51262
31862 31863
37585 37626
74898 74988
36048 36086
32857 32874
27473 27475
23487 23513
29170 29175
74583 74602
37877 37886
36869 36930
72369 72378
61325 61357
11344 11365
51301 51328
2979 2996
42757 42778
79976 79996
46838 47053
52710 52741
17863 17890
64320 64339
17380 17422
41488 41539
75093 75097
26399 26420
77611 77624
66893 66918
12932 12965
42573 42622
52592 52611
19591 19660
56164 56170
47342 47343
30217 30240
71973 72002
38496 38502
14708 14725
2394 2404
60710 60721
46846 46871
30310 30394
36802 37821
29608 29617
25082 25092
77896 77910
13946 14180
77653 77660
51978 51981
29698 29720
35793 36664
28019 28024
33024 33526
31227 31248
33797 33864
53998 54013
